memcg_id,trigger_tgid,trigger_tid,trigger_comm,anon_min_gen_seq,file_min_gen_seq,max_gen_seq,feature_swappiness,feature_evict_folios_calls,feature_anon_gen_span,feature_file_gen_span,feature_anon_total_pages,feature_file_total_pages,feature_anon_oldest_gen_pages,feature_anon_second_oldest_gen_pages,feature_anon_second_youngest_gen_pages,feature_anon_youngest_gen_pages,feature_file_oldest_gen_pages,feature_file_second_oldest_gen_pages,feature_file_second_youngest_gen_pages,feature_file_youngest_gen_pages,feature_avg_refaulted_anon,feature_avg_refaulted_file,feature_avg_total_anon,feature_avg_total_file,feature_protected_anon_pages,feature_protected_file_pages,feature_evicted_anon_pages,feature_evicted_file_pages,feature_refaulted_anon_pages,feature_refaulted_file_pages,target_reclaimed_anon_pages,target_reclaimed_file_pages
0,45,45,kswapd0,3596,3596,3599,5,1,3,3,515,442182,0,1,9,505,4,17,26,442135,0,6415,0,42956,0,533,0,46281,0,0,0,0
0,45,45,kswapd0,27,28,30,5,1,3,2,197,113,196,0,0,1,0,0,0,113,0,0,0,43,0,0,0,50,0,0,0,0
0,45,45,kswapd0,5,6,8,5,1,3,2,60,0,0,1,59,0,0,0,0,0,0,0,0,0,0,0,0,25,0,0,0,0
0,45,45,kswapd0,5209,5209,5212,5,1,3,3,4151,12,0,0,4151,0,10,2,0,0,0,0,0,0,0,0,0,2,0,0,0,0
0,45,45,kswapd0,0,0,3,5,1,3,3,56,0,0,0,1,55,0,0,0,0,0,0,0,0,0,0,0,0,0,0,0,0
0,45,45,kswapd0,6,7,9,5,0,3,2,0,0,0,0,0,0,0,0,0,0,0,0,0,1,0,0,0,22,0,0,0,0
0,45,45,kswapd0,0,0,3,5,0,3,3,0,0,0,0,0,0,0,0,0,0,0,0,0,0,0,0,0,0,0,0,0,0
0,45,45,kswapd0,114,115,117,5,2,3,2,358,135,3,326,0,29,34,35,0,66,0,0,0,67,0,0,0,11,0,7,0,0
0,45,45,kswapd0,5237,5237,5240,5,2,3,3,507,575,5,35,405,62,42,430,23,80,0,53,0,140,0,15,0,63,0,44,0,23
0,45,45,kswapd0,0,0,3,5,0,3,3,0,0,0,0,0,0,0,0,0,0,0,0,0,0,0,0,0,0,0,0,0,0
0,45,45,kswapd0,0,0,3,5,0,3,3,0,0,0,0,0,0,0,0,0,0,0,0,0,0,0,0,0,0,0,0,0,0
0,45,45,kswapd0,0,0,3,5,0,3,3,0,0,0,0,0,0,0,0,0,0,0,0,0,0,0,0,0,0,0,0,0,0
0,45,45,kswapd0,0,0,3,5,0,3,3,0,0,0,0,0,0,0,0,0,0,0,0,0,0,0,0,0,0,0,0,0,0
0,45,45,kswapd0,119,120,122,5,1,3,2,1792,0,1760,0,31,1,0,0,0,0,0,0,0,0,0,0,0,1,0,0,0,0
0,45,45,kswapd0,3944,3944,3947,5,1,3,3,2291,458,5,1,1,2284,0,0,81,377,0,0,0,59,0,0,0,51,0,42,0,0
0,45,45,kswapd0,91,92,94,5,2,3,2,2127,0,2085,29,9,4,0,0,0,0,0,0,0,157,0,0,0,6,0,0,0,0
0,45,45,kswapd0,0,0,3,5,0,3,3,0,0,0,0,0,0,0,0,0,0,0,0,0,0,0,0,0,0,0,0,0,0
0,45,45,kswapd0,0,0,3,5,1,3,3,57,13,0,0,0,57,0,0,0,13,0,0,0,0,0,0,0,0,0,0,0,0
0,45,45,kswapd0,0,0,3,5,0,3,3,0,0,0,0,0,0,0,0,0,0,0,0,0,0,0,0,0,0,0,0,0,0
0,45,45,kswapd0,1482,1483,1485,5,1,3,2,335,445,3,323,8,1,21,0,0,424,0,0,0,15,0,0,0,0,0,0,0,0
0,45,45,kswapd0,3978,3978,3981,5,1,3,3,430,454,2,329,2,97,27,1,124,302,0,0,0,3,0,0,0,85,0,0,0,0
0,45,45,kswapd0,3597,3597,3600,5,2,3,3,515,451632,1,6,508,0,5,0,451379,248,0,3207,0,44886,0,0,0,0,0,0,0,1
0,45,45,kswapd0,0,0,3,5,0,3,3,0,0,0,0,0,0,0,0,0,0,0,0,0,0,0,0,0,0,0,0,0,0
0,45,45,kswapd0,229,229,232,5,1,3,3,66,0,0,2,64,0,0,0,0,0,0,0,0,6,0,0,0,6,0,0,0,0
0,45,45,kswapd0,0,0,3,5,0,3,3,0,0,0,0,0,0,0,0,0,0,0,0,0,0,0,0,0,0,0,0,0,0
0,45,45,kswapd0,0,0,3,5,0,3,3,0,0,0,0,0,0,0,0,0,0,0,0,0,0,0,0,0,0,0,0,0,0
0,45,45,kswapd0,0,0,3,5,0,3,3,0,0,0,0,0,0,0,0,0,0,0,0,0,0,0,0,0,0,0,0,0,0
0,45,45,kswapd0,0,0,3,5,0,3,3,0,0,0,0,0,0,0,0,0,0,0,0,0,0,0,0,0,0,0,0,0,0
0,45,45,kswapd0,0,0,3,5,0,3,3,0,0,0,0,0,0,0,0,0,0,0,0,0,0,0,0,0,0,0,0,0,0
0,45,45,kswapd0,0,0,3,5,0,3,3,0,0,0,0,0,0,0,0,0,0,0,0,0,0,0,0,0,0,0,0,0,0
0,45,45,kswapd0,0,0,3,5,0,3,3,0,0,0,0,0,0,0,0,0,0,0,0,0,0,0,0,0,0,0,0,0,0
0,45,45,kswapd0,0,0,3,5,0,3,3,0,0,0,0,0,0,0,0,0,0,0,0,0,0,0,0,0,0,0,0,0,0
0,45,45,kswapd0,6,7,9,5,0,3,2,0,0,0,0,0,0,0,0,0,0,0,0,0,1,0,0,0,22,0,0,0,0
0,45,45,kswapd0,0,0,3,5,0,3,3,0,0,0,0,0,0,0,0,0,0,0,0,0,0,0,0,0,0,0,0,0,0
0,45,45,kswapd0,0,0,3,5,0,3,3,0,0,0,0,0,0,0,0,0,0,0,0,0,0,0,0,0,0,0,0,0,0
0,45,45,kswapd0,0,0,3,5,0,3,3,0,0,0,0,0,0,0,0,0,0,0,0,0,0,0,0,0,0,0,0,0,0
0,45,45,kswapd0,142,143,145,5,2,3,2,1670,46,1,1662,7,0,0,0,0,46,0,0,0,90,0,0,0,23,0,0,0,0
0,45,45,kswapd0,5,6,8,5,1,3,2,2208,0,0,0,2208,0,0,0,0,0,0,0,0,0,0,0,0,0,0,0,0,0
0,45,45,kswapd0,1076,1076,1079,5,1,3,3,255,933,0,21,135,99,0,30,0,903,0,0,0,1,0,0,0,3,0,0,0,0
0,45,45,kswapd0,0,0,3,5,0,3,3,0,0,0,0,0,0,0,0,0,0,0,0,0,0,0,0,0,0,0,0,0,0
0,45,45,kswapd0,0,0,3,5,0,3,3,0,0,0,0,0,0,0,0,0,0,0,0,0,0,0,0,0,0,0,0,0,0
0,45,45,kswapd0,1115,1116,1118,5,1,3,2,702,94,696,0,5,1,7,0,0,87,0,0,0,5,0,0,0,4,0,0,0,0
0,45,45,kswapd0,7,8,10,5,1,3,2,1,0,0,0,1,0,0,0,0,0,0,0,0,7,0,0,0,3,0,0,0,0
0,45,45,kswapd0,0,0,3,5,0,3,3,0,0,0,0,0,0,0,0,0,0,0,0,0,0,0,0,0,0,0,0,0,0
0,45,45,kswapd0,0,0,3,5,0,3,3,0,0,0,0,0,0,0,0,0,0,0,0,0,0,0,0,0,0,0,0,0,0
0,45,45,kswapd0,0,0,3,5,0,3,3,0,0,0,0,0,0,0,0,0,0,0,0,0,0,0,0,0,0,0,0,0,0
0,45,45,kswapd0,143,143,145,5,1,2,2,1670,46,1407,7,0,256,0,0,0,46,0,0,0,90,0,0,0,23,0,0,0,0
0,45,45,kswapd0,7,7,8,5,0,1,1,2208,0,2208,0,0,0,0,0,0,0,0,0,0,0,0,0,0,0,0,0,0,0
0,45,45,kswapd0,1115,1116,1118,5,1,3,2,702,94,480,0,29,193,7,0,0,87,0,0,0,5,0,0,0,4,0,0,63,0
0,45,45,kswapd0,9,9,10,5,0,1,1,1,0,1,0,0,0,0,0,0,0,0,0,0,5,0,0,0,0,0,0,0,0
0,45,45,kswapd0,27,28,30,5,1,3,2,197,113,130,0,0,67,0,0,0,113,0,0,0,43,0,0,0,50,0,0,0,0
0,45,45,kswapd0,6,6,8,5,0,2,2,60,0,1,59,0,0,0,0,0,0,0,0,0,0,0,0,0,25,0,0,0,0
0,45,45,kswapd0,0,0,3,5,0,3,3,0,0,0,0,0,0,0,0,0,0,0,0,0,0,0,0,0,0,0,0,0,0
0,45,45,kswapd0,2,2,3,5,0,1,1,56,0,1,0,0,55,0,0,0,0,0,0,0,0,0,0,0,0,0,0,0,0
0,45,45,kswapd0,115,115,117,5,0,2,2,358,135,71,0,0,287,0,69,0,66,0,0,0,67,1,34,0,11,0,7,0,0
0,45,45,kswapd0,5238,5238,5240,5,1,2,2,507,552,34,307,0,166,310,57,0,185,0,48,0,129,0,69,0,23,0,0,0,56
0,45,45,kswapd0,0,0,3,5,0,3,3,0,0,0,0,0,0,0,0,0,0,0,0,0,0,0,0,0,0,0,0,0,0
0,45,45,kswapd0,0,0,3,5,0,3,3,0,0,0,0,0,0,0,0,0,0,0,0,0,0,0,0,0,0,0,0,0,0
0,45,45,kswapd0,119,120,122,5,1,3,2,1792,0,1504,0,31,257,0,0,0,0,0,0,0,0,0,0,0,1,0,0,0,0
0,45,45,kswapd0,91,92,94,5,2,3,2,2127,0,1860,24,6,237,0,0,0,0,0,0,0,157,0,0,0,6,0,0,0,0
0,45,45,kswapd0,0,0,3,5,0,3,3,0,0,0,0,0,0,0,0,0,0,0,0,0,0,0,0,0,0,0,0,0,0
0,45,45,kswapd0,0,0,3,5,0,3,3,0,0,0,0,0,0,0,0,0,0,0,0,0,0,0,0,0,0,0,0,0,0
0,45,45,kswapd0,2,2,3,5,0,1,1,57,13,0,0,0,57,0,0,0,13,0,0,0,0,0,0,0,0,0,0,0,0
0,45,45,kswapd0,3978,3978,3981,5,1,3,3,430,454,2,329,2,97,0,12,87,355,0,0,0,3,0,11,0,85,0,0,0,0
0,45,45,kswapd0,0,0,3,5,0,3,3,0,0,0,0,0,0,0,0,0,0,0,0,0,0,0,0,0,0,0,0,0,0
0,45,45,kswapd0,143,143,145,5,3,2,2,1670,46,1339,7,0,324,0,0,0,46,0,0,0,90,0,0,0,23,0,0,0,0
0,45,45,kswapd0,1115,1116,1118,5,2,3,2,639,94,441,0,5,193,7,0,0,87,0,0,0,5,0,0,63,4,0,0,50,0
0,45,45,kswapd0,9,9,11,5,1,2,2,1,0,1,0,0,0,0,0,0,0,0,0,0,5,0,0,0,0,0,0,0,0
0,45,45,kswapd0,27,28,30,5,1,3,2,197,113,39,0,0,158,0,0,0,113,0,0,0,43,0,0,0,50,0,0,0,0
0,45,45,kswapd0,5238,5238,5240,5,0,2,2,507,496,34,307,0,166,196,76,0,224,0,48,0,129,0,119,0,79,0,0,0,0
0,45,45,kswapd0,119,120,122,5,4,3,2,1792,0,1420,0,31,341,0,0,0,0,0,0,0,0,0,0,0,1,0,0,0,0
0,45,45,kswapd0,91,92,94,5,2,3,2,2127,0,1597,14,1,515,0,0,0,0,0,0,0,157,0,0,0,6,0,0,5,0
0,45,45,kswapd0,119,120,122,5,7,3,2,1792,0,1164,0,31,597,0,0,0,0,0,0,0,0,0,0,0,1,0,0,0,0
0,45,45,kswapd0,91,92,94,5,6,3,2,2122,0,1436,14,1,671,0,0,0,0,0,0,0,157,0,0,5,6,0,0,0,0
0,45,45,kswapd0,143,143,145,5,4,2,2,1670,46,1126,7,0,537,0,0,0,46,0,0,0,90,0,0,0,23,0,0,0,0
0,45,45,kswapd0,1115,1116,1118,5,2,3,2,589,94,258,0,5,326,7,0,0,87,0,0,0,5,0,0,113,4,0,0,64,0
0,45,45,kswapd0,10,10,11,5,0,1,1,1,0,1,0,0,0,0,0,0,0,0,0,0,2,0,0,0,0,0,0,0,0
0,45,45,kswapd0,29,29,30,5,0,1,1,197,113,0,0,0,197,0,0,0,113,0,0,0,46,0,0,0,0,0,0,0,0
0,45,45,kswapd0,1115,1116,1118,5,2,3,2,525,94,118,0,7,400,7,0,0,87,0,0,0,5,0,0,177,4,0,0,60,0
0,45,45,kswapd0,119,120,122,5,10,3,2,1792,0,652,0,31,1109,0,0,0,0,0,0,0,0,0,0,0,1,0,0,0,0
0,45,45,kswapd0,91,92,94,5,8,3,2,2122,0,756,14,12,1340,0,0,0,0,0,0,0,157,0,0,5,6,0,0,0,0
0,45,45,kswapd0,121,121,122,5,0,1,1,1792,0,31,0,0,1761,0,0,0,0,0,0,0,0,0,0,0,0,0,0,0,0
0,45,45,kswapd0,0,0,3,5,0,3,3,0,0,0,0,0,0,0,0,0,0,0,0,0,0,0,0,0,0,0,0,0,0
0,45,45,kswapd0,0,0,3,5,0,3,3,0,0,0,0,0,0,0,0,0,0,0,0,0,0,0,0,0,0,0,0,0,0
0,45,45,kswapd0,0,0,3,5,0,3,3,0,0,0,0,0,0,0,0,0,0,0,0,0,0,0,0,0,0,0,0,0,0
0,45,45,kswapd0,92,92,95,5,1,3,3,2122,0,31,1,2090,0,0,0,0,0,0,0,2,157,0,0,0,6,0,0,19,0
0,45,45,kswapd0,0,0,3,5,0,3,3,0,0,0,0,0,0,0,0,0,0,0,0,0,0,0,0,0,0,0,0,0,0
0,45,45,kswapd0,0,0,3,5,0,3,3,0,0,0,0,0,0,0,0,0,0,0,0,0,0,0,0,0,0,0,0,0,0
0,45,45,kswapd0,5210,5210,5213,5,3,3,3,4151,12,0,4151,0,0,4,0,8,0,0,0,0,1,0,0,0,0,0,0,0,1
0,45,45,kswapd0,230,230,233,5,1,3,3,66,0,2,64,0,0,0,0,0,0,0,0,0,6,0,0,0,0,0,0,0,0
0,45,45,kswapd0,0,0,3,5,0,3,3,0,0,0,0,0,0,0,0,0,0,0,0,0,0,0,0,0,0,0,0,0,0
0,45,45,kswapd0,0,0,3,5,0,3,3,0,0,0,0,0,0,0,0,0,0,0,0,0,0,0,0,0,0,0,0,0,0
0,45,45,kswapd0,1077,1077,1080,5,1,3,3,255,933,21,134,100,0,17,0,916,0,0,0,0,2,0,0,0,0,0,0,0,0
0,45,45,kswapd0,2,2,4,5,0,2,2,56,0,0,56,0,0,0,0,0,0,0,0,0,0,0,0,0,0,0,0,0,0
0,45,45,kswapd0,2,2,4,5,0,2,2,57,13,0,57,0,0,0,13,0,0,0,0,0,0,0,0,0,0,0,0,0,0
0,45,45,kswapd0,5238,5238,5241,5,1,3,3,507,496,34,223,250,0,196,65,235,0,0,48,0,129,0,119,0,79,0,0,0,64
0,45,45,kswapd0,0,0,3,5,0,3,3,0,0,0,0,0,0,0,0,0,0,0,0,0,0,0,0,0,0,0,0,0,0
0,45,45,kswapd0,1483,1483,1486,5,2,3,3,335,445,235,8,92,0,16,0,429,0,0,0,0,15,0,0,0,0,0,0,0,1
0,45,45,kswapd0,7,7,9,5,2,2,2,2208,0,2208,0,0,0,0,0,0,0,0,0,0,0,0,0,0,0,0,0,9,0
0,45,45,kswapd0,0,0,3,5,0,3,3,0,0,0,0,0,0,0,0,0,0,0,0,0,0,0,0,0,0,0,0,0,0
0,45,45,kswapd0,10,10,12,5,1,2,2,1,0,1,0,0,0,0,0,0,0,0,0,0,2,0,0,0,0,0,0,1,0
0,45,45,kswapd0,0,0,3,5,0,3,3,0,0,0,0,0,0,0,0,0,0,0,0,0,0,0,0,0,0,0,0,0,0
0,45,45,kswapd0,0,0,3,5,0,3,3,0,0,0,0,0,0,0,0,0,0,0,0,0,0,0,0,0,0,0,0,0,0
0,45,45,kswapd0,121,121,123,5,0,2,2,1792,0,31,1761,0,0,0,0,0,0,0,0,0,0,0,0,0,0,0,0,0,0
0,45,45,kswapd0,0,0,3,5,0,3,3,0,0,0,0,0,0,0,0,0,0,0,0,0,0,0,0,0,0,0,0,0,0
0,45,45,kswapd0,0,0,3,5,0,3,3,0,0,0,0,0,0,0,0,0,0,0,0,0,0,0,0,0,0,0,0,0,0
0,45,45,kswapd0,0,0,3,5,0,3,3,0,0,0,0,0,0,0,0,0,0,0,0,0,0,0,0,0,0,0,0,0,0
0,45,45,kswapd0,3598,3598,3601,5,225,3,3,515,457080,6,507,2,0,1,451358,2659,3062,0,1603,0,22443,0,0,0,0,0,0,0,14292
0,45,45,kswapd0,0,0,3,5,0,3,3,0,0,0,0,0,0,0,0,0,0,0,0,0,0,0,0,0,0,0,0,0,0
0,45,45,kswapd0,6,6,9,5,1,3,3,60,0,1,59,0,0,0,0,0,0,0,0,0,0,0,0,0,25,0,0,0,0
0,45,45,kswapd0,0,0,3,5,0,3,3,0,0,0,0,0,0,0,0,0,0,0,0,0,0,0,0,0,0,0,0,0,0
0,45,45,kswapd0,0,0,3,5,0,3,3,0,0,0,0,0,0,0,0,0,0,0,0,0,0,0,0,0,0,0,0,0,0
0,45,45,kswapd0,3979,3979,3982,5,2,3,3,430,456,254,1,175,0,4,30,422,0,0,0,0,49,0,0,0,0,0,0,0,2
0,45,45,kswapd0,143,143,146,5,1,3,3,1670,46,741,7,922,0,0,0,46,0,0,0,0,90,0,0,0,23,0,0,0,0
0,45,45,kswapd0,1116,1116,1119,5,1,3,3,465,94,6,5,454,0,7,0,87,0,0,0,104,5,0,0,28,4,0,0,6,0
0,45,45,kswapd0,0,0,3,5,0,3,3,0,0,0,0,0,0,0,0,0,0,0,0,0,0,0,0,0,0,0,0,0,0
0,45,45,kswapd0,0,0,3,5,0,3,3,0,0,0,0,0,0,0,0,0,0,0,0,0,0,0,0,0,0,0,0,0,0
0,45,45,kswapd0,0,0,3,5,0,3,3,0,0,0,0,0,0,0,0,0,0,0,0,0,0,0,0,0,0,0,0,0,0
0,45,45,kswapd0,6,7,9,5,0,3,2,0,0,0,0,0,0,0,0,0,0,0,0,0,1,0,0,0,22,0,0,0,0
0,45,45,kswapd0,0,0,3,5,0,3,3,0,0,0,0,0,0,0,0,0,0,0,0,0,0,0,0,0,0,0,0,0,0
0,45,45,kswapd0,115,115,118,5,1,3,3,358,135,37,0,321,0,0,44,91,0,0,0,0,67,1,34,0,11,0,7,0,0
0,45,45,kswapd0,0,0,3,5,0,3,3,0,0,0,0,0,0,0,0,0,0,0,0,0,0,0,0,0,0,0,0,0,0
0,45,45,kswapd0,0,0,3,5,0,3,3,0,0,0,0,0,0,0,0,0,0,0,0,0,0,0,0,0,0,0,0,0,0
0,45,45,kswapd0,3945,3945,3948,5,1,3,3,2291,458,1,1,2289,0,0,81,377,0,0,21,0,55,0,0,0,0,0,0,0,0
0,45,45,kswapd0,0,0,3,5,0,3,3,0,0,0,0,0,0,0,0,0,0,0,0,0,0,0,0,0,0,0,0,0,0
0,45,45,kswapd0,29,29,31,5,0,2,2,197,113,0,197,0,0,0,113,0,0,0,0,0,46,0,0,0,0,0,0,0,0
0,45,45,kswapd0,0,0,3,5,0,3,3,0,0,0,0,0,0,0,0,0,0,0,0,0,0,0,0,0,0,0,0,0,0
0,45,45,kswapd0,0,0,3,5,0,3,3,0,0,0,0,0,0,0,0,0,0,0,0,0,0,0,0,0,0,0,0,0,0
0,45,45,kswapd0,116,116,118,5,0,2,2,358,135,0,314,0,44,44,91,0,0,0,3,0,55,0,0,0,0,0,0,0,0
0,45,45,kswapd0,6,7,9,5,0,3,2,0,0,0,0,0,0,0,0,0,0,0,0,0,1,0,0,0,22,0,0,0,0
0,45,45,kswapd0,5211,5211,5213,5,4,2,2,4151,11,3817,0,0,334,0,9,0,2,0,0,0,0,0,0,0,1,0,0,0,0
0,45,45,kswapd0,231,231,233,5,1,2,2,66,0,64,0,0,2,0,0,0,0,0,0,0,2,0,0,0,0,0,0,0,0
0,45,45,kswapd0,0,0,3,5,0,3,3,0,0,0,0,0,0,0,0,0,0,0,0,0,0,0,0,0,0,0,0,0,0
0,45,45,kswapd0,5238,5238,5241,5,1,3,3,507,432,34,223,215,35,132,65,235,0,0,48,0,129,0,119,0,143,0,0,0,64
0,45,45,kswapd0,1483,1483,1486,5,1,3,3,335,444,69,8,92,166,0,15,429,0,0,0,0,15,0,15,0,1,0,0,0,0
0,45,45,kswapd0,7,7,9,5,3,2,2,2199,0,2177,0,0,22,0,0,0,0,0,0,0,0,0,0,9,0,0,0,158,0
0,45,45,kswapd0,0,0,3,5,0,3,3,0,0,0,0,0,0,0,0,0,0,0,0,0,0,0,0,0,0,0,0,0,0
0,45,45,kswapd0,0,0,3,5,0,3,3,0,0,0,0,0,0,0,0,0,0,0,0,0,0,0,0,0,0,0,0,0,0
0,45,45,kswapd0,0,0,3,5,0,3,3,0,0,0,0,0,0,0,0,0,0,0,0,0,0,0,0,0,0,0,0,0,0
0,45,45,kswapd0,3599,3599,3601,5,443,2,2,515,458575,431,2,0,82,437012,2623,0,18940,0,801,0,11221,0,0,0,14292,0,0,0,28352
0,45,45,kswapd0,7,7,9,5,1,2,2,60,0,60,0,0,0,0,0,0,0,0,0,0,12,0,0,0,0,0,0,0,0
0,45,45,kswapd0,3979,3979,3982,5,1,3,3,430,454,105,1,172,152,0,32,422,0,0,0,0,49,1,1,0,2,0,0,0,0
0,45,45,kswapd0,143,143,146,5,2,3,3,1670,46,677,7,922,64,0,0,46,0,0,0,0,90,0,0,0,23,0,0,0,0
0,45,45,kswapd0,5211,5211,5213,5,8,2,2,4151,11,3561,0,0,590,0,9,0,2,0,0,0,0,0,0,0,1,0,0,0,0
0,45,45,kswapd0,232,232,233,5,0,1,1,66,116,1,0,0,65,101,0,0,15,0,0,0,1,0,0,0,0,0,0,0,0
0,45,45,kswapd0,5238,5238,5241,5,2,3,3,507,368,34,223,215,35,63,70,235,0,0,48,0,129,0,124,0,207,0,0,0,9
0,45,45,kswapd0,1483,1483,1486,5,1,3,3,335,444,0,7,91,237,0,15,429,0,0,0,0,15,0,15,0,1,0,0,0,0
0,45,45,kswapd0,7,7,9,5,4,2,2,2041,0,2003,16,0,22,0,0,0,0,0,0,0,0,0,0,167,0,0,0,130,0
0,45,45,kswapd0,3599,3599,3601,5,851,2,2,515,452377,431,2,0,82,408660,2623,0,41094,0,801,0,11221,0,0,0,42644,0,0,0,54464
0,45,45,kswapd0,8,8,9,5,0,1,1,60,0,0,0,0,60,0,0,0,0,0,0,0,6,0,0,0,0,0,0,0,0
0,45,45,kswapd0,3979,3979,3982,5,2,3,3,430,455,37,0,170,223,1,32,422,0,0,0,0,49,1,1,0,2,0,0,0,1
0,45,45,kswapd0,143,143,146,5,4,3,3,1670,46,549,7,922,192,0,0,46,0,0,0,0,90,0,0,0,23,0,0,0,0
0,45,45,kswapd0,3599,3599,3601,5,1586,2,2,515,434804,431,2,0,82,354196,2623,0,77985,0,801,0,11221,0,0,0,97108,0,0,0,101504
0,45,45,kswapd0,3980,3980,3982,5,0,2,2,430,454,0,164,0,266,32,422,0,0,0,0,0,26,0,0,0,0,0,0,0,0
0,45,45,kswapd0,143,143,146,5,4,3,3,1670,46,258,7,922,483,0,0,46,0,0,0,0,90,0,0,0,23,0,0,0,0
0,45,45,kswapd0,5211,5211,5213,5,15,2,2,4151,14,2990,0,0,1161,3,9,0,2,0,0,0,0,0,0,0,1,0,0,0,0
0,45,45,kswapd0,5239,5239,5241,5,2,2,2,507,359,222,200,0,85,110,235,0,14,0,23,1,253,0,0,0,0,0,0,0,1
0,45,45,kswapd0,7,7,9,5,5,2,2,1911,0,1860,26,0,25,0,0,0,0,0,0,0,0,0,0,297,0,0,0,54,0
0,45,45,kswapd0,7,7,9,5,6,2,2,1857,0,1302,45,0,510,0,0,0,0,0,0,0,0,1,0,351,0,0,0,31,0
0,45,45,kswapd0,3599,3599,3601,5,969,2,2,515,405803,431,2,0,82,252692,2623,0,150488,0,801,0,11221,0,0,0,198612,0,0,0,62016
0,45,45,kswapd0,5239,5239,5241,5,0,2,2,507,358,91,200,0,216,0,303,0,55,0,23,1,253,1,106,0,1,0,0,0,0
0,45,45,kswapd0,1078,1078,1081,5,1,3,3,255,933,59,48,148,0,17,916,0,0,0,0,0,9,0,0,0,0,0,0,0,0
0,45,45,kswapd0,2,2,5,5,0,3,3,56,0,0,56,0,0,0,0,0,0,0,0,0,0,0,0,0,0,0,0,0,0
0,45,45,kswapd0,93,93,96,5,2,3,3,2103,0,1,2090,12,0,0,0,0,0,0,0,1,81,0,0,19,0,0,0,0,0
0,45,45,kswapd0,0,0,3,5,0,3,3,0,0,0,0,0,0,0,0,0,0,0,0,0,0,0,0,0,0,0,0,0,0
0,45,45,kswapd0,121,121,124,5,1,3,3,1792,0,31,1761,0,0,0,0,0,0,0,0,0,0,0,0,0,0,0,0,20,0
0,45,45,kswapd0,0,0,3,5,0,3,3,0,0,0,0,0,0,0,0,0,0,0,0,0,0,0,0,0,0,0,0,0,0
0,45,45,kswapd0,0,0,3,5,0,3,3,0,0,0,0,0,0,0,0,0,0,0,0,0,0,0,0,0,0,0,0,0,0
0,45,45,kswapd0,3599,3599,3602,5,110,3,3,515,450500,431,2,82,0,190676,2622,193658,63544,0,801,0,11221,0,0,0,260628,0,0,0,7040
0,45,45,kswapd0,2,2,5,5,1,3,3,57,13,0,57,0,0,0,13,0,0,0,0,0,0,0,0,0,0,0,0,0,0
0,45,45,kswapd0,1117,1117,1120,5,2,3,3,459,94,5,454,0,0,7,87,0,0,0,0,66,7,0,0,6,0,0,0,0,57
0,45,45,kswapd0,116,116,119,5,1,3,3,358,135,0,314,44,0,44,91,0,0,0,3,0,55,0,0,0,0,0,0,0,0
0,45,45,kswapd0,144,144,147,5,2,3,3,1670,46,7,922,741,0,0,46,0,0,0,0,0,56,0,0,0,0,0,0,0,46
0,45,45,kswapd0,5211,5211,5214,5,1,3,3,4151,16,1982,0,2169,0,0,12,4,0,0,0,0,0,0,0,0,1,0,0,0,0
0,45,45,kswapd0,0,0,3,5,0,3,3,0,0,0,0,0,0,0,0,0,0,0,0,0,0,0,0,0,0,0,0,0,0
0,45,45,kswapd0,0,0,3,5,0,3,3,0,0,0,0,0,0,0,0,0,0,0,0,0,0,0,0,0,0,0,0,0,0
0,45,45,kswapd0,1484,1484,1487,5,2,3,3,335,444,7,91,237,0,15,429,0,0,0,0,0,15,0,0,0,0,0,0,0,46
0,45,45,kswapd0,7,7,10,5,1,3,3,1826,0,902,1,923,0,0,0,0,0,0,0,0,0,1,0,382,0,0,0,13,0
0,45,45,kswapd0,2,2,5,5,0,3,3,56,0,0,56,0,0,0,0,0,0,0,0,0,0,0,0,0,0,0,0,0,0
0,45,45,kswapd0,0,0,3,5,0,3,3,0,0,0,0,0,0,0,0,0,0,0,0,0,0,0,0,0,0,0,0,0,0
0,45,45,kswapd0,0,0,3,5,0,3,3,0,0,0,0,0,0,0,0,0,0,0,0,0,0,0,0,0,0,0,0,0,0
0,45,45,kswapd0,0,0,3,5,0,3,3,0,0,0,0,0,0,0,0,0,0,0,0,0,0,0,0,0,0,0,0,0,0
0,45,45,kswapd0,0,0,3,5,0,3,3,0,0,0,0,0,0,0,0,0,0,0,0,0,0,0,0,0,0,0,0,0,0
0,45,45,kswapd0,3946,3946,3949,5,1,3,3,2291,513,1,2225,65,0,81,358,19,55,0,10,0,27,0,0,0,0,0,0,0,0
0,45,45,kswapd0,0,0,3,5,0,3,3,0,0,0,0,0,0,0,0,0,0,0,0,0,0,0,0,0,0,0,0,0,0
0,45,45,kswapd0,232,232,234,5,1,2,2,66,116,1,65,0,0,101,15,0,0,0,0,0,1,0,0,0,0,0,0,0,64
0,45,45,kswapd0,3980,3980,3983,5,1,3,3,430,454,0,155,275,0,8,416,30,0,0,0,0,26,0,0,0,0,0,0,0,2
0,45,45,kswapd0,0,0,3,5,0,3,3,0,0,0,0,0,0,0,0,0,0,0,0,0,0,0,0,0,0,0,0,0,0
0,45,45,kswapd0,0,0,3,5,0,3,3,0,0,0,0,0,0,0,0,0,0,0,0,0,0,0,0,0,0,0,0,0,0
0,45,45,kswapd0,29,29,32,5,2,3,3,197,113,0,197,0,0,0,113,0,0,0,0,0,46,0,0,0,0,0,0,0,64
0,45,45,kswapd0,0,0,3,5,0,3,3,0,0,0,0,0,0,0,0,0,0,0,0,0,0,0,0,0,0,0,0,0,0
0,45,45,kswapd0,6,7,9,5,0,3,2,0,0,0,0,0,0,0,0,0,0,0,0,0,1,0,0,0,22,0,0,0,0
0,45,45,kswapd0,0,0,3,5,0,3,3,0,0,0,0,0,0,0,0,0,0,0,0,0,0,0,0,0,0,0,0,0,0
0,45,45,kswapd0,8,8,10,5,0,2,2,60,0,0,60,0,0,0,0,0,0,0,0,0,6,0,0,0,0,0,0,0,0
0,45,45,kswapd0,0,0,3,5,0,3,3,0,0,0,0,0,0,0,0,0,0,0,0,0,0,0,0,0,0,0,0,0,0
0,45,45,kswapd0,0,0,3,5,0,3,3,0,0,0,0,0,0,0,0,0,0,0,0,0,0,0,0,0,0,0,0,0,0
0,45,45,kswapd0,0,0,3,5,0,3,3,0,0,0,0,0,0,0,0,0,0,0,0,0,0,0,0,0,0,0,0,0,0
0,45,45,kswapd0,5239,5239,5242,5,1,3,3,507,373,85,175,212,35,0,312,61,0,0,23,1,253,1,106,0,1,0,0,0,0
0,45,45,kswapd0,0,0,3,5,0,3,3,0,0,0,0,0,0,0,0,0,0,0,0,0,0,0,0,0,0,0,0,0,0
0,45,45,kswapd0,0,0,3,5,0,3,3,0,0,0,0,0,0,0,0,0,0,0,0,0,0,0,0,0,0,0,0,0,0
0,45,45,kswapd0,0,0,3,5,0,3,3,0,0,0,0,0,0,0,0,0,0,0,0,0,0,0,0,0,0,0,0,0,0
0,45,45,kswapd0,3946,3946,3949,5,2,3,3,2291,513,1,2225,65,0,0,227,19,267,0,10,0,27,0,0,0,0,0,0,0,0
0,45,45,kswapd0,232,232,234,5,1,2,2,66,52,1,65,0,0,35,17,0,0,0,0,0,1,0,2,0,64,0,0,0,34
0,45,45,kswapd0,3980,3980,3983,5,2,3,3,430,452,0,155,275,0,0,418,12,22,0,0,0,26,0,1,0,2,0,0,0,59
0,45,45,kswapd0,30,30,32,5,1,2,2,197,49,197,0,0,0,49,0,0,0,0,0,0,23,0,0,0,64,0,0,0,49
0,45,45,kswapd0,5239,5239,5242,5,1,3,3,507,373,8,175,212,112,0,312,61,0,0,23,1,253,1,106,0,1,0,0,0,0
0,45,45,kswapd0,1079,1079,1081,5,1,2,2,255,933,15,148,0,92,933,0,0,0,0,0,0,12,0,0,0,0,0,0,0,0
0,45,45,kswapd0,0,0,3,5,0,3,3,0,0,0,0,0,0,0,0,0,0,0,0,0,0,0,0,0,0,0,0,0,0
0,45,45,kswapd0,0,0,3,5,0,3,3,0,0,0,0,0,0,0,0,0,0,0,0,0,0,0,0,0,0,0,0,0,0
0,45,45,kswapd0,0,0,3,5,0,3,3,0,0,0,0,0,0,0,0,0,0,0,0,0,0,0,0,0,0,0,0,0,0
0,45,45,kswapd0,0,0,3,5,0,3,3,0,0,0,0,0,0,0,0,0,0,0,0,0,0,0,0,0,0,0,0,0,0
0,45,45,kswapd0,0,0,3,5,0,3,3,0,0,0,0,0,0,0,0,0,0,0,0,0,0,0,0,0,0,0,0,0,0
0,45,45,kswapd0,6,7,9,5,0,3,2,0,0,0,0,0,0,0,0,0,0,0,0,0,1,0,0,0,22,0,0,0,0
0,45,45,kswapd0,0,0,3,5,0,3,3,0,0,0,0,0,0,0,0,0,0,0,0,0,0,0,0,0,0,0,0,0,0
0,45,45,kswapd0,94,94,96,5,2,2,2,2103,0,2091,12,0,0,0,0,0,0,0,0,10,40,0,0,0,0,0,0,65,0
0,45,45,kswapd0,122,122,124,5,1,2,2,1772,0,1772,0,0,0,0,0,0,0,0,0,1,0,0,0,20,0,0,0,9,0
0,45,45,kswapd0,3599,3599,3602,5,222,3,3,515,450003,431,2,82,0,183636,2622,193658,70087,0,801,0,11221,0,0,0,267668,0,0,0,14208
0,45,45,kswapd0,0,0,3,5,0,3,3,0,0,0,0,0,0,0,0,0,0,0,0,0,0,0,0,0,0,0,0,0,0
0,45,45,kswapd0,3,3,5,5,1,2,2,57,13,57,0,0,0,13,0,0,0,0,0,0,0,0,0,0,0,0,0,0,0
0,45,45,kswapd0,1118,1118,1120,5,1,2,2,459,37,459,0,0,0,29,1,0,7,0,0,36,7,0,0,0,57,0,0,0,29
0,45,45,kswapd0,116,116,119,5,2,3,3,358,135,0,314,44,0,0,103,0,32,0,3,0,55,0,31,0,0,0,0,0,0
0,45,45,kswapd0,145,145,147,5,1,2,2,1670,0,929,741,0,0,0,0,0,0,0,0,0,28,0,0,0,46,0,0,17,0
0,45,45,kswapd0,5211,5211,5214,5,2,3,3,4151,16,1918,0,2169,64,0,12,4,0,0,0,0,0,0,0,0,1,0,0,0,0
0,45,45,kswapd0,0,0,3,5,0,3,3,0,0,0,0,0,0,0,0,0,0,0,0,0,0,0,0,0,0,0,0,0,0
0,45,45,kswapd0,0,0,3,5,0,3,3,0,0,0,0,0,0,0,0,0,0,0,0,0,0,0,0,0,0,0,0,0,0
0,45,45,kswapd0,1485,1485,1487,5,1,2,2,335,398,98,237,0,0,380,0,0,18,0,0,0,14,0,0,0,46,0,0,0,63
0,45,45,kswapd0,7,7,10,5,1,3,3,1813,0,825,1,923,64,0,0,0,0,0,0,0,0,1,0,395,0,0,0,0,0
0,45,45,kswapd0,0,0,3,5,0,3,3,0,0,0,0,0,0,0,0,0,0,0,0,0,0,0,0,0,0,0,0,0,0
0,45,45,kswapd0,5240,5240,5242,5,1,2,2,507,373,174,212,0,121,312,61,0,0,0,11,1,178,0,0,0,0,0,0,0,40
0,45,45,kswapd0,1079,1079,1081,5,1,2,2,255,933,15,148,0,92,780,0,0,153,0,0,0,12,0,0,0,0,0,0,0,0
0,45,45,kswapd0,94,94,96,5,2,2,2,2038,0,2026,12,0,0,0,0,0,0,0,0,10,40,0,0,65,0,0,0,63,0
0,45,45,kswapd0,122,122,124,5,2,2,2,1763,0,1763,0,0,0,0,0,0,0,0,0,1,0,0,0,29,0,0,0,109,0
0,45,45,kswapd0,3599,3599,3602,5,443,3,3,515,453310,431,2,82,0,169428,2622,193658,87602,0,801,0,11221,0,0,0,281876,0,0,0,28352
0,45,45,kswapd0,3,3,5,5,1,2,2,57,13,57,0,0,0,0,1,0,12,0,0,0,0,0,0,0,0,0,0,53,0
0,45,45,kswapd0,1118,1118,1120,5,1,2,2,459,8,459,0,0,0,0,1,0,7,0,0,36,7,0,0,0,86,0,0,4,0
0,45,45,kswapd0,117,117,119,5,1,2,2,358,135,314,44,0,0,0,1,0,134,0,1,0,42,0,55,0,0,0,0,29,0
0,45,45,kswapd0,145,145,147,5,2,2,2,1653,0,912,741,0,0,0,0,0,0,0,0,0,28,0,0,17,46,0,0,83,0
0,45,45,kswapd0,5211,5211,5214,5,4,3,3,4151,18,1762,0,2169,220,0,14,4,0,0,0,0,0,0,0,0,1,0,0,0,0
0,45,45,kswapd0,1485,1485,1487,5,1,2,2,335,335,98,237,0,0,316,0,0,19,0,0,0,14,0,0,0,109,0,0,0,64
0,45,45,kswapd0,7,7,10,5,2,3,3,1813,0,760,1,923,129,0,0,0,0,0,0,0,0,1,0,395,0,0,0,0,0
0,45,45,kswapd0,3947,3947,3949,5,2,2,2,2291,513,2226,65,0,0,124,34,0,355,0,5,0,13,0,35,0,0,0,0,0,0
0,45,45,kswapd0,232,232,234,5,0,2,2,66,18,1,65,0,0,0,18,0,0,0,0,0,1,0,3,0,98,0,0,0,0
0,45,45,kswapd0,3981,3981,3983,5,1,2,2,430,395,155,275,0,0,246,47,0,102,0,0,0,14,0,89,0,59,0,0,0,1
0,45,45,kswapd0,30,30,32,5,1,2,2,197,0,197,0,0,0,0,0,0,0,0,0,0,23,0,0,0,113,0,0,36,0
0,45,45,kswapd0,94,94,96,5,4,2,2,1975,0,1963,12,0,0,0,0,0,0,0,0,10,40,0,0,128,0,0,0,130,0
0,45,45,kswapd0,122,122,124,5,4,2,2,1654,0,1654,0,0,0,0,0,0,0,0,0,1,0,0,0,138,0,0,0,93,0
0,45,45,kswapd0,3599,3599,3602,5,889,3,3,515,453748,431,2,82,0,141076,2622,193658,116392,0,801,0,11221,0,0,0,310228,0,0,0,56896
0,45,45,kswapd0,4,4,5,5,0,1,1,4,13,4,0,0,0,1,0,0,12,0,0,0,0,0,0,53,0,0,0,0,0
0,45,45,kswapd0,1118,1118,1120,5,1,2,2,455,8,455,0,0,0,0,1,0,7,0,0,36,7,0,0,4,86,0,0,60,0
0,45,45,kswapd0,117,117,119,5,1,2,2,329,135,285,44,0,0,0,1,0,134,0,1,0,42,0,55,29,0,0,0,35,0
0,45,45,kswapd0,145,145,147,5,3,2,2,1570,0,829,741,0,0,0,0,0,0,0,0,0,28,0,0,100,46,0,0,73,0
0,45,45,kswapd0,5211,5211,5214,5,9,3,3,4151,18,1412,0,2169,570,2,12,4,0,0,0,0,0,0,0,0,1,0,0,0,0
0,45,45,kswapd0,1485,1485,1487,5,2,2,2,335,271,98,237,0,0,252,0,0,19,0,0,0,14,0,0,0,173,0,0,0,128
0,45,45,kswapd0,7,7,10,5,4,3,3,1813,0,606,1,923,283,0,0,0,0,0,0,0,0,1,0,395,0,0,0,0,0
0,45,45,kswapd0,3947,3947,3949,5,4,2,2,2291,513,2226,65,0,0,0,34,0,479,0,5,0,13,0,35,0,0,0,0,0,0
0,45,45,kswapd0,3981,3981,3983,5,2,2,2,430,394,155,275,0,0,113,46,0,235,0,0,0,14,0,157,0,60,0,0,0,89
0,45,45,kswapd0,30,30,32,5,1,2,2,161,0,161,0,0,0,0,0,0,0,0,0,0,23,0,0,36,113,0,0,28,0
0,45,45,kswapd0,5240,5240,5242,5,0,2,2,507,360,174,212,0,121,0,295,0,65,0,11,1,178,0,254,0,40,0,27,0,0
0,45,45,kswapd0,1079,1079,1081,5,2,2,2,255,933,15,148,0,92,625,0,0,308,0,0,0,12,0,0,0,0,0,0,0,5
0,45,45,kswapd0,3947,3947,3949,5,4,2,2,2291,513,1634,84,0,573,0,34,0,479,0,5,0,13,0,35,0,0,0,0,25,0
0,45,45,kswapd0,3981,3981,3983,5,0,2,2,430,305,155,275,0,0,0,63,0,242,0,0,0,14,0,172,0,149,0,0,0,0
0,45,45,kswapd0,30,30,32,5,1,2,2,133,0,109,24,0,0,0,0,0,0,0,0,0,23,0,0,64,113,0,0,12,0
0,45,45,kswapd0,1079,1079,1081,5,0,2,2,255,928,15,148,0,92,328,0,0,600,0,0,0,12,0,0,0,5,0,0,0,0
0,45,45,kswapd0,94,94,96,5,7,2,2,1845,0,1820,12,0,13,0,0,0,0,0,0,10,40,0,0,258,0,0,0,229,0
0,45,45,kswapd0,122,122,124,5,6,2,2,1561,0,1561,0,0,0,0,0,0,0,0,0,1,0,0,0,231,0,0,0,210,0
0,45,45,kswapd0,3599,3599,3602,5,1321,3,3,39569,419448,431,2,82,39054,84181,2621,193658,138988,0,801,0,11221,0,0,0,367124,0,2,41,84153
0,45,45,kswapd0,1118,1118,1120,5,2,2,2,395,8,395,0,0,0,0,1,0,7,0,0,36,7,0,0,64,86,0,0,74,0
0,45,45,kswapd0,117,117,119,5,2,2,2,294,135,250,44,0,0,0,1,0,134,0,1,0,42,0,55,64,0,0,0,112,0
0,45,45,kswapd0,145,145,147,5,6,2,2,1497,0,756,741,0,0,0,0,0,0,0,0,0,28,0,0,173,46,0,0,243,0
0,45,45,kswapd0,5211,5211,5214,5,14,3,3,4151,20,842,0,2169,1140,0,14,4,2,0,0,0,0,0,0,0,1,0,0,0,0
0,45,45,kswapd0,1485,1485,1487,5,2,2,2,335,143,98,237,0,0,124,0,0,19,0,0,0,14,0,0,0,301,0,0,0,100
0,45,45,kswapd0,7,7,10,5,6,3,3,1813,0,350,1,923,539,0,0,0,0,0,0,0,0,1,0,395,0,0,0,0,0
0,45,45,kswapd0,1485,1485,1487,5,1,2,2,335,43,98,237,0,0,0,24,0,19,0,0,0,14,0,24,0,401,0,0,7,0
0,45,45,kswapd0,30,30,32,5,1,2,2,121,0,121,0,0,0,0,0,0,0,0,0,0,23,0,0,76,113,0,0,64,0
0,45,45,kswapd0,94,94,96,5,10,2,2,1616,0,1575,12,0,29,0,0,0,0,0,0,10,40,0,0,487,0,0,0,368,0
0,45,45,kswapd0,122,122,124,5,9,2,2,1351,0,1351,0,0,0,0,0,0,0,0,0,1,0,0,0,441,0,0,0,345,0
0,45,45,kswapd0,1118,1118,1120,5,3,2,2,321,8,321,0,0,0,0,1,0,7,0,0,36,7,0,0,138,86,0,0,167,0
0,45,45,kswapd0,117,117,119,5,1,2,2,182,135,138,44,0,0,0,1,0,134,0,1,0,42,0,55,176,0,0,0,60,0
0,45,45,kswapd0,145,145,147,5,6,2,2,1254,0,513,741,0,0,0,0,0,0,0,0,0,28,0,0,416,46,0,0,242,0
0,45,45,kswapd0,1118,1118,1120,5,1,2,2,154,8,154,0,0,0,0,1,0,7,0,0,36,7,0,0,305,86,0,0,35,0
0,45,45,kswapd0,30,30,32,5,0,2,2,57,0,57,0,0,0,0,0,0,0,0,0,0,23,0,0,140,113,0,0,0,0
0,45,45,kswapd0,94,94,96,5,1,2,2,1248,0,1197,12,0,39,0,0,0,0,0,0,10,40,0,0,855,0,0,0,64,0
0,45,45,kswapd0,122,122,124,5,1,2,2,1006,0,1006,0,0,0,0,0,0,0,0,0,1,0,0,0,786,0,0,0,64,0
0,45,45,kswapd0,94,94,96,5,1,2,2,1184,0,1133,12,0,39,0,0,0,0,0,0,10,40,0,0,919,0,0,0,62,0
0,45,45,kswapd0,122,122,124,5,1,2,2,942,0,942,0,0,0,0,0,0,0,0,0,1,0,0,0,850,0,0,0,4,0
0,45,45,kswapd0,1118,1118,1120,5,1,2,2,119,8,101,18,0,0,0,1,0,7,0,0,36,7,0,0,340,86,0,0,30,0
0,45,45,kswapd0,30,30,32,5,1,2,2,57,0,57,0,0,0,0,0,0,0,0,0,0,23,0,0,140,113,0,0,26,0
0,45,45,kswapd0,94,94,96,5,2,2,2,1122,0,1071,12,0,39,0,0,0,0,0,0,10,40,0,0,981,0,0,0,10,0
0,45,45,kswapd0,122,122,124,5,1,2,2,938,0,938,0,0,0,0,0,0,0,0,0,1,0,0,0,854,0,0,0,60,0
0,45,45,kswapd0,1118,1118,1120,5,1,2,2,89,8,89,0,0,0,0,1,0,7,0,0,36,7,0,0,370,86,0,0,60,0
0,45,45,kswapd0,94,94,96,5,2,2,2,1112,0,1012,47,0,53,0,0,0,0,0,0,10,40,0,0,991,0,0,0,103,0
0,45,45,kswapd0,122,122,124,5,2,2,2,878,0,874,4,0,0,0,0,0,0,0,0,1,0,0,0,914,0,0,0,82,0
0,45,45,kswapd0,1118,1118,1120,5,1,2,2,29,8,29,0,0,0,0,1,0,7,0,0,36,7,0,0,430,86,0,0,16,0
0,45,45,kswapd0,1119,1119,1120,5,0,1,1,13,8,13,0,0,0,1,0,0,7,0,0,233,46,0,0,16,0,0,0,0,0
0,45,45,kswapd0,94,94,96,5,4,2,2,1009,0,944,12,0,53,0,0,0,0,0,0,10,40,0,0,1094,0,0,0,127,0
0,45,45,kswapd0,122,122,124,5,3,2,2,796,0,796,0,0,0,0,0,0,0,0,0,1,0,0,0,996,0,0,0,135,0
0,45,45,kswapd0,94,94,96,5,6,2,2,882,0,804,12,0,66,0,0,0,0,0,0,10,40,0,0,1221,0,0,0,228,0
0,45,45,kswapd0,122,122,124,5,5,2,2,661,0,661,0,0,0,0,0,0,0,0,0,1,0,0,0,1131,0,0,0,182,0
0,45,45,kswapd0,94,94,96,5,1,2,2,654,0,557,12,0,85,0,0,0,0,0,0,10,40,0,0,1449,0,0,0,64,0
0,45,45,kswapd0,122,122,124,5,1,2,2,479,0,458,21,0,0,0,0,0,0,0,0,1,0,0,0,1313,0,0,0,62,0
0,45,45,kswapd0,94,94,96,5,1,2,2,590,0,493,12,0,85,0,0,0,0,0,0,10,40,0,0,1513,0,0,0,46,0
0,45,45,kswapd0,122,122,124,5,1,2,2,417,0,394,23,0,0,0,0,0,0,0,0,1,0,0,0,1375,0,0,0,43,0
0,45,45,kswapd0,94,94,96,5,1,2,2,544,0,447,12,0,85,0,0,0,0,0,0,10,40,0,0,1559,0,0,0,18,0
0,45,45,kswapd0,122,122,124,5,1,2,2,374,0,374,0,0,0,0,0,0,0,0,0,1,0,0,0,1418,0,0,0,44,0
0,45,45,kswapd0,94,94,96,5,2,2,2,526,0,425,12,0,89,0,0,0,0,0,0,10,40,0,0,1577,0,0,0,87,0
0,45,45,kswapd0,122,122,124,5,1,2,2,330,0,330,0,0,0,0,0,0,0,0,0,1,0,0,0,1462,0,0,0,20,0
0,45,45,kswapd0,94,94,96,5,2,2,2,439,0,328,12,0,99,0,0,0,0,0,0,10,40,0,0,1664,0,0,0,74,0
0,45,45,kswapd0,122,122,124,5,2,2,2,310,0,310,0,0,0,0,0,0,0,0,0,1,0,0,0,1482,0,0,0,61,0
0,45,45,kswapd0,94,94,96,5,3,2,2,365,0,254,12,0,99,0,0,0,0,0,0,10,40,0,0,1738,0,0,0,115,0
0,45,45,kswapd0,122,122,124,5,2,2,2,249,0,249,0,0,0,0,0,0,0,0,0,1,0,0,0,1543,0,0,0,98,0
0,45,45,kswapd0,94,94,96,5,1,2,2,250,0,138,12,0,100,0,0,0,0,0,0,10,40,0,0,1853,0,0,0,64,0
0,45,45,kswapd0,122,122,124,5,1,2,2,151,0,151,0,0,0,0,0,0,0,0,0,1,0,0,0,1641,0,0,0,30,0
0,45,45,kswapd0,94,94,96,5,0,2,2,186,0,74,12,0,100,0,0,0,0,0,0,10,40,0,0,1917,0,0,0,0,0
0,45,45,kswapd0,122,122,124,5,1,2,2,121,0,121,0,0,0,0,0,0,0,0,0,1,0,0,0,1671,0,0,0,34,0
0,45,45,kswapd0,122,122,124,5,1,2,2,87,0,57,30,0,0,0,0,0,0,0,0,1,0,0,0,1705,0,0,0,0,0
0,45,45,kswapd0,123,123,124,5,0,1,1,87,0,87,0,0,0,0,0,0,0,0,0,852,0,0,0,0,0,0,0,0,0
0,45,45,kswapd0,0,0,3,5,0,3,3,0,0,0,0,0,0,0,0,0,0,0,0,0,0,0,0,0,0,0,0,0,0
0,45,45,kswapd0,0,0,3,5,0,3,3,0,0,0,0,0,0,0,0,0,0,0,0,0,0,0,0,0,0,0,0,0,0
0,45,45,kswapd0,1119,1119,1121,5,1,2,2,13,8,13,0,0,0,1,7,0,0,0,0,233,46,0,0,16,0,0,0,13,0
0,45,45,kswapd0,123,123,125,5,1,2,2,87,0,87,0,0,0,0,0,0,0,0,0,852,0,0,0,0,0,0,0,61,0
0,45,45,kswapd0,8,8,11,5,2,3,3,60,0,0,60,0,0,0,0,0,0,0,0,0,6,0,0,0,0,0,0,59,0
0,45,45,kswapd0,6,7,9,5,0,3,2,0,0,0,0,0,0,0,0,0,0,0,0,0,1,0,0,0,22,0,0,0,0
0,45,45,kswapd0,232,232,235,5,2,3,3,66,18,1,65,0,0,0,18,0,0,0,0,0,1,0,3,0,98,0,0,1,18
0,45,45,kswapd0,5240,5240,5243,5,3,3,3,507,360,167,163,142,35,0,257,103,0,0,11,1,178,0,254,0,40,0,27,77,0
0,45,45,kswapd0,3600,3600,3603,5,1112,3,3,106494,374591,94,82,91993,14325,2644,193656,166154,12137,0,13980,20,231261,0,0,0,0,0,0,92,118
0,45,45,kswapd0,94,94,97,5,1,3,3,186,0,74,12,100,0,0,0,0,0,0,0,10,40,0,0,1917,0,0,0,14,0
0,45,45,kswapd0,2,2,5,5,2,3,3,56,0,0,56,0,0,0,0,0,0,0,0,0,0,0,0,0,0,0,0,54,0
0,45,45,kswapd0,0,0,3,5,0,3,3,0,0,0,0,0,0,0,0,0,0,0,0,0,0,0,0,0,0,0,0,0,0
0,45,45,kswapd0,0,0,3,5,0,3,3,0,0,0,0,0,0,0,0,0,0,0,0,0,0,0,0,0,0,0,0,0,0
0,45,45,kswapd0,4,4,6,5,1,2,2,4,13,4,0,0,0,1,12,0,0,0,0,0,0,0,0,53,0,0,0,4,0
0,45,45,kswapd0,5212,5212,5215,5,17,3,3,4151,20,6,2169,1976,0,14,4,2,0,0,0,0,0,0,0,0,0,0,0,572,6
0,45,45,kswapd0,31,31,32,5,0,1,1,31,0,31,0,0,0,0,0,0,0,0,0,70,68,0,0,26,0,0,0,0,0
0,45,45,kswapd0,10,10,11,5,0,1,1,1,0,1,0,0,0,0,0,0,0,0,0,0,1,0,0,59,0,0,0,0,0
0,45,45,kswapd0,0,0,3,5,0,3,3,0,0,0,0,0,0,0,0,0,0,0,0,0,0,0,0,0,0,0,0,0,0
0,45,45,kswapd0,0,0,3,5,0,3,3,0,0,0,0,0,0,0,0,0,0,0,0,0,0,0,0,0,0,0,0,0,0
0,45,45,kswapd0,3947,3947,3950,5,9,3,3,2266,513,1149,63,1054,0,0,19,494,0,0,5,0,13,0,35,25,0,0,0,153,0
0,45,45,kswapd0,1079,1079,1082,5,2,3,3,255,928,15,148,92,0,328,0,600,0,0,0,0,12,0,0,0,5,0,0,0,13
0,45,45,kswapd0,4,4,5,5,0,1,1,2,0,2,0,0,0,0,0,0,0,0,0,0,0,0,0,54,0,0,0,0,0
0,45,45,kswapd0,0,0,3,5,0,3,3,0,0,0,0,0,0,0,0,0,0,0,0,0,0,0,0,0,0,0,0,0,0
0,45,45,kswapd0,0,0,3,5,0,3,3,0,0,0,0,0,0,0,0,0,0,0,0,0,0,0,0,0,0,0,0,0,0
0,45,45,kswapd0,0,0,3,5,0,3,3,0,0,0,0,0,0,0,0,0,0,0,0,0,0,0,0,0,0,0,0,0,0
0,45,45,kswapd0,0,0,3,5,0,3,3,0,0,0,0,0,0,0,0,0,0,0,0,0,0,0,0,0,0,0,0,0,0
0,45,45,kswapd0,0,0,3,5,0,3,3,0,0,0,0,0,0,0,0,0,0,0,0,0,0,0,0,0,0,0,0,0,0
0,45,45,kswapd0,0,0,3,5,0,3,3,0,0,0,0,0,0,0,0,0,0,0,0,0,0,0,0,0,0,0,0,0,0
0,45,45,kswapd0,0,0,3,5,0,3,3,0,0,0,0,0,0,0,0,0,0,0,0,0,0,0,0,0,0,0,0,0,0
0,45,45,kswapd0,8,8,11,5,8,3,3,1813,0,3,923,887,0,0,0,0,0,0,0,197,0,0,0,0,0,0,0,301,0
0,45,45,kswapd0,1485,1485,1488,5,2,3,3,328,43,91,237,0,0,0,24,19,0,0,0,0,14,0,24,7,401,0,0,75,0
0,45,45,kswapd0,0,0,3,5,0,3,3,0,0,0,0,0,0,0,0,0,0,0,0,0,0,0,0,0,0,0,0,0,0
0,45,45,kswapd0,6,7,9,5,0,3,2,0,0,0,0,0,0,0,0,0,0,0,0,0,1,0,0,0,22,0,0,0,0
0,45,45,kswapd0,0,0,3,5,0,3,3,0,0,0,0,0,0,0,0,0,0,0,0,0,0,0,0,0,0,0,0,0,0
0,45,45,kswapd0,3981,3981,3984,5,4,3,3,430,307,155,270,5,0,2,63,242,0,0,0,0,14,0,172,0,149,0,0,78,1
0,45,45,kswapd0,145,145,148,5,4,3,3,1012,0,271,741,0,0,0,0,0,0,0,0,0,28,0,0,658,46,0,0,198,0
0,45,45,kswapd0,0,0,3,5,0,3,3,0,0,0,0,0,0,0,0,0,0,0,0,0,0,0,0,0,0,0,0,0,0
0,45,45,kswapd0,0,0,3,5,0,3,3,0,0,0,0,0,0,0,0,0,0,0,0,0,0,0,0,0,0,0,0,0,0
0,45,45,kswapd0,0,0,3,5,0,3,3,0,0,0,0,0,0,0,0,0,0,0,0,0,0,0,0,0,0,0,0,0,0
0,45,45,kswapd0,0,0,3,5,0,3,3,0,0,0,0,0,0,0,0,0,0,0,0,0,0,0,0,0,0,0,0,0,0
0,45,45,kswapd0,0,0,3,5,0,3,3,0,0,0,0,0,0,0,0,0,0,0,0,0,0,0,0,0,0,0,0,0,0
0,45,45,kswapd0,0,0,3,5,0,3,3,0,0,0,0,0,0,0,0,0,0,0,0,0,0,0,0,0,0,0,0,0,0
0,45,45,kswapd0,117,117,120,5,1,3,3,122,135,78,44,0,0,0,1,134,0,0,1,0,42,0,55,236,0,0,0,8,0
0,45,45,kswapd0,0,0,3,5,0,3,3,0,0,0,0,0,0,0,0,0,0,0,0,0,0,0,0,0,0,0,0,0,0
0,45,45,kswapd0,0,0,3,5,0,3,3,0,0,0,0,0,0,0,0,0,0,0,0,0,0,0,0,0,0,0,0,0,0
0,45,45,kswapd0,233,233,235,5,1,2,2,65,0,65,0,0,0,0,0,0,0,0,0,0,50,0,0,1,18,0,0,0,0
0,45,45,kswapd0,5241,5241,5243,5,3,2,2,430,360,250,142,0,38,257,103,0,0,0,19,36,235,0,0,4,0,0,0,77,3
0,45,45,kswapd0,94,94,97,5,1,3,3,172,0,60,12,100,0,0,0,0,0,0,0,10,40,0,0,1931,0,0,0,50,0
0,45,45,kswapd0,0,0,3,5,0,3,3,0,0,0,0,0,0,0,0,0,0,0,0,0,0,0,0,0,0,0,0,0,0
0,45,45,kswapd0,5,5,6,5,0,1,1,0,13,0,0,0,0,13,0,0,0,0,0,26,0,0,0,4,0,0,0,0,0
0,126955,127048,file_anon_mix_p,0,0,3,5,0,3,3,0,0,0,0,0,0,0,0,0,0,0,0,0,0,0,0,0,0,0,0,0,0
0,126955,127048,file_anon_mix_p,9,9,11,5,0,2,2,1512,0,624,887,0,1,0,0,0,0,0,0,98,0,0,0,301,0,0,0,0,0
0,126955,127048,file_anon_mix_p,1486,1486,1488,5,0,2,2,253,43,253,0,0,0,24,19,0,0,0,0,32,219,0,0,18,0,0,0,0,0
0,126955,127048,file_anon_mix_p,0,0,3,5,0,3,3,0,0,0,0,0,0,0,0,0,0,0,0,0,0,0,0,0,0,0,0,0,0
0,126955,127048,file_anon_mix_p,1486,1486,1488,5,0,2,2,253,43,253,0,0,0,24,19,0,0,0,0,32,219,0,0,18,0,0,0,0,0
0,126955,127048,file_anon_mix_p,3982,3982,3984,5,0,2,2,352,306,343,5,0,4,64,242,0,0,0,0,28,168,0,0,21,0,0,0,0,0
0,126955,127048,file_anon_mix_p,145,145,148,5,0,3,3,814,0,73,741,0,0,0,0,0,0,0,0,0,28,0,0,856,46,0,0,0,0
0,126955,127048,file_anon_mix_p,0,0,3,5,0,3,3,0,0,0,0,0,0,0,0,0,0,0,0,0,0,0,0,0,0,0,0,0,0
0,126955,127048,file_anon_mix_p,9,9,11,5,0,2,2,1512,0,624,887,0,1,0,0,0,0,0,0,98,0,0,0,301,0,0,0,0,0
0,126955,127048,file_anon_mix_p,3982,3982,3984,5,0,2,2,352,306,343,5,0,4,64,242,0,0,0,0,28,168,0,0,21,0,0,0,0,0
0,126955,127048,file_anon_mix_p,117,117,120,5,0,3,3,114,135,70,44,0,0,0,1,134,0,0,1,0,42,0,55,244,0,0,0,0,0
0,126955,127048,file_anon_mix_p,145,145,148,5,0,3,3,814,0,73,741,0,0,0,0,0,0,0,0,0,28,0,0,856,46,0,0,0,0
0,126955,127048,file_anon_mix_p,1120,1120,1121,5,0,1,1,0,8,0,0,0,0,8,0,0,0,0,0,124,22,0,0,13,0,0,0,0,0
0,126955,127048,file_anon_mix_p,124,124,125,5,0,1,1,26,0,26,0,0,0,0,0,0,0,0,0,426,0,0,0,61,0,0,0,0,0
0,126955,127048,file_anon_mix_p,233,233,235,5,0,2,2,65,0,65,0,0,0,0,0,0,0,0,0,0,50,0,0,1,18,0,0,0,0
0,126955,127048,file_anon_mix_p,5241,5241,5243,5,0,2,2,353,357,168,142,0,43,0,346,0,11,0,19,36,235,0,242,81,3,0,0,0,0
0,126955,127048,file_anon_mix_p,5213,5213,5215,5,0,2,2,2856,14,830,2026,0,0,0,2,0,12,0,0,0,1,0,0,1262,4,0,0,0,0
0,126955,127048,file_anon_mix_p,0,0,3,5,0,3,3,0,0,0,0,0,0,0,0,0,0,0,0,0,0,0,0,0,0,0,0,0,0
0,126955,127048,file_anon_mix_p,0,0,3,5,0,3,3,0,0,0,0,0,0,0,0,0,0,0,0,0,0,0,0,0,0,0,0,0,0
0,126955,127048,file_anon_mix_p,3947,3947,3950,5,0,3,3,2113,513,550,63,1049,451,0,19,494,0,0,5,0,13,0,35,178,0,0,0,0,0
0,126955,127048,file_anon_mix_p,1079,1079,1082,5,0,3,3,255,915,15,148,92,0,73,16,586,240,0,0,0,12,0,30,0,18,0,0,0,0
0,126955,127048,file_anon_mix_p,0,0,3,5,0,3,3,0,0,0,0,0,0,0,0,0,0,0,0,0,0,0,0,0,0,0,0,0,0
0,126955,127048,file_anon_mix_p,1120,1120,1121,5,0,1,1,0,8,0,0,0,0,8,0,0,0,0,0,124,22,0,0,13,0,0,0,0,0
0,126955,127048,file_anon_mix_p,5241,5241,5243,5,0,2,2,353,357,168,142,0,43,0,346,0,11,0,19,36,235,0,242,81,3,0,0,0,0
0,126955,127048,file_anon_mix_p,1079,1079,1082,5,0,3,3,255,915,15,148,92,0,73,16,586,240,0,0,0,12,0,30,0,18,0,0,0,0
0,126963,126963,file_anon_mix_p,3947,3947,3950,5,0,3,3,2049,513,486,63,1049,451,0,19,494,0,0,5,0,13,0,35,218,0,0,0,0,0
0,126963,126963,file_anon_mix_p,117,117,120,5,0,3,3,114,135,70,44,0,0,0,1,134,0,0,1,0,42,0,55,244,0,0,0,0,0
0,126963,126963,file_anon_mix_p,124,124,125,5,0,1,1,26,0,26,0,0,0,0,0,0,0,0,0,426,0,0,0,61,0,0,0,0,0
0,126963,126963,file_anon_mix_p,5213,5213,5215,5,0,2,2,2762,14,764,1998,0,0,0,2,0,12,0,0,0,1,0,0,1356,4,0,0,0,0
0,126963,126963,file_anon_mix_p,233,233,235,5,0,2,2,65,0,65,0,0,0,0,0,0,0,0,0,0,50,0,0,1,18,0,0,0,0
0,126963,126963,file_anon_mix_p,31,31,33,5,0,2,2,31,0,31,0,0,0,0,0,0,0,0,0,70,68,0,0,26,0,0,0,0,0
0,126963,126963,file_anon_mix_p,0,0,3,5,0,3,3,0,0,0,0,0,0,0,0,0,0,0,0,0,0,0,0,0,0,0,0,0,0
0,126963,126963,file_anon_mix_p,0,0,3,5,0,3,3,0,0,0,0,0,0,0,0,0,0,0,0,0,0,0,0,0,0,0,0,0,0
0,126963,126963,file_anon_mix_p,5,5,7,5,0,2,2,0,13,0,0,0,0,13,0,0,0,0,0,26,0,0,0,4,0,0,0,0,0
0,126963,126963,file_anon_mix_p,1120,1120,1121,5,0,1,1,0,8,0,0,0,0,8,0,0,0,0,0,124,22,0,0,13,0,0,0,0,0
0,126963,126963,file_anon_mix_p,0,0,3,5,0,3,3,0,0,0,0,0,0,0,0,0,0,0,0,0,0,0,0,0,0,0,0,0,0
0,126963,126963,file_anon_mix_p,5,5,7,5,0,2,2,0,13,0,0,0,0,13,0,0,0,0,0,26,0,0,0,4,0,0,0,0,0
0,126963,126963,file_anon_mix_p,0,0,3,5,0,3,3,0,0,0,0,0,0,0,0,0,0,0,0,0,0,0,0,0,0,0,0,0,0
0,126963,126963,file_anon_mix_p,1486,1486,1488,5,0,2,2,253,43,253,0,0,0,24,19,0,0,0,0,32,219,0,0,18,0,0,0,0,0
0,126963,126963,file_anon_mix_p,0,0,3,5,0,3,3,0,0,0,0,0,0,0,0,0,0,0,0,0,0,0,0,0,0,0,0,0,0
0,126955,127048,file_anon_mix_p,3947,3947,3950,5,1,3,3,2113,513,550,63,1049,451,0,19,494,0,0,5,0,13,0,35,178,0,0,0,53,0
0,45,45,kswapd0,5213,5213,5215,5,22,2,2,3579,14,1603,1976,0,0,0,2,0,12,0,0,0,1,0,0,572,4,0,0,813,0
0,45,45,kswapd0,0,0,3,5,0,3,3,0,0,0,0,0,0,0,0,0,0,0,0,0,0,0,0,0,0,0,0,0,0
0,45,45,kswapd0,0,0,3,5,0,3,3,0,0,0,0,0,0,0,0,0,0,0,0,0,0,0,0,0,0,0,0,0,0
0,45,45,kswapd0,117,117,120,5,1,3,3,114,135,70,44,0,0,0,1,134,0,0,1,0,42,0,55,244,0,0,0,56,0
0,45,45,kswapd0,10,10,12,5,0,2,2,1,0,1,0,0,0,0,0,0,0,0,0,0,1,0,0,59,0,0,0,0,0
0,45,45,kswapd0,0,0,3,5,0,3,3,0,0,0,0,0,0,0,0,0,0,0,0,0,0,0,0,0,0,0,0,0,0
0,45,45,kswapd0,0,0,3,5,0,3,3,0,0,0,0,0,0,0,0,0,0,0,0,0,0,0,0,0,0,0,0,0,0
0,45,45,kswapd0,95,95,98,5,1,3,3,122,0,22,100,0,0,0,0,0,0,0,0,970,20,0,0,50,0,0,0,10,0
0,45,45,kswapd0,0,0,3,5,0,3,3,0,0,0,0,0,0,0,0,0,0,0,0,0,0,0,0,0,0,0,0,0,0
0,45,45,kswapd0,9,9,11,5,1,2,2,1512,0,624,887,0,1,0,0,0,0,0,0,98,0,0,0,301,0,0,0,64,0
0,45,45,kswapd0,0,0,3,5,0,3,3,0,0,0,0,0,0,0,0,0,0,0,0,0,0,0,0,0,0,0,0,0,0
0,45,45,kswapd0,31,31,33,5,0,2,2,31,0,31,0,0,0,0,0,0,0,0,0,70,68,0,0,26,0,0,0,0,0
0,45,45,kswapd0,0,0,3,5,0,3,3,0,0,0,0,0,0,0,0,0,0,0,0,0,0,0,0,0,0,0,0,0,0
0,45,45,kswapd0,0,0,3,5,0,3,3,0,0,0,0,0,0,0,0,0,0,0,0,0,0,0,0,0,0,0,0,0,0
0,45,45,kswapd0,0,0,3,5,0,3,3,0,0,0,0,0,0,0,0,0,0,0,0,0,0,0,0,0,0,0,0,0,0
0,45,45,kswapd0,145,145,148,5,1,3,3,814,0,73,741,0,0,0,0,0,0,0,0,0,28,0,0,856,46,0,0,55,0
0,45,45,kswapd0,0,0,3,5,0,3,3,0,0,0,0,0,0,0,0,0,0,0,0,0,0,0,0,0,0,0,0,0,0
0,45,45,kswapd0,5241,5241,5244,5,1,3,3,353,357,168,86,99,0,0,308,49,0,0,19,36,235,0,242,81,3,0,0,47,0
0,45,45,kswapd0,10,10,12,5,0,2,2,1,0,1,0,0,0,0,0,0,0,0,0,0,1,0,0,59,0,0,0,0,0
0,45,45,kswapd0,0,0,3,5,0,3,3,0,0,0,0,0,0,0,0,0,0,0,0,0,0,0,0,0,0,0,0,0,0
0,45,45,kswapd0,4,4,6,5,0,2,2,2,0,2,0,0,0,0,0,0,0,0,0,0,0,0,0,54,0,0,0,0,0
0,45,45,kswapd0,233,233,235,5,1,2,2,65,0,65,0,0,0,0,0,0,0,0,0,0,50,0,0,1,18,0,0,64,0
0,45,45,kswapd0,0,0,3,5,0,3,3,0,0,0,0,0,0,0,0,0,0,0,0,0,0,0,0,0,0,0,0,0,0
0,45,45,kswapd0,4,4,6,5,0,2,2,2,0,2,0,0,0,0,0,0,0,0,0,0,0,0,0,54,0,0,0,0,0
0,45,45,kswapd0,0,0,3,5,0,3,3,0,0,0,0,0,0,0,0,0,0,0,0,0,0,0,0,0,0,0,0,0,0
0,45,45,kswapd0,0,0,3,5,0,3,3,0,0,0,0,0,0,0,0,0,0,0,0,0,0,0,0,0,0,0,0,0,0
0,45,45,kswapd0,0,0,3,5,0,3,3,0,0,0,0,0,0,0,0,0,0,0,0,0,0,0,0,0,0,0,0,0,0
0,45,45,kswapd0,3947,3947,3950,5,1,3,3,1996,513,421,63,1049,463,0,19,494,0,0,5,0,13,0,35,236,0,0,0,1,0
0,45,45,kswapd0,0,0,3,5,0,3,3,0,0,0,0,0,0,0,0,0,0,0,0,0,0,0,0,0,0,0,0,0,0
0,45,45,kswapd0,0,0,3,5,0,3,3,0,0,0,0,0,0,0,0,0,0,0,0,0,0,0,0,0,0,0,0,0,0
0,126963,126963,file_anon_mix_p,3947,3947,3950,5,1,3,3,2049,513,486,63,1049,451,0,19,494,0,0,5,0,13,0,35,218,0,0,0,44,0
0,124101,124101,kworker/0:2,3947,3947,3950,5,0,3,3,2015,513,307,63,1055,590,0,19,494,0,0,5,0,13,0,35,276,0,0,0,0,0
0,124101,124101,kworker/0:2,3601,3601,3604,5,2,3,3,126740,390985,84,91992,23456,11208,120580,166151,90878,13376,0,6990,42,115644,0,1,28,89,0,0,0,0
0,124101,124101,kworker/0:2,6,7,9,5,0,3,2,0,0,0,0,0,0,0,0,0,0,0,0,0,1,0,0,0,22,0,0,0,0
0,124101,124101,kworker/0:2,0,0,3,5,0,3,3,0,0,0,0,0,0,0,0,0,0,0,0,0,0,0,0,0,0,0,0,0,0
0,124101,124101,kworker/0:2,0,0,3,5,0,3,3,0,0,0,0,0,0,0,0,0,0,0,0,0,0,0,0,0,0,0,0,0,0
0,124101,124101,kworker/0:2,3982,3982,3984,5,0,2,2,352,308,343,5,0,4,66,242,0,0,0,0,28,168,0,0,21,0,0,0,0,0
0,124101,124101,kworker/0:2,1079,1079,1082,5,0,3,3,255,915,15,148,92,0,73,16,586,240,0,0,0,12,0,30,0,18,0,0,0,0
0,124101,124101,kworker/0:2,124,124,125,5,0,1,1,26,0,26,0,0,0,0,0,0,0,0,0,426,0,0,0,61,0,0,0,0,0
0,124101,124101,kworker/0:2,5213,5213,5215,5,0,2,2,2766,14,790,1976,0,0,0,2,0,12,0,0,0,1,0,0,1385,4,0,0,0,0
0,124101,124101,kworker/0:2,1486,1486,1488,5,0,2,2,253,43,253,0,0,0,24,19,0,0,0,0,32,219,0,0,18,0,0,0,0,0
0,124101,124101,kworker/0:2,0,0,3,5,0,3,3,0,0,0,0,0,0,0,0,0,0,0,0,0,0,0,0,0,0,0,0,0,0
0,124101,124101,kworker/0:2,0,0,3,5,0,3,3,0,0,0,0,0,0,0,0,0,0,0,0,0,0,0,0,0,0,0,0,0,0
0,124101,124101,kworker/0:2,0,0,3,5,0,3,3,0,0,0,0,0,0,0,0,0,0,0,0,0,0,0,0,0,0,0,0,0,0
0,124101,124101,kworker/0:2,0,0,3,5,0,3,3,0,0,0,0,0,0,0,0,0,0,0,0,0,0,0,0,0,0,0,0,0,0
0,124101,124101,kworker/0:2,117,117,120,5,0,3,3,58,135,6,44,8,0,0,1,134,0,0,1,0,42,0,55,300,0,0,0,0,0
0,124101,124101,kworker/0:2,0,0,3,5,0,3,3,0,0,0,0,0,0,0,0,0,0,0,0,0,0,0,0,0,0,0,0,0,0
0,124101,124101,kworker/0:2,96,96,98,5,0,2,2,112,0,100,12,0,0,0,0,0,0,0,0,510,10,0,0,10,0,0,0,0,0
0,124101,124101,kworker/0:2,9,9,11,5,0,2,2,1448,0,560,887,0,1,0,0,0,0,0,0,98,0,0,0,365,0,0,0,0,0
0,124101,124101,kworker/0:2,233,233,235,5,0,2,2,1,0,1,0,0,0,0,0,0,0,0,0,0,50,0,0,65,18,0,0,0,0
0,124101,124101,kworker/0:2,6,7,9,5,0,3,2,0,0,0,0,0,0,0,0,0,0,0,0,0,1,0,0,0,22,0,0,0,0
0,124101,124101,kworker/0:2,145,145,148,5,0,3,3,759,0,9,741,9,0,0,0,0,0,0,0,0,28,0,0,911,46,0,0,0,0
0,124101,124101,kworker/0:2,5241,5241,5244,5,0,3,3,306,357,104,86,116,0,0,308,49,0,0,19,36,235,0,242,128,3,0,0,0,0
0,124101,124101,kworker/0:2,5213,5213,5215,5,0,2,2,2766,14,790,1976,0,0,0,2,0,12,0,0,0,1,0,0,1385,4,0,0,0,0
0,124101,124101,kworker/0:2,3982,3982,3984,5,0,2,2,352,308,343,5,0,4,66,242,0,0,0,0,28,168,0,0,21,0,0,0,0,0
0,124101,124101,kworker/0:2,5241,5241,5244,5,0,3,3,306,357,104,86,116,0,0,308,49,0,0,19,36,235,0,242,128,3,0,0,0,0
0,124101,124101,kworker/0:2,0,0,3,5,0,3,3,0,0,0,0,0,0,0,0,0,0,0,0,0,0,0,0,0,0,0,0,0,0
0,124101,124101,kworker/0:2,1079,1079,1082,5,0,3,3,255,915,15,148,92,0,73,16,586,240,0,0,0,12,0,30,0,18,0,0,0,0
0,124101,124101,kworker/0:2,96,96,98,5,0,2,2,112,0,100,12,0,0,0,0,0,0,0,0,510,10,0,0,10,0,0,0,0,0
0,124101,124101,kworker/0:2,3947,3947,3950,5,1,3,3,2015,513,307,63,1055,590,0,19,494,0,0,5,0,13,0,35,276,0,0,0,6,0
0,124101,124101,kworker/0:2,124,124,125,5,0,1,1,26,0,26,0,0,0,0,0,0,0,0,0,426,0,0,0,61,0,0,0,0,0
0,124101,124101,kworker/0:2,117,117,120,5,0,3,3,58,135,6,44,8,0,0,1,134,0,0,1,0,42,0,55,300,0,0,0,0,0
0,124101,124101,kworker/0:2,9,9,11,5,0,2,2,1448,0,560,887,0,1,0,0,0,0,0,0,98,0,0,0,365,0,0,0,0,0
0,124101,124101,kworker/0:2,3601,3601,3604,5,4,3,3,126740,391049,84,91992,23456,11208,120196,166151,90878,13824,0,6990,42,115644,0,1,28,89,0,0,0,0
0,124101,124101,kworker/0:2,145,145,148,5,0,3,3,759,0,9,741,9,0,0,0,0,0,0,0,0,28,0,0,911,46,0,0,0,0
0,124101,124101,kworker/0:2,3601,3601,3604,5,8,3,3,126740,390985,84,91992,23456,11208,119748,166151,90878,14208,0,6990,42,115644,0,1,28,89,0,0,0,1
0,124101,124101,kworker/0:2,3947,3947,3950,5,1,3,3,2009,513,301,63,1055,590,0,19,494,0,0,5,0,13,0,35,282,0,0,0,0,0
0,124101,124101,kworker/0:2,3947,3947,3950,5,1,3,3,2009,513,301,63,1055,590,0,19,494,0,0,5,0,13,0,35,282,0,0,0,0,0
0,124101,124101,kworker/0:2,3601,3601,3604,5,16,3,3,126774,391028,84,91992,23456,11242,118980,166151,90878,15019,0,6990,42,115644,0,1,28,90,0,0,0,0
0,124101,124101,kworker/0:2,3947,3947,3950,5,1,3,3,2009,513,301,63,1055,590,0,19,494,0,0,5,0,13,0,35,282,0,0,0,0,0
0,126955,127048,file_anon_mix_p,3601,3601,3604,5,2,3,3,126859,391112,84,91992,23456,11327,116228,166151,90878,17855,0,6990,42,115644,0,1,28,90,0,0,0,0
0,126955,127048,file_anon_mix_p,3947,3947,3950,5,0,3,3,2009,513,301,63,1055,590,0,19,494,0,0,5,0,13,0,35,282,0,0,0,0,0
0,124101,124101,kworker/0:2,3601,3601,3604,5,32,3,3,126837,391042,84,91992,23456,11305,117188,166151,90878,16825,0,6990,42,115644,0,1,28,90,0,0,0,0
0,126963,126963,file_anon_mix_p,3601,3601,3604,5,2,3,3,126859,390984,84,91992,23456,11327,114180,166151,90878,19775,0,6990,42,115644,0,1,28,90,0,0,0,0
0,126955,127048,file_anon_mix_p,3601,3601,3604,5,4,3,3,126859,391112,84,91992,23456,11327,114692,166151,90878,19391,0,6990,42,115644,0,1,28,90,0,0,0,0
0,126963,126963,file_anon_mix_p,3601,3601,3604,5,4,3,3,126859,391112,84,91992,23456,11327,112644,166151,90878,21439,0,6990,42,115644,0,1,28,90,0,0,0,0
0,45,45,kswapd0,3601,3601,3604,5,127,3,3,126317,390450,84,91992,23456,10785,124036,166151,90878,9385,0,6990,42,115644,0,1,28,89,0,0,0,0
0,126955,127048,file_anon_mix_p,3601,3601,3604,5,8,3,3,126859,390984,84,91992,23456,11327,112004,166151,90878,21951,0,6990,42,115644,0,1,28,90,0,0,0,0
0,124101,124101,kworker/0:2,3601,3601,3604,5,64,3,3,126859,391014,84,91992,23456,11327,113476,166151,90878,20509,0,6990,42,115644,0,1,28,90,0,0,0,1
0,126963,126963,file_anon_mix_p,3601,3601,3604,5,8,3,3,126859,391176,84,91992,23456,11327,109700,166151,90878,24447,0,6990,42,115644,0,1,28,90,0,0,0,0
0,121783,121783,watch,3601,3601,3604,5,2,3,3,126859,390983,84,91992,23456,11327,105348,166151,90878,28606,0,6990,42,115644,0,1,28,91,0,0,0,0
0,121783,121783,watch,3601,3601,3604,5,4,3,3,126859,390919,84,91992,23456,11327,104068,166151,90878,29822,0,6990,42,115644,0,1,28,91,0,0,0,0
0,121783,121783,watch,3601,3601,3604,5,8,3,3,126859,391046,84,91992,23456,11327,101699,166151,90878,32318,0,6990,42,115644,0,1,28,91,0,0,0,0
0,126963,126963,file_anon_mix_p,3601,3601,3604,5,16,3,3,126859,390941,84,91992,23456,11327,104666,166151,90878,29246,0,6990,42,115644,0,1,28,91,0,0,0,0
0,126955,127048,file_anon_mix_p,3601,3601,3604,5,16,3,3,126859,391112,84,91992,23456,11327,106820,166151,90878,27263,0,6990,42,115644,0,1,28,90,0,0,0,0
0,126930,126930,mglru_monitor,3601,3601,3604,5,2,3,3,126859,390983,84,91992,23456,11327,91012,166151,90878,42942,0,6990,42,115644,0,1,28,91,0,0,0,0
0,121783,121783,watch,3601,3601,3604,5,16,3,3,126859,391082,84,91992,23456,11327,97255,166151,90878,36798,0,6990,42,115644,0,1,28,91,0,0,0,0
0,126930,126930,mglru_monitor,3601,3601,3604,5,4,3,3,126859,391046,84,91992,23456,11327,89220,166151,90878,44797,0,6990,42,115644,0,1,28,91,0,0,0,0
0,126930,126930,mglru_monitor,3601,3601,3604,5,8,3,3,126859,390919,84,91992,23456,11327,86404,166151,90878,47486,0,6990,42,115644,0,1,28,91,0,0,0,0
0,124101,124101,kworker/0:2,3601,3601,3604,5,127,3,3,126859,390919,84,91992,23456,11327,104836,166151,90878,29054,0,6990,42,115644,0,1,28,91,0,0,0,0
0,126930,126930,mglru_monitor,3601,3601,3604,5,16,3,3,126859,390932,84,91992,23456,11327,81860,166151,90878,52043,0,6990,42,115644,0,1,28,91,0,0,0,0
0,121783,121783,watch,3601,3601,3604,5,32,3,3,126859,391065,84,91992,23456,11327,87894,166151,90878,46142,0,6990,42,115644,0,1,28,91,0,0,0,0
0,126963,126963,file_anon_mix_p,3601,3601,3604,5,32,3,3,126859,391106,84,91992,23456,11327,95236,166151,90878,38841,0,6990,42,115644,0,1,28,91,0,0,0,0
0,45,45,kswapd0,3601,3601,3604,5,253,3,3,126859,391048,84,91992,23456,11327,107012,166151,90878,27007,0,6990,42,115644,0,1,28,90,0,0,0,0
0,126955,127048,file_anon_mix_p,3601,3601,3604,5,32,3,3,126859,391047,84,91992,23456,11327,92100,166151,90878,41918,0,6990,42,115644,0,1,28,91,0,0,0,0
0,126930,126930,mglru_monitor,3601,3601,3604,5,32,3,3,126859,390987,84,91992,23456,11327,72388,166151,90878,61570,0,6990,42,115644,0,1,28,91,0,0,0,0
0,124101,124101,kworker/0:2,3601,3601,3604,5,253,3,3,126859,390983,84,91992,23456,11327,81540,166151,90878,52414,0,6990,42,115644,0,1,28,91,0,0,0,0
0,121783,121783,watch,3601,3601,3604,5,64,3,3,126859,391110,84,91992,23456,11327,68739,166151,90878,65342,0,6990,42,115644,0,1,28,91,0,0,0,0
0,126930,126930,mglru_monitor,3601,3601,3604,5,64,3,3,126859,390930,84,91992,23456,11327,52420,166151,90878,81481,0,6990,42,115644,0,1,28,91,0,0,0,3
0,124101,124101,kworker/0:2,3601,3601,3604,5,183,3,3,126859,390898,84,91992,23456,11327,34052,166151,90878,99817,0,6990,42,115644,0,1,28,94,0,0,2,0
0,124101,124101,kworker/0:2,3601,3601,3604,5,1,3,3,126793,391108,18,91992,23456,11327,0,166123,90878,134107,0,6990,42,115644,0,1,30,94,0,0,0,0
0,124101,124101,kworker/0:2,3601,3601,3604,5,1,3,3,126793,391108,18,91992,23456,11327,0,166123,90878,134107,0,6990,42,115644,0,1,30,94,0,0,0,0
0,124101,124101,kworker/0:2,3601,3601,3604,5,1,3,3,126793,391108,18,91992,23456,11327,0,166123,90878,134107,0,6990,42,115644,0,1,30,94,0,0,0,0
0,126955,127048,file_anon_mix_p,3601,3601,3604,5,63,3,3,126859,390883,84,91992,23456,11327,55940,166151,90878,77914,0,6990,42,115644,0,1,28,91,0,0,0,2
0,126963,126963,file_anon_mix_p,3601,3601,3604,5,64,3,3,126859,391031,84,91992,23456,11327,61252,166151,90878,72750,0,6990,42,115644,0,1,28,91,0,0,0,0
0,45,45,kswapd0,3601,3601,3604,5,505,3,3,126859,390879,84,91992,23456,11327,60228,166151,90878,73622,0,6990,42,115644,0,1,28,91,0,0,31,1
0,126930,126930,mglru_monitor,3601,3601,3604,5,127,3,3,126859,390857,84,91992,23456,11327,12548,166151,90878,121280,0,6990,42,115644,0,1,28,94,0,0,0,0
0,121783,121783,watch,3601,3601,3604,5,128,3,3,126859,390923,84,91992,23456,11327,32068,166151,90878,101826,0,6990,42,115644,0,1,28,94,0,0,10,1
0,124101,124101,kworker/0:2,3601,3601,3604,5,473,3,3,126779,391108,4,91992,23456,11327,0,166123,90878,134107,0,6990,42,115644,0,1,30,94,0,0,0,33
0,126930,126930,mglru_monitor,3602,3602,3604,5,145,2,2,126816,391026,92025,23464,0,11327,105636,90955,0,194435,0,3495,36,57869,0,77,41,13,0,0,0,0
0,45,45,kswapd0,3602,3602,3604,5,471,2,2,126808,390976,91992,23489,0,11327,135017,90955,0,165004,0,3495,36,57869,0,77,31,4,0,0,0,4
0,45,45,kswapd0,1120,1120,1122,5,1,2,2,0,8,0,0,0,0,8,0,0,0,0,0,124,22,0,0,13,0,0,0,0,0
0,45,45,kswapd0,5,5,7,5,1,2,2,0,13,0,0,0,0,13,0,0,0,0,0,26,0,0,0,4,0,0,0,0,12
0,45,45,kswapd0,0,0,3,5,0,3,3,0,0,0,0,0,0,0,0,0,0,0,0,0,0,0,0,0,0,0,0,0,0
0,45,45,kswapd0,233,233,235,5,0,2,2,1,0,1,0,0,0,0,0,0,0,0,0,0,50,0,0,65,18,0,0,0,0
0,45,45,kswapd0,3982,3982,3984,5,1,2,2,352,309,343,5,0,4,67,242,0,0,0,0,28,168,0,0,21,0,0,0,0,0
0,45,45,kswapd0,117,117,120,5,1,3,3,58,135,14,44,0,0,0,1,134,0,0,1,0,42,0,55,300,0,0,0,8,0
0,126955,127048,file_anon_mix_p,3602,3602,3604,5,127,2,2,126808,391101,91992,23489,0,11327,160102,90957,0,140042,0,3495,36,57869,0,77,31,4,0,0,0,0
0,126955,127048,file_anon_mix_p,0,0,3,5,0,3,3,0,0,0,0,0,0,0,0,0,0,0,0,0,0,0,0,0,0,0,0,0,0
0,126963,126963,file_anon_mix_p,3602,3602,3604,5,126,2,2,126808,390972,91992,23489,0,11327,148517,90955,0,151500,0,3495,36,57869,0,77,31,4,0,0,0,4
0,126930,126930,mglru_monitor,3947,3947,3950,5,1,3,3,2009,513,307,63,1049,590,0,19,494,0,0,5,0,13,0,35,282,0,0,0,41,0
0,126955,127048,file_anon_mix_p,1486,1486,1488,5,1,2,2,253,43,253,0,0,0,24,19,0,0,0,0,32,219,0,0,18,0,0,0,0,4
0,126955,127048,file_anon_mix_p,0,0,3,5,0,3,3,0,0,0,0,0,0,0,0,0,0,0,0,0,0,0,0,0,0,0,0,0,0
0,126955,127048,file_anon_mix_p,0,0,3,5,0,3,3,0,0,0,0,0,0,0,0,0,0,0,0,0,0,0,0,0,0,0,0,0,0
0,126955,127048,file_anon_mix_p,6,6,7,5,0,1,1,0,1,0,0,0,0,1,0,0,0,0,0,15,0,0,0,0,12,0,0,0,0
0,126955,127048,file_anon_mix_p,0,0,3,5,0,3,3,0,0,0,0,0,0,0,0,0,0,0,0,0,0,0,0,0,0,0,0,0,0
0,126955,127048,file_anon_mix_p,0,0,3,5,0,3,3,0,0,0,0,0,0,0,0,0,0,0,0,0,0,0,0,0,0,0,0,0,0
0,126955,127048,file_anon_mix_p,4,4,6,5,0,2,2,2,0,2,0,0,0,0,0,0,0,0,0,0,0,0,0,54,0,0,0,0,0
0,126955,127048,file_anon_mix_p,0,0,3,5,0,3,3,0,0,0,0,0,0,0,0,0,0,0,0,0,0,0,0,0,0,0,0,0,0
0,126955,127048,file_anon_mix_p,0,0,3,5,0,3,3,0,0,0,0,0,0,0,0,0,0,0,0,0,0,0,0,0,0,0,0,0,0
0,126955,127048,file_anon_mix_p,5213,5213,5215,5,1,2,2,2766,14,790,1976,0,0,0,2,0,12,0,0,0,1,0,0,1385,4,0,0,64,0
0,45,45,kswapd0,9,9,11,5,6,2,2,1448,0,560,887,0,1,0,0,0,0,0,0,98,0,0,0,365,0,0,0,199,0
0,45,45,kswapd0,1486,1486,1488,5,2,2,2,253,39,253,0,0,0,0,39,0,0,0,0,32,219,0,20,18,4,0,0,42,0
0,45,45,kswapd0,0,0,3,5,0,3,3,0,0,0,0,0,0,0,0,0,0,0,0,0,0,0,0,0,0,0,0,0,0
0,45,45,kswapd0,0,0,3,5,0,3,3,0,0,0,0,0,0,0,0,0,0,0,0,0,0,0,0,0,0,0,0,0,0
0,45,45,kswapd0,4,4,6,5,0,2,2,2,0,2,0,0,0,0,0,0,0,0,0,0,0,0,0,54,0,0,0,0,0
0,45,45,kswapd0,5213,5213,5215,5,1,2,2,2702,14,726,1976,0,0,0,2,0,12,0,0,0,1,0,0,1449,4,0,0,62,0
0,45,45,kswapd0,233,233,235,5,0,2,2,1,0,1,0,0,0,0,0,0,0,0,0,0,50,0,0,65,18,0,0,0,0
0,45,45,kswapd0,0,0,3,5,0,3,3,0,0,0,0,0,0,0,0,0,0,0,0,0,0,0,0,0,0,0,0,0,0
0,45,45,kswapd0,0,0,3,5,0,3,3,0,0,0,0,0,0,0,0,0,0,0,0,0,0,0,0,0,0,0,0,0,0
0,45,45,kswapd0,10,10,12,5,0,2,2,1,0,1,0,0,0,0,0,0,0,0,0,0,1,0,0,59,0,0,0,0,0
0,45,45,kswapd0,0,0,3,5,0,3,3,0,0,0,0,0,0,0,0,0,0,0,0,0,0,0,0,0,0,0,0,0,0
0,45,45,kswapd0,0,0,3,5,0,3,3,0,0,0,0,0,0,0,0,0,0,0,0,0,0,0,0,0,0,0,0,0,0
0,45,45,kswapd0,0,0,3,5,0,3,3,0,0,0,0,0,0,0,0,0,0,0,0,0,0,0,0,0,0,0,0,0,0
0,45,45,kswapd0,0,0,3,5,0,3,3,0,0,0,0,0,0,0,0,0,0,0,0,0,0,0,0,0,0,0,0,0,0
0,45,45,kswapd0,5241,5241,5244,5,3,3,3,306,357,121,86,99,0,0,308,49,0,0,19,36,235,0,242,128,3,0,0,93,38
0,45,45,kswapd0,0,0,3,5,0,3,3,0,0,0,0,0,0,0,0,0,0,0,0,0,0,0,0,0,0,0,0,0,0
0,45,45,kswapd0,124,124,126,5,1,2,2,26,0,26,0,0,0,0,0,0,0,0,0,426,0,0,0,61,0,0,0,26,0
0,45,45,kswapd0,0,0,3,5,0,3,3,0,0,0,0,0,0,0,0,0,0,0,0,0,0,0,0,0,0,0,0,0,0
0,45,45,kswapd0,0,0,3,5,0,3,3,0,0,0,0,0,0,0,0,0,0,0,0,0,0,0,0,0,0,0,0,0,0
0,45,45,kswapd0,0,0,3,5,0,3,3,0,0,0,0,0,0,0,0,0,0,0,0,0,0,0,0,0,0,0,0,0,0
0,45,45,kswapd0,3947,3947,3950,5,4,3,3,1968,513,214,63,1049,642,0,19,494,0,0,5,0,13,0,35,323,0,0,0,156,0
0,45,45,kswapd0,10,10,12,5,0,2,2,1,0,1,0,0,0,0,0,0,0,0,0,0,1,0,0,59,0,0,0,0,0
0,45,45,kswapd0,0,0,3,5,0,3,3,0,0,0,0,0,0,0,0,0,0,0,0,0,0,0,0,0,0,0,0,0,0
0,45,45,kswapd0,0,0,3,5,0,3,3,0,0,0,0,0,0,0,0,0,0,0,0,0,0,0,0,0,0,0,0,0,0
0,45,45,kswapd0,125,125,126,5,0,1,1,0,0,0,0,0,0,0,0,0,0,0,0,243,0,0,0,26,0,0,0,0,0
0,45,45,kswapd0,31,31,33,5,1,2,2,31,0,31,0,0,0,0,0,0,0,0,0,70,68,0,0,26,0,0,0,31,0
0,45,45,kswapd0,0,0,3,5,0,3,3,0,0,0,0,0,0,0,0,0,0,0,0,0,0,0,0,0,0,0,0,0,0
0,45,45,kswapd0,0,0,3,5,0,3,3,0,0,0,0,0,0,0,0,0,0,0,0,0,0,0,0,0,0,0,0,0,0
0,45,45,kswapd0,6,7,9,5,0,3,2,0,0,0,0,0,0,0,0,0,0,0,0,0,1,0,0,0,22,0,0,0,0
0,45,45,kswapd0,1079,1079,1082,5,2,3,3,255,915,15,148,92,0,73,16,586,240,0,0,0,12,0,30,0,18,0,0,4,30
0,45,45,kswapd0,96,96,98,5,1,2,2,112,0,112,0,0,0,0,0,0,0,0,0,510,10,0,0,10,0,0,0,31,0
0,126955,127048,file_anon_mix_p,96,96,98,5,0,2,2,81,0,60,0,0,21,0,0,0,0,0,0,510,10,0,0,41,0,0,0,0,0
0,126955,127048,file_anon_mix_p,146,146,148,5,0,2,2,628,0,564,64,0,0,0,0,0,0,0,0,455,37,0,0,75,0,0,0,0,0
0,126955,127048,file_anon_mix_p,3602,3602,3605,5,2,3,3,128490,391126,92033,23456,11327,1674,37564,90984,247696,14882,0,3495,36,57869,0,77,41,46,0,0,0,0
0,126955,127048,file_anon_mix_p,0,0,3,5,0,3,3,0,0,0,0,0,0,0,0,0,0,0,0,0,0,0,0,0,0,0,0,0,0
0,126955,127048,file_anon_mix_p,0,0,3,5,0,3,3,0,0,0,0,0,0,0,0,0,0,0,0,0,0,0,0,0,0,0,0,0,0
0,126955,127048,file_anon_mix_p,6,7,9,5,0,3,2,0,0,0,0,0,0,0,0,0,0,0,0,0,1,0,0,0,22,0,0,0,0
0,126955,127048,file_anon_mix_p,1121,1121,1122,5,0,1,1,0,8,0,0,0,0,8,0,0,0,0,0,68,14,0,0,0,0,0,0,0,0
0,126955,127048,file_anon_mix_p,0,0,3,5,0,3,3,0,0,0,0,0,0,0,0,0,0,0,0,0,0,0,0,0,0,0,0,0,0
0,126955,127048,file_anon_mix_p,32,32,33,5,0,1,1,0,0,0,0,0,0,0,0,0,0,0,0,48,34,0,0,31,0,0,0,0,0
0,126955,127048,file_anon_mix_p,3982,3982,3984,5,0,2,2,352,311,343,5,0,4,2,213,0,96,0,0,28,168,0,13,21,0,0,0,0,0
0,126955,127048,file_anon_mix_p,9,9,11,5,0,2,2,1249,0,361,887,0,1,0,0,0,0,0,0,98,0,0,0,564,0,0,0,0,0
0,126955,127048,file_anon_mix_p,0,0,3,5,0,3,3,0,0,0,0,0,0,0,0,0,0,0,0,0,0,0,0,0,0,0,0,0,0
0,126955,127048,file_anon_mix_p,1121,1121,1122,5,0,1,1,0,8,0,0,0,0,8,0,0,0,0,0,68,14,0,0,0,0,0,0,0,0
0,126955,127048,file_anon_mix_p,1486,1486,1488,5,0,2,2,211,39,211,0,0,0,0,39,0,0,0,0,32,219,0,20,60,4,0,0,0,0
0,126955,127048,file_anon_mix_p,0,0,3,5,0,3,3,0,0,0,0,0,0,0,0,0,0,0,0,0,0,0,0,0,0,0,0,0,0
0,126955,127048,file_anon_mix_p,0,0,3,5,0,3,3,0,0,0,0,0,0,0,0,0,0,0,0,0,0,0,0,0,0,0,0,0,0
0,126955,127048,file_anon_mix_p,1486,1486,1488,5,0,2,2,211,39,211,0,0,0,0,39,0,0,0,0,32,219,0,20,60,4,0,0,0,0
0,126955,127048,file_anon_mix_p,96,96,98,5,0,2,2,81,0,60,0,0,21,0,0,0,0,0,0,510,10,0,0,41,0,0,0,0,0
0,126955,127048,file_anon_mix_p,5242,5242,5244,5,0,2,2,213,319,99,99,0,15,185,48,0,86,0,8,105,239,0,0,46,38,0,0,0,0
0,126955,127048,file_anon_mix_p,3982,3982,3984,5,0,2,2,352,311,343,5,0,4,2,213,0,96,0,0,28,168,0,13,21,0,0,0,0,0
0,126955,127048,file_anon_mix_p,146,146,148,5,0,2,2,628,0,626,2,0,0,0,0,0,0,0,0,455,37,0,0,75,0,0,0,0,0
0,126955,127048,file_anon_mix_p,9,9,11,5,0,2,2,1249,0,361,887,0,1,0,0,0,0,0,0,98,0,0,0,564,0,0,0,0,0
0,126955,127048,file_anon_mix_p,5242,5242,5244,5,0,2,2,213,319,99,99,0,15,185,48,0,86,0,8,105,239,0,0,46,38,0,0,0,0
0,126955,127048,file_anon_mix_p,3602,3602,3605,5,4,3,3,128490,390998,92033,23456,11327,1674,37180,90984,247696,15138,0,3495,36,57869,0,77,41,46,0,0,0,0
0,126955,127048,file_anon_mix_p,3602,3602,3605,5,8,3,3,128490,390998,92033,23456,11327,1674,36796,90984,247696,15522,0,3495,36,57869,0,77,41,46,0,0,0,0
0,45,45,kswapd0,145,145,148,5,4,3,3,759,0,18,741,0,0,0,0,0,0,0,0,0,28,0,0,911,46,0,0,129,0
0,121783,121783,watch,3602,3602,3604,5,227,2,2,126816,391080,92025,23464,0,11327,82254,90985,0,217841,0,3495,36,57869,0,77,41,28,0,0,0,65
0,126955,127048,file_anon_mix_p,3602,3602,3605,5,11,3,3,128490,391062,92033,23456,11327,1674,35580,90984,247696,16802,0,3495,36,57869,0,77,41,46,0,0,0,64
0,126963,126963,file_anon_mix_p,3602,3602,3605,5,101,3,3,126816,391062,92033,23456,11327,0,49434,90957,247696,2975,0,3495,36,57869,0,77,41,46,0,0,0,48
0,127062,127062,watch,3602,3602,3605,5,1,3,3,129032,391236,90074,23456,11334,4168,0,117973,247696,25567,0,3495,36,57869,0,27158,157,415,0,0,63,0
0,126963,126963,file_anon_mix_p,3602,3602,3605,5,1,3,3,128981,391237,90017,23456,11340,4168,0,117973,247696,25568,0,3495,36,57869,0,27158,208,415,0,0,63,0
0,126955,127048,file_anon_mix_p,3602,3602,3605,5,1,3,3,128981,391237,90017,23456,11340,4168,0,117973,247696,25568,0,3495,36,57869,0,27158,208,415,0,0,41,0
0,126963,126963,file_anon_mix_p,3603,3603,3605,5,1,2,2,129408,390401,23480,11328,0,94600,111169,247696,0,31536,0,1747,133,42720,0,0,118,3832,0,0,0,64
0,126955,127048,file_anon_mix_p,3603,3603,3605,5,1,2,2,129408,390337,23480,11328,0,94600,111105,247696,0,31536,0,1747,133,42720,0,0,118,3850,0,0,0,64
0,126955,127048,file_anon_mix_p,3603,3603,3605,5,1,2,2,130063,389668,23480,11328,0,95255,110017,247696,0,31955,0,1747,133,42720,0,0,118,4916,0,0,0,64
0,126963,126963,file_anon_mix_p,3603,3603,3605,5,1,2,2,130063,389732,23480,11328,0,95255,110081,247696,0,31955,0,1747,133,42720,0,0,118,4916,0,0,0,64
0,126955,127048,file_anon_mix_p,3603,3603,3605,5,1,2,2,130730,389013,23480,11328,0,95922,108929,247696,0,32388,0,1747,133,42720,0,0,118,6123,0,0,0,64
0,127063,127063,cat,3603,3603,3605,5,1,2,2,130730,388821,23480,11328,0,95922,108737,247696,0,32388,0,1747,133,42720,0,0,118,6228,0,0,0,64
0,126963,126963,file_anon_mix_p,3603,3603,3605,5,1,2,2,130730,388885,23480,11328,0,95922,108801,247696,0,32388,0,1747,133,42720,0,0,118,6133,0,0,0,64
0,45,45,kswapd0,3602,3602,3605,5,1656,3,3,128490,390998,92033,23456,11327,1674,35324,90984,247696,16994,0,3495,36,57869,0,77,41,46,0,0,141,8177
0,45,45,kswapd0,3603,3603,3605,5,11,2,2,131224,387028,23480,11328,0,96416,106625,247696,0,32707,0,1747,133,42720,0,0,118,8432,0,0,0,704
0,45,45,kswapd0,4,4,6,5,0,2,2,2,0,2,0,0,0,0,0,0,0,0,0,0,0,0,0,54,0,0,0,0,0
0,45,45,kswapd0,0,0,3,5,0,3,3,0,0,0,0,0,0,0,0,0,0,0,0,0,0,0,0,0,0,0,0,0,0
0,45,45,kswapd0,0,0,3,5,0,3,3,0,0,0,0,0,0,0,0,0,0,0,0,0,0,0,0,0,0,0,0,0,0
0,45,45,kswapd0,1080,1080,1083,5,1,3,3,251,885,153,92,6,0,42,586,257,0,0,0,0,58,0,0,4,0,0,0,0,0
0,45,45,kswapd0,32,32,33,5,0,1,1,0,0,0,0,0,0,0,0,0,0,0,0,48,34,0,0,31,0,0,0,0,0
0,45,45,kswapd0,1121,1121,1122,5,0,1,1,0,8,0,0,0,0,8,0,0,0,0,0,68,14,0,0,0,0,0,0,0,0
0,45,45,kswapd0,0,0,3,5,0,3,3,0,0,0,0,0,0,0,0,0,0,0,0,0,0,0,0,0,0,0,0,0,0
0,45,45,kswapd0,1486,1486,1488,5,1,2,2,217,39,211,0,0,6,0,39,0,0,0,0,32,219,0,20,60,4,4,0,63,0
0,45,45,kswapd0,96,96,98,5,1,2,2,81,0,60,0,0,21,0,0,0,0,0,0,510,10,0,0,41,0,0,0,24,0
0,45,45,kswapd0,118,118,121,5,1,3,3,50,135,50,0,0,0,1,134,0,0,0,0,150,47,0,0,8,0,0,0,6,0
0,45,45,kswapd0,5213,5213,5216,5,1,3,3,2640,16,664,1976,0,0,0,4,12,0,0,0,0,1,0,0,1511,4,0,0,7,0
0,45,45,kswapd0,0,0,3,5,0,3,3,0,0,0,0,0,0,0,0,0,0,0,0,0,0,0,0,0,0,0,0,0,0
0,45,45,kswapd0,0,0,3,5,0,3,3,0,0,0,0,0,0,0,0,0,0,0,0,0,0,0,0,0,0,0,0,0,0
0,45,45,kswapd0,0,0,3,5,0,3,3,0,0,0,0,0,0,0,0,0,0,0,0,0,0,0,0,0,0,0,0,0,0
0,45,45,kswapd0,0,0,3,5,0,3,3,0,0,0,0,0,0,0,0,0,0,0,0,0,0,0,0,0,0,0,0,0,0
0,45,45,kswapd0,6,7,9,5,0,3,2,0,0,0,0,0,0,0,0,0,0,0,0,0,1,0,0,0,22,0,0,0,0
0,45,45,kswapd0,0,0,3,5,0,3,3,0,0,0,0,0,0,0,0,0,0,0,0,0,0,0,0,0,0,0,0,0,0
0,45,45,kswapd0,0,0,3,5,0,3,3,0,0,0,0,0,0,0,0,0,0,0,0,0,0,0,0,0,0,0,0,0,0
0,45,45,kswapd0,97,97,98,5,0,1,1,57,0,32,0,0,25,0,0,0,0,0,0,275,5,0,0,24,0,0,0,0,0
0,45,45,kswapd0,233,233,235,5,0,2,2,1,0,1,0,0,0,0,0,0,0,0,0,0,50,0,0,65,18,0,0,0,0
0,45,45,kswapd0,0,0,3,5,0,3,3,0,0,0,0,0,0,0,0,0,0,0,0,0,0,0,0,0,0,0,0,0,0
0,45,45,kswapd0,0,0,3,5,0,3,3,0,0,0,0,0,0,0,0,0,0,0,0,0,0,0,0,0,0,0,0,0,0
0,45,45,kswapd0,0,0,3,5,0,3,3,0,0,0,0,0,0,0,0,0,0,0,0,0,0,0,0,0,0,0,0,0,0
0,45,45,kswapd0,3982,3982,3984,5,1,2,2,352,313,343,5,0,4,10,207,0,96,0,0,28,168,0,13,21,0,0,0,0,8
0,45,45,kswapd0,0,0,3,5,0,3,3,0,0,0,0,0,0,0,0,0,0,0,0,0,0,0,0,0,0,0,0,0,0
0,45,45,kswapd0,3948,3948,3951,5,1,3,3,1812,513,101,1049,662,0,19,494,0,0,0,2,220,23,0,0,39,0,0,0,0,17
0,45,45,kswapd0,0,0,3,5,0,3,3,0,0,0,0,0,0,0,0,0,0,0,0,0,0,0,0,0,0,0,0,0,0
0,126963,126963,file_anon_mix_p,119,119,121,5,0,2,2,44,135,44,0,0,0,135,0,0,0,0,0,79,23,0,0,6,0,0,0,0,0
0,126963,126963,file_anon_mix_p,5213,5213,5216,5,0,3,3,2633,16,641,1977,15,0,0,4,12,0,0,0,0,1,0,0,1518,4,0,0,0,0
0,126963,126963,file_anon_mix_p,3982,3982,3984,5,0,2,2,352,305,343,5,0,4,0,209,0,96,0,0,28,168,0,13,21,8,0,0,0,0
0,126963,126963,file_anon_mix_p,5213,5213,5216,5,0,3,3,2633,16,641,1977,15,0,0,4,12,0,0,0,0,1,0,0,1518,4,0,0,0,0
0,126963,126963,file_anon_mix_p,3982,3982,3984,5,0,2,2,352,305,343,5,0,4,0,209,0,96,0,0,28,168,0,13,21,8,0,0,0,0
0,126963,126963,file_anon_mix_p,3948,3948,3951,5,0,3,3,1812,496,101,1049,662,0,0,494,0,2,0,2,220,23,0,0,39,17,0,0,0,0
0,126955,127048,file_anon_mix_p,0,0,3,5,0,3,3,0,0,0,0,0,0,0,0,0,0,0,0,0,0,0,0,0,0,0,0,0,0
0,126955,127048,file_anon_mix_p,0,0,3,5,0,3,3,0,0,0,0,0,0,0,0,0,0,0,0,0,0,0,0,0,0,0,0,0,0
0,126955,127048,file_anon_mix_p,9,9,11,5,0,2,2,1249,0,361,887,0,1,0,0,0,0,0,0,98,0,0,0,564,0,0,0,0,0
0,126955,127048,file_anon_mix_p,0,0,3,5,0,3,3,0,0,0,0,0,0,0,0,0,0,0,0,0,0,0,0,0,0,0,0,0,0
0,126955,127048,file_anon_mix_p,6,7,9,5,0,3,2,0,0,0,0,0,0,0,0,0,0,0,0,0,1,0,0,0,22,0,0,0,0
0,126955,127048,file_anon_mix_p,1080,1080,1083,5,0,3,3,251,885,153,92,6,0,0,586,253,46,0,0,0,58,0,0,4,0,0,0,0,0
0,126955,127048,file_anon_mix_p,1486,1486,1488,5,0,2,2,174,563,147,0,0,27,0,39,0,524,0,0,32,219,0,20,123,4,15,0,0,0
0,126955,127048,file_anon_mix_p,0,0,3,5,0,3,3,0,0,0,0,0,0,0,0,0,0,0,0,0,0,0,0,0,0,0,0,0,0
0,126955,127048,file_anon_mix_p,233,233,235,5,0,2,2,1,0,1,0,0,0,0,0,0,0,0,0,0,50,0,0,65,18,0,0,0,0
0,126955,127048,file_anon_mix_p,0,0,3,5,0,3,3,0,0,0,0,0,0,0,0,0,0,0,0,0,0,0,0,0,0,0,0,0,0
0,126930,126930,mglru_monitor,1486,1486,1488,5,0,2,2,174,563,147,0,0,27,0,39,0,524,0,0,32,219,0,20,123,4,15,0,0,0
0,126955,127048,file_anon_mix_p,0,0,3,5,0,3,3,0,0,0,0,0,0,0,0,0,0,0,0,0,0,0,0,0,0,0,0,0,0
0,126955,127048,file_anon_mix_p,0,0,3,5,0,3,3,0,0,0,0,0,0,0,0,0,0,0,0,0,0,0,0,0,0,0,0,0,0
0,126930,126930,mglru_monitor,3948,3948,3951,5,0,3,3,1812,496,101,1049,662,0,0,494,0,2,0,2,220,23,0,0,39,17,0,0,0,0
0,126955,127048,file_anon_mix_p,1080,1080,1083,5,0,3,3,251,885,153,92,6,0,0,586,253,46,0,0,0,58,0,0,4,0,0,0,0,0
0,126955,127048,file_anon_mix_p,9,9,11,5,0,2,2,1249,0,361,887,0,1,0,0,0,0,0,0,98,0,0,0,564,0,0,0,0,0
0,126930,126930,mglru_monitor,9,9,11,5,0,2,2,1249,0,361,887,0,1,0,0,0,0,0,0,98,0,0,0,564,0,0,0,0,0
0,126930,126930,mglru_monitor,3603,3603,3606,5,1,3,3,133552,386374,23481,11327,96614,2130,102465,247695,32805,3409,0,1747,133,42720,0,0,118,12492,0,0,0,64
0,126963,126963,file_anon_mix_p,3603,3603,3606,5,1,3,3,133550,386502,23481,11327,96614,2128,102593,247695,32805,3409,0,1747,133,42720,0,0,118,12438,0,0,0,64
0,126955,127048,file_anon_mix_p,3603,3603,3606,5,1,3,3,133552,386374,23481,11327,96614,2130,102465,247695,32805,3409,0,1747,133,42720,0,0,118,12492,0,0,0,64
0,126955,127048,file_anon_mix_p,0,0,3,5,0,3,3,0,0,0,0,0,0,0,0,0,0,0,0,0,0,0,0,0,0,0,0,0,0
0,126955,127048,file_anon_mix_p,0,0,3,5,0,3,3,0,0,0,0,0,0,0,0,0,0,0,0,0,0,0,0,0,0,0,0,0,0
0,126955,127048,file_anon_mix_p,0,0,3,5,0,3,3,0,0,0,0,0,0,0,0,0,0,0,0,0,0,0,0,0,0,0,0,0,0
0,126955,127048,file_anon_mix_p,119,119,121,5,0,2,2,44,135,44,0,0,0,135,0,0,0,0,0,79,23,0,0,6,0,0,0,0,0
0,126955,127048,file_anon_mix_p,0,0,3,5,0,3,3,0,0,0,0,0,0,0,0,0,0,0,0,0,0,0,0,0,0,0,0,0,0
0,126955,127048,file_anon_mix_p,6,6,8,5,0,2,2,0,1,0,0,0,0,1,0,0,0,0,0,15,0,0,0,0,12,0,0,0,0
0,126955,127048,file_anon_mix_p,0,0,3,5,0,3,3,0,0,0,0,0,0,0,0,0,0,0,0,0,0,0,0,0,0,0,0,0,0
0,126955,127048,file_anon_mix_p,10,10,12,5,0,2,2,1,0,1,0,0,0,0,0,0,0,0,0,0,1,0,0,59,0,0,0,0,0
0,126955,127048,file_anon_mix_p,125,125,127,5,0,2,2,0,0,0,0,0,0,0,0,0,0,0,0,243,0,0,0,26,0,0,0,0,0
0,126955,127048,file_anon_mix_p,146,146,148,5,0,2,2,630,0,630,0,0,0,0,0,0,0,0,0,455,37,0,0,129,0,0,0,0,0
0,126955,127048,file_anon_mix_p,5242,5242,5244,5,0,2,2,228,437,99,67,0,62,291,48,0,98,0,8,105,239,0,0,46,38,4,16,0,0
0,126955,127048,file_anon_mix_p,0,0,3,5,0,3,3,0,0,0,0,0,0,0,0,0,0,0,0,0,0,0,0,0,0,0,0,0,0
0,126955,127048,file_anon_mix_p,0,0,3,5,0,3,3,0,0,0,0,0,0,0,0,0,0,0,0,0,0,0,0,0,0,0,0,0,0
0,126955,127048,file_anon_mix_p,10,10,12,5,0,2,2,1,0,1,0,0,0,0,0,0,0,0,0,0,1,0,0,59,0,0,0,0,0
0,126955,127048,file_anon_mix_p,5242,5242,5244,5,0,2,2,228,437,99,67,0,62,291,48,0,98,0,8,105,239,0,0,46,38,4,16,0,0
0,126955,127048,file_anon_mix_p,6,6,8,5,0,2,2,0,1,0,0,0,0,1,0,0,0,0,0,15,0,0,0,0,12,0,0,0,0
0,126955,127048,file_anon_mix_p,125,125,127,5,0,2,2,0,0,0,0,0,0,0,0,0,0,0,0,243,0,0,0,26,0,0,0,0,0
0,126955,127048,file_anon_mix_p,146,146,148,5,0,2,2,630,0,630,0,0,0,0,0,0,0,0,0,455,37,0,0,129,0,0,0,0,0
0,126963,126963,file_anon_mix_p,3603,3603,3606,5,1,3,3,133986,386375,23481,11327,96614,2564,101441,247695,32805,4434,0,1747,133,42720,0,0,118,13571,0,0,0,64
0,126955,127048,file_anon_mix_p,3603,3603,3606,5,1,3,3,133987,386311,23481,11327,96614,2565,101377,247695,32805,4434,0,1747,133,42720,0,0,118,13646,0,0,0,64
0,126955,127048,file_anon_mix_p,3603,3603,3606,5,1,3,3,134604,385333,23481,11327,96614,3182,99969,247695,32805,4864,0,1747,133,42720,0,0,118,15047,0,0,0,64
0,126963,126963,file_anon_mix_p,3603,3603,3606,5,1,3,3,134604,385269,23481,11327,96614,3182,99905,247695,32805,4864,0,1747,133,42720,0,0,118,15069,0,0,0,64
0,45,45,kswapd0,3603,3603,3606,5,125,3,3,131464,386457,23481,11327,96614,42,105921,247695,32805,36,0,1747,133,42720,0,0,118,9136,0,0,0,6436
0,45,45,kswapd0,4,4,6,5,0,2,2,2,0,2,0,0,0,0,0,0,0,0,0,0,0,0,0,54,0,0,0,0,0
0,45,45,kswapd0,0,0,3,5,0,3,3,0,0,0,0,0,0,0,0,0,0,0,0,0,0,0,0,0,0,0,0,0,0
0,45,45,kswapd0,0,0,3,5,0,3,3,0,0,0,0,0,0,0,0,0,0,0,0,0,0,0,0,0,0,0,0,0,0
0,126955,127048,file_anon_mix_p,3603,3603,3606,5,2,3,3,135277,384799,23481,11327,96614,3855,95967,247695,32805,8332,0,1747,133,42720,0,0,118,16020,0,0,0,0
0,126963,126963,file_anon_mix_p,3603,3603,3606,5,2,3,3,135277,384787,23481,11327,96614,3855,95787,247695,32805,8500,0,1747,133,42720,0,0,118,16020,0,0,0,0
0,126955,127048,file_anon_mix_p,3603,3603,3606,5,4,3,3,135277,384789,23481,11327,96614,3855,95403,247695,32805,8886,0,1747,133,42720,0,0,118,16020,0,0,0,0
0,126963,126963,file_anon_mix_p,3603,3603,3606,5,4,3,3,135277,384789,23481,11327,96614,3855,95011,247695,32805,9278,0,1747,133,42720,0,0,118,16020,0,0,0,0
0,126955,127048,file_anon_mix_p,3603,3603,3606,5,8,3,3,135277,384787,23481,11327,96614,3855,93768,247695,32805,10519,0,1747,133,42720,0,0,118,16020,0,0,0,0
0,126963,126963,file_anon_mix_p,3603,3603,3606,5,8,3,3,135277,384789,23481,11327,96614,3855,93291,247695,32805,10998,0,1747,133,42720,0,0,118,16020,0,0,0,1
0,126955,127048,file_anon_mix_p,3603,3603,3606,5,15,3,3,135277,384781,23481,11327,96614,3855,91449,247695,32805,12832,0,1747,133,42720,0,0,118,16021,0,0,0,0
0,126963,126963,file_anon_mix_p,3603,3603,3606,5,16,3,3,135277,384724,23481,11327,96614,3855,90915,247695,32805,13309,0,1747,133,42720,0,0,118,16021,0,0,0,0
0,126955,127048,file_anon_mix_p,3603,3603,3606,5,30,3,3,135277,384783,23481,11327,96614,3855,87207,247695,32805,17076,0,1747,133,42720,0,0,118,16022,0,0,0,1
0,126963,126963,file_anon_mix_p,3603,3603,3606,5,29,3,3,135277,384723,23481,11327,96614,3855,86123,247695,32805,18100,0,1747,133,42720,0,0,118,16022,0,0,0,2
0,45,45,kswapd0,3603,3603,3606,5,233,3,3,135180,384753,23481,11327,96614,3758,97253,247695,32805,7000,0,1747,133,42720,0,0,118,16020,0,0,0,7
0,126955,127048,file_anon_mix_p,3603,3603,3606,5,50,3,3,135277,384753,23481,11327,96614,3855,78216,247695,32805,26037,0,1747,133,42720,0,0,118,16027,0,0,0,67
0,126963,126963,file_anon_mix_p,3603,3603,3606,5,49,3,3,135277,384782,23481,11327,96614,3855,76938,247695,32805,27344,0,1747,133,42720,0,0,118,16027,0,0,0,65
0,126955,127048,file_anon_mix_p,3603,3603,3606,5,1,3,3,135351,384413,23481,11327,96614,3929,62854,247694,32805,41060,0,1747,133,42720,0,1,118,16462,0,0,0,64
0,126955,127048,file_anon_mix_p,3603,3603,3606,5,2,3,3,135863,383956,23481,11327,96614,4441,60523,247694,32805,42934,0,1747,133,42720,0,1,118,17356,0,0,0,34
0,126955,127048,file_anon_mix_p,3603,3603,3606,5,1,3,3,136375,383359,23481,11327,96614,4953,58907,247694,32805,43953,0,1747,133,42720,0,1,118,18435,0,0,0,64
0,126955,127048,file_anon_mix_p,3603,3603,3606,5,1,3,3,137007,382393,23481,11327,96614,5585,57293,247694,32805,44601,0,1747,133,42720,0,1,118,19872,0,0,0,53
0,126963,126963,file_anon_mix_p,3603,3603,3606,5,1,3,3,137007,382457,23481,11327,96614,5585,57357,247694,32805,44601,0,1747,133,42720,0,1,118,19857,0,0,0,64
0,126955,127048,file_anon_mix_p,3603,3603,3606,5,1,3,3,138349,380684,23481,11327,96614,6927,54442,247694,32805,45743,0,1747,133,42720,0,1,118,22477,0,0,0,64
0,126963,126963,file_anon_mix_p,3603,3603,3606,5,1,3,3,138349,380620,23481,11327,96614,6927,54378,247694,32805,45743,0,1747,133,42720,0,1,118,22492,0,0,0,64
0,126955,127048,file_anon_mix_p,3603,3603,3606,5,1,3,3,139660,378797,23481,11327,96614,8238,51371,247694,32805,46927,0,1747,133,42720,0,1,118,25197,0,0,0,64
0,126963,126963,file_anon_mix_p,3603,3603,3606,5,1,3,3,139660,378861,23481,11327,96614,8238,51435,247694,32805,46927,0,1747,133,42720,0,1,118,25178,0,0,0,64
0,121783,121783,watch,3603,3603,3606,5,1,3,3,140949,377139,23481,11327,96614,9527,48512,247694,32805,48128,0,1747,133,42720,0,1,118,27811,0,0,0,64
0,126955,127048,file_anon_mix_p,3603,3603,3606,5,1,3,3,140983,377120,23481,11327,96614,9561,48448,247694,32805,48173,0,1747,133,42720,0,1,118,27865,0,0,0,64
0,127065,127065,sh,3603,3603,3606,5,1,3,3,142183,375748,23481,11327,96614,10761,45826,247694,32805,49423,0,1747,133,42720,0,1,118,30112,0,0,0,64
0,126955,127048,file_anon_mix_p,3603,3603,3606,5,1,3,3,142183,375940,23481,11327,96614,10761,46018,247694,32805,49423,0,1747,133,42720,0,1,118,30007,0,0,0,64
0,126963,126963,file_anon_mix_p,3603,3603,3606,5,1,3,3,142183,375812,23481,11327,96614,10761,45890,247694,32805,49423,0,1747,133,42720,0,1,118,30080,0,0,0,64
0,45,45,kswapd0,3603,3603,3606,5,471,3,3,135277,384776,23481,11327,96614,3855,69429,247695,32805,34847,0,1747,133,42720,0,0,118,16033,0,0,0,24747
0,126955,127048,file_anon_mix_p,3603,3603,3606,5,2,3,3,167042,351237,491,11327,96614,58610,0,247680,32805,70752,0,1747,133,42720,0,4,148,72161,0,0,0,0
0,394,394,sshd-session,3604,3604,3606,5,2,2,2,167065,351221,11317,96614,0,59134,247165,32805,0,71251,0,873,140,57441,0,0,0,0,0,0,0,0
0,394,394,sshd-session,3604,3604,3606,5,2,2,2,167065,351239,11317,96614,0,59134,246483,32805,0,71951,0,873,140,57441,0,0,0,0,0,0,0,64
0,126955,127048,file_anon_mix_p,3604,3604,3606,5,4,2,2,167065,351211,11317,96614,0,59134,247616,32805,0,70790,0,873,140,57441,0,0,0,0,0,0,0,64
0,45,45,kswapd0,3603,3603,3606,5,955,3,3,147360,367729,23481,11327,96614,15938,33598,247694,32805,53632,0,1747,133,42720,0,1,118,41765,0,0,30,32314
0,126955,127048,file_anon_mix_p,3604,3604,3606,5,2,2,2,168601,350517,11317,96614,0,60670,238543,32806,0,79168,0,873,140,57441,0,1,0,2046,0,0,0,0
0,126955,127048,file_anon_mix_p,3604,3604,3606,5,4,2,2,168601,350502,11317,96614,0,60670,238003,32806,0,79693,0,873,140,57441,0,1,0,2046,0,0,0,1
0,126955,127048,file_anon_mix_p,3604,3604,3606,5,2,2,2,168601,350649,11317,96614,0,60670,236644,32806,0,81199,0,873,140,57441,0,1,0,2047,0,0,0,64
0,126955,127048,file_anon_mix_p,3604,3604,3606,5,1,2,2,169749,349202,11317,96614,0,61818,233613,32806,0,82783,0,873,140,57441,0,1,0,4397,0,0,0,64
0,126963,126963,file_anon_mix_p,3604,3604,3606,5,1,2,2,169749,349138,11317,96614,0,61818,233549,32806,0,82783,0,873,140,57441,0,1,0,4422,0,0,0,64
0,126955,127048,file_anon_mix_p,3604,3604,3606,5,1,2,2,170991,347330,11317,96614,0,63060,230559,32806,0,83965,0,873,140,57441,0,1,0,7099,0,0,0,64
0,126963,126963,file_anon_mix_p,3604,3604,3606,5,1,2,2,170991,347394,11317,96614,0,63060,230623,32806,0,83965,0,873,140,57441,0,1,0,7073,0,0,0,64
0,126955,127048,file_anon_mix_p,3604,3604,3606,5,1,2,2,176904,341467,11317,96614,0,68973,220476,32786,0,88205,0,873,140,57441,0,1,0,17133,0,0,0,64
0,126963,126963,file_anon_mix_p,3604,3604,3606,5,1,2,2,176904,341403,11317,96614,0,68973,220412,32786,0,88205,0,873,140,57441,0,1,0,17148,0,0,0,64
0,127071,127071,sh,3604,3604,3606,5,1,2,2,176904,341275,11317,96614,0,68973,220284,32786,0,88205,0,873,140,57441,0,1,0,17242,0,0,0,64
0,45,45,kswapd0,3604,3604,3606,5,1472,2,2,168558,350486,11317,96614,0,60627,239119,32806,0,78561,0,873,140,57441,0,1,0,2046,0,0,0,91536
0,45,45,kswapd0,3604,3604,3606,5,0,2,2,65613,382049,0,4,0,65609,143548,32786,0,205715,0,873,140,57441,0,1,0,94095,0,0,0,0
0,45,45,kswapd0,0,0,3,5,0,3,3,0,0,0,0,0,0,0,0,0,0,0,0,0,0,0,0,0,0,0,0,0,0
0,45,45,kswapd0,233,233,235,5,0,2,2,1,0,1,0,0,0,0,0,0,0,0,0,0,50,0,0,65,18,0,0,0,0
0,45,45,kswapd0,1486,1486,1488,5,0,2,2,174,564,147,0,0,27,1,39,0,524,0,0,32,219,0,20,123,4,15,0,0,0
0,45,45,kswapd0,3948,3948,3951,5,2,3,3,1813,496,101,1049,662,1,0,494,0,2,0,2,220,23,0,0,39,17,0,0,38,0
0,45,45,kswapd0,119,119,121,5,1,2,2,44,135,44,0,0,0,135,0,0,0,0,0,79,23,0,0,6,0,0,0,0,51
0,45,45,kswapd0,0,0,3,5,0,3,3,0,0,0,0,0,0,0,0,0,0,0,0,0,0,0,0,0,0,0,0,0,0
0,45,45,kswapd0,10,10,12,5,0,2,2,1,0,1,0,0,0,0,0,0,0,0,0,0,1,0,0,59,0,0,0,0,0
0,45,45,kswapd0,125,125,127,5,0,2,2,0,0,0,0,0,0,0,0,0,0,0,0,243,0,0,0,26,0,0,0,0,0
0,45,45,kswapd0,146,146,148,5,1,2,2,630,0,630,0,0,0,0,0,0,0,0,0,455,37,0,0,129,0,0,0,64,0
0,45,45,kswapd0,10,10,12,5,0,2,2,1,0,1,0,0,0,0,0,0,0,0,0,0,1,0,0,59,0,0,0,0,0
0,45,45,kswapd0,5213,5213,5216,5,2,3,3,2633,23,656,1977,0,0,0,11,12,0,0,0,0,1,0,0,1518,4,0,0,71,0
0,45,45,kswapd0,9,9,11,5,1,2,2,1249,0,361,887,0,1,0,0,0,0,0,0,98,0,0,0,564,0,0,0,64,0
0,45,45,kswapd0,4,4,6,5,0,2,2,2,0,2,0,0,0,0,0,0,0,0,0,0,0,0,0,54,0,0,0,0,0
0,45,45,kswapd0,233,233,235,5,0,2,2,1,0,1,0,0,0,0,0,0,0,0,0,0,50,0,0,65,18,0,0,0,0
0,45,45,kswapd0,1121,1121,1123,5,0,2,2,0,8,0,0,0,0,8,0,0,0,0,0,68,14,0,0,0,0,0,0,0,0
0,45,45,kswapd0,97,97,99,5,1,2,2,57,0,32,25,0,0,0,0,0,0,0,0,275,5,0,0,24,0,0,0,21,0
0,45,45,kswapd0,3982,3982,3984,5,2,2,2,352,309,343,5,0,4,6,207,0,96,0,0,28,168,0,13,21,8,0,0,64,4
0,45,45,kswapd0,0,0,3,5,0,3,3,0,0,0,0,0,0,0,0,0,0,0,0,0,0,0,0,0,0,0,0,0,0
0,45,45,kswapd0,5242,5242,5244,5,1,2,2,228,437,99,64,0,65,291,48,0,98,0,8,105,239,0,0,46,38,4,16,0,62
0,45,45,kswapd0,32,32,34,5,0,2,2,0,0,0,0,0,0,0,0,0,0,0,0,48,34,0,0,31,0,0,0,0,0
0,45,45,kswapd0,0,0,3,5,0,3,3,0,0,0,0,0,0,0,0,0,0,0,0,0,0,0,0,0,0,0,0,0,0
0,45,45,kswapd0,0,0,3,5,0,3,3,0,0,0,0,0,0,0,0,0,0,0,0,0,0,0,0,0,0,0,0,0,0
0,45,45,kswapd0,0,0,3,5,0,3,3,0,0,0,0,0,0,0,0,0,0,0,0,0,0,0,0,0,0,0,0,0,0
0,45,45,kswapd0,125,125,127,5,0,2,2,0,0,0,0,0,0,0,0,0,0,0,0,243,0,0,0,26,0,0,0,0,0
0,45,45,kswapd0,0,0,3,5,0,3,3,0,0,0,0,0,0,0,0,0,0,0,0,0,0,0,0,0,0,0,0,0,0
0,45,45,kswapd0,0,0,3,5,0,3,3,0,0,0,0,0,0,0,0,0,0,0,0,0,0,0,0,0,0,0,0,0,0
0,45,45,kswapd0,0,0,3,5,0,3,3,0,0,0,0,0,0,0,0,0,0,0,0,0,0,0,0,0,0,0,0,0,0
0,45,45,kswapd0,6,6,8,5,0,2,2,0,1,0,0,0,0,1,0,0,0,0,0,15,0,0,0,0,12,0,0,0,0
0,45,45,kswapd0,0,0,3,5,0,3,3,0,0,0,0,0,0,0,0,0,0,0,0,0,0,0,0,0,0,0,0,0,0
0,45,45,kswapd0,0,0,3,5,0,3,3,0,0,0,0,0,0,0,0,0,0,0,0,0,0,0,0,0,0,0,0,0,0
0,45,45,kswapd0,0,0,3,5,0,3,3,0,0,0,0,0,0,0,0,0,0,0,0,0,0,0,0,0,0,0,0,0,0
0,45,45,kswapd0,0,0,3,5,0,3,3,0,0,0,0,0,0,0,0,0,0,0,0,0,0,0,0,0,0,0,0,0,0
0,45,45,kswapd0,3604,3604,3607,5,221,3,3,65767,382886,0,4,65609,154,143548,32785,205747,806,0,873,140,57441,0,1,0,94095,0,0,0,14144
0,45,45,kswapd0,0,0,3,5,0,3,3,0,0,0,0,0,0,0,0,0,0,0,0,0,0,0,0,0,0,0,0,0,0
0,45,45,kswapd0,32,32,34,5,0,2,2,0,0,0,0,0,0,0,0,0,0,0,0,48,34,0,0,31,0,0,0,0,0
0,45,45,kswapd0,0,0,3,5,0,3,3,0,0,0,0,0,0,0,0,0,0,0,0,0,0,0,0,0,0,0,0,0,0
0,45,45,kswapd0,6,7,9,5,0,3,2,0,0,0,0,0,0,0,0,0,0,0,0,0,1,0,0,0,22,0,0,0,0
0,45,45,kswapd0,0,0,3,5,0,3,3,0,0,0,0,0,0,0,0,0,0,0,0,0,0,0,0,0,0,0,0,0,0
0,45,45,kswapd0,0,0,3,5,0,3,3,0,0,0,0,0,0,0,0,0,0,0,0,0,0,0,0,0,0,0,0,0,0
0,45,45,kswapd0,1121,1121,1123,5,0,2,2,0,8,0,0,0,0,8,0,0,0,0,0,68,14,0,0,0,0,0,0,0,0
0,45,45,kswapd0,1080,1080,1083,5,1,3,3,251,885,153,92,6,0,0,586,253,46,0,0,0,58,0,0,4,0,0,0,37,0
0,45,45,kswapd0,0,0,3,5,0,3,3,0,0,0,0,0,0,0,0,0,0,0,0,0,0,0,0,0,0,0,0,0,0
0,45,45,kswapd0,0,0,3,5,0,3,3,0,0,0,0,0,0,0,0,0,0,0,0,0,0,0,0,0,0,0,0,0,0
0,45,45,kswapd0,0,0,3,5,0,3,3,0,0,0,0,0,0,0,0,0,0,0,0,0,0,0,0,0,0,0,0,0,0
0,45,45,kswapd0,6,6,8,5,0,2,2,0,1,0,0,0,0,1,0,0,0,0,0,15,0,0,0,0,12,0,0,0,0
0,45,45,kswapd0,0,0,3,5,0,3,3,0,0,0,0,0,0,0,0,0,0,0,0,0,0,0,0,0,0,0,0,0,0
0,45,45,kswapd0,0,0,3,5,0,3,3,0,0,0,0,0,0,0,0,0,0,0,0,0,0,0,0,0,0,0,0,0,0
0,45,45,kswapd0,0,0,3,5,0,3,3,0,0,0,0,0,0,0,0,0,0,0,0,0,0,0,0,0,0,0,0,0,0
0,45,45,kswapd0,3604,3604,3607,5,446,3,3,76369,376080,0,4,65609,10756,129404,32785,205747,8144,0,873,140,57441,0,1,0,108239,0,0,0,28544
0,45,45,kswapd0,1080,1080,1083,5,2,3,3,214,885,116,92,6,0,0,586,253,46,0,0,0,58,0,0,41,0,0,0,35,0
0,45,45,kswapd0,3949,3949,3951,5,3,2,2,1775,496,1090,661,0,24,494,0,0,2,0,1,148,19,0,0,1,0,0,0,0,187
0,45,45,kswapd0,119,119,121,5,1,2,2,44,84,44,0,0,0,4,60,0,20,0,0,79,23,0,59,6,51,0,0,44,0
0,45,45,kswapd0,146,146,148,5,1,2,2,566,0,566,0,0,0,0,0,0,0,0,0,455,37,0,0,193,0,0,0,19,0
0,45,45,kswapd0,4,4,6,5,0,2,2,2,0,2,0,0,0,0,0,0,0,0,0,0,0,0,0,54,0,0,0,0,0
0,45,45,kswapd0,0,0,3,5,0,3,3,0,0,0,0,0,0,0,0,0,0,0,0,0,0,0,0,0,0,0,0,0,0
0,45,45,kswapd0,0,0,3,5,0,3,3,0,0,0,0,0,0,0,0,0,0,0,0,0,0,0,0,0,0,0,0,0,0
0,45,45,kswapd0,6,7,9,5,0,3,2,0,0,0,0,0,0,0,0,0,0,0,0,0,1,0,0,0,22,0,0,0,0
0,45,45,kswapd0,5213,5213,5216,5,3,3,3,2562,23,585,1977,0,0,0,11,12,0,0,0,0,1,0,0,1589,4,0,0,81,0
0,45,45,kswapd0,9,9,11,5,1,2,2,1185,0,297,887,0,1,0,0,0,0,0,0,98,0,0,0,628,0,0,0,28,0
0,45,45,kswapd0,0,0,3,5,0,3,3,0,0,0,0,0,0,0,0,0,0,0,0,0,0,0,0,0,0,0,0,0,0
0,45,45,kswapd0,0,0,3,5,0,3,3,0,0,0,0,0,0,0,0,0,0,0,0,0,0,0,0,0,0,0,0,0,0
0,45,45,kswapd0,98,98,99,5,0,1,1,36,0,25,0,0,11,0,0,0,0,0,0,149,2,0,0,21,0,0,0,0,0
0,45,45,kswapd0,3982,3982,3984,5,1,2,2,288,305,279,5,0,4,0,209,0,96,0,0,28,168,0,13,85,12,0,0,36,0
0,45,45,kswapd0,5242,5242,5244,5,1,2,2,293,375,99,65,0,129,221,54,0,100,0,8,105,239,0,6,46,100,4,16,0,33
0,45,45,kswapd0,0,0,3,5,0,3,3,0,0,0,0,0,0,0,0,0,0,0,0,0,0,0,0,0,0,0,0,0,0
0,45,45,kswapd0,0,0,3,5,0,3,3,0,0,0,0,0,0,0,0,0,0,0,0,0,0,0,0,0,0,0,0,0,0
0,45,45,kswapd0,0,0,3,5,0,3,3,0,0,0,0,0,0,0,0,0,0,0,0,0,0,0,0,0,0,0,0,0,0
0,45,45,kswapd0,5213,5213,5216,5,5,3,3,2481,23,504,1977,0,0,0,11,12,0,0,0,0,1,0,0,1670,4,0,0,244,0
0,45,45,kswapd0,3982,3982,3984,5,1,2,2,252,306,217,5,0,30,1,209,0,96,0,0,28,168,0,13,121,12,0,0,36,0
0,45,45,kswapd0,5242,5242,5244,5,0,2,2,232,342,99,64,0,69,0,227,0,115,0,8,105,239,0,178,46,133,4,16,0,0
0,45,45,kswapd0,3604,3604,3607,5,909,3,3,97251,361048,0,4,65609,31638,100860,32785,205747,21656,0,873,140,57441,0,1,0,136783,0,0,0,58176
0,45,45,kswapd0,1081,1081,1083,5,2,2,2,188,895,173,6,0,9,586,253,0,56,0,0,35,29,0,0,5,0,0,0,0,16
0,45,45,kswapd0,3949,3949,3951,5,4,2,2,1775,309,1090,661,0,24,277,0,0,32,0,1,148,19,0,0,1,187,0,0,0,219
0,45,45,kswapd0,120,120,121,5,0,1,1,0,84,0,0,0,0,64,0,0,20,0,0,42,68,0,0,44,0,0,0,0,0
0,45,45,kswapd0,146,146,148,5,2,2,2,547,0,547,0,0,0,0,0,0,0,0,0,455,37,0,0,212,0,0,0,90,0
0,45,45,kswapd0,5213,5213,5216,5,10,3,3,2269,29,260,1977,0,32,0,17,12,0,0,0,0,1,0,0,1914,4,32,0,348,6
0,45,45,kswapd0,3982,3982,3984,5,3,2,2,216,306,180,5,0,31,3,207,0,96,0,0,28,168,0,13,157,12,0,0,108,2
0,45,45,kswapd0,3604,3604,3607,5,667,3,3,137389,329920,0,4,65609,71776,42684,32785,205747,48704,0,873,140,57441,0,1,0,194959,0,0,0,42625
0,45,45,kswapd0,1081,1081,1083,5,3,2,2,188,879,173,6,0,9,386,239,0,254,0,0,35,29,0,0,5,16,0,0,0,141
0,45,45,kswapd0,3949,3949,3951,5,8,2,2,1775,90,1090,661,0,24,4,0,0,86,0,1,148,19,0,0,1,406,0,0,220,0
0,45,45,kswapd0,146,146,148,5,2,2,2,457,0,457,0,0,0,0,0,0,0,0,0,455,37,0,0,302,0,0,0,62,0
0,45,45,kswapd0,1081,1081,1083,5,3,2,2,188,738,173,6,0,9,160,239,0,339,0,0,35,29,0,0,5,157,0,0,0,160
0,45,45,kswapd0,3949,3949,3951,5,11,2,2,1555,90,824,661,0,70,0,0,0,90,0,1,148,19,0,0,221,406,0,0,383,0
0,45,45,kswapd0,146,146,148,5,3,2,2,395,0,395,0,0,0,0,0,0,0,0,0,455,37,0,0,364,0,0,0,82,0
0,45,45,kswapd0,5214,5214,5216,5,13,2,2,1921,23,1889,0,0,32,0,15,0,8,16,0,1058,2,0,3,145,6,0,0,393,0
0,45,45,kswapd0,3982,3982,3984,5,0,2,2,108,304,63,5,0,40,0,208,0,96,0,0,28,168,0,13,265,14,0,0,0,0
0,45,45,kswapd0,3949,3949,3951,5,1,2,2,1172,90,436,661,0,75,0,0,0,90,0,1,148,19,0,0,604,406,0,0,64,0
0,45,45,kswapd0,146,146,148,5,1,2,2,313,0,313,0,0,0,0,0,0,0,0,0,455,37,0,0,446,0,0,0,64,0
0,45,45,kswapd0,5214,5214,5216,5,2,2,2,1528,25,1473,23,0,32,2,15,0,8,16,0,1058,2,0,3,538,6,0,0,62,0
0,45,45,kswapd0,3949,3949,3951,5,1,2,2,1108,90,372,661,0,75,0,0,0,90,0,1,148,19,0,0,668,406,0,0,63,0
0,45,45,kswapd0,146,146,148,5,1,2,2,249,0,249,0,0,0,0,0,0,0,0,0,455,37,0,0,510,0,0,0,46,0
0,45,45,kswapd0,5214,5214,5216,5,2,2,2,1466,26,1409,25,0,32,1,15,0,10,16,0,1058,2,0,3,600,6,0,0,46,0
0,45,45,kswapd0,5214,5214,5216,5,2,2,2,1420,26,1388,0,0,32,0,15,0,11,16,0,1058,2,0,3,646,6,0,0,58,0
0,45,45,kswapd0,3949,3949,3951,5,1,2,2,1045,90,309,661,0,75,0,0,0,90,0,1,148,19,0,0,731,406,0,0,7,0
0,45,45,kswapd0,146,146,148,5,1,2,2,203,0,203,0,0,0,0,0,0,0,0,0,455,37,0,0,556,0,0,0,25,0
0,45,45,kswapd0,5214,5214,5216,5,3,2,2,1362,26,1330,0,0,32,0,15,0,11,16,0,1058,2,0,3,704,6,0,0,74,0
0,45,45,kswapd0,146,146,148,5,1,2,2,178,0,178,0,0,0,0,0,0,0,0,0,455,37,0,0,581,0,0,0,44,0
0,45,45,kswapd0,146,146,148,5,1,2,2,134,0,114,20,0,0,0,0,0,0,0,0,455,37,0,0,625,0,0,0,0,0
0,45,45,kswapd0,5214,5214,5216,5,5,2,2,1288,26,1251,5,0,32,0,15,0,11,16,0,1058,2,0,3,778,6,0,0,234,0
0,45,45,kswapd0,146,146,148,5,2,2,2,134,0,134,0,0,0,0,0,0,0,0,0,455,37,0,0,625,0,0,0,85,0
0,45,45,kswapd0,5214,5214,5216,5,7,2,2,1054,26,1004,18,0,32,0,15,0,11,16,0,1058,2,0,3,1012,6,0,0,231,0
0,45,45,kswapd0,146,146,148,5,0,2,2,49,0,49,0,0,0,0,0,0,0,0,0,455,37,0,0,710,0,0,0,0,0
0,45,45,kswapd0,5214,5214,5216,5,1,2,2,822,26,701,89,0,32,0,15,0,11,16,0,1058,2,0,3,1243,6,0,0,31,0
0,45,45,kswapd0,146,146,148,5,1,2,2,49,0,49,0,0,0,0,0,0,0,0,0,455,37,0,0,710,0,0,0,43,0
0,45,45,kswapd0,5214,5214,5216,5,1,2,2,792,26,759,1,0,32,0,15,0,11,16,0,1058,2,0,3,1274,6,0,0,64,0
0,45,45,kswapd0,5214,5214,5216,5,1,2,2,728,26,695,1,0,32,0,15,0,11,16,0,1058,2,0,3,1338,6,0,0,29,0
0,45,45,kswapd0,5214,5214,5216,5,2,2,2,699,26,631,36,0,32,0,15,0,11,16,0,1058,2,0,3,1367,6,0,0,25,0
0,45,45,kswapd0,5214,5214,5216,5,3,2,2,674,26,590,52,0,32,0,15,0,11,16,0,1058,2,0,3,1392,6,0,0,122,0
0,45,45,kswapd0,5214,5214,5216,5,4,2,2,552,26,460,60,0,32,0,15,0,11,16,0,1058,2,0,3,1514,6,0,0,155,0
0,45,45,kswapd0,5214,5214,5216,5,1,2,2,397,26,328,37,0,32,0,15,0,11,16,0,1058,2,0,3,1669,6,0,0,0,0
0,45,45,kswapd0,5214,5214,5216,5,1,2,2,396,26,296,68,0,32,0,15,0,11,16,0,1058,2,0,3,1669,6,0,0,62,0
0,45,45,kswapd0,5214,5214,5216,5,1,2,2,335,26,293,10,0,32,0,15,0,11,16,0,1058,2,0,3,1731,6,0,0,31,0
0,45,45,kswapd0,5214,5214,5216,5,1,2,2,304,26,229,43,0,32,0,15,0,11,16,0,1058,2,0,3,1762,6,0,0,0,0
0,45,45,kswapd0,5214,5214,5216,5,2,2,2,304,26,197,75,0,32,0,15,0,11,16,0,1058,2,0,3,1762,6,0,0,93,0
0,45,45,kswapd0,5214,5214,5216,5,2,2,2,211,26,130,49,0,32,0,15,0,11,16,0,1058,2,0,3,1855,6,0,0,31,0
0,45,45,kswapd0,5214,5214,5216,5,1,2,2,180,26,95,52,0,33,0,15,0,11,16,0,1058,2,0,3,1886,6,0,0,64,0
0,45,45,kswapd0,5214,5214,5216,5,1,2,2,116,26,62,21,0,33,0,15,0,11,16,0,1058,2,0,3,1950,6,0,0,34,0
0,45,45,kswapd0,5215,5215,5216,5,0,1,1,82,26,49,0,0,33,15,0,0,11,8,0,1504,5,0,0,34,0,0,0,0,0
0,45,45,kswapd0,0,0,3,5,0,3,3,0,0,0,0,0,0,0,0,0,0,0,0,0,0,0,0,0,0,0,0,0,0
0,45,45,kswapd0,1081,1081,1084,5,2,3,3,188,578,133,6,49,0,0,231,347,0,0,0,35,29,0,0,5,317,0,0,95,0
0,45,45,kswapd0,1486,1486,1489,5,3,3,3,174,564,135,0,39,0,1,39,524,0,0,0,32,219,0,20,123,4,15,0,62,0
0,45,45,kswapd0,233,233,235,5,0,2,2,1,0,1,0,0,0,0,0,0,0,0,0,0,50,0,0,65,18,0,0,0,0
0,45,45,kswapd0,0,0,3,5,0,3,3,0,0,0,0,0,0,0,0,0,0,0,0,0,0,0,0,0,0,0,0,0,0
0,45,45,kswapd0,9,9,12,5,3,3,3,1157,0,269,887,1,0,0,0,0,0,0,0,98,0,0,0,656,0,0,0,119,0
0,45,45,kswapd0,0,0,3,5,0,3,3,0,0,0,0,0,0,0,0,0,0,0,0,0,0,0,0,0,0,0,0,0,0
0,45,45,kswapd0,5242,5242,5245,5,2,3,3,232,342,99,8,90,35,0,190,152,0,0,8,105,239,0,178,46,133,4,16,56,0
0,45,45,kswapd0,10,10,12,5,0,2,2,1,0,1,0,0,0,0,0,0,0,0,0,0,1,0,0,59,0,0,0,0,0
0,45,45,kswapd0,0,0,3,5,0,3,3,0,0,0,0,0,0,0,0,0,0,0,0,0,0,0,0,0,0,0,0,0,0
0,45,45,kswapd0,0,0,3,5,0,3,3,0,0,0,0,0,0,0,0,0,0,0,0,0,0,0,0,0,0,0,0,0,0
0,45,45,kswapd0,120,120,122,5,1,2,2,0,84,0,0,0,0,64,20,0,0,0,0,42,68,0,0,44,0,0,0,0,0
0,45,45,kswapd0,5215,5215,5217,5,1,2,2,82,26,49,33,0,0,15,11,0,0,8,0,1504,5,0,0,34,0,0,0,0,4
0,45,45,kswapd0,233,233,235,5,0,2,2,1,0,1,0,0,0,0,0,0,0,0,0,0,50,0,0,65,18,0,0,0,0
0,45,45,kswapd0,6,6,8,5,0,2,2,0,1,0,0,0,0,1,0,0,0,0,0,15,0,0,0,0,12,0,0,0,0
0,45,45,kswapd0,0,0,3,5,0,3,3,0,0,0,0,0,0,0,0,0,0,0,0,0,0,0,0,0,0,0,0,0,0
0,45,45,kswapd0,0,0,3,5,0,3,3,0,0,0,0,0,0,0,0,0,0,0,0,0,0,0,0,0,0,0,0,0,0
0,45,45,kswapd0,0,0,3,5,0,3,3,0,0,0,0,0,0,0,0,0,0,0,0,0,0,0,0,0,0,0,0,0,0
0,45,45,kswapd0,3949,3949,3952,5,3,3,3,1038,90,302,661,75,0,0,0,90,0,0,1,148,19,0,0,738,406,0,0,147,0
0,45,45,kswapd0,0,0,3,5,0,3,3,0,0,0,0,0,0,0,0,0,0,0,0,0,0,0,0,0,0,0,0,0,0
0,45,45,kswapd0,125,125,127,5,0,2,2,23,0,0,0,0,23,0,0,0,0,0,0,243,0,0,0,26,0,0,0,0,0
0,45,45,kswapd0,0,0,3,5,0,3,3,0,0,0,0,0,0,0,0,0,0,0,0,0,0,0,0,0,0,0,0,0,0
0,45,45,kswapd0,32,32,34,5,0,2,2,0,0,0,0,0,0,0,0,0,0,0,0,48,34,0,0,31,0,0,0,0,0
0,45,45,kswapd0,0,0,3,5,0,3,3,0,0,0,0,0,0,0,0,0,0,0,0,0,0,0,0,0,0,0,0,0,0
0,45,45,kswapd0,6,7,9,5,0,3,2,0,0,0,0,0,0,0,0,0,0,0,0,0,1,0,0,0,22,0,0,0,0
0,45,45,kswapd0,0,0,3,5,0,3,3,0,0,0,0,0,0,0,0,0,0,0,0,0,0,0,0,0,0,0,0,0,0
0,45,45,kswapd0,98,98,100,5,1,2,2,36,0,25,11,0,0,0,0,0,0,0,0,149,2,0,0,21,0,0,0,0,0
0,45,45,kswapd0,3982,3982,3985,5,1,3,3,108,305,63,0,45,0,1,196,108,0,0,0,28,168,0,13,265,14,0,0,18,0
0,45,45,kswapd0,0,0,3,5,0,3,3,0,0,0,0,0,0,0,0,0,0,0,0,0,0,0,0,0,0,0,0,0,0
0,45,45,kswapd0,32,32,34,5,0,2,2,0,0,0,0,0,0,0,0,0,0,0,0,48,34,0,0,31,0,0,0,0,0
0,45,45,kswapd0,0,0,3,5,0,3,3,0,0,0,0,0,0,0,0,0,0,0,0,0,0,0,0,0,0,0,0,0,0
0,45,45,kswapd0,0,0,3,5,0,3,3,0,0,0,0,0,0,0,0,0,0,0,0,0,0,0,0,0,0,0,0,0,0
0,45,45,kswapd0,4,4,6,5,0,2,2,2,0,2,0,0,0,0,0,0,0,0,0,0,0,0,0,54,0,0,0,0,0
0,45,45,kswapd0,0,0,3,5,0,3,3,0,0,0,0,0,0,0,0,0,0,0,0,0,0,0,0,0,0,0,0,0,0
0,45,45,kswapd0,0,0,3,5,0,3,3,0,0,0,0,0,0,0,0,0,0,0,0,0,0,0,0,0,0,0,0,0,0
0,45,45,kswapd0,147,147,148,5,0,1,1,6,0,6,0,0,0,0,0,0,0,0,0,582,18,0,0,43,0,0,0,0,0
0,45,45,kswapd0,0,0,3,5,0,3,3,0,0,0,0,0,0,0,0,0,0,0,0,0,0,0,0,0,0,0,0,0,0
0,45,45,kswapd0,0,0,3,5,0,3,3,0,0,0,0,0,0,0,0,0,0,0,0,0,0,0,0,0,0,0,0,0,0
0,45,45,kswapd0,1121,1121,1123,5,1,2,2,0,8,0,0,0,0,8,0,0,0,0,0,68,14,0,0,0,0,0,0,0,0
0,45,45,kswapd0,3605,3605,3608,5,858,3,3,183915,333332,4,65609,104134,14168,32786,205746,88542,6258,0,436,70,147511,0,0,0,1,0,0,0,43156
0,45,45,kswapd0,0,0,3,5,0,3,3,0,0,0,0,0,0,0,0,0,0,0,0,0,0,0,0,0,0,0,0,0,0
0,45,45,kswapd0,1122,1122,1123,5,0,1,1,0,8,0,0,0,0,8,0,0,0,0,0,34,10,0,0,0,0,0,0,0,0
0,45,45,kswapd0,3606,3606,3608,5,1069,2,2,139617,303058,8559,104134,0,26924,182904,88538,0,31616,0,218,35,87758,0,0,0,15152,0,0,0,36775
0,45,45,kswapd0,1081,1081,1084,5,3,3,3,93,578,29,6,49,9,0,231,347,0,0,0,35,29,0,0,100,317,0,0,25,120
0,45,45,kswapd0,0,0,3,5,0,3,3,0,0,0,0,0,0,0,0,0,0,0,0,0,0,0,0,0,0,0,0,0,0
0,45,45,kswapd0,0,0,3,5,0,3,3,0,0,0,0,0,0,0,0,0,0,0,0,0,0,0,0,0,0,0,0,0,0
0,45,45,kswapd0,6,6,8,5,0,2,2,0,1,0,0,0,0,1,0,0,0,0,0,15,0,0,0,0,12,0,0,0,0
0,45,45,kswapd0,4,4,6,5,0,2,2,2,0,2,0,0,0,0,0,0,0,0,0,0,0,0,0,54,0,0,0,0,0
0,45,45,kswapd0,1486,1486,1489,5,2,3,3,112,564,73,0,39,0,0,39,524,1,0,0,32,219,0,20,185,4,15,0,66,0
0,45,45,kswapd0,9,9,12,5,5,3,3,1038,0,150,887,1,0,0,0,0,0,0,0,98,0,0,0,775,0,0,0,141,0
0,45,45,kswapd0,10,10,12,5,0,2,2,1,0,1,0,0,0,0,0,0,0,0,0,0,1,0,0,59,0,0,0,0,0
0,45,45,kswapd0,0,0,3,5,0,3,3,0,0,0,0,0,0,0,0,0,0,0,0,0,0,0,0,0,0,0,0,0,0
0,45,45,kswapd0,0,0,3,5,0,3,3,0,0,0,0,0,0,0,0,0,0,0,0,0,0,0,0,0,0,0,0,0,0
0,45,45,kswapd0,0,0,3,5,0,3,3,0,0,0,0,0,0,0,0,0,0,0,0,0,0,0,0,0,0,0,0,0,0
0,45,45,kswapd0,5243,5243,5245,5,1,2,2,176,342,45,90,0,41,190,152,0,0,2,12,100,274,0,0,6,0,0,0,0,39
0,45,45,kswapd0,6,7,9,5,0,3,2,0,0,0,0,0,0,0,0,0,0,0,0,0,1,0,0,0,22,0,0,0,0
0,45,45,kswapd0,0,0,3,5,0,3,3,0,0,0,0,0,0,0,0,0,0,0,0,0,0,0,0,0,0,0,0,0,0
0,45,45,kswapd0,0,0,3,5,0,3,3,0,0,0,0,0,0,0,0,0,0,0,0,0,0,0,0,0,0,0,0,0,0
0,45,45,kswapd0,121,121,122,5,0,1,1,0,84,0,0,0,0,84,0,0,0,0,0,43,65,0,0,0,0,0,0,0,0
0,45,45,kswapd0,5215,5215,5217,5,1,2,2,82,22,49,33,0,0,0,11,0,11,8,0,1504,5,0,0,34,4,0,0,49,0
0,45,45,kswapd0,0,0,3,5,0,3,3,0,0,0,0,0,0,0,0,0,0,0,0,0,0,0,0,0,0,0,0,0,0
0,45,45,kswapd0,3949,3949,3952,5,4,3,3,891,90,153,661,75,2,0,0,90,0,0,1,148,19,0,0,885,406,0,0,174,0
0,45,45,kswapd0,0,0,3,5,0,3,3,0,0,0,0,0,0,0,0,0,0,0,0,0,0,0,0,0,0,0,0,0,0
0,45,45,kswapd0,99,99,100,5,0,1,1,36,0,11,0,0,25,0,0,0,0,0,0,85,1,0,0,0,0,0,0,0,0
0,45,45,kswapd0,3983,3983,3985,5,2,2,2,90,306,36,45,0,9,198,108,0,0,0,0,146,97,0,0,18,0,0,0,0,77
0,45,45,kswapd0,0,0,3,5,0,3,3,0,0,0,0,0,0,0,0,0,0,0,0,0,0,0,0,0,0,0,0,0,0
0,45,45,kswapd0,5243,5243,5245,5,0,2,2,176,330,45,90,0,41,0,301,0,29,2,12,100,274,0,148,6,39,0,27,0,0
0,45,45,kswapd0,5216,5216,5217,5,0,1,1,33,24,33,0,0,0,13,0,0,11,4,0,769,3,0,0,49,0,0,0,0,0
0,45,45,kswapd0,3950,3950,3952,5,1,2,2,717,90,639,75,0,3,0,90,0,0,0,0,567,212,0,0,73,0,0,0,42,0
0,45,45,kswapd0,3983,3983,3985,5,0,2,2,90,229,36,45,0,9,15,109,0,105,0,0,146,97,0,1,18,77,0,0,0,0
0,45,45,kswapd0,3606,3606,3608,5,0,2,2,106622,348344,55,0,0,106567,109746,88539,0,150059,0,218,35,87758,0,1,0,51927,0,0,0,0
0,45,45,kswapd0,1082,1082,1084,5,0,2,2,68,458,10,49,0,9,92,345,0,21,0,0,67,172,0,2,25,120,0,0,0,0
0,45,45,kswapd0,10,10,12,5,1,2,2,897,0,895,2,0,0,0,0,0,0,0,0,469,0,0,0,75,0,0,0,61,0
0,45,45,kswapd0,10,10,12,5,1,2,2,836,0,831,5,0,0,0,0,0,0,0,0,469,0,0,0,136,0,0,0,28,0
0,45,45,kswapd0,3950,3950,3952,5,1,2,2,675,90,575,97,0,3,0,90,0,0,0,0,567,212,0,0,115,0,0,0,28,0
0,45,45,kswapd0,3950,3950,3952,5,1,2,2,647,90,533,111,0,3,0,90,0,0,0,0,567,212,0,0,143,0,0,0,22,0
0,45,45,kswapd0,10,10,12,5,1,2,2,808,0,806,2,0,0,0,0,0,0,0,0,469,0,0,0,164,0,0,0,39,0
0,45,45,kswapd0,10,10,12,5,2,2,2,769,0,742,27,0,0,0,0,0,0,0,0,469,0,0,0,203,0,0,0,18,0
0,45,45,kswapd0,3950,3950,3952,5,2,2,2,625,90,545,75,0,5,0,90,0,0,0,0,567,212,0,0,165,0,0,0,94,0
0,45,45,kswapd0,3950,3950,3952,5,3,2,2,531,90,424,101,0,6,0,90,0,0,0,0,567,212,0,0,259,0,0,0,80,0
0,45,45,kswapd0,10,10,12,5,3,2,2,751,0,749,2,0,0,0,0,0,0,0,0,469,0,0,0,221,0,0,0,121,0
0,45,45,kswapd0,10,10,12,5,4,2,2,630,0,578,52,0,0,0,0,0,0,0,0,469,0,0,0,342,0,0,0,173,0
0,45,45,kswapd0,3950,3950,3952,5,5,2,2,451,103,366,75,0,10,0,90,0,13,0,0,567,212,0,0,339,0,0,0,149,0
0,45,45,kswapd0,3950,3950,3952,5,1,2,2,304,322,162,125,0,17,0,90,0,232,0,0,567,212,0,0,488,0,0,0,62,0
0,45,45,kswapd0,10,10,12,5,1,2,2,457,0,455,2,0,0,0,0,0,0,0,0,469,0,0,0,515,0,0,0,40,0
0,45,45,kswapd0,3950,3950,3952,5,0,2,2,244,355,129,96,0,19,0,90,0,265,0,0,567,212,0,0,550,0,1,0,0,0
0,45,45,kswapd0,10,10,12,5,1,2,2,417,0,401,16,0,0,0,0,0,0,0,0,469,0,0,0,555,0,0,0,10,0
0,45,45,kswapd0,10,10,12,5,1,2,2,407,0,351,56,0,0,0,0,0,0,0,0,469,0,0,0,565,0,0,0,14,0
0,45,45,kswapd0,10,10,12,5,1,2,2,393,0,380,13,0,0,0,0,0,0,0,0,469,0,0,0,579,0,0,0,64,0
0,45,45,kswapd0,10,10,12,5,2,2,2,329,0,316,13,0,0,0,0,0,0,0,0,469,0,0,0,643,0,0,0,58,0
0,45,45,kswapd0,10,10,12,5,2,2,2,271,0,250,21,0,0,0,0,0,0,0,0,469,0,0,0,701,0,0,0,73,0
0,45,45,kswapd0,10,10,12,5,1,2,2,198,0,172,26,0,0,0,0,0,0,0,0,469,0,0,0,774,0,0,0,50,0
0,45,45,kswapd0,10,10,12,5,1,2,2,148,0,108,40,0,0,0,0,0,0,0,0,469,0,0,0,824,0,0,0,0,0
0,45,45,kswapd0,10,10,12,5,1,2,2,148,0,106,42,0,0,0,0,0,0,0,0,469,0,0,0,824,0,0,0,62,0
0,45,45,kswapd0,10,10,12,5,1,2,2,86,0,73,13,0,0,0,0,0,0,0,0,469,0,0,0,886,0,0,0,31,0
0,45,45,kswapd0,10,10,12,5,1,2,2,55,0,40,15,0,0,0,0,0,0,0,0,469,0,0,0,917,0,0,0,31,0
0,45,45,kswapd0,11,11,12,5,0,1,1,24,0,24,0,0,0,0,0,0,0,0,0,693,0,0,0,31,0,0,0,0,0
0,45,45,kswapd0,125,125,128,5,0,3,3,23,0,0,0,23,0,0,0,0,0,0,0,243,0,0,0,26,0,0,0,0,0
0,45,45,kswapd0,0,0,3,5,0,3,3,0,0,0,0,0,0,0,0,0,0,0,0,0,0,0,0,0,0,0,0,0,0
0,45,45,kswapd0,4,4,6,5,0,2,2,2,0,2,0,0,0,0,0,0,0,0,0,0,0,0,0,54,0,0,0,0,0
0,45,45,kswapd0,6,7,9,5,0,3,2,0,0,0,0,0,0,0,0,0,0,0,0,0,1,0,0,0,22,0,0,0,0
0,45,45,kswapd0,11,11,13,5,0,2,2,24,0,24,0,0,0,0,0,0,0,0,0,693,0,0,0,31,0,0,0,0,0
0,45,45,kswapd0,0,0,3,5,0,3,3,0,0,0,0,0,0,0,0,0,0,0,0,0,0,0,0,0,0,0,0,0,0
0,45,45,kswapd0,0,0,3,5,0,3,3,0,0,0,0,0,0,0,0,0,0,0,0,0,0,0,0,0,0,0,0,0,0
0,45,45,kswapd0,0,0,3,5,0,3,3,0,0,0,0,0,0,0,0,0,0,0,0,0,0,0,0,0,0,0,0,0,0
0,45,45,kswapd0,0,0,3,5,0,3,3,0,0,0,0,0,0,0,0,0,0,0,0,0,0,0,0,0,0,0,0,0,0
0,45,45,kswapd0,99,99,101,5,0,2,2,36,0,11,25,0,0,0,0,0,0,0,0,85,1,0,0,0,0,0,0,0,0
0,45,45,kswapd0,5243,5243,5246,5,1,3,3,251,330,45,34,99,73,0,246,84,0,2,12,100,274,0,148,6,39,0,27,37,0
0,45,45,kswapd0,5216,5216,5218,5,0,2,2,33,24,33,0,0,0,13,11,0,0,4,0,769,3,0,0,49,0,0,0,0,0
0,45,45,kswapd0,0,0,3,5,0,3,3,0,0,0,0,0,0,0,0,0,0,0,0,0,0,0,0,0,0,0,0,0,0
0,45,45,kswapd0,233,233,235,5,0,2,2,1,0,1,0,0,0,0,0,0,0,0,0,0,50,0,0,65,18,0,0,0,0
0,45,45,kswapd0,147,147,149,5,0,2,2,6,0,6,0,0,0,0,0,0,0,0,0,582,18,0,0,43,0,0,0,0,0
0,45,45,kswapd0,0,0,3,5,0,3,3,0,0,0,0,0,0,0,0,0,0,0,0,0,0,0,0,0,0,0,0,0,0
0,45,45,kswapd0,125,125,128,5,0,3,3,23,0,0,0,23,0,0,0,0,0,0,0,243,0,0,0,26,0,0,0,0,0
0,45,45,kswapd0,233,233,235,5,0,2,2,1,0,1,0,0,0,0,0,0,0,0,0,0,50,0,0,65,18,0,0,0,0
0,45,45,kswapd0,0,0,3,5,0,3,3,0,0,0,0,0,0,0,0,0,0,0,0,0,0,0,0,0,0,0,0,0,0
0,45,45,kswapd0,0,0,3,5,0,3,3,0,0,0,0,0,0,0,0,0,0,0,0,0,0,0,0,0,0,0,0,0,0
0,45,45,kswapd0,6,6,8,5,0,2,2,0,1,0,0,0,0,1,0,0,0,0,0,15,0,0,0,0,12,0,0,0,0
0,45,45,kswapd0,10,10,12,5,0,2,2,1,0,1,0,0,0,0,0,0,0,0,0,0,1,0,0,59,0,0,0,0,0
0,45,45,kswapd0,3950,3950,3953,5,1,3,3,341,355,150,75,22,94,0,90,265,0,0,0,567,212,0,0,550,0,7,0,50,0
0,45,45,kswapd0,4,4,6,5,0,2,2,2,0,2,0,0,0,0,0,0,0,0,0,0,0,0,0,54,0,0,0,0,0
0,45,45,kswapd0,0,0,3,5,0,3,3,0,0,0,0,0,0,0,0,0,0,0,0,0,0,0,0,0,0,0,0,0,0
0,45,45,kswapd0,6,6,8,5,0,2,2,0,1,0,0,0,0,1,0,0,0,0,0,15,0,0,0,0,12,0,0,0,0
0,45,45,kswapd0,1487,1487,1490,5,1,3,3,46,564,7,39,0,0,39,524,1,0,7,0,140,121,0,0,2,0,0,0,0,10
0,45,45,kswapd0,3983,3983,3986,5,1,3,3,90,230,36,40,14,0,15,110,105,0,0,0,146,97,0,1,18,77,0,0,0,13
0,45,45,kswapd0,0,0,3,5,0,3,3,0,0,0,0,0,0,0,0,0,0,0,0,0,0,0,0,0,0,0,0,0,0
0,45,45,kswapd0,0,0,3,5,0,3,3,0,0,0,0,0,0,0,0,0,0,0,0,0,0,0,0,0,0,0,0,0,0
0,45,45,kswapd0,32,32,34,5,0,2,2,0,0,0,0,0,0,0,0,0,0,0,0,48,34,0,0,31,0,0,0,0,0
0,45,45,kswapd0,0,0,3,5,0,3,3,0,0,0,0,0,0,0,0,0,0,0,0,0,0,0,0,0,0,0,0,0,0
0,45,45,kswapd0,121,121,123,5,1,2,2,0,84,0,0,0,0,84,0,0,0,0,0,43,65,0,0,0,0,0,0,0,7
0,45,45,kswapd0,0,0,3,5,0,3,3,0,0,0,0,0,0,0,0,0,0,0,0,0,0,0,0,0,0,0,0,0,0
0,45,45,kswapd0,3606,3606,3609,5,113,3,3,111169,351871,54,0,106599,4516,109744,88538,150093,3496,0,218,35,87758,0,1,0,51927,0,0,0,36
0,45,45,kswapd0,10,10,12,5,0,2,2,1,0,1,0,0,0,0,0,0,0,0,0,0,1,0,0,59,0,0,0,0,0
0,45,45,kswapd0,0,0,3,5,0,3,3,0,0,0,0,0,0,0,0,0,0,0,0,0,0,0,0,0,0,0,0,0,0
0,45,45,kswapd0,1122,1122,1124,5,0,2,2,11,63,0,0,0,11,8,0,0,55,0,0,34,10,0,0,0,0,0,0,0,0
0,45,45,kswapd0,0,0,3,5,0,3,3,0,0,0,0,0,0,0,0,0,0,0,0,0,0,0,0,0,0,0,0,0,0
0,45,45,kswapd0,0,0,3,5,0,3,3,0,0,0,0,0,0,0,0,0,0,0,0,0,0,0,0,0,0,0,0,0,0
0,45,45,kswapd0,11,11,13,5,0,2,2,24,0,24,0,0,0,0,0,0,0,0,0,693,0,0,0,31,0,0,0,0,0
0,45,45,kswapd0,99,99,101,5,0,2,2,36,0,11,25,0,0,0,0,0,0,0,0,85,1,0,0,0,0,0,0,0,0
0,45,45,kswapd0,0,0,3,5,0,3,3,0,0,0,0,0,0,0,0,0,0,0,0,0,0,0,0,0,0,0,0,0,0
0,45,45,kswapd0,0,0,3,5,0,3,3,0,0,0,0,0,0,0,0,0,0,0,0,0,0,0,0,0,0,0,0,0,0
0,45,45,kswapd0,0,0,3,5,0,3,3,0,0,0,0,0,0,0,0,0,0,0,0,0,0,0,0,0,0,0,0,0,0
0,45,45,kswapd0,0,0,3,5,0,3,3,0,0,0,0,0,0,0,0,0,0,0,0,0,0,0,0,0,0,0,0,0,0
0,45,45,kswapd0,1082,1082,1085,5,1,3,3,68,458,10,49,9,0,92,345,21,0,0,0,67,172,0,2,25,120,0,0,0,63
0,45,45,kswapd0,6,7,9,5,0,3,2,0,0,0,0,0,0,0,0,0,0,0,0,0,1,0,0,0,22,0,0,0,0
0,45,45,kswapd0,0,0,3,5,0,3,3,0,0,0,0,0,0,0,0,0,0,0,0,0,0,0,0,0,0,0,0,0,0
0,45,45,kswapd0,5216,5216,5218,5,0,2,2,33,24,33,0,0,0,13,11,0,0,4,0,769,3,0,0,49,0,0,0,0,0
0,45,45,kswapd0,0,0,3,5,0,3,3,0,0,0,0,0,0,0,0,0,0,0,0,0,0,0,0,0,0,0,0,0,0
0,45,45,kswapd0,0,0,3,5,0,3,3,0,0,0,0,0,0,0,0,0,0,0,0,0,0,0,0,0,0,0,0,0,0
0,45,45,kswapd0,0,0,3,5,0,3,3,0,0,0,0,0,0,0,0,0,0,0,0,0,0,0,0,0,0,0,0,0,0
0,45,45,kswapd0,147,147,149,5,0,2,2,6,0,6,0,0,0,0,0,0,0,0,0,582,18,0,0,43,0,0,0,0,0
0,45,45,kswapd0,5244,5244,5246,5,1,2,2,139,330,34,63,0,42,246,84,0,0,1,19,53,229,0,0,37,0,0,0,0,46
0,45,45,kswapd0,0,0,3,5,0,3,3,0,0,0,0,0,0,0,0,0,0,0,0,0,0,0,0,0,0,0,0,0,0
0,45,45,kswapd0,32,32,34,5,0,2,2,0,0,0,0,0,0,0,0,0,0,0,0,48,34,0,0,31,0,0,0,0,0
0,45,45,kswapd0,0,0,3,5,0,3,3,0,0,0,0,0,0,0,0,0,0,0,0,0,0,0,0,0,0,0,0,0,0
0,45,45,kswapd0,3950,3950,3953,5,1,3,3,415,383,86,75,32,222,0,90,265,28,0,0,567,212,0,0,600,0,10,0,38,0
0,45,45,kswapd0,0,0,3,5,0,3,3,0,0,0,0,0,0,0,0,0,0,0,0,0,0,0,0,0,0,0,0,0,0
0,45,45,kswapd0,1487,1487,1490,5,2,3,3,46,554,7,39,0,0,0,545,1,8,7,0,140,121,0,20,2,10,0,0,7,64
0,45,45,kswapd0,3983,3983,3986,5,1,3,3,90,218,36,40,14,0,0,113,105,0,0,0,146,97,0,1,18,90,0,0,36,0
0,45,45,kswapd0,0,0,3,5,0,3,3,0,0,0,0,0,0,0,0,0,0,0,0,0,0,0,0,0,0,0,0,0,0
0,45,45,kswapd0,122,122,123,5,0,1,1,0,77,0,0,0,0,64,0,0,13,0,0,21,63,0,0,0,7,0,0,0,0
0,45,45,kswapd0,3606,3606,3609,5,228,3,3,114470,352761,54,0,106599,7817,102445,88540,150093,11683,0,218,35,87758,0,23,0,51963,0,0,0,0
0,45,45,kswapd0,0,0,3,5,0,3,3,0,0,0,0,0,0,0,0,0,0,0,0,0,0,0,0,0,0,0,0,0,0
0,45,45,kswapd0,1082,1082,1085,5,1,3,3,68,394,10,49,9,0,28,345,21,0,0,0,67,172,0,2,25,183,0,0,0,14
0,45,45,kswapd0,1082,1082,1085,5,2,3,3,68,380,10,49,9,0,0,359,21,0,0,0,67,172,0,16,25,197,0,0,4,59
0,45,45,kswapd0,5244,5244,5246,5,0,2,2,139,284,34,63,0,42,0,260,0,24,1,19,53,229,0,182,37,46,0,0,0,0
0,45,45,kswapd0,3950,3950,3953,5,1,3,3,469,462,32,75,44,318,0,90,265,107,0,0,567,212,0,0,638,0,19,0,10,0
0,45,45,kswapd0,1488,1488,1490,5,1,2,2,39,490,39,0,0,0,480,2,0,8,3,0,71,74,0,0,7,64,0,0,0,49
0,45,45,kswapd0,3984,3984,3986,5,1,2,2,54,218,40,14,0,0,113,105,0,0,0,0,82,93,0,0,36,0,0,0,0,48
0,45,45,kswapd0,3606,3606,3609,5,464,3,3,116618,353851,54,0,106599,9965,87811,88540,150093,27407,0,218,35,87758,0,23,0,51963,0,0,0,0
0,45,45,kswapd0,1488,1488,1490,5,1,2,2,39,441,39,0,0,0,409,4,0,28,3,0,71,74,0,0,7,113,0,0,0,64
0,45,45,kswapd0,3984,3984,3986,5,1,2,2,54,170,40,14,0,0,19,122,0,29,0,0,82,93,0,16,36,48,0,0,0,16
0,45,45,kswapd0,3606,3606,3609,5,907,3,3,119560,355253,54,0,106599,12907,58115,88540,150093,58505,0,218,35,87758,0,23,0,51963,0,0,11,1036
0,45,45,kswapd0,1083,1083,1085,5,1,2,2,64,321,55,9,0,0,272,37,0,12,0,0,46,192,0,16,4,59,0,0,0,64
0,45,45,kswapd0,1083,1083,1085,5,2,2,2,64,257,55,9,0,0,208,37,0,12,0,0,46,192,0,16,4,123,0,0,0,121
0,45,45,kswapd0,1488,1488,1490,5,2,2,2,39,377,39,0,0,0,344,5,0,28,3,0,71,74,0,0,7,177,0,0,0,128
0,45,45,kswapd0,3984,3984,3986,5,0,2,2,54,155,40,14,0,0,4,122,0,29,0,0,82,93,0,16,36,64,0,0,0,0
0,45,45,kswapd0,1488,1488,1490,5,2,2,2,39,249,39,0,0,0,215,6,0,28,3,0,71,74,0,0,7,305,0,0,0,111
0,45,45,kswapd0,1083,1083,1085,5,2,2,2,64,136,55,9,0,0,80,37,0,19,0,0,46,192,0,16,4,244,0,0,37,50
0,45,45,kswapd0,1488,1488,1490,5,1,2,2,39,138,39,0,0,0,80,6,0,52,3,0,71,74,0,0,7,416,0,0,0,57
0,45,45,kswapd0,1084,1084,1085,5,0,1,1,27,86,27,0,0,0,67,0,0,19,0,0,25,266,0,0,37,0,0,0,0,0
0,45,45,kswapd0,1488,1488,1490,5,0,2,2,39,81,39,0,0,0,0,15,0,66,3,0,71,74,0,19,7,473,0,0,0,0
0,45,45,kswapd0,6,6,8,5,0,2,2,0,1,0,0,0,0,1,0,0,0,0,0,15,0,0,0,0,12,0,0,0,0
0,45,45,kswapd0,99,99,101,5,1,2,2,38,0,11,25,0,2,0,0,0,0,0,0,85,1,0,0,0,0,0,0,0,0
0,45,45,kswapd0,32,32,34,5,0,2,2,2,0,0,0,0,2,0,0,0,0,0,0,48,34,0,0,31,0,2,0,0,0
0,45,45,kswapd0,0,0,3,5,0,3,3,0,0,0,0,0,0,0,0,0,0,0,0,0,0,0,0,0,0,0,0,0,0
0,45,45,kswapd0,122,122,124,5,1,2,2,0,77,0,0,0,0,64,13,0,0,0,0,21,63,0,0,0,7,0,0,0,13
0,45,45,kswapd0,0,0,3,5,0,3,3,0,0,0,0,0,0,0,0,0,0,0,0,0,0,0,0,0,0,0,0,0,0
0,45,45,kswapd0,0,0,3,5,0,3,3,0,0,0,0,0,0,0,0,0,0,0,0,0,0,0,0,0,0,0,0,0,0
0,45,45,kswapd0,0,0,3,5,0,3,3,0,0,0,0,0,0,0,0,0,0,0,0,0,0,0,0,0,0,0,0,0,0
0,45,45,kswapd0,3951,3951,3954,5,4,3,3,1602,1885,107,24,328,1143,90,265,107,1423,9,0,602,106,0,0,10,0,7,0,20,0
0,45,45,kswapd0,0,0,3,5,0,3,3,0,0,0,0,0,0,0,0,0,0,0,0,0,0,0,0,0,0,0,0,0,0
0,45,45,kswapd0,125,125,128,5,1,3,3,28,0,0,0,23,5,0,0,0,0,0,0,243,0,0,0,26,0,0,0,0,0
0,45,45,kswapd0,11,11,13,5,1,2,2,27,0,24,0,0,3,0,0,0,0,0,0,693,0,0,0,31,0,0,0,23,0
0,45,45,kswapd0,0,0,3,5,0,3,3,0,0,0,0,0,0,0,0,0,0,0,0,0,0,0,0,0,0,0,0,0,0
0,45,45,kswapd0,0,0,3,5,0,3,3,0,0,0,0,0,0,0,0,0,0,0,0,0,0,0,0,0,0,0,0,0,0
0,45,45,kswapd0,4,4,6,5,0,2,2,2,0,2,0,0,0,0,0,0,0,0,0,0,0,0,0,54,0,0,0,0,0
0,45,45,kswapd0,0,0,3,5,0,3,3,0,0,0,0,0,0,0,0,0,0,0,0,0,0,0,0,0,0,0,0,0,0
0,45,45,kswapd0,1122,1122,1125,5,1,3,3,77,94,0,0,12,65,7,0,73,14,0,0,34,10,0,0,0,0,0,0,0,0
0,45,45,kswapd0,5216,5216,5218,5,1,2,2,40,28,33,0,0,7,17,11,0,0,4,0,769,3,0,0,49,0,0,0,0,0
0,45,45,kswapd0,147,147,149,5,0,2,2,6,0,6,0,0,0,0,0,0,0,0,0,582,18,0,0,43,0,0,0,0,0
0,45,45,kswapd0,3984,3984,3987,5,2,3,3,54,155,40,9,5,0,4,122,29,0,0,0,82,93,0,16,36,64,0,0,0,2
0,45,45,kswapd0,233,233,235,5,0,2,2,1,0,1,0,0,0,0,0,0,0,0,0,0,50,0,0,65,18,0,0,0,0
0,45,45,kswapd0,0,0,3,5,0,3,3,0,0,0,0,0,0,0,0,0,0,0,0,0,0,0,0,0,0,0,0,0,0
0,45,45,kswapd0,0,0,3,5,0,3,3,0,0,0,0,0,0,0,0,0,0,0,0,0,0,0,0,0,0,0,0,0,0
0,45,45,kswapd0,0,0,3,5,0,3,3,0,0,0,0,0,0,0,0,0,0,0,0,0,0,0,0,0,0,0,0,0,0
0,45,45,kswapd0,5244,5244,5247,5,1,3,3,142,331,34,7,64,37,0,229,55,47,1,19,53,229,0,182,37,46,1,37,9,0
0,45,45,kswapd0,1488,1488,1491,5,1,3,3,39,81,39,0,0,0,0,15,66,0,3,0,71,74,0,19,7,473,0,0,17,0
0,45,45,kswapd0,4,4,6,5,0,2,2,2,0,2,0,0,0,0,0,0,0,0,0,0,0,0,0,54,0,0,0,0,0
0,45,45,kswapd0,0,0,3,5,0,3,3,0,0,0,0,0,0,0,0,0,0,0,0,0,0,0,0,0,0,0,0,0,0
0,45,45,kswapd0,10,10,12,5,0,2,2,1,0,1,0,0,0,0,0,0,0,0,0,0,1,0,0,59,0,0,0,0,0
0,45,45,kswapd0,0,0,3,5,0,3,3,0,0,0,0,0,0,0,0,0,0,0,0,0,0,0,0,0,0,0,0,0,0
0,45,45,kswapd0,0,0,3,5,0,3,3,0,0,0,0,0,0,0,0,0,0,0,0,0,0,0,0,0,0,0,0,0,0
0,45,45,kswapd0,147,147,149,5,0,2,2,6,0,6,0,0,0,0,0,0,0,0,0,582,18,0,0,43,0,0,0,0,0
0,45,45,kswapd0,0,0,3,5,0,3,3,0,0,0,0,0,0,0,0,0,0,0,0,0,0,0,0,0,0,0,0,0,0
0,45,45,kswapd0,0,0,3,5,0,3,3,0,0,0,0,0,0,0,0,0,0,0,0,0,0,0,0,0,0,0,0,0,0
0,45,45,kswapd0,0,0,3,5,0,3,3,0,0,0,0,0,0,0,0,0,0,0,0,0,0,0,0,0,0,0,0,0,0
0,45,45,kswapd0,0,0,3,5,0,3,3,0,0,0,0,0,0,0,0,0,0,0,0,0,0,0,0,0,0,0,0,0,0
0,45,45,kswapd0,1084,1084,1086,5,1,2,2,27,86,27,0,0,0,67,19,0,0,0,0,25,266,0,0,37,0,0,0,0,16
0,45,45,kswapd0,0,0,3,5,0,3,3,0,0,0,0,0,0,0,0,0,0,0,0,0,0,0,0,0,0,0,0,0,0
0,45,45,kswapd0,0,0,3,5,0,3,3,0,0,0,0,0,0,0,0,0,0,0,0,0,0,0,0,0,0,0,0,0,0
0,45,45,kswapd0,0,0,3,5,0,3,3,0,0,0,0,0,0,0,0,0,0,0,0,0,0,0,0,0,0,0,0,0,0
0,45,45,kswapd0,233,233,235,5,0,2,2,1,0,1,0,0,0,0,0,0,0,0,0,0,50,0,0,65,18,0,0,0,0
0,45,45,kswapd0,0,0,3,5,0,3,3,0,0,0,0,0,0,0,0,0,0,0,0,0,0,0,0,0,0,0,0,0,0
0,45,45,kswapd0,6,7,9,5,0,3,2,0,0,0,0,0,0,0,0,0,0,0,0,0,1,0,0,0,22,0,0,0,0
0,45,45,kswapd0,3607,3607,3610,5,455,3,3,133867,359630,0,106599,24774,2494,88541,150092,120093,904,0,109,17,70389,0,0,11,0,0,0,0,3
0,45,45,kswapd0,6,6,8,5,0,2,2,0,1,0,0,0,0,1,0,0,0,0,0,15,0,0,0,0,12,0,0,0,0
0,45,45,kswapd0,0,0,3,5,0,3,3,0,0,0,0,0,0,0,0,0,0,0,0,0,0,0,0,0,0,0,0,0,0
0,45,45,kswapd0,0,0,3,5,0,3,3,0,0,0,0,0,0,0,0,0,0,0,0,0,0,0,0,0,0,0,0,0,0
0,45,45,kswapd0,0,0,3,5,0,3,3,0,0,0,0,0,0,0,0,0,0,0,0,0,0,0,0,0,0,0,0,0,0
0,45,45,kswapd0,0,0,3,5,0,3,3,0,0,0,0,0,0,0,0,0,0,0,0,0,0,0,0,0,0,0,0,0,0
0,45,45,kswapd0,1084,1084,1086,5,0,2,2,27,70,27,0,0,0,2,19,0,49,0,0,25,266,0,0,37,16,0,0,0,0
0,45,45,kswapd0,3607,3607,3610,5,989,3,3,140184,361708,0,106599,24774,8811,56886,150092,120093,34637,0,109,17,70389,0,0,11,3,0,0,0,5269
0,45,45,kswapd0,100,100,101,5,0,1,1,38,0,25,0,0,13,0,0,0,0,0,0,42,0,0,0,0,0,0,0,0,0
0,45,45,kswapd0,123,123,124,5,0,1,1,0,64,0,0,0,0,25,0,0,39,0,0,10,40,0,0,0,13,0,0,0,0
0,45,45,kswapd0,0,0,3,5,0,3,3,0,0,0,0,0,0,0,0,0,0,0,0,0,0,0,0,0,0,0,0,0,0
0,45,45,kswapd0,0,0,3,5,0,3,3,0,0,0,0,0,0,0,0,0,0,0,0,0,0,0,0,0,0,0,0,0,0
0,45,45,kswapd0,12,12,13,5,0,1,1,4,0,1,0,0,3,0,0,0,0,0,0,362,0,0,0,23,0,0,0,0,0
0,45,45,kswapd0,6,7,9,5,0,3,2,0,0,0,0,0,0,0,0,0,0,0,0,0,1,0,0,0,22,0,0,0,0
0,45,45,kswapd0,127,127,128,5,0,1,1,28,0,23,0,0,5,0,0,0,0,0,0,134,0,0,0,0,0,0,0,0,0
0,45,45,kswapd0,0,0,3,5,0,3,3,0,0,0,0,0,0,0,0,0,0,0,0,0,0,0,0,0,0,0,0,0,0
0,45,45,kswapd0,0,0,3,5,0,3,3,0,0,0,0,0,0,0,0,0,0,0,0,0,0,0,0,0,0,0,0,0,0
0,45,45,kswapd0,5216,5216,5218,5,1,2,2,40,28,33,0,0,7,0,14,0,14,4,0,769,3,0,3,49,0,0,0,0,0
0,45,45,kswapd0,3985,3985,3987,5,1,2,2,54,154,17,5,0,32,125,29,0,0,0,0,59,87,0,0,0,0,0,0,0,43
0,45,45,kswapd0,10,10,12,5,0,2,2,1,0,1,0,0,0,0,0,0,0,0,0,0,1,0,0,59,0,0,0,0,0
0,45,45,kswapd0,5245,5245,5247,5,1,2,2,136,342,10,64,0,62,229,55,0,58,1,27,47,227,0,0,9,0,3,0,0,28
0,45,45,kswapd0,1489,1489,1491,5,1,2,2,22,81,13,0,0,9,15,66,0,0,1,0,40,282,0,0,17,0,0,0,0,0
0,126963,126963,file_anon_mix_p,5245,5245,5247,5,0,2,2,136,314,10,64,0,62,98,71,0,145,1,27,47,227,0,52,9,28,3,0,0,0
0,126963,126963,file_anon_mix_p,1489,1489,1491,5,0,2,2,22,81,13,0,0,9,0,74,0,7,1,0,40,282,0,0,17,0,0,0,0,0
0,126963,126963,file_anon_mix_p,5245,5245,5247,5,0,2,2,136,314,10,64,0,62,98,71,0,145,1,27,47,227,0,52,9,28,3,0,0,0
0,126963,126963,file_anon_mix_p,3608,3608,3610,5,2,2,2,162821,361036,106599,24774,0,31448,124143,120066,0,116827,0,54,14,35206,0,1,0,11340,0,0,0,0
0,126963,126963,file_anon_mix_p,5217,5217,5218,5,0,1,1,40,28,33,0,0,7,14,0,0,14,2,0,425,2,0,0,0,0,0,0,0,0
0,126963,126963,file_anon_mix_p,3985,3985,3987,5,0,2,2,54,111,17,5,0,32,51,33,0,27,0,0,59,87,0,8,0,43,0,0,0,0
0,126963,126963,file_anon_mix_p,1489,1489,1491,5,0,2,2,22,81,13,0,0,9,0,74,0,7,1,0,40,282,0,0,17,0,0,0,0,0
0,126955,127116,file_anon_mix_p,3608,3608,3610,5,2,2,2,162821,361161,106599,24774,0,31448,124335,120066,0,116760,0,54,14,35206,0,1,0,11340,0,0,0,0
0,126955,127116,file_anon_mix_p,5217,5217,5218,5,0,1,1,40,28,33,0,0,7,14,0,0,14,2,0,425,2,0,0,0,0,0,0,0,0
0,126955,127116,file_anon_mix_p,3985,3985,3987,5,0,2,2,54,111,17,5,0,32,51,33,0,27,0,0,59,87,0,8,0,43,0,0,0,0
0,126963,126963,file_anon_mix_p,3608,3608,3610,5,4,2,2,162821,361036,106599,24774,0,31448,123887,120066,0,117083,0,54,14,35206,0,1,0,11340,0,0,0,0
0,126963,126963,file_anon_mix_p,3608,3608,3610,5,8,2,2,162821,361036,106599,24774,0,31448,123439,120066,0,117531,0,54,14,35206,0,1,0,11340,0,0,0,0
0,126963,126963,file_anon_mix_p,3608,3608,3610,5,10,2,2,162821,361036,106599,24774,0,31448,122543,120066,0,118427,0,54,14,35206,0,1,0,11340,0,0,0,42
0,126955,127116,file_anon_mix_p,3608,3608,3610,5,4,2,2,162821,361036,106599,24774,0,31448,123503,120066,0,117467,0,54,14,35206,0,1,0,11340,0,0,0,64
0,126963,126963,file_anon_mix_p,3608,3608,3610,5,2,2,2,163234,361504,106599,24774,0,31861,118565,120096,0,122843,0,54,14,35206,0,2,0,12170,0,0,0,6
0,126963,126963,file_anon_mix_p,3608,3608,3610,5,4,2,2,163234,361436,106599,24774,0,31861,118305,120096,0,123035,0,54,14,35206,0,2,0,12241,0,0,0,0
0,126963,126963,file_anon_mix_p,3608,3608,3610,5,8,2,2,163234,361500,106599,24774,0,31861,117921,120096,0,123483,0,54,14,35206,0,2,0,12241,0,0,0,0
0,127133,127133,watch,3608,3608,3610,5,1,2,2,163172,361560,106599,24774,0,31799,118850,120077,0,122633,0,54,14,35206,0,2,0,11940,0,0,0,61
0,126963,126963,file_anon_mix_p,3608,3608,3610,5,16,2,2,163265,361500,106599,24774,0,31892,117089,120096,0,124315,0,54,14,35206,0,2,0,12241,0,0,0,0
0,127134,127134,cat,3608,3608,3610,5,2,2,2,163762,361311,106599,24774,0,32389,110177,120067,0,131067,0,54,14,35206,0,2,0,12249,0,0,0,0
0,127134,127134,cat,3608,3608,3610,5,4,2,2,163762,361375,106599,24774,0,32389,109921,120067,0,131387,0,54,14,35206,0,2,0,12249,0,0,0,0
0,126955,127116,file_anon_mix_p,3608,3608,3610,5,2,2,2,163762,361375,106599,24774,0,32389,110241,120067,0,131067,0,54,14,35206,0,2,0,12249,0,0,0,0
0,127134,127134,cat,3608,3608,3610,5,8,2,2,163762,361311,106599,24774,0,32389,109173,120067,0,132071,0,54,14,35206,0,2,0,12249,0,0,0,87
0,126955,127116,file_anon_mix_p,3608,3608,3610,5,1,2,2,163762,361288,106599,24774,0,32389,108146,120070,0,133072,0,54,14,35206,0,2,0,12374,0,0,0,64
0,126963,126963,file_anon_mix_p,3608,3608,3610,5,24,2,2,163356,361496,106599,24774,0,31983,114913,120096,0,126487,0,54,14,35206,0,2,0,12249,0,0,0,29
0,126963,126963,file_anon_mix_p,3608,3608,3610,5,1,2,2,165319,359830,106599,24774,0,33946,104786,120067,0,134977,0,54,14,35206,0,2,0,15291,0,0,0,64
0,126955,127116,file_anon_mix_p,3608,3608,3610,5,1,2,2,165334,359702,106599,24774,0,33961,104658,120067,0,134977,0,54,14,35206,0,2,0,15368,0,0,0,64
0,126963,126963,file_anon_mix_p,3608,3608,3610,5,1,2,2,165880,359567,106599,24774,0,34507,103813,120067,0,135687,0,54,14,35206,0,2,0,16232,0,0,0,56
0,126963,126963,file_anon_mix_p,3608,3608,3610,5,1,2,2,166357,359416,106599,24774,0,34984,103124,120067,0,136225,0,54,14,35206,0,2,0,16856,0,0,0,64
0,126963,126963,file_anon_mix_p,3608,3608,3610,5,1,2,2,166360,359134,106599,24774,0,34987,102804,120067,0,136263,0,54,14,35206,0,2,0,17088,0,0,0,59
0,126955,127116,file_anon_mix_p,3608,3608,3610,5,1,2,2,166360,359288,106599,24774,0,34987,102996,120067,0,136225,0,54,14,35206,0,2,0,16918,0,0,0,64
0,126955,127116,file_anon_mix_p,3608,3608,3610,5,1,2,2,166597,358970,106599,24774,0,35224,102356,120067,0,136547,0,54,14,35206,0,2,0,17590,0,0,0,64
0,126963,126963,file_anon_mix_p,3608,3608,3610,5,1,2,2,166614,358888,106599,24774,0,35241,102052,120067,0,136769,0,54,14,35206,0,2,0,17824,0,0,0,64
0,126955,127116,file_anon_mix_p,3608,3608,3610,5,1,2,2,166614,358888,106599,24774,0,35241,102052,120086,0,136750,0,54,14,35206,0,2,0,17824,0,0,0,64
0,126963,126963,file_anon_mix_p,3608,3608,3610,5,1,2,2,166952,358625,106599,24774,0,35579,101348,120067,0,137210,0,54,14,35206,0,2,0,18540,0,0,0,58
0,126955,127116,file_anon_mix_p,3608,3608,3610,5,1,2,2,166952,358625,106599,24774,0,35579,101348,120067,0,137210,0,54,14,35206,0,2,0,18540,0,0,0,58
0,126963,126963,file_anon_mix_p,3608,3608,3610,5,1,2,2,166983,358394,106599,24774,0,35610,100964,120067,0,137363,0,54,14,35206,0,2,0,18912,0,0,0,64
0,126963,126963,file_anon_mix_p,3608,3608,3610,5,1,2,2,167510,358211,106599,24774,0,36137,100179,120093,0,137939,0,54,14,35206,0,2,0,19615,0,0,0,64
0,126963,126963,file_anon_mix_p,3608,3608,3610,5,1,2,2,167944,358013,106599,24774,0,36571,99539,120067,0,138407,0,54,14,35206,0,2,0,20243,0,0,0,64
0,126955,127116,file_anon_mix_p,3608,3608,3610,5,1,2,2,167944,358013,106599,24774,0,36571,99539,120067,0,138407,0,54,14,35206,0,2,0,20243,0,0,0,64
0,126963,126963,file_anon_mix_p,3608,3608,3610,5,1,2,2,167944,357827,106599,24774,0,36571,99283,120067,0,138477,0,54,14,35206,0,2,0,20518,0,0,0,64
0,126963,126963,file_anon_mix_p,3608,3608,3610,5,1,2,2,168409,357603,106599,24774,0,37036,98553,120067,0,138983,0,54,14,35206,0,2,0,21192,0,0,0,59
0,126963,126963,file_anon_mix_p,3608,3608,3610,5,1,2,2,168423,357390,106599,24774,0,37050,98270,120067,0,139053,0,54,14,35206,0,2,0,21393,0,0,0,64
0,126955,127116,file_anon_mix_p,3608,3608,3610,5,1,2,2,168423,357539,106599,24774,0,37050,98489,120067,0,138983,0,54,14,35206,0,2,0,21247,0,0,0,64
0,126955,127116,file_anon_mix_p,3608,3608,3610,5,1,2,2,168645,357194,106599,24774,0,37272,97795,120067,0,139332,0,54,14,35206,0,2,0,21925,0,0,0,64
0,126963,126963,file_anon_mix_p,3608,3608,3610,5,1,2,2,168676,357069,106599,24774,0,37303,97475,120067,0,139527,0,54,14,35206,0,2,0,22208,0,0,0,64
0,126955,127116,file_anon_mix_p,3608,3608,3610,5,1,2,2,168676,357005,106599,24774,0,37303,97411,120067,0,139527,0,54,14,35206,0,2,0,22230,0,0,0,64
0,126963,126963,file_anon_mix_p,3608,3608,3610,5,1,2,2,169048,356805,106599,24774,0,37675,96612,120067,0,140126,0,54,14,35206,0,2,0,23014,0,0,0,64
0,126963,126963,file_anon_mix_p,3608,3608,3610,5,1,2,2,169078,356628,106599,24774,0,37705,96420,120067,0,140141,0,54,14,35206,0,2,0,23187,0,0,0,64
0,126955,127116,file_anon_mix_p,3608,3608,3610,5,1,2,2,169078,356741,106599,24774,0,37705,96548,120067,0,140126,0,54,14,35206,0,2,0,23027,0,0,0,64
0,126963,126963,file_anon_mix_p,3608,3608,3610,5,1,2,2,169377,356500,106599,24774,0,38004,95780,120067,0,140653,0,54,14,35206,0,2,0,23847,0,0,0,64
0,126963,126963,file_anon_mix_p,3608,3608,3610,5,1,2,2,169884,356438,106599,24774,0,38511,95148,120067,0,141223,0,54,14,35206,0,2,0,24473,0,0,0,64
0,126955,127116,file_anon_mix_p,3608,3608,3610,5,1,2,2,170181,356321,106599,24774,0,38808,94719,120067,0,141535,0,54,14,35206,0,2,0,24842,0,0,0,64
0,126963,126963,file_anon_mix_p,3608,3608,3610,5,1,2,2,170181,356196,106599,24774,0,38808,94463,120067,0,141666,0,54,14,35206,0,2,0,25028,0,0,0,64
0,126963,126963,file_anon_mix_p,3608,3608,3610,5,1,2,2,170378,356135,106599,24774,0,39005,94143,120067,0,141925,0,54,14,35206,0,2,0,25391,0,0,0,64
0,126955,127116,file_anon_mix_p,3608,3608,3610,5,1,2,2,170378,356135,106599,24774,0,39005,94143,120067,0,141925,0,54,14,35206,0,2,0,25391,0,0,0,53
0,126963,126963,file_anon_mix_p,3608,3608,3610,5,1,2,2,170471,355911,106599,24774,0,39098,93610,120067,0,142234,0,54,14,35206,0,2,0,25831,0,0,0,64
0,126955,127116,file_anon_mix_p,3608,3608,3610,5,1,2,2,170486,355847,106599,24774,0,39113,93546,120067,0,142234,0,54,14,35206,0,2,0,25871,0,0,0,64
0,126963,126963,file_anon_mix_p,3608,3608,3610,5,1,2,2,170486,355743,106599,24774,0,39113,93269,120067,0,142407,0,54,14,35206,0,2,0,26138,0,0,0,64
0,126955,127116,file_anon_mix_p,3608,3608,3610,5,1,2,2,170693,355682,106599,24774,0,39320,92928,120067,0,142687,0,54,14,35206,0,2,0,26506,0,0,0,64
0,126963,126963,file_anon_mix_p,3608,3608,3610,5,1,2,2,170755,355637,106599,24774,0,39382,92587,120067,0,142983,0,54,14,35206,0,2,0,26819,0,0,0,54
0,126955,127116,file_anon_mix_p,3608,3608,3610,5,1,2,2,171205,355514,106599,24774,0,39832,91966,120089,0,143459,0,54,14,35206,0,2,0,27368,0,0,0,64
0,126963,126963,file_anon_mix_p,3608,3608,3610,5,1,2,2,171205,355435,106599,24774,0,39832,91809,120067,0,143559,0,54,14,35206,0,2,0,27469,0,0,0,56
0,126963,126963,file_anon_mix_p,3608,3608,3610,5,1,2,2,171608,355246,106599,24774,0,40235,91082,120067,0,144097,0,54,14,35206,0,2,0,28082,0,0,0,64
0,126963,126963,file_anon_mix_p,3608,3608,3610,5,1,2,2,171608,355156,106599,24774,0,40235,90954,120067,0,144135,0,54,14,35206,0,2,0,28307,0,0,0,64
0,126955,127116,file_anon_mix_p,3608,3608,3610,5,1,2,2,171608,355310,106599,24774,0,40235,91146,120091,0,144073,0,54,14,35206,0,2,0,28080,0,0,0,64
0,126955,127116,file_anon_mix_p,3608,3608,3610,5,1,2,2,171717,355002,106599,24774,0,40344,90581,120067,0,144354,0,54,14,35206,0,2,0,28621,0,0,0,64
0,126963,126963,file_anon_mix_p,3608,3608,3610,5,1,2,2,171717,354919,106599,24774,0,40344,90297,120067,0,144555,0,54,14,35206,0,2,0,28849,0,0,0,64
0,126955,127116,file_anon_mix_p,3608,3608,3610,5,1,2,2,171718,354855,106599,24774,0,40345,90233,120067,0,144555,0,54,14,35206,0,2,0,28902,0,0,0,64
0,126963,126963,file_anon_mix_p,3608,3608,3610,5,1,2,2,171718,354790,106599,24774,0,40345,89948,120067,0,144775,0,54,14,35206,0,2,0,29190,0,0,0,64
0,126955,127116,file_anon_mix_p,3608,3608,3610,5,1,2,2,172007,354249,106599,24774,0,40634,89107,120067,0,145075,0,54,14,35206,0,2,0,29863,0,0,0,64
0,126963,126963,file_anon_mix_p,3608,3608,3610,5,1,2,2,172007,354313,106599,24774,0,40634,89171,120067,0,145075,0,54,14,35206,0,2,0,29843,0,0,0,64
0,126955,127116,file_anon_mix_p,3608,3608,3610,5,1,2,2,172741,353669,106599,24774,0,41368,88339,120067,0,145263,0,54,14,35206,0,2,0,30724,0,0,0,64
0,126955,127116,file_anon_mix_p,3608,3608,3610,5,1,2,2,173253,353347,106599,24774,0,41880,87955,120067,0,145325,0,54,14,35206,0,2,0,31061,0,0,0,64
0,126955,127116,file_anon_mix_p,3608,3608,3610,5,1,2,2,173695,353184,106599,24774,0,42322,87699,120067,0,145418,0,54,14,35206,0,2,0,31375,0,0,0,64
0,126955,127116,file_anon_mix_p,3608,3608,3610,5,1,2,2,174207,352682,106599,24774,0,42834,87187,120067,0,145428,0,54,14,35206,0,2,0,31748,0,0,0,64
0,126955,127116,file_anon_mix_p,3608,3608,3610,5,1,2,2,174277,352554,106599,24774,0,42904,87059,120067,0,145428,0,54,14,35206,0,2,0,31963,0,0,0,64
0,126963,126963,file_anon_mix_p,3608,3608,3610,5,1,2,2,173695,353066,106599,24774,0,42322,87571,120067,0,145428,0,54,14,35206,0,2,0,31434,0,0,0,64
0,126955,127116,file_anon_mix_p,3608,3608,3610,5,1,2,2,174277,352426,106599,24774,0,42904,86931,120067,0,145428,0,54,14,35206,0,2,0,32073,0,0,0,64
0,121783,121783,watch,3608,3608,3610,5,1,2,2,174160,352810,106599,24774,0,42787,87315,120067,0,145428,0,54,14,35206,0,2,0,31738,0,0,0,64
0,126955,127116,file_anon_mix_p,3608,3608,3610,5,1,2,2,174563,352265,106599,24774,0,43190,86739,120067,0,145459,0,54,14,35206,0,2,0,32305,0,0,0,64
0,126955,127116,file_anon_mix_p,3608,3608,3610,5,1,2,2,174789,352009,106599,24774,0,43416,86483,120067,0,145459,0,54,14,35206,0,2,0,32531,0,0,0,64
0,121783,121783,watch,3608,3608,3610,5,1,2,2,174563,352137,106599,24774,0,43190,86611,120067,0,145459,0,54,14,35206,0,2,0,32404,0,0,0,64
0,121783,121783,watch,3608,3608,3610,5,1,2,2,175037,351817,106599,24774,0,43664,86291,120067,0,145459,0,54,14,35206,0,2,0,32778,0,0,0,64
0,127136,127136,watch,3608,3608,3610,5,1,2,2,175178,351369,106599,24774,0,43805,85779,120067,0,145523,0,54,14,35206,0,2,0,33283,0,0,0,64
0,124101,124101,kworker/0:2,3608,3608,3610,5,1,2,2,175275,351177,106599,24774,0,43902,85523,120067,0,145587,0,54,14,35206,0,2,0,33493,0,0,0,64
0,127136,127136,sh,3608,3608,3610,5,1,2,2,175585,350820,106599,24774,0,44212,85011,120067,0,145742,0,54,14,35206,0,2,0,34028,0,0,0,64
0,126955,127116,file_anon_mix_p,3608,3608,3610,5,1,2,2,175840,350599,106599,24774,0,44467,84627,120067,0,145905,0,54,14,35206,0,2,0,34417,0,0,0,64
0,127136,127136,sh,3608,3608,3610,5,1,2,2,175839,350599,106599,24774,0,44466,84627,120067,0,145905,0,54,14,35206,0,2,0,34417,0,0,0,64
0,126963,126963,file_anon_mix_p,3608,3608,3610,5,1,2,2,175840,350471,106599,24774,0,44467,84499,120067,0,145905,0,54,14,35206,0,2,0,34430,0,0,0,64
0,126963,126963,file_anon_mix_p,3608,3608,3610,5,2,2,2,176291,350057,106599,24774,0,44918,83171,120070,0,146816,0,54,14,35206,0,5,0,35052,0,0,0,3
0,126955,127116,file_anon_mix_p,3608,3608,3610,5,2,2,2,176291,350121,106599,24774,0,44918,83235,120070,0,146816,0,54,14,35206,0,5,0,35038,0,0,0,43
0,126963,126963,file_anon_mix_p,3608,3608,3610,5,2,2,2,176291,350031,106599,24774,0,44918,82913,120070,0,147048,0,54,14,35206,0,5,0,35109,0,0,0,40
0,126955,127116,file_anon_mix_p,3608,3608,3610,5,2,2,2,176325,349973,106599,24774,0,44952,82521,120070,0,147382,0,54,14,35206,0,5,0,35184,0,0,0,83
0,126955,127116,file_anon_mix_p,3608,3608,3610,5,1,2,2,176837,349522,106599,24774,0,45464,81602,120070,0,147850,0,54,14,35206,0,5,0,35945,0,0,0,63
0,126955,127116,file_anon_mix_p,3608,3608,3610,5,1,2,2,177089,349314,106599,24774,0,45716,81130,120070,0,148114,0,54,14,35206,0,5,0,36376,0,0,0,64
0,126955,127116,file_anon_mix_p,3608,3608,3610,5,1,2,2,177349,349122,106599,24774,0,45976,80938,120070,0,148114,0,54,14,35206,0,5,0,36586,0,0,0,64
0,126955,127116,file_anon_mix_p,3608,3608,3610,5,1,2,2,177728,348895,106599,24774,0,46355,80682,120070,0,148143,0,54,14,35206,0,5,0,36815,0,0,0,64
0,126955,127116,file_anon_mix_p,3608,3608,3610,5,1,2,2,177861,348643,106599,24774,0,46488,80426,120070,0,148147,0,54,14,35206,0,5,0,36997,0,0,0,64
0,127136,127136,sh,3608,3608,3610,5,1,2,2,177747,348771,106599,24774,0,46374,80554,120070,0,148147,0,54,14,35206,0,5,0,36934,0,0,0,64
0,126955,127116,file_anon_mix_p,3608,3608,3610,5,1,2,2,178240,348418,106599,24774,0,46867,80170,120070,0,148178,0,54,14,35206,0,5,0,37301,0,0,0,64
0,126955,127116,file_anon_mix_p,3608,3608,3610,5,1,2,2,178373,348162,106599,24774,0,47000,79914,120070,0,148178,0,54,14,35206,0,5,0,37494,0,0,0,64
0,127137,127137,sh,3608,3608,3610,5,1,2,2,178373,348226,106599,24774,0,47000,79978,120070,0,148178,0,54,14,35206,0,5,0,37493,0,0,0,64
0,127137,127137,cat,3608,3608,3610,5,1,2,2,178586,347743,106599,24774,0,47213,79402,120070,0,148271,0,54,14,35206,0,5,0,38133,0,0,0,64
0,126955,127116,file_anon_mix_p,3608,3608,3610,5,1,2,2,179561,346402,106599,24774,0,48188,77866,120070,0,148466,0,54,14,35206,0,5,0,39627,0,0,0,64
0,126963,126963,file_anon_mix_p,3608,3608,3610,5,1,2,2,179552,346402,106599,24774,0,48179,77866,120070,0,148466,0,54,14,35206,0,5,0,39627,0,0,0,64
0,127137,127137,cat,3608,3608,3610,5,1,2,2,180853,345347,106599,24774,0,49480,76522,120070,0,148755,0,54,14,35206,0,5,0,40991,0,0,0,64
0,126955,127116,file_anon_mix_p,3608,3608,3610,5,1,2,2,181102,345091,106599,24774,0,49729,76266,120070,0,148755,0,54,14,35206,0,5,0,41207,0,0,0,64
0,126955,127116,file_anon_mix_p,3608,3608,3610,5,1,2,2,181445,344771,106599,24774,0,50072,75946,120070,0,148755,0,54,14,35206,0,5,0,41559,0,0,0,64
0,126955,127116,file_anon_mix_p,3608,3608,3610,5,1,2,2,182469,343923,106599,24774,0,51096,74794,120070,0,149059,0,54,14,35206,0,5,0,42711,0,0,0,64
0,126955,127116,file_anon_mix_p,3608,3608,3610,5,1,2,2,182978,343630,106599,24774,0,51605,74346,120070,0,149214,0,54,14,35206,0,5,0,43167,0,0,0,64
0,126955,127116,file_anon_mix_p,3608,3608,3610,5,1,2,2,183483,343242,106599,24774,0,52110,73834,120070,0,149338,0,54,14,35206,0,5,0,43653,0,0,0,64
0,126963,126963,file_anon_mix_p,3608,3608,3610,5,1,2,2,183483,343178,106599,24774,0,52110,73770,120070,0,149338,0,54,14,35206,0,5,0,43681,0,0,0,64
0,126955,127116,file_anon_mix_p,3608,3608,3610,5,1,2,2,183493,342858,106599,24774,0,52120,73450,120070,0,149338,0,54,14,35206,0,5,0,43983,0,0,0,64
0,126955,127116,file_anon_mix_p,3608,3608,3610,5,1,2,2,185006,340933,106599,24774,0,53633,71018,120070,0,149845,0,54,14,35206,0,5,0,46485,0,0,0,64
0,126963,126963,file_anon_mix_p,3608,3608,3610,5,1,2,2,185006,340899,106599,24774,0,53633,70954,120070,0,149875,0,54,14,35206,0,5,0,46546,0,0,0,64
0,126955,127116,file_anon_mix_p,3608,3608,3610,5,1,2,2,186078,340222,106599,24774,0,54705,70122,120070,0,150030,0,54,14,35206,0,5,0,47378,0,0,0,64
0,126955,127116,file_anon_mix_p,3608,3608,3610,5,1,2,2,186646,339834,106599,24774,0,55273,69610,120070,0,150154,0,54,14,35206,0,5,0,47911,0,0,0,64
0,126963,126963,file_anon_mix_p,3608,3608,3610,5,1,2,2,186646,339779,106599,24774,0,55273,69546,120070,0,150163,0,54,14,35206,0,5,0,47924,0,0,0,64
0,126963,126963,file_anon_mix_p,3608,3608,3610,5,2,2,2,187151,339138,106599,24774,0,55778,68778,120070,0,150290,0,54,14,35206,0,5,0,48712,0,0,0,18
0,126963,126963,file_anon_mix_p,3608,3608,3610,5,4,2,2,187213,339109,106599,24774,0,55840,68301,120070,0,150738,0,54,14,35206,0,5,0,48775,0,0,0,0
0,126963,126963,file_anon_mix_p,3608,3608,3610,5,9,2,2,187310,339056,106599,24774,0,55937,66936,120070,0,152050,0,54,14,35206,0,5,0,48775,0,0,0,2
0,126955,127116,file_anon_mix_p,3608,3608,3610,5,2,2,2,187589,338990,106599,24774,0,56216,64504,120070,0,154416,0,54,14,35206,0,5,0,48777,0,0,0,0
0,126955,127116,file_anon_mix_p,3608,3608,3610,5,5,2,2,187589,339054,106599,24774,0,56216,63480,120070,0,155504,0,54,14,35206,0,5,0,48777,0,0,0,0
0,126963,126963,file_anon_mix_p,3608,3608,3610,5,16,2,2,187589,339053,106599,24774,0,56216,64376,120070,0,154607,0,54,14,35206,0,5,0,48777,0,0,0,2
0,126955,127116,file_anon_mix_p,3608,3608,3610,5,9,2,2,187589,339053,106599,24774,0,56216,61688,120070,0,157295,0,54,14,35206,0,5,0,48777,0,0,0,0
0,126955,127116,file_anon_mix_p,3608,3608,3610,5,17,2,2,187589,338988,106599,24774,0,56216,59128,120070,0,159790,0,54,14,35206,0,5,0,48779,0,0,0,0
0,126963,126963,file_anon_mix_p,3608,3608,3610,5,33,2,2,187589,339032,106599,24774,0,56216,59256,120070,0,159706,0,54,14,35206,0,5,0,48779,0,0,0,0
0,394,394,sshd-session,3608,3608,3610,5,2,2,2,187589,338923,106599,24774,0,56216,49528,120070,0,169325,0,54,14,35206,0,5,0,48780,0,0,0,0
0,394,394,sshd-session,3608,3608,3610,5,5,2,2,187589,338983,106599,24774,0,56216,49140,120070,0,169773,0,54,14,35206,0,5,0,48780,0,0,0,0
0,126955,127116,file_anon_mix_p,3608,3608,3610,5,33,2,2,187589,339116,106599,24774,0,56216,54392,120070,0,164654,0,54,14,35206,0,5,0,48779,0,0,0,1
0,394,394,sshd-session,3608,3608,3610,5,9,2,2,187589,338923,106599,24774,0,56216,47352,120070,0,171501,0,54,14,35206,0,5,0,48781,0,0,0,0
0,394,394,sshd-session,3608,3608,3610,5,17,2,2,187589,338987,106599,24774,0,56216,43640,120070,0,175277,0,54,14,35206,0,5,0,48781,0,0,0,0
0,394,394,sshd-session,3608,3608,3610,5,33,2,2,187589,339039,106599,24774,0,56216,37100,120070,0,181869,0,54,14,35206,0,5,0,48781,0,0,0,0
0,45,45,kswapd0,3608,3608,3610,5,1291,2,2,152871,360791,106599,24774,0,21498,142611,120093,0,98087,0,54,14,35206,0,0,0,5249,0,0,0,37287
0,45,45,kswapd0,0,0,3,5,0,3,3,0,0,0,0,0,0,0,0,0,0,0,0,0,0,0,0,0,0,0,0,0,0
0,45,45,kswapd0,5217,5217,5218,5,0,1,1,40,28,33,0,0,7,14,0,0,14,2,0,425,2,0,0,0,0,0,0,0,0
0,394,394,sshd-session,3608,3608,3610,5,4,2,2,187589,338987,106599,24774,0,56216,26296,120070,0,192621,0,54,14,35206,0,5,0,48781,0,0,0,0
0,394,394,sshd-session,0,0,3,5,0,3,3,0,0,0,0,0,0,0,0,0,0,0,0,0,0,0,0,0,0,0,0,0,0
0,394,394,sshd-session,0,0,3,5,0,3,3,0,0,0,0,0,0,0,0,0,0,0,0,0,0,0,0,0,0,0,0,0,0
0,45,45,kswapd0,0,0,3,5,0,3,3,0,0,0,0,0,0,0,0,0,0,0,0,0,0,0,0,0,0,0,0,0,0
0,45,45,kswapd0,0,0,3,5,0,3,3,0,0,0,0,0,0,0,0,0,0,0,0,0,0,0,0,0,0,0,0,0,0
0,45,45,kswapd0,147,147,149,5,1,2,2,6,0,6,0,0,0,0,0,0,0,0,0,582,18,0,0,43,0,0,0,6,0
0,45,45,kswapd0,233,233,235,5,0,2,2,1,0,1,0,0,0,0,0,0,0,0,0,0,50,0,0,65,18,0,0,0,0
0,45,45,kswapd0,0,0,3,5,0,3,3,0,0,0,0,0,0,0,0,0,0,0,0,0,0,0,0,0,0,0,0,0,0
0,45,45,kswapd0,0,0,3,5,0,3,3,0,0,0,0,0,0,0,0,0,0,0,0,0,0,0,0,0,0,0,0,0,0
0,45,45,kswapd0,0,0,3,5,0,3,3,0,0,0,0,0,0,0,0,0,0,0,0,0,0,0,0,0,0,0,0,0,0
0,394,394,sshd-session,1123,1123,1126,5,1,3,3,77,94,0,10,67,0,7,39,48,0,0,0,17,8,0,0,0,0,0,0,0,1
0,394,394,sshd-session,4,4,6,5,0,2,2,2,0,2,0,0,0,0,0,0,0,0,0,0,0,0,0,54,0,0,0,0,0
0,394,394,sshd-session,0,0,3,5,0,3,3,0,0,0,0,0,0,0,0,0,0,0,0,0,0,0,0,0,0,0,0,0,0
0,394,394,sshd-session,0,0,3,5,0,3,3,0,0,0,0,0,0,0,0,0,0,0,0,0,0,0,0,0,0,0,0,0,0
0,394,394,sshd-session,0,0,3,5,0,3,3,0,0,0,0,0,0,0,0,0,0,0,0,0,0,0,0,0,0,0,0,0,0
0,394,394,sshd-session,12,12,14,5,0,2,2,4,0,1,3,0,0,0,0,0,0,0,0,362,0,0,0,23,0,0,0,0,0
0,394,394,sshd-session,127,127,129,5,0,2,2,28,0,23,5,0,0,0,0,0,0,0,0,134,0,0,0,0,0,0,0,0,0
0,394,394,sshd-session,0,0,3,5,0,3,3,0,0,0,0,0,0,0,0,0,0,0,0,0,0,0,0,0,0,0,0,0,0
0,394,394,sshd-session,0,0,3,5,0,3,3,0,0,0,0,0,0,0,0,0,0,0,0,0,0,0,0,0,0,0,0,0,0
0,394,394,sshd-session,0,0,3,5,0,3,3,0,0,0,0,0,0,0,0,0,0,0,0,0,0,0,0,0,0,0,0,0,0
0,394,394,sshd-session,127,127,129,5,0,2,2,28,0,23,5,0,0,0,0,0,0,0,0,134,0,0,0,0,0,0,0,0,0
0,45,45,kswapd0,3985,3985,3987,5,1,2,2,54,116,17,5,0,32,56,33,0,27,0,0,59,87,0,8,0,43,0,0,0,49
0,45,45,kswapd0,233,233,235,5,0,2,2,1,0,1,0,0,0,0,0,0,0,0,0,0,50,0,0,65,18,0,0,0,0
0,126963,126963,file_anon_mix_p,3608,3608,3610,5,65,2,2,187589,339115,106599,24774,0,56216,49720,120070,0,169325,0,54,14,35206,0,5,0,48780,0,0,0,0
0,45,45,kswapd0,0,0,3,5,0,3,3,0,0,0,0,0,0,0,0,0,0,0,0,0,0,0,0,0,0,0,0,0,0
0,45,45,kswapd0,0,0,3,5,0,3,3,0,0,0,0,0,0,0,0,0,0,0,0,0,0,0,0,0,0,0,0,0,0
0,126963,126963,file_anon_mix_p,0,0,3,5,0,3,3,0,0,0,0,0,0,0,0,0,0,0,0,0,0,0,0,0,0,0,0,0,0
0,394,394,sshd-session,3985,3985,3987,5,0,2,2,54,67,17,5,0,32,0,40,0,27,0,0,59,87,0,8,0,81,0,0,0,0
0,394,394,sshd-session,1086,1086,1087,5,0,1,1,0,50,0,0,0,0,50,0,0,0,0,0,15,70,0,0,18,0,0,0,0,0
0,394,394,sshd-session,100,100,102,5,0,2,2,38,0,25,13,0,0,0,0,0,0,0,0,42,0,0,0,0,0,0,0,0,0
0,394,394,sshd-session,123,123,125,5,1,2,2,0,64,0,0,0,0,25,39,0,0,0,0,10,40,0,0,0,13,0,0,0,0
0,45,45,kswapd0,1084,1084,1087,5,2,3,3,27,70,27,0,0,0,2,19,49,0,0,0,25,266,0,0,37,16,0,0,25,7
0,45,45,kswapd0,124,124,125,5,0,1,1,0,64,0,0,0,0,51,0,0,13,0,0,5,31,0,0,0,0,0,0,0,0
0,126930,126930,mglru_monitor,3608,3608,3611,5,2,3,3,187589,338923,106599,24774,56216,0,23928,120069,193966,960,0,54,14,35206,0,5,0,48781,0,0,0,0
0,126930,126930,mglru_monitor,0,0,3,5,0,3,3,0,0,0,0,0,0,0,0,0,0,0,0,0,0,0,0,0,0,0,0,0,0
0,126930,126930,mglru_monitor,148,148,149,5,0,1,1,0,0,0,0,0,0,0,0,0,0,0,0,312,9,0,0,6,0,0,0,0,0
0,126930,126930,mglru_monitor,3952,3952,3955,5,0,3,3,1582,1885,15,125,1442,0,193,59,1633,0,8,0,316,53,0,0,0,0,0,0,0,0
0,126930,126930,mglru_monitor,0,0,3,5,0,3,3,0,0,0,0,0,0,0,0,0,0,0,0,0,0,0,0,0,0,0,0,0,0
0,126930,126930,mglru_monitor,6,6,8,5,0,2,2,0,1,0,0,0,0,1,0,0,0,0,0,15,0,0,0,0,12,0,0,0,0
0,126930,126930,mglru_monitor,10,10,12,5,0,2,2,1,0,1,0,0,0,0,0,0,0,0,0,0,1,0,0,59,0,0,0,0,0
0,126930,126930,mglru_monitor,1489,1489,1491,5,0,2,2,22,81,13,0,0,9,0,74,0,7,1,0,40,282,0,0,17,0,0,0,0,0
0,126930,126930,mglru_monitor,4,4,6,5,0,2,2,2,0,2,0,0,0,0,0,0,0,0,0,0,0,0,0,54,0,0,0,0,0
0,126930,126930,mglru_monitor,0,0,3,5,0,3,3,0,0,0,0,0,0,0,0,0,0,0,0,0,0,0,0,0,0,0,0,0,0
0,126930,126930,mglru_monitor,32,32,35,5,0,3,3,2,0,0,0,2,0,0,0,0,0,0,0,48,34,0,0,31,0,2,0,0,0
0,126930,126930,mglru_monitor,0,0,3,5,0,3,3,0,0,0,0,0,0,0,0,0,0,0,0,0,0,0,0,0,0,0,0,0,0
0,126930,126930,mglru_monitor,0,0,3,5,0,3,3,0,0,0,0,0,0,0,0,0,0,0,0,0,0,0,0,0,0,0,0,0,0
0,126930,126930,mglru_monitor,5245,5245,5247,5,0,2,2,136,330,10,64,0,62,99,71,0,160,1,27,47,227,0,52,9,28,3,14,0,0
0,126930,126930,mglru_monitor,0,0,3,5,0,3,3,0,0,0,0,0,0,0,0,0,0,0,0,0,0,0,0,0,0,0,0,0,0
0,126930,126930,mglru_monitor,0,0,3,5,0,3,3,0,0,0,0,0,0,0,0,0,0,0,0,0,0,0,0,0,0,0,0,0,0
0,126930,126930,mglru_monitor,0,0,3,5,0,3,3,0,0,0,0,0,0,0,0,0,0,0,0,0,0,0,0,0,0,0,0,0,0
0,126930,126930,mglru_monitor,6,7,9,5,0,3,2,0,0,0,0,0,0,0,0,0,0,0,0,0,1,0,0,0,22,0,0,0,0
0,126930,126930,mglru_monitor,0,0,3,5,0,3,3,0,0,0,0,0,0,0,0,0,0,0,0,0,0,0,0,0,0,0,0,0,0
0,126930,126930,mglru_monitor,0,0,3,5,0,3,3,0,0,0,0,0,0,0,0,0,0,0,0,0,0,0,0,0,0,0,0,0,0
0,126930,126930,mglru_monitor,12,12,14,5,0,2,2,4,0,1,3,0,0,0,0,0,0,0,0,362,0,0,0,23,0,0,0,0,0
0,126930,126930,mglru_monitor,100,100,102,5,0,2,2,38,0,25,13,0,0,0,0,0,0,0,0,42,0,0,0,0,0,0,0,0,0
0,126930,126930,mglru_monitor,10,10,12,5,0,2,2,1,0,1,0,0,0,0,0,0,0,0,0,0,1,0,0,59,0,0,0,0,0
0,126930,126930,mglru_monitor,5245,5245,5247,5,0,2,2,136,330,10,64,0,62,99,71,0,160,1,27,47,227,0,52,9,28,3,14,0,0
0,126930,126930,mglru_monitor,1489,1489,1491,5,0,2,2,22,81,13,0,0,9,0,74,0,7,1,0,40,282,0,0,17,0,0,0,0,0
0,126930,126930,mglru_monitor,0,0,3,5,0,3,3,0,0,0,0,0,0,0,0,0,0,0,0,0,0,0,0,0,0,0,0,0,0
0,126930,126930,mglru_monitor,1124,1124,1126,5,0,2,2,77,93,10,67,0,0,44,48,0,1,0,0,8,6,0,0,0,1,0,0,0,0
0,126930,126930,mglru_monitor,32,32,35,5,0,3,3,2,0,0,0,2,0,0,0,0,0,0,0,48,34,0,0,31,0,2,0,0,0
0,126930,126930,mglru_monitor,1124,1124,1126,5,0,2,2,77,93,10,67,0,0,44,48,0,1,0,0,8,6,0,0,0,1,0,0,0,0
0,126930,126930,mglru_monitor,3952,3952,3955,5,0,3,3,1582,1885,15,125,1442,0,193,59,1633,0,8,0,316,53,0,0,0,0,0,0,0,0
0,126930,126930,mglru_monitor,0,0,3,5,0,3,3,0,0,0,0,0,0,0,0,0,0,0,0,0,0,0,0,0,0,0,0,0,0
0,126930,126930,mglru_monitor,6,6,8,5,0,2,2,0,1,0,0,0,0,1,0,0,0,0,0,15,0,0,0,0,12,0,0,0,0
0,126963,126963,file_anon_mix_p,1084,1084,1087,5,1,3,3,27,70,27,0,0,0,0,21,49,0,0,0,25,266,0,2,37,16,0,0,0,18
0,126930,126930,mglru_monitor,3608,3608,3611,5,5,3,3,187589,338993,106599,24774,56216,0,23032,120069,193966,1926,0,54,14,35206,0,5,0,48781,0,0,0,0
0,126930,126930,mglru_monitor,0,0,3,5,0,3,3,0,0,0,0,0,0,0,0,0,0,0,0,0,0,0,0,0,0,0,0,0,0
0,126930,126930,mglru_monitor,6,7,9,5,0,3,2,0,0,0,0,0,0,0,0,0,0,0,0,0,1,0,0,0,22,0,0,0,0
0,126930,126930,mglru_monitor,0,0,3,5,0,3,3,0,0,0,0,0,0,0,0,0,0,0,0,0,0,0,0,0,0,0,0,0,0
0,126955,127116,file_anon_mix_p,3608,3608,3610,5,65,2,2,187589,339102,106599,24774,0,56216,44280,120070,0,174752,0,54,14,35206,0,5,0,48781,0,0,0,0
0,126930,126930,mglru_monitor,3608,3608,3611,5,9,3,3,187589,339019,106599,24774,56216,0,20792,120069,193966,4192,0,54,14,35206,0,5,0,48781,0,0,0,0
0,126930,126930,mglru_monitor,3608,3608,3611,5,17,3,3,187589,339115,106599,24774,56216,0,17848,120069,193966,7232,0,54,14,35206,0,5,0,48781,0,0,0,0
0,126930,126930,mglru_monitor,3608,3608,3611,5,33,3,3,187589,339083,106599,24774,56216,0,14456,120069,193966,10592,0,54,14,35206,0,5,0,48781,0,0,0,0
0,126930,126930,mglru_monitor,3608,3608,3611,5,65,3,3,187589,339212,106599,24774,56216,0,10808,120069,193966,14369,0,54,14,35206,0,5,0,48781,0,0,0,0
0,126930,126930,mglru_monitor,3608,3608,3611,5,18,3,3,187589,339173,106599,24774,56216,0,2452,120069,193966,22686,0,54,14,35206,0,5,0,48781,0,0,0,64
0,394,394,sshd-session,3608,3608,3611,5,48,3,3,187589,339051,106599,24774,56216,0,24632,120069,193966,384,0,54,14,35206,0,5,0,48781,0,0,0,32
0,126963,126963,file_anon_mix_p,3608,3608,3611,5,2,3,3,187580,339535,97480,24773,56216,9111,0,120070,193966,25499,0,54,14,35206,0,5,1,48900,0,0,0,0
0,60,60,jbd2/sda-8,3608,3608,3611,5,2,3,3,187460,339535,96272,24773,56216,10199,0,120070,193966,25499,0,54,14,35206,0,5,1,48900,0,0,0,0
0,126930,126930,mglru_monitor,3608,3608,3611,5,2,3,3,187388,339535,95624,24773,56216,10775,0,120070,193966,25499,0,54,14,35206,0,5,1,48900,0,0,0,0
0,126963,126963,file_anon_mix_p,3608,3608,3611,5,5,3,3,187522,339535,96654,24773,56216,9879,0,120070,193966,25499,0,54,14,35206,0,5,1,48900,0,0,0,0
0,60,60,jbd2/sda-8,3608,3608,3611,5,5,3,3,187516,339535,96016,24773,56216,10511,0,120070,193966,25499,0,54,14,35206,0,5,1,48900,0,0,0,0
0,126930,126930,mglru_monitor,3608,3608,3611,5,5,3,3,187468,339535,95000,24773,56216,11479,0,120070,193966,25499,0,54,14,35206,0,5,1,48900,0,0,0,0
0,60,60,jbd2/sda-8,3608,3608,3611,5,9,3,3,187429,339535,94641,24773,56216,11799,0,120070,193966,25499,0,54,14,35206,0,5,1,48900,0,0,0,0
0,126963,126963,file_anon_mix_p,3608,3608,3611,5,9,3,3,187425,339535,94672,24773,56216,11764,0,120070,193966,25499,0,54,14,35206,0,5,1,48900,0,0,0,0
0,126930,126930,mglru_monitor,3608,3608,3611,5,9,3,3,187405,339535,93337,24773,56216,13079,0,120070,193966,25499,0,54,14,35206,0,5,1,48900,0,0,0,0
0,60,60,jbd2/sda-8,3608,3608,3611,5,17,3,3,187524,339535,92496,24773,56216,14039,0,120070,193966,25499,0,54,14,35206,0,5,1,48900,0,0,0,0
0,126930,126930,mglru_monitor,3608,3608,3611,5,17,3,3,187395,339535,90320,24773,56216,16086,0,120070,193966,25499,0,54,14,35206,0,5,2,48900,0,0,0,0
0,126955,127116,file_anon_mix_p,3608,3608,3611,5,129,3,3,187589,339056,106599,24774,56216,0,19128,120069,193966,5893,0,54,14,35206,0,5,0,48781,0,0,2,0
0,126963,126963,file_anon_mix_p,3608,3608,3611,5,17,3,3,187368,339535,90896,24773,56216,15483,0,120070,193966,25499,0,54,14,35206,0,5,2,48900,0,0,0,0
0,126743,126743,kworker/u8:0,3608,3608,3611,5,2,3,3,187375,339535,81981,24773,56216,24405,0,120070,193966,25499,0,54,14,35206,0,5,3,48900,0,0,0,0
0,60,60,jbd2/sda-8,3608,3608,3611,5,33,3,3,187350,339535,88272,24773,56216,18089,0,120070,193966,25499,0,54,14,35206,0,5,3,48900,0,0,0,0
0,126743,126743,kworker/u8:0,3608,3608,3611,5,5,3,3,187271,339535,81488,24773,56216,24794,0,120070,193966,25499,0,54,14,35206,0,5,3,48900,0,0,0,0
0,126743,126743,kworker/u8:0,3608,3608,3611,5,9,3,3,187337,339535,79120,24773,56216,27228,0,120070,193966,25499,0,54,14,35206,0,5,3,48900,0,0,0,0
0,60,60,jbd2/sda-8,3608,3608,3611,5,65,3,3,187298,339535,81200,24773,56216,25109,0,120070,193966,25499,0,54,14,35206,0,5,3,48900,0,0,0,0
0,126743,126743,kworker/u8:0,3608,3608,3611,5,17,3,3,187353,339535,75367,24773,56216,30997,0,120070,193966,25499,0,54,14,35206,0,5,3,48900,0,0,0,0
0,126930,126930,mglru_monitor,3608,3608,3611,5,33,3,3,187405,339535,84368,24773,56216,22048,0,120070,193966,25499,0,54,14,35206,0,5,3,48900,0,0,0,0
0,126743,126743,kworker/u8:0,3608,3608,3611,5,33,3,3,187270,339535,68880,24773,56216,37401,0,120070,193966,25499,0,54,14,35206,0,5,3,48900,0,0,0,0
0,121783,121783,watch,3608,3608,3611,5,2,3,3,187486,339535,57388,24773,56216,49109,0,120070,193966,25499,0,54,14,35206,0,5,3,48900,0,0,0,0
0,60,60,jbd2/sda-8,3608,3608,3611,5,129,3,3,187458,339535,73232,24773,56216,33237,0,120070,193966,25499,0,54,14,35206,0,5,3,48900,0,0,0,0
0,121783,121783,watch,3608,3608,3611,5,5,3,3,187393,339535,56400,24773,56216,50004,0,120070,193966,25499,0,54,14,35206,0,5,4,48900,0,0,0,0
0,121783,121783,watch,3608,3608,3611,5,9,3,3,187329,339535,50896,24773,56216,55444,0,120070,193966,25499,0,54,14,35206,0,5,4,48900,0,0,0,0
0,126743,126743,kworker/u8:0,3608,3608,3611,5,65,3,3,187458,339535,58064,24773,56216,48405,0,120070,193966,25499,0,54,14,35206,0,5,3,48900,0,0,1,0
0,126963,126963,file_anon_mix_p,3608,3608,3611,5,33,3,3,187455,339535,82256,24773,56216,24210,0,120070,193966,25499,0,54,14,35206,0,5,3,48900,0,0,0,0
0,121783,121783,watch,3608,3608,3611,5,17,3,3,187202,339535,45136,24773,56216,61077,0,120070,193966,25499,0,54,14,35206,0,5,5,48900,0,0,0,0
0,126930,126930,mglru_monitor,3608,3608,3611,5,65,3,3,187458,339535,59472,24773,56216,46997,0,120070,193966,25499,0,54,14,35206,0,5,3,48900,0,0,0,0
0,126743,126743,kworker/u8:0,3608,3608,3611,5,129,3,3,187263,339535,40912,24773,56216,65362,0,120070,193966,25499,0,54,14,35206,0,5,6,48900,0,0,1,0
0,121783,121783,watch,3608,3608,3611,5,33,3,3,187262,339535,30416,24773,56216,75857,0,120070,193966,25499,0,54,14,35206,0,5,7,48900,0,0,0,0
0,126743,126743,kworker/u8:0,3608,3608,3611,5,70,3,3,187409,339535,8848,24773,56216,97572,0,120070,193966,25499,0,54,14,35206,0,5,8,48900,0,0,0,67
0,60,60,jbd2/sda-8,3608,3608,3611,5,224,3,3,187393,339535,51152,24773,56216,55252,0,120070,193966,25499,0,54,14,35206,0,5,4,48900,0,0,1,67
0,60,60,jbd2/sda-8,3609,3609,3611,5,1,2,2,187581,339017,24773,56217,0,106591,114887,193986,0,30144,0,27,11,42055,0,2,0,232,0,0,0,64
0,126743,126743,kworker/u8:0,3609,3609,3611,5,1,2,2,187581,338953,24773,56217,0,106591,114823,193968,0,30162,0,27,11,42055,0,2,0,330,0,0,0,64
0,121783,121783,watch,3608,3608,3611,5,11,3,3,187349,339535,3408,24773,56216,102952,0,120070,193966,25499,0,54,14,35206,0,5,8,48900,0,0,0,64
0,60,60,jbd2/sda-8,3609,3609,3611,5,1,2,2,187581,338825,24773,56217,0,106591,114695,193968,0,30162,0,27,11,42055,0,2,0,473,0,0,0,64
0,126930,126930,mglru_monitor,3608,3608,3611,5,21,3,3,187407,339535,10512,24773,56216,95906,0,120070,193966,25499,0,54,14,35206,0,5,8,48900,0,0,0,64
0,126955,127116,file_anon_mix_p,3608,3608,3611,5,62,3,3,187330,339535,82960,24773,56216,23381,0,120070,193966,25499,0,54,14,35206,0,5,3,48900,0,0,1,55
0,126963,126963,file_anon_mix_p,3608,3608,3611,5,22,3,3,187394,339535,32720,24773,56216,73685,0,120070,193966,25499,0,54,14,35206,0,5,7,48900,0,0,0,64
0,45,45,kswapd0,3608,3608,3611,5,731,3,3,187589,338987,106599,24774,56216,0,24440,120069,193966,512,0,54,14,35206,0,5,0,48781,0,0,2,8733
0,45,45,kswapd0,0,0,3,5,0,3,3,0,0,0,0,0,0,0,0,0,0,0,0,0,0,0,0,0,0,0,0,0,0
0,45,45,kswapd0,5245,5245,5247,5,0,2,2,136,330,10,64,0,62,99,71,0,160,1,27,47,227,0,52,9,28,3,14,0,0
0,45,45,kswapd0,0,0,3,5,0,3,3,0,0,0,0,0,0,0,0,0,0,0,0,0,0,0,0,0,0,0,0,0,0
0,45,45,kswapd0,32,32,35,5,0,3,3,2,0,0,0,2,0,0,0,0,0,0,0,48,34,0,0,31,0,2,0,0,0
0,45,45,kswapd0,1124,1124,1126,5,1,2,2,77,93,10,67,0,0,44,48,0,1,0,0,8,6,0,0,0,1,0,0,0,26
0,45,45,kswapd0,0,0,3,5,0,3,3,0,0,0,0,0,0,0,0,0,0,0,0,0,0,0,0,0,0,0,0,0,0
0,45,45,kswapd0,0,0,3,5,0,3,3,0,0,0,0,0,0,0,0,0,0,0,0,0,0,0,0,0,0,0,0,0,0
0,45,45,kswapd0,6,7,9,5,0,3,2,0,0,0,0,0,0,0,0,0,0,0,0,0,1,0,0,0,22,0,0,0,0
0,45,45,kswapd0,0,0,3,5,0,3,3,0,0,0,0,0,0,0,0,0,0,0,0,0,0,0,0,0,0,0,0,0,0
0,45,45,kswapd0,0,0,3,5,0,3,3,0,0,0,0,0,0,0,0,0,0,0,0,0,0,0,0,0,0,0,0,0,0
0,45,45,kswapd0,0,0,3,5,0,3,3,0,0,0,0,0,0,0,0,0,0,0,0,0,0,0,0,0,0,0,0,0,0
0,45,45,kswapd0,233,233,235,5,1,2,2,22,116,1,0,0,21,101,0,0,15,0,0,0,50,0,0,65,18,0,2,0,63
0,45,45,kswapd0,0,0,3,5,0,3,3,0,0,0,0,0,0,0,0,0,0,0,0,0,0,0,0,0,0,0,0,0,0
0,45,45,kswapd0,124,124,126,5,1,2,2,0,64,0,0,0,0,51,13,0,0,0,0,5,31,0,0,0,0,0,0,0,4
0,45,45,kswapd0,0,0,3,5,0,3,3,0,0,0,0,0,0,0,0,0,0,0,0,0,0,0,0,0,0,0,0,0,0
0,45,45,kswapd0,1087,1087,1088,5,0,1,1,2,45,2,0,0,0,40,0,0,5,0,0,20,56,0,0,0,25,0,0,0,0
0,45,45,kswapd0,3609,3609,3612,5,128,3,3,189527,331144,24774,56216,108475,62,105333,193967,31813,31,0,27,11,42055,0,2,0,9283,0,0,0,8192
0,45,45,kswapd0,0,0,3,5,0,3,3,0,0,0,0,0,0,0,0,0,0,0,0,0,0,0,0,0,0,0,0,0,0
0,45,45,kswapd0,12,12,14,5,0,2,2,4,0,1,3,0,0,0,0,0,0,0,0,362,0,0,0,23,0,0,0,0,0
0,45,45,kswapd0,100,100,102,5,0,2,2,38,0,25,13,0,0,0,0,0,0,0,0,42,0,0,0,0,0,0,0,0,0
0,45,45,kswapd0,0,0,3,5,0,3,3,0,0,0,0,0,0,0,0,0,0,0,0,0,0,0,0,0,0,0,0,0,0
0,45,45,kswapd0,6,7,9,5,0,3,2,0,0,0,0,0,0,0,0,0,0,0,0,0,1,0,0,0,22,0,0,0,0
0,45,45,kswapd0,125,125,126,5,0,1,1,0,60,0,0,0,0,51,0,0,9,0,0,2,33,0,0,0,4,0,0,0,0
0,45,45,kswapd0,5217,5217,5219,5,1,2,2,40,33,33,7,0,0,19,14,0,0,2,0,425,2,0,0,0,0,0,0,0,8
0,45,45,kswapd0,0,0,3,5,0,3,3,0,0,0,0,0,0,0,0,0,0,0,0,0,0,0,0,0,0,0,0,0,0
0,45,45,kswapd0,4,4,6,5,0,2,2,2,0,2,0,0,0,0,0,0,0,0,0,0,0,0,0,54,0,0,0,0,0
0,45,45,kswapd0,10,10,12,5,0,2,2,1,0,1,0,0,0,0,0,0,0,0,0,0,1,0,0,59,0,0,0,0,0
0,45,45,kswapd0,3952,3952,3955,5,1,3,3,1582,1885,15,125,1442,0,193,59,1633,0,8,0,316,53,0,0,0,0,0,0,0,28
0,45,45,kswapd0,0,0,3,5,0,3,3,0,0,0,0,0,0,0,0,0,0,0,0,0,0,0,0,0,0,0,0,0,0
0,45,45,kswapd0,0,0,3,5,0,3,3,0,0,0,0,0,0,0,0,0,0,0,0,0,0,0,0,0,0,0,0,0,0
0,45,45,kswapd0,10,10,12,5,0,2,2,1,0,1,0,0,0,0,0,0,0,0,0,0,1,0,0,59,0,0,0,0,0
0,45,45,kswapd0,0,0,3,5,0,3,3,0,0,0,0,0,0,0,0,0,0,0,0,0,0,0,0,0,0,0,0,0,0
0,45,45,kswapd0,0,0,3,5,0,3,3,0,0,0,0,0,0,0,0,0,0,0,0,0,0,0,0,0,0,0,0,0,0
0,45,45,kswapd0,0,0,3,5,0,3,3,0,0,0,0,0,0,0,0,0,0,0,0,0,0,0,0,0,0,0,0,0,0
0,45,45,kswapd0,0,0,3,5,0,3,3,0,0,0,0,0,0,0,0,0,0,0,0,0,0,0,0,0,0,0,0,0,0
0,45,45,kswapd0,0,0,3,5,0,3,3,0,0,0,0,0,0,0,0,0,0,0,0,0,0,0,0,0,0,0,0,0,0
0,45,45,kswapd0,6,6,8,5,0,2,2,0,1,0,0,0,0,1,0,0,0,0,0,15,0,0,0,0,12,0,0,0,0
0,45,45,kswapd0,0,0,3,5,0,3,3,0,0,0,0,0,0,0,0,0,0,0,0,0,0,0,0,0,0,0,0,0,0
0,45,45,kswapd0,127,127,129,5,0,2,2,28,0,23,5,0,0,0,0,0,0,0,0,134,0,0,0,0,0,0,0,0,0
0,45,45,kswapd0,0,0,3,5,0,3,3,0,0,0,0,0,0,0,0,0,0,0,0,0,0,0,0,0,0,0,0,0,0
0,45,45,kswapd0,0,0,3,5,0,3,3,0,0,0,0,0,0,0,0,0,0,0,0,0,0,0,0,0,0,0,0,0,0
0,45,45,kswapd0,3985,3985,3988,5,1,3,3,54,70,13,5,36,0,8,10,52,0,0,0,59,87,0,8,0,92,0,0,0,8
0,45,45,kswapd0,148,148,149,5,0,1,1,0,0,0,0,0,0,0,0,0,0,0,0,312,9,0,0,6,0,0,0,0,0
0,45,45,kswapd0,1489,1489,1491,5,0,2,2,22,81,13,0,0,9,0,74,0,7,1,0,40,282,0,0,17,0,0,0,0,0
0,45,45,kswapd0,32,32,35,5,0,3,3,2,0,0,0,2,0,0,0,0,0,0,0,48,34,0,0,31,0,2,0,0,0
0,45,45,kswapd0,0,0,3,5,0,3,3,0,0,0,0,0,0,0,0,0,0,0,0,0,0,0,0,0,0,0,0,0,0
0,45,45,kswapd0,0,0,3,5,0,3,3,0,0,0,0,0,0,0,0,0,0,0,0,0,0,0,0,0,0,0,0,0,0
0,45,45,kswapd0,6,6,8,5,0,2,2,0,1,0,0,0,0,1,0,0,0,0,0,15,0,0,0,0,12,0,0,0,0
0,45,45,kswapd0,0,0,3,5,0,3,3,0,0,0,0,0,0,0,0,0,0,0,0,0,0,0,0,0,0,0,0,0,0
0,45,45,kswapd0,3985,3985,3988,5,1,3,3,54,62,13,5,36,0,0,10,52,0,0,0,59,87,0,8,0,100,0,0,2,0
0,45,45,kswapd0,12,12,14,5,0,2,2,4,0,1,3,0,0,0,0,0,0,0,0,362,0,0,0,23,0,0,0,0,0
0,45,45,kswapd0,0,0,3,5,0,3,3,0,0,0,0,0,0,0,0,0,0,0,0,0,0,0,0,0,0,0,0,0,0
0,45,45,kswapd0,1124,1124,1126,5,0,2,2,77,67,10,67,0,0,0,21,0,46,0,0,8,6,0,0,0,27,0,0,0,0
0,45,45,kswapd0,100,100,102,5,1,2,2,38,0,25,13,0,0,0,0,0,0,0,0,42,0,0,0,0,0,0,0,0,0
0,45,45,kswapd0,0,0,3,5,0,3,3,0,0,0,0,0,0,0,0,0,0,0,0,0,0,0,0,0,0,0,0,0,0
0,45,45,kswapd0,233,233,235,5,1,2,2,22,53,1,0,0,21,37,0,0,16,0,0,0,50,0,0,65,81,0,2,0,23
0,45,45,kswapd0,3609,3609,3612,5,225,3,3,195042,325776,24774,56216,108475,5577,97141,193967,31813,2855,0,27,11,42055,0,2,0,17475,0,0,0,14265
0,45,45,kswapd0,0,0,3,5,0,3,3,0,0,0,0,0,0,0,0,0,0,0,0,0,0,0,0,0,0,0,0,0,0
0,45,45,kswapd0,0,0,3,5,0,3,3,0,0,0,0,0,0,0,0,0,0,0,0,0,0,0,0,0,0,0,0,0,0
0,45,45,kswapd0,4,4,6,5,0,2,2,2,0,2,0,0,0,0,0,0,0,0,0,0,0,0,0,54,0,0,0,0,0
0,45,45,kswapd0,127,127,129,5,0,2,2,28,0,23,5,0,0,0,0,0,0,0,0,134,0,0,0,0,0,0,0,0,0
0,45,45,kswapd0,5217,5217,5219,5,1,2,2,40,25,33,7,0,0,0,18,0,7,2,0,425,2,0,3,0,8,0,0,5,0
0,45,45,kswapd0,3952,3952,3955,5,2,3,3,1582,1857,15,125,1442,0,128,59,1592,78,8,0,316,53,0,0,0,28,0,0,0,27
0,45,45,kswapd0,3986,3986,3988,5,0,2,2,52,63,5,32,0,15,11,52,0,0,0,0,29,97,0,0,2,0,0,0,0,0
0,45,45,kswapd0,101,101,102,5,0,1,1,38,0,13,0,0,25,0,0,0,0,0,0,21,0,0,0,0,0,0,0,0,0
0,45,45,kswapd0,233,233,235,5,0,2,2,22,30,1,0,0,21,0,2,0,28,0,0,0,50,0,2,65,104,0,2,0,0
0,45,45,kswapd0,3609,3609,3612,5,355,3,3,152840,316340,24774,56216,64666,7184,82364,193967,31813,8196,0,27,11,42055,0,2,0,31740,0,8,0,22473
0,45,45,kswapd0,5218,5218,5219,5,0,1,1,35,25,7,0,0,28,18,0,0,7,1,0,212,6,0,0,5,0,0,0,0,0
0,45,45,kswapd0,3952,3952,3955,5,1,3,3,1582,1830,15,125,1442,0,0,59,1541,230,8,0,316,53,0,0,0,55,0,0,1,0
0,45,45,kswapd0,3609,3609,3612,5,108,3,3,85133,369483,45,0,4,85084,58803,193967,31813,84900,0,27,11,42055,0,2,0,54213,0,8,0,6839
0,45,45,kswapd0,3609,3609,3612,5,224,3,3,92924,365548,45,0,4,92875,51590,193967,31813,88178,0,27,11,42055,0,2,0,61052,0,8,0,14188
0,45,45,kswapd0,3609,3609,3612,5,456,3,3,111679,358424,45,0,4,111630,36912,193967,31813,95732,0,27,11,42055,0,2,0,75240,0,8,0,28544
0,45,45,kswapd0,3609,3609,3612,5,97,3,3,132805,352339,45,0,4,132756,6576,193967,31813,119983,0,27,11,42055,0,2,0,103784,0,8,2,4875
0,45,45,kswapd0,0,0,3,5,0,3,3,0,0,0,0,0,0,0,0,0,0,0,0,0,0,0,0,0,0,0,0,0,0
0,45,45,kswapd0,0,0,3,5,0,3,3,0,0,0,0,0,0,0,0,0,0,0,0,0,0,0,0,0,0,0,0,0,0
0,45,45,kswapd0,0,0,3,5,0,3,3,0,0,0,0,0,0,0,0,0,0,0,0,0,0,0,0,0,0,0,0,0,0
0,45,45,kswapd0,6,7,9,5,0,3,2,0,0,0,0,0,0,0,0,0,0,0,0,0,1,0,0,0,22,0,0,0,0
0,45,45,kswapd0,0,0,3,5,0,3,3,0,0,0,0,0,0,0,0,0,0,0,0,0,0,0,0,0,0,0,0,0,0
0,45,45,kswapd0,127,127,129,5,1,2,2,28,0,23,5,0,0,0,0,0,0,0,0,134,0,0,0,0,0,0,0,0,0
0,45,45,kswapd0,3953,3953,3956,5,8,3,3,1581,1830,124,1287,170,0,59,1530,241,0,4,0,159,53,0,0,1,0,0,0,7,348
0,45,45,kswapd0,1124,1124,1127,5,2,3,3,77,67,10,67,0,0,0,21,46,0,0,0,8,6,0,0,0,27,0,0,0,20
0,45,45,kswapd0,0,0,3,5,0,3,3,0,0,0,0,0,0,0,0,0,0,0,0,0,0,0,0,0,0,0,0,0,0
0,45,45,kswapd0,1087,1087,1089,5,1,2,2,2,45,2,0,0,0,40,5,0,0,0,0,20,56,0,0,0,25,0,0,2,0
0,45,45,kswapd0,0,0,3,5,0,3,3,0,0,0,0,0,0,0,0,0,0,0,0,0,0,0,0,0,0,0,0,0,0
0,45,45,kswapd0,3986,3986,3989,5,1,3,3,52,64,5,32,15,0,11,53,0,0,0,0,29,97,0,0,2,0,0,0,0,3
0,45,45,kswapd0,3610,3610,3613,5,1707,3,3,137146,352979,0,4,137080,62,193976,31811,126758,434,0,17,5,75366,0,0,2,0,0,0,0,100666
0,45,45,kswapd0,125,125,127,5,1,2,2,0,60,0,0,0,0,51,9,0,0,0,0,2,33,0,0,0,4,0,0,0,0
0,45,45,kswapd0,0,0,3,5,0,3,3,0,0,0,0,0,0,0,0,0,0,0,0,0,0,0,0,0,0,0,0,0,0
0,45,45,kswapd0,10,10,12,5,0,2,2,1,0,1,0,0,0,0,0,0,0,0,0,0,1,0,0,59,0,0,0,0,0
0,45,45,kswapd0,1489,1489,1492,5,2,3,3,22,81,13,0,9,0,0,74,7,0,1,0,40,282,0,0,17,0,0,0,12,59
0,45,45,kswapd0,0,0,3,5,0,3,3,0,0,0,0,0,0,0,0,0,0,0,0,0,0,0,0,0,0,0,0,0,0
0,45,45,kswapd0,5245,5245,5248,5,1,3,3,136,335,5,8,88,35,97,30,203,5,1,27,47,227,0,52,9,28,3,17,0,1
0,45,45,kswapd0,0,0,3,5,0,3,3,0,0,0,0,0,0,0,0,0,0,0,0,0,0,0,0,0,0,0,0,0,0
0,45,45,kswapd0,6,6,8,5,0,2,2,0,1,0,0,0,0,1,0,0,0,0,0,15,0,0,0,0,12,0,0,0,0
0,45,45,kswapd0,0,0,3,5,0,3,3,0,0,0,0,0,0,0,0,0,0,0,0,0,0,0,0,0,0,0,0,0,0
0,45,45,kswapd0,12,12,14,5,1,2,2,4,0,1,3,0,0,0,0,0,0,0,0,362,0,0,0,23,0,0,0,1,0
0,45,45,kswapd0,101,101,103,5,1,2,2,38,0,13,25,0,0,0,0,0,0,0,0,21,0,0,0,0,0,0,0,2,0
0,45,45,kswapd0,5218,5218,5220,5,1,2,2,35,29,7,28,0,0,22,7,0,0,1,0,212,6,0,0,5,0,0,0,0,5
0,45,45,kswapd0,0,0,3,5,0,3,3,0,0,0,0,0,0,0,0,0,0,0,0,0,0,0,0,0,0,0,0,0,0
0,45,45,kswapd0,0,0,3,5,0,3,3,0,0,0,0,0,0,0,0,0,0,0,0,0,0,0,0,0,0,0,0,0,0
0,45,45,kswapd0,0,0,3,5,0,3,3,0,0,0,0,0,0,0,0,0,0,0,0,0,0,0,0,0,0,0,0,0,0
0,45,45,kswapd0,0,0,3,5,0,3,3,0,0,0,0,0,0,0,0,0,0,0,0,0,0,0,0,0,0,0,0,0,0
0,45,45,kswapd0,0,0,3,5,0,3,3,0,0,0,0,0,0,0,0,0,0,0,0,0,0,0,0,0,0,0,0,0,0
0,45,45,kswapd0,0,0,3,5,0,3,3,0,0,0,0,0,0,0,0,0,0,0,0,0,0,0,0,0,0,0,0,0,0
0,45,45,kswapd0,6,7,9,5,0,3,2,0,0,0,0,0,0,0,0,0,0,0,0,0,1,0,0,0,22,0,0,0,0
0,45,45,kswapd0,0,0,3,5,0,3,3,0,0,0,0,0,0,0,0,0,0,0,0,0,0,0,0,0,0,0,0,0,0
0,45,45,kswapd0,0,0,3,5,0,3,3,0,0,0,0,0,0,0,0,0,0,0,0,0,0,0,0,0,0,0,0,0,0
0,45,45,kswapd0,0,0,3,5,0,3,3,0,0,0,0,0,0,0,0,0,0,0,0,0,0,0,0,0,0,0,0,0,0
0,45,45,kswapd0,148,148,150,5,0,2,2,0,0,0,0,0,0,0,0,0,0,0,0,312,9,0,0,6,0,0,0,0,0
0,45,45,kswapd0,32,32,35,5,0,3,3,2,0,0,0,2,0,0,0,0,0,0,0,48,34,0,0,31,0,2,0,0,0
0,45,45,kswapd0,0,0,3,5,0,3,3,0,0,0,0,0,0,0,0,0,0,0,0,0,0,0,0,0,0,0,0,0,0
0,45,45,kswapd0,4,4,6,5,0,2,2,2,0,2,0,0,0,0,0,0,0,0,0,0,0,0,0,54,0,0,0,0,0
0,45,45,kswapd0,233,233,236,5,1,3,3,22,30,0,0,22,0,0,2,28,0,0,0,0,50,0,2,65,104,0,2,0,0
0,45,45,kswapd0,0,0,3,5,0,3,3,0,0,0,0,0,0,0,0,0,0,0,0,0,0,0,0,0,0,0,0,0,0
0,45,45,kswapd0,0,0,3,5,0,3,3,0,0,0,0,0,0,0,0,0,0,0,0,0,0,0,0,0,0,0,0,0,0
0,45,45,kswapd0,13,13,14,5,0,1,1,3,0,3,0,0,0,0,0,0,0,0,0,192,0,0,0,1,0,0,0,0,0
0,45,45,kswapd0,1125,1125,1127,5,1,2,2,77,47,55,0,0,22,0,47,0,0,0,0,4,16,0,0,0,20,0,0,10,0
0,45,45,kswapd0,10,10,12,5,0,2,2,1,0,1,0,0,0,0,0,0,0,0,0,0,1,0,0,59,0,0,0,0,0
0,45,45,kswapd0,0,0,3,5,0,3,3,0,0,0,0,0,0,0,0,0,0,0,0,0,0,0,0,0,0,0,0,0,0
0,45,45,kswapd0,148,148,150,5,0,2,2,0,0,0,0,0,0,0,0,0,0,0,0,312,9,0,0,6,0,0,0,0,0
0,45,45,kswapd0,1088,1088,1089,5,0,1,1,0,45,0,0,0,0,45,0,0,0,0,0,10,59,0,0,2,0,0,0,0,0
0,45,45,kswapd0,3986,3986,3989,5,3,3,3,52,61,5,32,15,0,1,55,0,5,0,0,29,97,0,1,2,3,0,0,0,1
0,45,45,kswapd0,3610,3610,3613,5,1199,3,3,164398,291523,0,4,104823,59571,78952,31813,126758,54000,0,17,5,75366,0,2,2,100666,0,0,0,64123
0,45,45,kswapd0,32,32,35,5,1,3,3,2,0,0,0,2,0,0,0,0,0,0,0,48,34,0,0,31,0,2,0,0,0
0,45,45,kswapd0,126,126,127,5,0,1,1,0,60,0,0,0,0,47,0,0,13,0,0,1,36,0,0,0,0,0,0,0,0
0,45,45,kswapd0,1491,1491,1492,5,0,1,1,10,22,9,0,0,1,21,0,0,1,0,0,20,76,0,0,0,59,0,0,0,0
0,45,45,kswapd0,0,0,3,5,0,3,3,0,0,0,0,0,0,0,0,0,0,0,0,0,0,0,0,0,0,0,0,0,0
0,45,45,kswapd0,5245,5245,5248,5,2,3,3,136,334,5,8,88,35,0,126,203,5,1,27,47,227,0,147,9,29,3,17,4,43
0,45,45,kswapd0,102,102,103,5,0,1,1,36,0,25,0,0,11,0,0,0,0,0,0,10,0,0,0,2,0,0,0,0,0
0,45,45,kswapd0,5218,5218,5220,5,0,2,2,35,24,7,28,0,0,0,11,0,13,1,0,212,6,0,0,5,5,0,0,0,0
0,45,45,kswapd0,0,0,3,5,0,3,3,0,0,0,0,0,0,0,0,0,0,0,0,0,0,0,0,0,0,0,0,0,0
0,45,45,kswapd0,0,0,3,5,0,3,3,0,0,0,0,0,0,0,0,0,0,0,0,0,0,0,0,0,0,0,0,0,0
0,45,45,kswapd0,0,0,3,5,0,3,3,0,0,0,0,0,0,0,0,0,0,0,0,0,0,0,0,0,0,0,0,0,0
0,45,45,kswapd0,0,0,3,5,0,3,3,0,0,0,0,0,0,0,0,0,0,0,0,0,0,0,0,0,0,0,0,0,0
0,45,45,kswapd0,128,128,129,5,0,1,1,28,0,5,0,0,23,0,0,0,0,0,0,67,0,0,0,0,0,0,0,0,0
0,45,45,kswapd0,3954,3954,3956,5,17,2,2,1574,1482,1205,170,0,199,1170,241,0,71,2,0,82,56,0,0,3,289,0,0,0,829
0,45,45,kswapd0,6,6,8,5,0,2,2,0,1,0,0,0,0,1,0,0,0,0,0,15,0,0,0,0,12,0,0,0,0
0,45,45,kswapd0,0,0,3,5,0,3,3,0,0,0,0,0,0,0,0,0,0,0,0,0,0,0,0,0,0,0,0,0,0
0,45,45,kswapd0,0,0,3,5,0,3,3,0,0,0,0,0,0,0,0,0,0,0,0,0,0,0,0,0,0,0,0,0,0
0,45,45,kswapd0,4,4,6,5,1,2,2,2,0,2,0,0,0,0,0,0,0,0,0,0,0,0,0,54,0,0,0,2,0
0,45,45,kswapd0,3954,3954,3956,5,2,2,2,1574,736,1205,170,0,199,12,241,0,483,2,0,82,56,0,0,3,1118,0,64,29,12
0,45,45,kswapd0,1126,1126,1127,5,0,1,1,67,47,0,0,0,67,47,0,0,0,0,0,2,17,0,0,10,0,0,0,0,0
0,45,45,kswapd0,3987,3987,3989,5,1,2,2,52,61,32,15,0,5,2,17,0,42,0,0,15,50,0,16,0,0,0,0,0,2
0,45,45,kswapd0,34,34,35,5,0,1,1,2,0,2,0,0,0,0,0,0,0,1,0,39,17,0,0,0,0,0,0,0,0
0,45,45,kswapd0,3954,3954,3956,5,2,2,2,1545,724,1140,158,0,247,0,241,0,483,2,0,82,56,0,0,32,1130,0,64,123,0
0,45,45,kswapd0,3987,3987,3989,5,1,2,2,52,60,32,15,0,5,1,17,0,42,0,0,15,50,0,16,0,2,0,0,0,0
0,45,45,kswapd0,3954,3954,3956,5,2,2,2,1422,724,1012,161,0,249,0,241,0,483,2,0,82,56,0,0,155,1130,0,64,115,0
0,45,45,kswapd0,3988,3988,3989,5,0,1,1,52,60,15,0,0,37,18,0,0,42,0,0,7,33,0,0,0,0,0,0,0,0
0,45,45,kswapd0,3954,3954,3956,5,3,2,2,1307,724,843,165,0,299,0,241,0,483,2,0,82,56,1,0,270,1130,0,64,182,0
0,45,45,kswapd0,3954,3954,3956,5,4,2,2,1125,724,626,163,0,336,0,241,0,483,2,0,82,56,1,0,452,1130,0,64,254,0
0,45,45,kswapd0,234,234,237,5,2,3,3,22,30,0,22,0,0,2,28,0,0,0,1,32,77,0,0,0,0,0,0,0,30
0,45,45,kswapd0,1126,1126,1128,5,1,2,2,67,47,0,67,0,0,47,0,0,0,0,0,2,17,0,0,10,0,0,0,0,45
0,45,45,kswapd0,3988,3988,3990,5,0,2,2,52,60,11,41,0,0,8,52,0,0,0,0,7,33,0,0,0,0,0,0,0,0
0,45,45,kswapd0,0,0,3,5,0,3,3,0,0,0,0,0,0,0,0,0,0,0,0,0,0,0,0,0,0,0,0,0,0
0,45,45,kswapd0,0,0,3,5,0,3,3,0,0,0,0,0,0,0,0,0,0,0,0,0,0,0,0,0,0,0,0,0,0
0,45,45,kswapd0,6,7,9,5,0,3,2,0,0,0,0,0,0,0,0,0,0,0,0,0,1,0,0,0,22,0,0,0,0
0,45,45,kswapd0,0,0,3,5,0,3,3,0,0,0,0,0,0,0,0,0,0,0,0,0,0,0,0,0,0,0,0,0,0
0,45,45,kswapd0,0,0,3,5,0,3,3,0,0,0,0,0,0,0,0,0,0,0,0,0,0,0,0,0,0,0,0,0,0
0,45,45,kswapd0,10,10,12,5,0,2,2,1,0,1,0,0,0,0,0,0,0,0,0,0,1,0,0,59,0,0,0,0,0
0,45,45,kswapd0,1491,1491,1493,5,1,2,2,10,22,9,1,0,0,21,1,0,0,0,0,20,76,0,0,0,59,0,0,0,1
0,45,45,kswapd0,0,0,3,5,0,3,3,0,0,0,0,0,0,0,0,0,0,0,0,0,0,0,0,0,0,0,0,0,0
0,45,45,kswapd0,0,0,3,5,0,3,3,0,0,0,0,0,0,0,0,0,0,0,0,0,0,0,0,0,0,0,0,0,0
0,45,45,kswapd0,5,5,6,5,0,1,1,0,0,0,0,0,0,0,0,0,0,0,0,27,0,0,0,2,0,0,0,0,0
0,45,45,kswapd0,3954,3954,3957,5,8,3,3,871,724,370,147,354,0,0,239,485,0,2,0,82,56,1,0,706,1130,0,64,361,127
0,45,45,kswapd0,3611,3611,3614,5,491,3,3,126553,338224,4,42,1276,125231,31794,126755,96883,82792,0,8,3,120071,0,0,0,12,0,0,0,30409
0,45,45,kswapd0,0,0,3,5,0,3,3,0,0,0,0,0,0,0,0,0,0,0,0,0,0,0,0,0,0,0,0,0,0
0,45,45,kswapd0,128,128,130,5,0,2,2,28,0,5,23,0,0,0,0,0,0,0,0,67,0,0,0,0,0,0,0,0,0
0,45,45,kswapd0,0,0,3,5,0,3,3,0,0,0,0,0,0,0,0,0,0,0,0,0,0,0,0,0,0,0,0,0,0
0,45,45,kswapd0,0,0,3,5,0,3,3,0,0,0,0,0,0,0,0,0,0,0,0,0,0,0,0,0,0,0,0,0,0
0,45,45,kswapd0,0,0,3,5,0,3,3,0,0,0,0,0,0,0,0,0,0,0,0,0,0,0,0,0,0,0,0,0,0
0,45,45,kswapd0,0,0,3,5,0,3,3,0,0,0,0,0,0,0,0,0,0,0,0,0,0,0,0,0,0,0,0,0,0
0,45,45,kswapd0,1088,1088,1090,5,1,2,2,0,45,0,0,0,0,45,0,0,0,0,0,10,59,0,0,2,0,0,0,0,0
0,45,45,kswapd0,5246,5246,5249,5,2,3,3,133,440,8,33,56,36,0,336,71,33,2,21,28,200,0,63,4,43,1,43,0,51
0,45,45,kswapd0,5218,5218,5221,5,4,3,3,35,26,7,28,0,0,4,9,13,0,1,0,212,6,0,0,5,5,0,0,35,2
0,45,45,kswapd0,0,0,3,5,0,3,3,0,0,0,0,0,0,0,0,0,0,0,0,0,0,0,0,0,0,0,0,0,0
0,45,45,kswapd0,34,34,36,5,1,2,2,2,0,2,0,0,0,0,0,0,0,1,0,39,17,0,0,0,0,0,0,0,0
0,45,45,kswapd0,0,0,3,5,0,3,3,0,0,0,0,0,0,0,0,0,0,0,0,0,0,0,0,0,0,0,0,0,0
0,45,45,kswapd0,0,0,3,5,0,3,3,0,0,0,0,0,0,0,0,0,0,0,0,0,0,0,0,0,0,0,0,0,0
0,45,45,kswapd0,0,0,3,5,0,3,3,0,0,0,0,0,0,0,0,0,0,0,0,0,0,0,0,0,0,0,0,0,0
0,45,45,kswapd0,0,0,3,5,0,3,3,0,0,0,0,0,0,0,0,0,0,0,0,0,0,0,0,0,0,0,0,0,0
0,45,45,kswapd0,126,126,128,5,1,2,2,0,60,0,0,0,0,47,13,0,0,0,0,1,36,0,0,0,0,0,0,0,0
0,45,45,kswapd0,102,102,104,5,1,2,2,36,0,25,11,0,0,0,0,0,0,0,0,10,0,0,0,2,0,0,0,0,0
0,45,45,kswapd0,6,6,8,5,0,2,2,0,1,0,0,0,0,1,0,0,0,0,0,15,0,0,0,0,12,0,0,0,0
0,45,45,kswapd0,0,0,3,5,0,3,3,0,0,0,0,0,0,0,0,0,0,0,0,0,0,0,0,0,0,0,0,0,0
0,45,45,kswapd0,0,0,3,5,0,3,3,0,0,0,0,0,0,0,0,0,0,0,0,0,0,0,0,0,0,0,0,0,0
0,45,45,kswapd0,13,13,15,5,1,2,2,3,0,3,0,0,0,0,0,0,0,0,0,192,0,0,0,1,0,0,0,3,0
0,45,45,kswapd0,0,0,3,5,0,3,3,0,0,0,0,0,0,0,0,0,0,0,0,0,0,0,0,0,0,0,0,0,0
0,45,45,kswapd0,148,148,150,5,0,2,2,0,0,0,0,0,0,0,0,0,0,0,0,312,9,0,0,6,0,0,0,0,0
0,45,45,kswapd0,0,0,3,5,0,3,3,0,0,0,0,0,0,0,0,0,0,0,0,0,0,0,0,0,0,0,0,0,0
0,45,45,kswapd0,0,0,3,5,0,3,3,0,0,0,0,0,0,0,0,0,0,0,0,0,0,0,0,0,0,0,0,0,0
0,45,45,kswapd0,0,0,3,5,0,3,3,0,0,0,0,0,0,0,0,0,0,0,0,0,0,0,0,0,0,0,0,0,0
0,45,45,kswapd0,1089,1089,1090,5,0,1,1,0,45,0,0,0,0,45,0,0,0,0,0,6,51,0,0,0,0,0,0,0,0
0,45,45,kswapd0,5247,5247,5249,5,0,2,2,133,389,33,56,0,44,71,266,0,52,1,31,15,152,0,200,0,51,0,0,0,0
0,45,45,kswapd0,5220,5220,5221,5,0,1,1,0,24,0,0,0,0,13,0,0,11,0,0,57,2,0,0,28,0,0,0,0,0
0,45,45,kswapd0,35,35,36,5,0,1,1,2,0,2,0,0,0,0,0,0,0,0,0,20,8,0,0,0,0,0,0,0,0
0,45,45,kswapd0,127,127,128,5,0,1,1,0,60,0,0,0,0,60,0,0,0,0,0,0,40,0,0,0,0,0,0,0,0
0,45,45,kswapd0,103,103,104,5,0,1,1,36,0,11,0,0,25,0,0,0,0,0,0,6,0,0,0,0,0,0,0,0,0
0,45,45,kswapd0,6,6,8,5,0,2,2,0,1,0,0,0,0,1,0,0,0,0,0,15,0,0,0,0,12,0,0,0,0
0,45,45,kswapd0,0,0,3,5,0,3,3,0,0,0,0,0,0,0,0,0,0,0,0,0,0,0,0,0,0,0,0,0,0
0,45,45,kswapd0,14,14,15,5,0,1,1,0,0,0,0,0,0,0,0,0,0,0,0,96,0,0,0,3,0,0,0,0,0
0,45,45,kswapd0,148,148,150,5,0,2,2,0,0,0,0,0,0,0,0,0,0,0,0,312,9,0,0,6,0,0,0,0,0
0,45,45,kswapd0,235,235,237,5,0,2,2,22,0,22,0,0,0,0,0,0,0,0,0,16,37,0,0,0,30,0,0,0,0
0,45,45,kswapd0,1127,1127,1128,5,0,1,1,67,2,67,0,0,0,2,0,0,0,0,0,6,8,0,0,0,45,0,0,0,0
0,45,45,kswapd0,0,0,3,5,0,3,3,0,0,0,0,0,0,0,0,0,0,0,0,0,0,0,0,0,0,0,0,0,0
0,45,45,kswapd0,0,0,3,5,0,3,3,0,0,0,0,0,0,0,0,0,0,0,0,0,0,0,0,0,0,0,0,0,0
0,45,45,kswapd0,0,0,3,5,0,3,3,0,0,0,0,0,0,0,0,0,0,0,0,0,0,0,0,0,0,0,0,0,0
0,45,45,kswapd0,6,7,9,5,0,3,2,0,0,0,0,0,0,0,0,0,0,0,0,0,1,0,0,0,22,0,0,0,0
0,45,45,kswapd0,10,10,12,5,0,2,2,1,0,1,0,0,0,0,0,0,0,0,0,0,1,0,0,59,0,0,0,0,0
0,45,45,kswapd0,0,0,3,5,0,3,3,0,0,0,0,0,0,0,0,0,0,0,0,0,0,0,0,0,0,0,0,0,0
0,45,45,kswapd0,235,235,237,5,0,2,2,22,0,22,0,0,0,0,0,0,0,0,0,16,37,0,0,0,30,0,0,0,0
0,45,45,kswapd0,0,0,3,5,0,3,3,0,0,0,0,0,0,0,0,0,0,0,0,0,0,0,0,0,0,0,0,0,0
0,45,45,kswapd0,0,0,3,5,0,3,3,0,0,0,0,0,0,0,0,0,0,0,0,0,0,0,0,0,0,0,0,0,0
0,45,45,kswapd0,0,0,3,5,0,3,3,0,0,0,0,0,0,0,0,0,0,0,0,0,0,0,0,0,0,0,0,0,0
0,45,45,kswapd0,1491,1491,1493,5,0,2,2,10,21,9,1,0,0,0,21,0,0,0,0,20,76,0,20,0,60,0,0,0,0
0,45,45,kswapd0,1491,1491,1493,5,0,2,2,10,21,9,1,0,0,0,21,0,0,0,0,20,76,0,20,0,60,0,0,0,0
0,45,45,kswapd0,3955,3955,3958,5,2,3,3,510,597,151,358,1,0,111,485,1,0,1,32,552,593,0,0,46,127,0,0,0,101
0,45,45,kswapd0,3612,3612,3615,5,439,3,3,166141,307871,42,1276,164452,371,126732,96882,84225,32,0,4,1,75247,0,0,0,0,0,0,0,1594
0,45,45,kswapd0,0,0,3,5,0,3,3,0,0,0,0,0,0,0,0,0,0,0,0,0,0,0,0,0,0,0,0,0,0
0,45,45,kswapd0,103,103,105,5,1,2,2,36,0,11,25,0,0,0,0,0,0,0,0,6,0,0,0,0,0,0,0,0,0
0,45,45,kswapd0,0,0,3,5,0,3,3,0,0,0,0,0,0,0,0,0,0,0,0,0,0,0,0,0,0,0,0,0,0
0,45,45,kswapd0,5,5,7,5,0,2,2,0,0,0,0,0,0,0,0,0,0,0,0,27,0,0,0,2,0,0,0,0,0
0,45,45,kswapd0,0,0,3,5,0,3,3,0,0,0,0,0,0,0,0,0,0,0,0,0,0,0,0,0,0,0,0,0,0
0,45,45,kswapd0,0,0,3,5,0,3,3,0,0,0,0,0,0,0,0,0,0,0,0,0,0,0,0,0,0,0,0,0,0
0,45,45,kswapd0,0,0,3,5,0,3,3,0,0,0,0,0,0,0,0,0,0,0,0,0,0,0,0,0,0,0,0,0,0
0,45,45,kswapd0,1491,1491,1493,5,1,2,2,10,21,9,1,0,0,0,21,0,0,0,0,20,76,0,20,0,60,0,0,7,0
0,45,45,kswapd0,0,0,3,5,0,3,3,0,0,0,0,0,0,0,0,0,0,0,0,0,0,0,0,0,0,0,0,0,0
0,45,45,kswapd0,6,6,8,5,0,2,2,0,1,0,0,0,0,1,0,0,0,0,0,15,0,0,0,0,12,0,0,0,0
0,45,45,kswapd0,0,0,3,5,0,3,3,0,0,0,0,0,0,0,0,0,0,0,0,0,0,0,0,0,0,0,0,0,0
0,45,45,kswapd0,148,148,150,5,0,2,2,0,0,0,0,0,0,0,0,0,0,0,0,312,9,0,0,6,0,0,0,0,0
0,45,45,kswapd0,6,7,9,5,0,3,2,0,0,0,0,0,0,0,0,0,0,0,0,0,1,0,0,0,22,0,0,0,0
0,45,45,kswapd0,3988,3988,3991,5,1,3,3,52,61,11,36,5,0,8,53,0,0,0,0,7,33,0,0,0,0,0,0,0,0
0,45,45,kswapd0,0,0,3,5,0,3,3,0,0,0,0,0,0,0,0,0,0,0,0,0,0,0,0,0,0,0,0,0,0
0,45,45,kswapd0,127,127,129,5,1,2,2,0,60,0,0,0,0,60,0,0,0,0,0,0,40,0,0,0,0,0,0,0,18
0,45,45,kswapd0,0,0,3,5,0,3,3,0,0,0,0,0,0,0,0,0,0,0,0,0,0,0,0,0,0,0,0,0,0
0,45,45,kswapd0,0,0,3,5,0,3,3,0,0,0,0,0,0,0,0,0,0,0,0,0,0,0,0,0,0,0,0,0,0
0,45,45,kswapd0,0,0,3,5,0,3,3,0,0,0,0,0,0,0,0,0,0,0,0,0,0,0,0,0,0,0,0,0,0
0,45,45,kswapd0,0,0,3,5,0,3,3,0,0,0,0,0,0,0,0,0,0,0,0,0,0,0,0,0,0,0,0,0,0
0,45,45,kswapd0,0,0,3,5,0,3,3,0,0,0,0,0,0,0,0,0,0,0,0,0,0,0,0,0,0,0,0,0,0
0,45,45,kswapd0,0,0,3,5,0,3,3,0,0,0,0,0,0,0,0,0,0,0,0,0,0,0,0,0,0,0,0,0,0
0,45,45,kswapd0,1089,1089,1091,5,1,2,2,0,45,0,0,0,0,45,0,0,0,0,0,6,51,0,0,0,0,0,0,0,20
0,45,45,kswapd0,0,0,3,5,0,3,3,0,0,0,0,0,0,0,0,0,0,0,0,0,0,0,0,0,0,0,0,0,0
0,45,45,kswapd0,235,235,237,5,1,2,2,22,0,22,0,0,0,0,0,0,0,0,0,16,37,0,0,0,30,0,0,19,0
0,45,45,kswapd0,0,0,3,5,0,3,3,0,0,0,0,0,0,0,0,0,0,0,0,0,0,0,0,0,0,0,0,0,0
0,45,45,kswapd0,6,7,9,5,0,3,2,0,0,0,0,0,0,0,0,0,0,0,0,0,1,0,0,0,22,0,0,0,0
0,45,45,kswapd0,0,0,3,5,0,3,3,0,0,0,0,0,0,0,0,0,0,0,0,0,0,0,0,0,0,0,0,0,0
0,45,45,kswapd0,128,128,131,5,1,3,3,28,0,5,23,0,0,0,0,0,0,0,0,67,0,0,0,0,0,0,0,5,0
0,45,45,kswapd0,0,0,3,5,0,3,3,0,0,0,0,0,0,0,0,0,0,0,0,0,0,0,0,0,0,0,0,0,0
0,45,45,kswapd0,14,14,16,5,0,2,2,0,0,0,0,0,0,0,0,0,0,0,0,96,0,0,0,3,0,0,0,0,0
0,45,45,kswapd0,1127,1127,1129,5,2,2,2,67,2,67,0,0,0,2,0,0,0,0,0,6,8,0,0,0,45,0,0,60,1
0,45,45,kswapd0,0,0,3,5,0,3,3,0,0,0,0,0,0,0,0,0,0,0,0,0,0,0,0,0,0,0,0,0,0
0,45,45,kswapd0,5,5,7,5,0,2,2,0,0,0,0,0,0,0,0,0,0,0,0,27,0,0,0,2,0,0,0,0,0
0,45,45,kswapd0,5247,5247,5250,5,1,3,3,133,389,32,1,100,0,71,234,84,0,1,31,15,152,0,200,0,51,0,0,0,61
0,45,45,kswapd0,35,35,37,5,0,2,2,2,0,2,0,0,0,0,0,0,0,0,0,20,8,0,0,0,0,0,0,0,0
0,45,45,kswapd0,0,0,3,5,0,3,3,0,0,0,0,0,0,0,0,0,0,0,0,0,0,0,0,0,0,0,0,0,0
0,45,45,kswapd0,0,0,3,5,0,3,3,0,0,0,0,0,0,0,0,0,0,0,0,0,0,0,0,0,0,0,0,0,0
0,45,45,kswapd0,5220,5220,5222,5,1,2,2,0,26,0,0,0,0,15,11,0,0,0,0,57,2,0,0,28,0,0,0,0,3
0,45,45,kswapd0,10,10,12,5,0,2,2,1,0,1,0,0,0,0,0,0,0,0,0,0,1,0,0,59,0,0,0,0,0
0,45,45,kswapd0,0,0,3,5,0,3,3,0,0,0,0,0,0,0,0,0,0,0,0,0,0,0,0,0,0,0,0,0,0
0,45,45,kswapd0,0,0,3,5,0,3,3,0,0,0,0,0,0,0,0,0,0,0,0,0,0,0,0,0,0,0,0,0,0
0,45,45,kswapd0,6,6,8,5,0,2,2,0,1,0,0,0,0,1,0,0,0,0,0,15,0,0,0,0,12,0,0,0,0
0,45,45,kswapd0,236,236,237,5,0,1,1,3,0,3,0,0,0,0,0,0,0,0,0,8,33,0,0,19,0,0,0,0,0
0,45,45,kswapd0,5221,5221,5222,5,0,1,1,0,23,0,0,0,0,11,0,0,12,0,0,42,0,0,0,0,3,0,0,0,0
0,45,45,kswapd0,3955,3955,3958,5,2,3,3,511,558,155,354,1,1,0,485,1,72,1,32,552,593,0,0,46,228,1,52,116,0
0,45,45,kswapd0,3612,3612,3615,5,948,3,3,168640,310467,42,1276,164452,2870,96384,96884,84225,32974,0,4,1,75247,0,2,0,1594,0,0,0,729
0,45,45,kswapd0,104,104,105,5,0,1,1,36,0,25,0,0,11,0,0,0,0,0,0,3,0,0,0,0,0,0,0,0,0
0,45,45,kswapd0,0,0,3,5,0,3,3,0,0,0,0,0,0,0,0,0,0,0,0,0,0,0,0,0,0,0,0,0,0
0,45,45,kswapd0,148,148,150,5,0,2,2,0,0,0,0,0,0,0,0,0,0,0,0,312,9,0,0,6,0,0,0,0,0
0,45,45,kswapd0,0,0,3,5,0,3,3,0,0,0,0,0,0,0,0,0,0,0,0,0,0,0,0,0,0,0,0,0,0
0,45,45,kswapd0,35,35,37,5,0,2,2,2,0,2,0,0,0,0,0,0,0,0,0,20,8,0,0,0,0,0,0,0,0
0,45,45,kswapd0,1492,1492,1493,5,0,1,1,3,21,3,0,0,0,21,0,0,0,0,0,10,77,0,0,7,0,0,0,0,0
0,45,45,kswapd0,0,0,3,5,0,3,3,0,0,0,0,0,0,0,0,0,0,0,0,0,0,0,0,0,0,0,0,0,0
0,45,45,kswapd0,0,0,3,5,0,3,3,0,0,0,0,0,0,0,0,0,0,0,0,0,0,0,0,0,0,0,0,0,0
0,45,45,kswapd0,0,0,3,5,0,3,3,0,0,0,0,0,0,0,0,0,0,0,0,0,0,0,0,0,0,0,0,0,0
0,45,45,kswapd0,1127,1127,1129,5,1,2,2,7,1,7,0,0,0,0,1,0,0,0,0,6,8,0,0,60,46,0,0,7,0
0,45,45,kswapd0,0,0,3,5,0,3,3,0,0,0,0,0,0,0,0,0,0,0,0,0,0,0,0,0,0,0,0,0,0
0,45,45,kswapd0,0,0,3,5,0,3,3,0,0,0,0,0,0,0,0,0,0,0,0,0,0,0,0,0,0,0,0,0,0
0,45,45,kswapd0,3989,3989,3991,5,1,2,2,52,62,38,5,0,9,62,0,0,0,0,0,3,19,0,0,0,0,0,0,0,0
0,45,45,kswapd0,128,128,129,5,0,1,1,0,42,0,0,0,0,1,0,0,41,0,0,0,19,0,0,0,18,0,0,0,0
0,45,45,kswapd0,14,14,16,5,0,2,2,0,0,0,0,0,0,0,0,0,0,0,0,96,0,0,0,3,0,0,0,0,0
0,45,45,kswapd0,1090,1090,1091,5,0,1,1,0,25,0,0,0,0,0,0,0,25,0,0,3,25,0,0,0,20,0,0,0,0
0,45,45,kswapd0,129,129,131,5,1,2,2,23,0,23,0,0,0,0,0,0,0,0,0,33,0,0,0,5,0,0,0,21,0
0,45,45,kswapd0,10,10,12,5,0,2,2,1,0,1,0,0,0,0,0,0,0,0,0,0,1,0,0,59,0,0,0,0,0
0,45,45,kswapd0,5247,5247,5250,5,3,3,3,133,328,32,1,100,0,6,235,84,3,1,31,15,152,0,201,0,112,0,2,7,38
0,45,45,kswapd0,3955,3955,3958,5,4,3,3,395,558,29,354,1,11,0,485,1,72,1,32,552,593,0,0,162,228,1,52,28,192
0,45,45,kswapd0,3612,3612,3615,5,512,3,3,187118,309817,42,1276,164452,21348,34801,96884,84225,93907,0,4,1,75247,0,2,0,2323,0,0,0,3647
0,45,45,kswapd0,130,130,131,5,0,1,1,2,0,2,0,0,0,0,0,0,0,0,0,19,0,0,0,21,0,0,0,0,0
0,45,45,kswapd0,3989,3989,3991,5,0,2,2,52,63,38,5,0,9,1,5,0,57,0,0,3,19,0,1,0,0,0,0,0,0
0,45,45,kswapd0,5248,5248,5250,5,2,2,2,129,475,6,65,0,58,233,83,0,159,0,15,9,233,0,0,7,38,2,35,0,118
0,45,45,kswapd0,5248,5248,5250,5,0,2,2,129,357,6,65,0,58,105,83,0,169,0,15,9,233,0,0,7,156,2,35,0,0
0,45,45,kswapd0,3956,3956,3958,5,5,2,2,367,366,355,1,0,11,293,1,0,72,1,42,356,410,0,0,28,192,0,0,61,186
0,45,45,kswapd0,3956,3956,3958,5,1,2,2,306,180,288,3,0,15,0,27,0,153,1,42,356,410,0,26,89,378,0,0,17,0
0,45,45,kswapd0,3956,3956,3958,5,1,2,2,289,180,208,11,0,70,0,27,0,153,1,42,356,410,0,26,106,378,0,0,51,0
0,45,45,kswapd0,3956,3956,3958,5,0,2,2,238,180,153,2,0,83,0,27,0,153,1,42,356,410,0,26,157,378,0,0,0,0
0,45,45,kswapd0,0,0,3,5,0,3,3,0,0,0,0,0,0,0,0,0,0,0,0,0,0,0,0,0,0,0,0,0,0
0,45,45,kswapd0,0,0,3,5,0,3,3,0,0,0,0,0,0,0,0,0,0,0,0,0,0,0,0,0,0,0,0,0,0
0,45,45,kswapd0,1492,1492,1494,5,1,2,2,3,21,3,0,0,0,21,0,0,0,0,0,10,77,0,0,7,0,0,0,0,1
0,45,45,kswapd0,1128,1128,1129,5,0,1,1,0,1,0,0,0,0,1,0,0,0,0,0,33,26,0,0,7,0,0,0,0,0
0,45,45,kswapd0,0,0,3,5,0,3,3,0,0,0,0,0,0,0,0,0,0,0,0,0,0,0,0,0,0,0,0,0,0
0,45,45,kswapd0,5,5,7,5,0,2,2,0,0,0,0,0,0,0,0,0,0,0,0,27,0,0,0,2,0,0,0,0,0
0,45,45,kswapd0,0,0,3,5,0,3,3,0,0,0,0,0,0,0,0,0,0,0,0,0,0,0,0,0,0,0,0,0,0
0,45,45,kswapd0,0,0,3,5,0,3,3,0,0,0,0,0,0,0,0,0,0,0,0,0,0,0,0,0,0,0,0,0,0
0,45,45,kswapd0,104,104,106,5,1,2,2,36,0,25,11,0,0,0,0,0,0,0,0,3,0,0,0,0,0,0,0,0,0
0,45,45,kswapd0,0,0,3,5,0,3,3,0,0,0,0,0,0,0,0,0,0,0,0,0,0,0,0,0,0,0,0,0,0
0,45,45,kswapd0,3989,3989,3992,5,1,3,3,52,63,37,0,15,0,1,5,57,0,0,0,3,19,0,1,0,0,0,0,0,0
0,45,45,kswapd0,0,0,3,5,0,3,3,0,0,0,0,0,0,0,0,0,0,0,0,0,0,0,0,0,0,0,0,0,0
0,45,45,kswapd0,0,0,3,5,0,3,3,0,0,0,0,0,0,0,0,0,0,0,0,0,0,0,0,0,0,0,0,0,0
0,45,45,kswapd0,6,7,9,5,0,3,2,0,0,0,0,0,0,0,0,0,0,0,0,0,1,0,0,0,22,0,0,0,0
0,45,45,kswapd0,148,148,150,5,0,2,2,0,0,0,0,0,0,0,0,0,0,0,0,312,9,0,0,6,0,0,0,0,0
0,45,45,kswapd0,0,0,3,5,0,3,3,0,0,0,0,0,0,0,0,0,0,0,0,0,0,0,0,0,0,0,0,0,0
0,45,45,kswapd0,0,0,3,5,0,3,3,0,0,0,0,0,0,0,0,0,0,0,0,0,0,0,0,0,0,0,0,0,0
0,45,45,kswapd0,128,128,130,5,0,2,2,0,42,0,0,0,0,1,41,0,0,0,0,0,19,0,0,0,18,0,0,0,0
0,45,45,kswapd0,1090,1090,1092,5,0,2,2,0,25,0,0,0,0,0,25,0,0,0,0,3,25,0,0,0,20,0,0,0,0
0,45,45,kswapd0,10,10,12,5,0,2,2,1,0,1,0,0,0,0,0,0,0,0,0,0,1,0,0,59,0,0,0,0,0
0,45,45,kswapd0,0,0,3,5,0,3,3,0,0,0,0,0,0,0,0,0,0,0,0,0,0,0,0,0,0,0,0,0,0
0,45,45,kswapd0,0,0,3,5,0,3,3,0,0,0,0,0,0,0,0,0,0,0,0,0,0,0,0,0,0,0,0,0,0
0,45,45,kswapd0,0,0,3,5,0,3,3,0,0,0,0,0,0,0,0,0,0,0,0,0,0,0,0,0,0,0,0,0,0
0,45,45,kswapd0,0,0,3,5,0,3,3,0,0,0,0,0,0,0,0,0,0,0,0,0,0,0,0,0,0,0,0,0,0
0,45,45,kswapd0,236,236,238,5,0,2,2,3,0,3,0,0,0,0,0,0,0,0,0,8,33,0,0,19,0,0,0,0,0
0,45,45,kswapd0,5248,5248,5251,5,1,3,3,129,357,6,10,113,0,105,46,206,0,0,15,9,233,0,0,7,156,2,35,0,23
0,45,45,kswapd0,0,0,3,5,0,3,3,0,0,0,0,0,0,0,0,0,0,0,0,0,0,0,0,0,0,0,0,0,0
0,45,45,kswapd0,6,6,8,5,0,2,2,0,1,0,0,0,0,1,0,0,0,0,0,15,0,0,0,0,12,0,0,0,0
0,45,45,kswapd0,0,0,3,5,0,3,3,0,0,0,0,0,0,0,0,0,0,0,0,0,0,0,0,0,0,0,0,0,0
0,45,45,kswapd0,14,14,16,5,0,2,2,0,0,0,0,0,0,0,0,0,0,0,0,96,0,0,0,3,0,0,0,0,0
0,45,45,kswapd0,130,130,132,5,0,2,2,2,0,2,0,0,0,0,0,0,0,0,0,19,0,0,0,21,0,0,0,0,0
0,45,45,kswapd0,5,5,7,5,0,2,2,0,0,0,0,0,0,0,0,0,0,0,0,27,0,0,0,2,0,0,0,0,0
0,45,45,kswapd0,0,0,3,5,0,3,3,0,0,0,0,0,0,0,0,0,0,0,0,0,0,0,0,0,0,0,0,0,0
0,45,45,kswapd0,0,0,3,5,0,3,3,0,0,0,0,0,0,0,0,0,0,0,0,0,0,0,0,0,0,0,0,0,0
0,45,45,kswapd0,35,35,37,5,0,2,2,2,0,2,0,0,0,0,0,0,0,0,0,20,8,0,0,0,0,0,0,0,0
0,45,45,kswapd0,3613,3613,3616,5,658,3,3,153498,309772,0,122570,30928,0,96868,84224,127704,976,0,2,0,40609,0,0,0,0,0,0,0,8284
0,45,45,kswapd0,0,0,3,5,0,3,3,0,0,0,0,0,0,0,0,0,0,0,0,0,0,0,0,0,0,0,0,0,0
0,45,45,kswapd0,148,148,150,5,0,2,2,0,0,0,0,0,0,0,0,0,0,0,0,312,9,0,0,6,0,0,0,0,0
0,45,45,kswapd0,6,6,8,5,0,2,2,0,1,0,0,0,0,1,0,0,0,0,0,15,0,0,0,0,12,0,0,0,0
0,45,45,kswapd0,130,130,132,5,0,2,2,2,0,2,0,0,0,0,0,0,0,0,0,19,0,0,0,21,0,0,0,0,0
0,45,45,kswapd0,0,0,3,5,0,3,3,0,0,0,0,0,0,0,0,0,0,0,0,0,0,0,0,0,0,0,0,0,0
0,45,45,kswapd0,0,0,3,5,0,3,3,0,0,0,0,0,0,0,0,0,0,0,0,0,0,0,0,0,0,0,0,0,0
0,45,45,kswapd0,0,0,3,5,0,3,3,0,0,0,0,0,0,0,0,0,0,0,0,0,0,0,0,0,0,0,0,0,0
0,45,45,kswapd0,5221,5221,5223,5,1,2,2,0,23,0,0,0,0,11,12,0,0,0,0,42,0,0,0,0,3,0,0,0,1
0,45,45,kswapd0,0,0,3,5,0,3,3,0,0,0,0,0,0,0,0,0,0,0,0,0,0,0,0,0,0,0,0,0,0
0,45,45,kswapd0,3956,3956,3959,5,1,3,3,238,180,154,1,83,0,0,27,153,0,1,42,356,410,0,26,157,378,0,0,61,0
0,45,45,kswapd0,10,10,12,5,0,2,2,1,0,1,0,0,0,0,0,0,0,0,0,0,1,0,0,59,0,0,0,0,0
0,45,45,kswapd0,236,236,238,120,1,2,2,25,47,3,0,0,22,36,0,0,11,0,0,8,33,0,0,19,0,7,0,0,34
0,45,45,kswapd0,14,14,16,120,0,2,2,0,0,0,0,0,0,0,0,0,0,0,0,96,0,0,0,3,0,0,0,0,0
0,45,45,kswapd0,5248,5248,5251,120,1,3,3,129,593,6,10,78,35,0,271,171,151,0,15,9,233,0,34,7,179,2,104,5,0
0,45,45,kswapd0,0,0,3,120,0,3,3,0,0,0,0,0,0,0,0,0,0,0,0,0,0,0,0,0,0,0,0,0,0
0,45,45,kswapd0,3613,3613,3616,120,1,3,3,266285,197054,0,0,30,266255,3,42,8,197001,0,2,0,40609,0,1,0,8284,0,0,0,0
0,45,45,kswapd0,5222,5222,5223,120,0,1,1,34,15,0,0,0,34,15,0,0,0,0,0,20,1,0,0,0,1,0,0,0,0
0,45,45,kswapd0,3956,3956,3959,120,1,3,3,185,254,93,1,83,8,0,1,120,133,1,42,356,410,0,26,218,378,8,0,63,0
0,45,45,kswapd0,1492,1492,1494,120,0,2,2,39,798,3,0,0,36,1,17,0,780,0,0,10,77,0,19,7,1,0,1,0,0
0,45,45,kswapd0,6,7,9,120,0,3,2,0,0,0,0,0,0,0,0,0,0,0,0,0,1,0,0,0,22,0,0,0,0
0,45,45,kswapd0,0,0,3,120,0,3,3,0,0,0,0,0,0,0,0,0,0,0,0,0,0,0,0,0,0,0,0,0,0
0,45,45,kswapd0,0,0,3,120,0,3,3,0,0,0,0,0,0,0,0,0,0,0,0,0,0,0,0,0,0,0,0,0,0
0,45,45,kswapd0,0,0,3,120,0,3,3,0,0,0,0,0,0,0,0,0,0,0,0,0,0,0,0,0,0,0,0,0,0
0,45,45,kswapd0,0,0,3,120,0,3,3,0,0,0,0,0,0,0,0,0,0,0,0,0,0,0,0,0,0,0,0,0,0
0,45,45,kswapd0,0,0,3,120,0,3,3,0,0,0,0,0,0,0,0,0,0,0,0,0,0,0,0,0,0,0,0,0,0
0,45,45,kswapd0,105,105,106,120,0,1,1,38,0,11,0,0,27,0,0,0,0,0,0,1,0,0,0,0,0,0,0,0,0
0,45,45,kswapd0,3990,3990,3992,120,0,2,2,52,63,0,15,0,37,3,57,0,3,0,0,1,9,0,0,0,0,0,0,0,0
0,45,45,kswapd0,0,0,3,120,0,3,3,0,0,0,0,0,0,0,0,0,0,0,0,0,0,0,0,0,0,0,0,0,0
0,45,45,kswapd0,35,35,37,120,0,2,2,2,0,2,0,0,0,0,0,0,0,0,0,20,8,0,0,0,0,0,0,0,0
0,45,45,kswapd0,5249,5249,5251,120,1,2,2,124,593,10,78,0,36,271,171,0,151,1,59,8,222,0,0,5,0,0,0,0,64
0,45,45,kswapd0,3956,3956,3959,120,1,3,3,122,254,29,1,84,8,0,1,120,133,1,42,356,410,0,26,281,378,8,0,26,0
0,45,45,kswapd0,3957,3957,3959,120,0,2,2,96,254,1,86,0,9,1,120,0,133,4,21,318,407,0,0,26,0,0,0,0,0
0,45,45,kswapd0,5249,5249,5251,120,0,2,2,124,529,10,78,0,36,148,230,0,151,1,59,8,222,0,58,5,64,0,0,0,0
0,45,45,kswapd0,0,0,3,120,0,3,3,0,0,0,0,0,0,0,0,0,0,0,0,0,0,0,0,0,0,0,0,0,0
0,45,45,kswapd0,128,128,131,120,2,3,3,0,42,0,0,0,0,1,41,0,0,0,0,0,19,0,0,0,18,0,0,0,0
0,45,45,kswapd0,1090,1090,1093,120,1,3,3,65,302,0,0,0,65,0,25,0,277,0,0,3,25,0,0,0,20,0,0,0,0
0,45,45,kswapd0,0,0,3,120,0,3,3,0,0,0,0,0,0,0,0,0,0,0,0,0,0,0,0,0,0,0,0,0,0
0,45,45,kswapd0,0,0,3,120,0,3,3,0,0,0,0,0,0,0,0,0,0,0,0,0,0,0,0,0,0,0,0,0,0
0,45,45,kswapd0,1492,1492,1495,120,2,3,3,39,798,3,0,36,0,1,17,780,0,0,0,10,77,0,19,7,1,0,1,0,1
0,45,45,kswapd0,105,105,107,120,1,2,2,38,0,11,27,0,0,0,0,0,0,0,0,1,0,0,0,0,0,0,0,0,0
0,45,45,kswapd0,0,0,3,120,0,3,3,0,0,0,0,0,0,0,0,0,0,0,0,0,0,0,0,0,0,0,0,0,0
0,45,45,kswapd0,0,0,3,120,0,3,3,0,0,0,0,0,0,0,0,0,0,0,0,0,0,0,0,0,0,0,0,0,0
0,45,45,kswapd0,10,10,12,120,0,2,2,1,0,1,0,0,0,0,0,0,0,0,0,0,1,0,0,59,0,0,0,0,0
0,45,45,kswapd0,14,14,16,120,0,2,2,0,0,0,0,0,0,0,0,0,0,0,0,96,0,0,0,3,0,0,0,0,0
0,45,45,kswapd0,3614,3614,3617,120,1,3,3,297973,197054,0,27,296668,1278,36,0,197018,0,0,1,0,24446,0,0,0,0,0,0,0,18
0,45,45,kswapd0,0,0,3,120,0,3,3,0,0,0,0,0,0,0,0,0,0,0,0,0,0,0,0,0,0,0,0,0,0
0,45,45,kswapd0,0,0,3,120,0,3,3,0,0,0,0,0,0,0,0,0,0,0,0,0,0,0,0,0,0,0,0,0,0
0,45,45,kswapd0,35,35,37,120,0,2,2,2,0,2,0,0,0,0,0,0,0,0,0,20,8,0,0,0,0,0,0,0,0
0,45,45,kswapd0,10,10,12,120,0,2,2,1,0,1,0,0,0,0,0,0,0,0,0,0,1,0,0,59,0,0,0,0,0
0,45,45,kswapd0,0,0,3,120,0,3,3,0,0,0,0,0,0,0,0,0,0,0,0,0,0,0,0,0,0,0,0,0,0
0,45,45,kswapd0,148,148,150,120,0,2,2,27,35,0,0,0,27,0,0,0,35,0,0,312,9,0,0,6,0,0,0,0,0
0,45,45,kswapd0,0,0,3,120,0,3,3,0,0,0,0,0,0,0,0,0,0,0,0,0,0,0,0,0,0,0,0,0,0
0,45,45,kswapd0,0,0,3,120,0,3,3,0,0,0,0,0,0,0,0,0,0,0,0,0,0,0,0,0,0,0,0,0,0
0,45,45,kswapd0,0,0,3,120,0,3,3,0,0,0,0,0,0,0,0,0,0,0,0,0,0,0,0,0,0,0,0,0,0
0,45,45,kswapd0,0,0,3,120,0,3,3,0,0,0,0,0,0,0,0,0,0,0,0,0,0,0,0,0,0,0,0,0,0
0,45,45,kswapd0,0,0,3,120,0,3,3,0,0,0,0,0,0,0,0,0,0,0,0,0,0,0,0,0,0,0,0,0,0
0,45,45,kswapd0,0,0,3,120,0,3,3,0,0,0,0,0,0,0,0,0,0,0,0,0,0,0,0,0,0,0,0,0,0
0,45,45,kswapd0,0,0,3,120,0,3,3,0,0,0,0,0,0,0,0,0,0,0,0,0,0,0,0,0,0,0,0,0,0
0,45,45,kswapd0,0,0,3,120,0,3,3,0,0,0,0,0,0,0,0,0,0,0,0,0,0,0,0,0,0,0,0,0,0
0,45,45,kswapd0,0,0,3,120,0,3,3,0,0,0,0,0,0,0,0,0,0,0,0,0,0,0,0,0,0,0,0,0,0
0,45,45,kswapd0,130,130,132,120,0,2,2,7,0,2,0,0,5,0,0,0,0,0,0,19,0,0,0,21,0,0,0,0,0
0,45,45,kswapd0,236,236,238,120,0,2,2,25,13,3,0,0,22,0,2,0,11,0,0,8,33,0,2,19,34,7,0,0,0
0,45,45,kswapd0,5222,5222,5224,120,1,2,2,34,15,0,34,0,0,15,0,0,0,0,0,20,1,0,0,0,1,0,0,0,3
0,45,45,kswapd0,0,0,3,120,0,3,3,0,0,0,0,0,0,0,0,0,0,0,0,0,0,0,0,0,0,0,0,0,0
0,45,45,kswapd0,3990,3990,3993,120,2,3,3,52,63,0,10,42,0,3,47,13,0,0,0,1,9,0,0,0,0,0,0,0,1
0,45,45,kswapd0,0,0,3,120,0,3,3,0,0,0,0,0,0,0,0,0,0,0,0,0,0,0,0,0,0,0,0,0,0
0,45,45,kswapd0,0,0,3,120,0,3,3,0,0,0,0,0,0,0,0,0,0,0,0,0,0,0,0,0,0,0,0,0,0
0,45,45,kswapd0,0,0,3,120,0,3,3,0,0,0,0,0,0,0,0,0,0,0,0,0,0,0,0,0,0,0,0,0,0
0,45,45,kswapd0,3957,3957,3960,120,3,3,3,96,254,4,83,9,0,1,120,133,0,4,21,318,407,0,0,26,0,0,0,3,27
0,45,45,kswapd0,0,0,3,120,0,3,3,0,0,0,0,0,0,0,0,0,0,0,0,0,0,0,0,0,0,0,0,0,0
0,45,45,kswapd0,0,0,3,120,0,3,3,0,0,0,0,0,0,0,0,0,0,0,0,0,0,0,0,0,0,0,0,0,0
0,45,45,kswapd0,1128,1128,1130,120,0,2,2,77,76,0,0,0,77,1,0,0,75,0,0,33,26,0,0,7,0,7,0,0,0
0,45,45,kswapd0,6,6,8,120,0,2,2,0,1,0,0,0,0,1,0,0,0,0,0,15,0,0,0,0,12,0,0,0,0
0,45,45,kswapd0,0,0,3,120,0,3,3,0,0,0,0,0,0,0,0,0,0,0,0,0,0,0,0,0,0,0,0,0,0
0,45,45,kswapd0,35,35,37,120,0,2,2,2,0,2,0,0,0,0,0,0,0,0,0,20,8,0,0,0,0,0,0,0,0
0,45,45,kswapd0,0,0,3,120,0,3,3,0,0,0,0,0,0,0,0,0,0,0,0,0,0,0,0,0,0,0,0,0,0
0,45,45,kswapd0,6,6,8,120,0,2,2,0,1,0,0,0,0,1,0,0,0,0,0,15,0,0,0,0,12,0,0,0,0
0,45,45,kswapd0,5,5,7,120,0,2,2,0,0,0,0,0,0,0,0,0,0,0,0,27,0,0,0,2,0,0,0,0,0
0,45,45,kswapd0,6,7,9,120,0,3,2,0,0,0,0,0,0,0,0,0,0,0,0,0,1,0,0,0,22,0,0,0,0
0,45,45,kswapd0,5249,5249,5252,120,2,3,3,190,529,9,23,94,64,148,193,188,0,1,59,8,222,0,58,5,64,1,0,0,128
0,45,45,kswapd0,0,0,3,120,0,3,3,0,0,0,0,0,0,0,0,0,0,0,0,0,0,0,0,0,0,0,0,0,0
0,45,45,kswapd0,14,14,16,120,0,2,2,0,0,0,0,0,0,0,0,0,0,0,0,96,0,0,0,3,0,0,0,0,0
0,45,45,kswapd0,0,0,3,120,0,3,3,0,0,0,0,0,0,0,0,0,0,0,0,0,0,0,0,0,0,0,0,0,0
0,45,45,kswapd0,0,0,3,120,0,3,3,0,0,0,0,0,0,0,0,0,0,0,0,0,0,0,0,0,0,0,0,0,0
0,45,45,kswapd0,6,7,9,120,0,3,2,0,0,0,0,0,0,0,0,0,0,0,0,0,1,0,0,0,22,0,0,0,0
0,45,45,kswapd0,0,0,3,120,0,3,3,0,0,0,0,0,0,0,0,0,0,0,0,0,0,0,0,0,0,0,0,0,0
0,45,45,kswapd0,5223,5223,5224,120,0,1,1,34,12,34,0,0,0,1,0,0,11,0,0,10,1,0,0,0,3,0,0,0,0
0,45,45,kswapd0,3991,3991,3993,120,0,2,2,52,63,10,42,0,0,1,17,0,45,0,0,0,4,0,5,0,1,0,0,0,0
0,45,45,kswapd0,0,0,3,120,0,3,3,0,0,0,0,0,0,0,0,0,0,0,0,0,0,0,0,0,0,0,0,0,0
0,45,45,kswapd0,5,5,7,120,0,2,2,0,0,0,0,0,0,0,0,0,0,0,0,27,0,0,0,2,0,0,0,0,0
0,45,45,kswapd0,3958,3958,3960,120,2,2,2,93,227,83,10,0,0,36,122,0,69,2,10,172,203,0,0,3,27,0,0,0,0
0,45,45,kswapd0,5249,5249,5252,120,3,3,3,190,401,9,23,94,64,19,194,188,0,1,59,8,222,0,59,5,192,1,0,0,8
0,45,45,kswapd0,130,130,131,120,0,1,1,0,42,0,0,0,0,29,0,0,13,0,0,0,22,0,0,0,0,0,0,0,0
0,45,45,kswapd0,106,106,107,120,0,1,1,38,0,27,0,0,11,0,0,0,0,0,0,0,0,0,0,0,0,0,0,0,0
0,45,45,kswapd0,5250,5250,5252,120,0,2,2,190,393,24,93,0,73,0,259,0,134,1,29,7,239,0,134,0,0,0,0,0,0
0,45,45,kswapd0,3958,3958,3960,120,0,2,2,93,227,14,8,0,71,0,109,0,118,2,10,172,203,0,0,3,27,0,0,0,0
0,45,45,kswapd0,1493,1493,1496,120,2,3,3,39,797,0,36,3,0,17,780,0,0,0,0,8,48,0,0,0,0,0,0,0,0
0,45,45,kswapd0,130,130,133,120,0,3,3,7,0,2,0,5,0,0,0,0,0,0,0,19,0,0,0,21,0,0,0,0,0
0,45,45,kswapd0,236,236,239,120,0,3,3,25,13,1,0,24,0,0,2,11,0,0,0,8,33,0,2,19,34,7,0,0,0
0,45,45,kswapd0,6,6,8,120,0,2,2,0,1,0,0,0,0,1,0,0,0,0,0,15,0,0,0,0,12,0,0,0,0
0,45,45,kswapd0,0,0,3,120,0,3,3,0,0,0,0,0,0,0,0,0,0,0,0,0,0,0,0,0,0,0,0,0,0
0,45,45,kswapd0,14,14,16,120,0,2,2,0,0,0,0,0,0,0,0,0,0,0,0,96,0,0,0,3,0,0,0,0,0
0,45,45,kswapd0,6,7,9,120,0,3,2,0,0,0,0,0,0,0,0,0,0,0,0,0,1,0,0,0,22,0,0,0,0
0,45,45,kswapd0,0,0,3,120,0,3,3,0,0,0,0,0,0,0,0,0,0,0,0,0,0,0,0,0,0,0,0,0,0
0,45,45,kswapd0,0,0,3,120,0,3,3,0,0,0,0,0,0,0,0,0,0,0,0,0,0,0,0,0,0,0,0,0,0
0,45,45,kswapd0,0,0,3,120,0,3,3,0,0,0,0,0,0,0,0,0,0,0,0,0,0,0,0,0,0,0,0,0,0
0,45,45,kswapd0,5250,5250,5253,120,1,3,3,190,393,21,76,93,0,0,81,312,0,1,29,7,239,0,134,0,0,0,0,2,0
0,45,45,kswapd0,236,236,239,120,0,3,3,25,13,1,0,24,0,0,2,11,0,0,0,8,33,0,2,19,34,7,0,0,0
0,45,45,kswapd0,6,7,9,120,0,3,2,0,0,0,0,0,0,0,0,0,0,0,0,0,1,0,0,0,22,0,0,0,0
0,45,45,kswapd0,10,10,12,120,0,2,2,1,0,1,0,0,0,0,0,0,0,0,0,0,1,0,0,59,0,0,0,0,0
0,45,45,kswapd0,0,0,3,120,0,3,3,0,0,0,0,0,0,0,0,0,0,0,0,0,0,0,0,0,0,0,0,0,0
0,45,45,kswapd0,0,0,3,120,0,3,3,0,0,0,0,0,0,0,0,0,0,0,0,0,0,0,0,0,0,0,0,0,0
0,45,45,kswapd0,130,130,133,120,0,3,3,7,0,2,0,5,0,0,0,0,0,0,0,19,0,0,0,21,0,0,0,0,0
0,45,45,kswapd0,6,6,8,120,0,2,2,0,1,0,0,0,0,1,0,0,0,0,0,15,0,0,0,0,12,0,0,0,0
0,45,45,kswapd0,1091,1091,1094,120,1,3,3,65,302,0,0,65,0,11,0,291,0,0,0,1,22,0,0,0,0,0,0,0,0
0,45,45,kswapd0,0,0,3,120,0,3,3,0,0,0,0,0,0,0,0,0,0,0,0,0,0,0,0,0,0,0,0,0,0
0,45,45,kswapd0,148,148,151,120,0,3,3,27,35,0,0,27,0,0,0,35,0,0,0,312,9,0,0,6,0,0,0,0,0
0,45,45,kswapd0,0,0,3,120,0,3,3,0,0,0,0,0,0,0,0,0,0,0,0,0,0,0,0,0,0,0,0,0,0
0,45,45,kswapd0,0,0,3,120,0,3,3,0,0,0,0,0,0,0,0,0,0,0,0,0,0,0,0,0,0,0,0,0,0
0,45,45,kswapd0,0,0,3,120,0,3,3,0,0,0,0,0,0,0,0,0,0,0,0,0,0,0,0,0,0,0,0,0,0
0,45,45,kswapd0,0,0,3,120,0,3,3,0,0,0,0,0,0,0,0,0,0,0,0,0,0,0,0,0,0,0,0,0,0
0,45,45,kswapd0,0,0,3,120,0,3,3,0,0,0,0,0,0,0,0,0,0,0,0,0,0,0,0,0,0,0,0,0,0
0,45,45,kswapd0,130,130,132,120,0,2,2,0,42,0,0,0,0,29,13,0,0,0,0,0,22,0,0,0,0,0,0,0,0
0,45,45,kswapd0,3958,3958,3961,120,1,3,3,93,227,5,7,81,0,0,109,118,0,2,10,172,203,0,0,3,27,0,0,0,0
0,45,45,kswapd0,0,0,3,120,0,3,3,0,0,0,0,0,0,0,0,0,0,0,0,0,0,0,0,0,0,0,0,0,0
0,45,45,kswapd0,0,0,3,120,0,3,3,0,0,0,0,0,0,0,0,0,0,0,0,0,0,0,0,0,0,0,0,0,0
0,45,45,kswapd0,0,0,3,120,0,3,3,0,0,0,0,0,0,0,0,0,0,0,0,0,0,0,0,0,0,0,0,0,0
0,45,45,kswapd0,1128,1128,1131,120,1,3,3,77,76,0,0,77,0,1,0,75,0,0,0,33,26,0,0,7,0,7,0,0,0
0,45,45,kswapd0,35,35,37,120,0,2,2,2,0,2,0,0,0,0,0,0,0,0,0,20,8,0,0,0,0,0,0,0,0
0,45,45,kswapd0,0,0,3,120,0,3,3,0,0,0,0,0,0,0,0,0,0,0,0,0,0,0,0,0,0,0,0,0,0
0,45,45,kswapd0,5223,5223,5225,120,0,2,2,34,12,34,0,0,0,1,11,0,0,0,0,10,1,0,0,0,3,0,0,0,0
0,45,45,kswapd0,106,106,108,120,0,2,2,38,0,27,11,0,0,0,0,0,0,0,0,0,0,0,0,0,0,0,0,0,0
0,45,45,kswapd0,0,0,3,120,0,3,3,0,0,0,0,0,0,0,0,0,0,0,0,0,0,0,0,0,0,0,0,0,0
0,45,45,kswapd0,0,0,3,120,0,3,3,0,0,0,0,0,0,0,0,0,0,0,0,0,0,0,0,0,0,0,0,0,0
0,45,45,kswapd0,0,0,3,120,0,3,3,0,0,0,0,0,0,0,0,0,0,0,0,0,0,0,0,0,0,0,0,0,0
0,45,45,kswapd0,3615,3615,3618,120,7,3,3,311295,197036,27,296665,11813,2790,6,408,196622,0,0,0,0,12224,0,0,0,18,0,0,0,93
0,45,45,kswapd0,0,0,3,120,0,3,3,0,0,0,0,0,0,0,0,0,0,0,0,0,0,0,0,0,0,0,0,0,0
0,45,45,kswapd0,3991,3991,3994,120,1,3,3,52,63,9,37,6,0,1,17,45,0,0,0,0,4,0,5,0,1,0,0,0,0
0,45,45,kswapd0,5,5,7,120,0,2,2,0,0,0,0,0,0,0,0,0,0,0,0,27,0,0,0,2,0,0,0,0,0
0,45,45,kswapd0,0,0,3,120,0,3,3,0,0,0,0,0,0,0,0,0,0,0,0,0,0,0,0,0,0,0,0,0,0
0,45,45,kswapd0,14,14,16,120,0,2,2,0,0,0,0,0,0,0,0,0,0,0,0,96,0,0,0,3,0,0,0,0,0
0,45,45,kswapd0,0,0,3,120,0,3,3,0,0,0,0,0,0,0,0,0,0,0,0,0,0,0,0,0,0,0,0,0,0
0,45,45,kswapd0,0,0,3,120,0,3,3,0,0,0,0,0,0,0,0,0,0,0,0,0,0,0,0,0,0,0,0,0,0
0,45,45,kswapd0,10,10,12,120,0,2,2,1,0,1,0,0,0,0,0,0,0,0,0,0,1,0,0,59,0,0,0,0,0
0,45,45,kswapd0,0,0,3,120,0,3,3,0,0,0,0,0,0,0,0,0,0,0,0,0,0,0,0,0,0,0,0,0,0
0,45,45,kswapd0,0,0,3,120,0,3,3,0,0,0,0,0,0,0,0,0,0,0,0,0,0,0,0,0,0,0,0,0,0
0,45,45,kswapd0,35,35,37,120,0,2,2,2,0,2,0,0,0,0,0,0,0,0,0,20,8,0,0,0,0,0,0,0,0
0,45,45,kswapd0,1494,1494,1496,120,1,2,2,39,797,36,3,0,0,655,0,0,142,0,0,4,32,0,0,0,0,0,0,0,2
0,45,45,kswapd0,0,0,3,120,0,3,3,0,0,0,0,0,0,0,0,0,0,0,0,0,0,0,0,0,0,0,0,0,0
0,45,45,kswapd0,0,0,3,120,0,3,3,0,0,0,0,0,0,0,0,0,0,0,0,0,0,0,0,0,0,0,0,0,0
0,45,45,kswapd0,5223,5223,5225,120,1,2,2,34,12,34,0,0,0,1,11,0,0,0,0,10,1,0,0,0,3,0,0,5,0
0,45,45,kswapd0,5251,5251,5253,120,1,2,2,188,393,77,91,0,20,81,312,0,0,0,14,4,185,0,0,2,0,0,0,0,62
0,45,45,kswapd0,0,0,3,120,0,3,3,0,0,0,0,0,0,0,0,0,0,0,0,0,0,0,0,0,0,0,0,0,0
0,45,45,kswapd0,130,130,132,120,1,2,2,0,42,0,0,0,0,29,13,0,0,0,0,0,22,0,0,0,0,0,0,0,0
0,45,45,kswapd0,148,148,151,120,1,3,3,27,35,0,0,27,0,0,0,35,0,0,0,312,9,0,0,6,0,0,0,0,0
0,45,45,kswapd0,106,106,108,120,1,2,2,38,0,27,11,0,0,0,0,0,0,0,0,0,0,0,0,0,0,0,0,2,0
0,45,45,kswapd0,5,5,7,120,0,2,2,0,0,0,0,0,0,0,0,0,0,0,0,27,0,0,0,2,0,0,0,0,0
0,45,45,kswapd0,0,0,3,120,0,3,3,0,0,0,0,0,0,0,0,0,0,0,0,0,0,0,0,0,0,0,0,0,0
0,45,45,kswapd0,3959,3959,3961,120,1,2,2,93,227,5,81,0,7,109,118,0,0,1,5,87,115,0,0,0,0,0,0,0,33
0,45,45,kswapd0,0,0,3,120,0,3,3,0,0,0,0,0,0,0,0,0,0,0,0,0,0,0,0,0,0,0,0,0,0
0,45,45,kswapd0,3616,3616,3618,120,4,2,2,311698,196943,296658,11813,0,3227,50,196622,0,271,0,0,0,6121,0,1,0,91,0,0,0,9
0,45,45,kswapd0,3992,3992,3994,120,1,2,2,52,63,37,6,0,9,18,45,0,0,0,0,0,4,0,0,0,0,0,0,0,0
0,45,45,kswapd0,3959,3959,3961,120,0,2,2,93,194,5,81,0,7,45,118,0,31,1,5,87,115,0,0,0,33,0,0,0,0
0,45,45,kswapd0,3616,3616,3618,120,8,2,2,311729,196934,296658,11813,0,3258,39,196624,0,271,0,0,0,6121,0,1,0,100,0,0,0,0
0,45,45,kswapd0,3992,3992,3994,120,1,2,2,52,63,37,6,0,9,0,48,0,15,0,0,0,4,0,0,0,0,0,0,1,0
0,45,45,kswapd0,1494,1494,1496,120,1,2,2,39,795,36,3,0,0,576,0,0,219,0,0,4,32,0,0,0,2,0,0,0,34
0,45,45,kswapd0,5224,5224,5225,120,0,1,1,29,12,0,0,0,29,12,0,0,0,0,0,5,2,0,0,5,0,0,0,0,0
0,45,45,kswapd0,5251,5251,5253,120,0,2,2,188,331,77,91,0,20,5,315,0,11,0,14,4,185,0,12,2,62,0,0,0,0
0,45,45,kswapd0,131,131,132,120,0,1,1,0,42,0,0,0,0,14,0,0,28,0,0,0,11,0,0,0,0,0,0,0,0
0,45,45,kswapd0,150,150,151,120,0,1,1,27,35,27,0,0,0,35,0,0,0,0,0,159,4,0,0,0,0,0,0,0,0
0,45,45,kswapd0,107,107,108,120,0,1,1,36,0,11,0,0,25,0,0,0,0,0,0,0,0,0,0,2,0,0,0,0,0
0,45,45,kswapd0,3616,3616,3618,120,16,2,2,311822,196934,296658,11813,0,3351,39,196624,0,271,0,0,0,6121,0,1,0,100,0,0,0,0
0,45,45,kswapd0,3993,3993,3994,120,0,1,1,51,63,11,0,0,40,48,0,0,15,0,0,0,1,0,0,1,0,0,0,0,0
0,45,45,kswapd0,1494,1494,1496,120,2,2,2,39,761,36,3,0,0,511,1,0,249,0,0,4,32,0,0,0,36,0,0,0,123
0,127284,127320,file_anon_mix_p,3616,3616,3618,120,1,2,2,331816,196901,277246,11852,0,42718,0,196625,0,276,0,0,0,6121,0,1,19274,133,0,0,64,0
0,127284,127320,file_anon_mix_p,3616,3616,3618,120,1,2,2,332200,196901,276606,11852,0,43742,0,196625,0,276,0,0,0,6121,0,1,19889,133,0,0,64,0
0,127284,127320,file_anon_mix_p,3616,3616,3618,120,1,2,2,333437,196901,275613,11825,0,45999,0,196625,0,276,0,0,0,6121,0,1,20929,133,0,0,64,0
0,127284,127320,file_anon_mix_p,3616,3616,3618,120,1,2,2,333996,196901,275037,11825,0,47134,0,196625,0,276,0,0,0,6121,0,1,21499,133,0,0,64,0
0,127284,127320,file_anon_mix_p,3616,3616,3618,120,1,2,2,334491,196901,274397,11825,0,48269,0,196625,0,276,0,0,0,6121,0,1,22142,133,0,0,64,0
0,127284,127320,file_anon_mix_p,3616,3616,3618,120,1,2,2,334252,196901,274077,11825,0,48350,0,196625,0,276,0,0,0,6121,0,1,22489,133,0,0,64,0
0,127284,127320,file_anon_mix_p,3616,3616,3618,120,1,2,2,334372,196901,273685,11825,0,48862,0,196625,0,276,0,0,0,6121,0,1,22891,133,0,0,64,0
0,127284,127320,file_anon_mix_p,3616,3616,3618,120,1,2,2,334444,196901,273245,11825,0,49374,0,196625,0,276,0,0,0,6121,0,1,23290,133,0,0,64,0
0,127284,127320,file_anon_mix_p,3616,3616,3618,120,1,2,2,334572,196901,272861,11825,0,49886,0,196625,0,276,0,0,0,6121,0,1,23678,133,0,0,64,0
0,127284,127320,file_anon_mix_p,3616,3616,3618,120,1,2,2,334700,196901,272477,11825,0,50398,0,196625,0,276,0,0,0,6121,0,1,24093,133,0,0,64,0
0,127284,127320,file_anon_mix_p,3616,3616,3618,120,1,2,2,334828,196901,272093,11825,0,50910,0,196625,0,276,0,0,0,6121,0,1,24432,133,0,0,64,0
0,127284,127320,file_anon_mix_p,3616,3616,3618,120,1,2,2,335020,196901,271773,11825,0,51422,0,196625,0,276,0,0,0,6121,0,1,24789,133,0,0,64,0
0,127284,127320,file_anon_mix_p,3616,3616,3618,120,1,2,2,335143,196901,271453,11825,0,51865,0,196625,0,276,0,0,0,6121,0,1,25127,133,0,0,64,0
0,127284,127320,file_anon_mix_p,3616,3616,3618,120,1,2,2,335020,196901,271261,11825,0,51934,0,196625,0,276,0,0,0,6121,0,1,25287,133,0,0,64,0
0,127284,127320,file_anon_mix_p,3616,3616,3618,120,1,2,2,335142,196901,270941,11825,0,52376,0,196625,0,276,0,0,0,6121,0,1,25610,133,0,0,64,0
0,127284,127320,file_anon_mix_p,3616,3616,3618,120,1,2,2,335084,196901,270813,11825,0,52446,0,196625,0,276,0,0,0,6121,0,1,25760,133,0,0,64,0
0,127284,127320,file_anon_mix_p,3616,3616,3618,120,1,2,2,335206,196901,270493,11825,0,52888,0,196625,0,276,0,0,0,6121,0,1,26078,133,0,0,64,0
0,127284,127320,file_anon_mix_p,1494,1494,1496,120,0,2,2,39,638,36,3,0,0,378,6,0,254,0,0,4,32,0,0,0,159,0,0,0,0
0,127284,127320,file_anon_mix_p,1494,1494,1496,120,0,2,2,39,638,36,3,0,0,378,6,0,254,0,0,4,32,0,0,0,159,0,0,0,0
0,127284,127320,file_anon_mix_p,3616,3616,3618,120,1,2,2,335084,196901,270301,11825,0,52958,0,196625,0,276,0,0,0,6121,0,1,26269,133,0,0,64,0
0,127284,127320,file_anon_mix_p,3616,3616,3618,120,1,2,2,335206,196901,269981,11825,0,53400,0,196625,0,276,0,0,0,6121,0,1,26565,133,0,0,64,0
0,127209,127209,kworker/1:0,3616,3616,3618,120,1,2,2,334956,196901,269661,11825,0,53470,0,196625,0,276,0,0,0,6121,0,1,26845,133,0,0,0,0
0,127209,127209,kworker/1:0,3616,3616,3618,120,1,2,2,334956,196901,269661,11825,0,53470,0,196625,0,276,0,0,0,6121,0,1,26852,133,0,0,0,0
0,127209,127209,kworker/1:0,3616,3616,3618,120,1,2,2,334956,196901,269661,11825,0,53470,0,196625,0,276,0,0,0,6121,0,1,26855,133,0,0,0,0
0,127209,127209,kworker/1:0,3616,3616,3618,120,1,2,2,334956,196901,269661,11825,0,53470,0,196625,0,276,0,0,0,6121,0,1,26858,133,0,0,0,0
0,127209,127209,kworker/1:0,3616,3616,3618,120,1,2,2,334956,196901,269661,11825,0,53470,0,196625,0,276,0,0,0,6121,0,1,26861,133,0,0,0,0
0,127209,127209,kworker/1:0,3616,3616,3618,120,1,2,2,334956,196901,269661,11825,0,53470,0,196625,0,276,0,0,0,6121,0,1,26864,133,0,0,0,0
0,127209,127209,kworker/1:0,3616,3616,3618,120,1,2,2,334956,196901,269661,11825,0,53470,0,196625,0,276,0,0,0,6121,0,1,26866,133,0,0,0,0
0,127209,127209,kworker/1:0,3616,3616,3618,120,1,2,2,334956,196901,269661,11825,0,53470,0,196625,0,276,0,0,0,6121,0,1,26869,133,0,0,0,0
0,127209,127209,kworker/1:0,3616,3616,3618,120,1,2,2,334956,196901,269661,11825,0,53470,0,196625,0,276,0,0,0,6121,0,1,26872,133,0,0,0,0
0,127209,127209,kworker/1:0,3616,3616,3618,120,1,2,2,334956,196901,269661,11825,0,53470,0,196625,0,276,0,0,0,6121,0,1,26875,133,0,0,0,0
0,127209,127209,kworker/1:0,3616,3616,3618,120,1,2,2,334956,196901,269661,11825,0,53470,0,196625,0,276,0,0,0,6121,0,1,26877,133,0,0,0,0
0,127209,127209,kworker/1:0,3616,3616,3618,120,1,2,2,334956,196901,269661,11825,0,53470,0,196625,0,276,0,0,0,6121,0,1,26880,133,0,0,0,0
0,127209,127209,kworker/1:0,3616,3616,3618,120,1,2,2,334956,196901,269661,11825,0,53470,0,196625,0,276,0,0,0,6121,0,1,26885,133,0,0,0,0
0,127209,127209,kworker/1:0,3616,3616,3618,120,1,2,2,334956,196901,269661,11825,0,53470,0,196625,0,276,0,0,0,6121,0,1,26889,133,0,0,0,0
0,127209,127209,kworker/1:0,3616,3616,3618,120,1,2,2,334956,196901,269661,11825,0,53470,0,196625,0,276,0,0,0,6121,0,1,26892,133,0,0,0,0
0,127209,127209,kworker/1:0,3616,3616,3618,120,1,2,2,334956,196901,269661,11825,0,53470,0,196625,0,276,0,0,0,6121,0,1,26894,133,0,0,0,0
0,127209,127209,kworker/1:0,3616,3616,3618,120,1,2,2,334956,196901,269661,11825,0,53470,0,196625,0,276,0,0,0,6121,0,1,26895,133,0,0,0,0
0,127209,127209,kworker/1:0,3616,3616,3618,120,1,2,2,334956,196901,269661,11825,0,53470,0,196625,0,276,0,0,0,6121,0,1,26897,133,0,0,0,0
0,127209,127209,kworker/1:0,3616,3616,3618,120,1,2,2,334956,196901,269661,11825,0,53470,0,196625,0,276,0,0,0,6121,0,1,26900,133,0,0,0,0
0,127209,127209,kworker/1:0,3616,3616,3618,120,1,2,2,334956,196901,269661,11825,0,53470,0,196625,0,276,0,0,0,6121,0,1,26903,133,0,0,0,0
0,127209,127209,kworker/1:0,3616,3616,3618,120,1,2,2,334956,196901,269661,11825,0,53470,0,196625,0,276,0,0,0,6121,0,1,26906,133,0,0,0,0
0,127209,127209,kworker/1:0,3616,3616,3618,120,1,2,2,334956,196901,269661,11825,0,53470,0,196625,0,276,0,0,0,6121,0,1,26908,133,0,0,0,0
0,127209,127209,kworker/1:0,3616,3616,3618,120,1,2,2,334955,196901,269660,11825,0,53470,0,196625,0,276,0,0,0,6121,0,1,26909,133,0,0,0,0
0,127209,127209,kworker/1:0,3616,3616,3618,120,1,2,2,334892,196901,269597,11825,0,53470,0,196625,0,276,0,0,0,6121,0,1,26911,133,0,0,0,0
0,127209,127209,kworker/1:0,3616,3616,3618,120,1,2,2,334892,196901,269597,11825,0,53470,0,196625,0,276,0,0,0,6121,0,1,26913,133,0,0,0,0
0,127284,127320,file_anon_mix_p,3616,3616,3618,120,1,2,2,335084,196901,269789,11825,0,53470,0,196625,0,276,0,0,0,6121,0,1,26754,133,0,0,64,0
0,127209,127209,kworker/1:0,3616,3616,3618,120,1,2,2,334892,196901,269597,11825,0,53470,0,196625,0,276,0,0,0,6121,0,1,26959,133,0,0,0,0
0,127284,127320,file_anon_mix_p,3616,3616,3618,120,1,2,2,335142,196901,269405,11825,0,53912,0,196625,0,276,0,0,0,6121,0,1,27138,133,0,0,64,0
0,127284,127320,file_anon_mix_p,3616,3616,3618,120,1,2,2,335084,196901,269277,11825,0,53982,0,196625,0,276,0,0,0,6121,0,1,27293,133,0,0,64,0
0,127284,127320,file_anon_mix_p,3616,3616,3618,120,1,2,2,335206,196901,268957,11825,0,54424,0,196625,0,276,0,0,0,6121,0,1,27586,133,0,0,64,0
0,127284,127320,file_anon_mix_p,3616,3616,3618,120,1,2,2,335084,196901,268773,11817,0,54494,0,196625,0,276,0,0,0,6121,0,1,27730,133,0,0,64,0
0,60,60,jbd2/sda-8,3616,3616,3618,120,1,2,2,335078,196901,268837,11817,0,54424,0,196625,0,276,0,0,0,6121,0,1,27706,133,0,0,64,0
0,127284,127320,file_anon_mix_p,3616,3616,3618,120,1,2,2,335270,196901,268517,11817,0,54936,0,196625,0,276,0,0,0,6121,0,1,27930,133,0,0,64,0
0,127284,127320,file_anon_mix_p,3616,3616,3618,120,1,2,2,335148,196901,268325,11817,0,55006,0,196625,0,276,0,0,0,6121,0,1,28068,133,0,0,64,0
0,60,60,jbd2/sda-8,3616,3616,3618,120,1,2,2,335264,196901,268581,11817,0,54866,0,196625,0,276,0,0,0,6121,0,1,27926,133,0,0,64,0
0,125635,125635,kworker/u8:1,3616,3616,3618,120,1,2,2,335142,196901,268389,11817,0,54936,0,196625,0,276,0,0,0,6121,0,1,28042,133,0,0,64,0
0,127284,127320,file_anon_mix_p,3616,3616,3618,120,1,2,2,335322,196901,268197,11817,0,55308,0,196625,0,276,0,0,0,6121,0,1,28280,133,0,0,64,0
0,127284,127320,file_anon_mix_p,3616,3616,3618,120,1,2,2,335340,196901,268005,11817,0,55518,0,196625,0,276,0,0,0,6121,0,1,28462,133,0,0,64,0
0,127284,127320,file_anon_mix_p,3616,3616,3618,120,1,2,2,335466,196901,267941,11817,0,55708,0,196625,0,276,0,0,0,6121,0,1,28576,133,0,0,64,0
0,127284,127320,file_anon_mix_p,3616,3616,3618,120,1,2,2,335401,196901,267685,11817,0,55899,0,196625,0,276,0,0,0,6121,0,1,28825,133,0,0,64,0
0,127284,127320,file_anon_mix_p,3616,3616,3618,120,1,2,2,335340,196901,267493,11817,0,56030,0,196625,0,276,0,0,0,6121,0,1,28988,133,0,0,64,0
0,127284,127320,file_anon_mix_p,3616,3616,3618,120,1,2,2,335274,196901,267237,11817,0,56220,0,196625,0,276,0,0,0,6121,0,1,29240,133,0,0,64,0
0,127284,127320,file_anon_mix_p,3616,3616,3618,120,1,2,2,335340,196901,266981,11817,0,56542,0,196625,0,276,0,0,0,6121,0,1,29496,133,0,0,64,0
0,127284,127320,file_anon_mix_p,3616,3616,3618,120,1,2,2,335274,196901,266725,11817,0,56732,0,196625,0,276,0,0,0,6121,0,1,29740,133,0,0,64,0
0,127284,127320,file_anon_mix_p,3616,3616,3618,120,1,2,2,335273,196901,266533,11817,0,56923,0,196625,0,276,0,0,0,6121,0,1,29957,133,0,0,64,0
0,127284,127320,file_anon_mix_p,3616,3616,3618,120,1,2,2,335212,196901,266341,11817,0,57054,0,196625,0,276,0,0,0,6121,0,1,30146,133,0,0,64,0
0,127284,127320,file_anon_mix_p,3616,3616,3618,120,1,2,2,335334,196901,266021,11817,0,57496,0,196625,0,276,0,0,0,6121,0,1,30462,133,0,0,64,0
0,127284,127320,file_anon_mix_p,3616,3616,3618,120,1,2,2,335212,196901,265829,11817,0,57566,0,196625,0,276,0,0,0,6121,0,1,30698,133,0,0,64,0
0,127284,127320,file_anon_mix_p,3616,3616,3618,120,1,2,2,335270,196901,265445,11817,0,58008,0,196625,0,276,0,0,0,6121,0,1,31021,133,0,0,64,0
0,127284,127320,file_anon_mix_p,3616,3616,3618,120,1,2,2,335148,196901,265253,11817,0,58078,0,196625,0,276,0,0,0,6121,0,1,31248,133,0,0,64,0
0,127284,127320,file_anon_mix_p,3616,3616,3618,120,1,2,2,335270,196901,264933,11817,0,58520,0,196625,0,276,0,0,0,6121,0,1,31570,133,0,0,64,0
0,127284,127320,file_anon_mix_p,3616,3616,3618,120,1,2,2,335084,196901,264677,11817,0,58590,0,196625,0,276,0,0,0,6121,0,1,31794,133,0,0,64,0
0,127284,127320,file_anon_mix_p,3616,3616,3618,120,1,2,2,335206,196901,264357,11817,0,59032,0,196625,0,276,0,0,0,6121,0,1,32109,133,0,0,64,0
0,127284,127320,file_anon_mix_p,3616,3616,3618,120,1,2,2,335084,196901,264165,11817,0,59102,0,196625,0,276,0,0,0,6121,0,1,32338,133,0,0,64,0
0,127284,127320,file_anon_mix_p,3616,3616,3618,120,1,2,2,335206,196901,263845,11817,0,59544,0,196625,0,276,0,0,0,6121,0,1,32646,133,0,0,64,0
0,127284,127320,file_anon_mix_p,3616,3616,3618,120,1,2,2,335084,196901,263653,11817,0,59614,0,196625,0,276,0,0,0,6121,0,1,32826,133,0,0,64,0
0,127284,127320,file_anon_mix_p,3616,3616,3618,120,1,2,2,335020,196901,263077,11817,0,60126,0,196625,0,276,0,0,0,6121,0,1,33402,133,0,0,64,0
0,127284,127320,file_anon_mix_p,3616,3616,3618,120,1,2,2,335142,196901,262757,11817,0,60568,0,196625,0,276,0,0,0,6121,0,1,33733,133,0,0,64,0
0,127284,127320,file_anon_mix_p,3616,3616,3618,120,1,2,2,335020,196901,262565,11817,0,60638,0,196625,0,276,0,0,0,6121,0,1,33914,133,0,0,64,0
0,127284,127320,file_anon_mix_p,3616,3616,3618,120,1,2,2,335142,196901,262245,11817,0,61080,0,196625,0,276,0,0,0,6121,0,1,34234,133,0,0,64,0
0,127284,127320,file_anon_mix_p,3616,3616,3618,120,1,2,2,335020,196901,262053,11817,0,61150,0,196625,0,276,0,0,0,6121,0,1,34431,133,0,0,64,0
0,127284,127320,file_anon_mix_p,3616,3616,3618,120,1,2,2,335142,196901,261733,11817,0,61592,0,196625,0,276,0,0,0,6121,0,1,34785,133,0,0,64,0
0,127284,127320,file_anon_mix_p,3616,3616,3618,120,1,2,2,335020,196901,261541,11817,0,61662,0,196625,0,276,0,0,0,6121,0,1,34979,133,0,0,64,0
0,127284,127320,file_anon_mix_p,3616,3616,3618,120,1,2,2,335078,196901,261157,11817,0,62104,0,196625,0,276,0,0,0,6121,0,1,35322,133,0,0,64,0
0,127284,127320,file_anon_mix_p,3616,3616,3618,120,1,2,2,334956,196901,260965,11817,0,62174,0,196625,0,276,0,0,0,6121,0,1,35515,133,0,0,64,0
0,127284,127320,file_anon_mix_p,3616,3616,3618,120,1,2,2,335078,196901,260645,11817,0,62616,0,196625,0,276,0,0,0,6121,0,1,35859,133,0,0,64,0
0,127284,127320,file_anon_mix_p,3616,3616,3618,120,1,2,2,334956,196901,260453,11817,0,62686,0,196625,0,276,0,0,0,6121,0,1,36054,133,0,0,64,0
0,127284,127320,file_anon_mix_p,3616,3616,3618,120,1,2,2,335078,196901,260133,11817,0,63128,0,196625,0,276,0,0,0,6121,0,1,36393,133,0,0,64,0
0,127284,127320,file_anon_mix_p,3616,3616,3618,120,1,2,2,334892,196901,259877,11817,0,63198,0,196625,0,276,0,0,0,6121,0,1,36588,133,0,0,64,0
0,127284,127320,file_anon_mix_p,3616,3616,3618,120,1,2,2,335014,196901,259557,11817,0,63640,0,196625,0,276,0,0,0,6121,0,1,36935,133,0,0,64,0
0,127284,127320,file_anon_mix_p,3616,3616,3618,120,1,2,2,334892,196901,259365,11817,0,63710,0,196625,0,276,0,0,0,6121,0,1,37131,133,0,0,64,0
0,127284,127320,file_anon_mix_p,3616,3616,3618,120,1,2,2,335014,196901,259045,11817,0,64152,0,196625,0,276,0,0,0,6121,0,1,37470,133,0,0,64,0
0,127284,127320,file_anon_mix_p,3616,3616,3618,120,1,2,2,334892,196901,258853,11817,0,64222,0,196625,0,276,0,0,0,6121,0,1,37666,133,0,0,64,0
0,127284,127320,file_anon_mix_p,3616,3616,3618,120,1,2,2,334950,196901,258469,11817,0,64664,0,196625,0,276,0,0,0,6121,0,1,37997,133,0,0,64,0
0,127284,127320,file_anon_mix_p,3616,3616,3618,120,1,2,2,334892,196901,258341,11817,0,64734,0,196625,0,276,0,0,0,6121,0,1,38156,133,0,0,64,0
0,127284,127320,file_anon_mix_p,3616,3616,3618,120,1,2,2,335014,196901,258021,11817,0,65176,0,196625,0,276,0,0,0,6121,0,1,38467,133,0,0,64,0
0,127284,127320,file_anon_mix_p,3616,3616,3618,120,1,2,2,334956,196901,257893,11817,0,65246,0,196625,0,276,0,0,0,6121,0,1,38625,133,0,0,64,0
0,127284,127320,file_anon_mix_p,3616,3616,3618,120,1,2,2,335078,196901,257573,11817,0,65688,0,196625,0,276,0,0,0,6121,0,1,38937,133,0,0,64,0
0,127284,127320,file_anon_mix_p,3616,3616,3618,120,1,2,2,334956,196901,257381,11817,0,65758,0,196625,0,276,0,0,0,6121,0,1,39100,133,0,0,64,0
0,127284,127320,file_anon_mix_p,3616,3616,3618,120,1,2,2,335142,196901,257125,11817,0,66200,0,196625,0,276,0,0,0,6121,0,1,39399,133,0,0,64,0
0,127284,127320,file_anon_mix_p,3616,3616,3618,120,1,2,2,335015,196901,256928,11817,0,66270,0,196625,0,276,0,0,0,6121,0,1,39596,133,0,0,64,0
0,127284,127320,file_anon_mix_p,3616,3616,3618,120,1,2,2,335078,196901,256549,11817,0,66712,0,196625,0,276,0,0,0,6121,0,1,39932,133,0,0,64,0
0,127284,127320,file_anon_mix_p,3616,3616,3618,120,1,2,2,335020,196901,256421,11817,0,66782,0,196625,0,276,0,0,0,6121,0,1,40090,133,0,0,64,0
0,127284,127320,file_anon_mix_p,3616,3616,3618,120,1,2,2,335142,196901,256101,11817,0,67224,0,196625,0,276,0,0,0,6121,0,1,40403,133,0,0,64,0
0,127284,127320,file_anon_mix_p,3616,3616,3618,120,1,2,2,335020,196901,255909,11817,0,67294,0,196625,0,276,0,0,0,6121,0,1,40556,133,0,0,64,0
0,127284,127320,file_anon_mix_p,3616,3616,3618,120,1,2,2,335206,196901,255653,11817,0,67736,0,196625,0,276,0,0,0,6121,0,1,40867,133,0,0,64,0
0,127284,127320,file_anon_mix_p,3616,3616,3618,120,1,2,2,335084,196901,255461,11817,0,67806,0,196625,0,276,0,0,0,6121,0,1,41033,133,0,0,64,0
0,127284,127320,file_anon_mix_p,3616,3616,3618,120,1,2,2,335270,196901,255205,11817,0,68248,0,196625,0,276,0,0,0,6121,0,1,41317,133,0,0,64,0
0,127284,127320,file_anon_mix_p,3616,3616,3618,120,1,2,2,335084,196901,254949,11817,0,68318,0,196625,0,276,0,0,0,6121,0,1,41517,133,0,0,64,0
0,126930,126930,mglru_monitor,3616,3616,3618,120,1,2,2,334956,196901,268645,11817,0,54494,0,196625,0,276,0,0,0,6121,0,1,27892,133,0,0,64,0
0,394,394,sshd-session,3616,3616,3618,120,1,2,2,334748,196901,254181,11817,0,68750,0,196625,0,276,0,0,0,6121,0,1,42362,133,0,0,64,0
0,127284,127320,file_anon_mix_p,3616,3616,3618,120,1,2,2,334764,196901,254117,11817,0,68830,0,196625,0,276,0,0,0,6121,0,1,42416,133,0,0,64,0
0,127284,127320,file_anon_mix_p,3616,3616,3618,120,1,2,2,334774,196901,253669,11817,0,69288,0,196625,0,276,0,0,0,6121,0,1,42874,133,0,0,64,0
0,127284,127320,file_anon_mix_p,3616,3616,3618,120,1,2,2,334700,196901,253541,11817,0,69342,0,196625,0,276,0,0,0,6121,0,1,43036,133,0,0,64,0
0,127284,127320,file_anon_mix_p,3616,3616,3618,120,1,2,2,334831,196901,253157,11817,0,69857,0,196625,0,276,0,0,0,6121,0,1,43417,133,0,0,64,0
0,127284,127320,file_anon_mix_p,3616,3616,3618,120,1,2,2,334952,196901,252773,11817,0,70362,0,196625,0,276,0,0,0,6121,0,1,43756,133,0,0,64,0
0,127284,127320,file_anon_mix_p,3616,3616,3618,120,1,2,2,334828,196901,252645,11817,0,70366,0,196625,0,276,0,0,0,6121,0,1,43898,133,0,0,64,0
0,394,394,sshd-session,3616,3616,3618,120,1,2,2,334636,196901,252453,11817,0,70366,0,196625,0,276,0,0,0,6121,0,1,44091,133,0,0,64,0
0,127209,127209,kworker/1:0,3616,3616,3618,120,1,2,2,334572,196901,251881,11813,0,70878,0,196625,0,276,0,0,0,6121,0,1,44670,133,0,0,0,0
0,127209,127209,kworker/1:0,3616,3616,3618,120,1,2,2,334526,196901,251835,11813,0,70878,0,196625,0,276,0,0,0,6121,0,1,44672,133,0,0,0,0
0,127209,127209,kworker/1:0,3616,3616,3618,120,1,2,2,334508,196901,251817,11813,0,70878,0,196625,0,276,0,0,0,6121,0,1,44674,133,0,0,0,0
0,127209,127209,kworker/1:0,3616,3616,3618,120,1,2,2,334508,196901,251817,11813,0,70878,0,196625,0,276,0,0,0,6121,0,1,44677,133,0,0,0,0
0,127209,127209,kworker/1:0,3616,3616,3618,120,1,2,2,334508,196901,251817,11813,0,70878,0,196625,0,276,0,0,0,6121,0,1,44680,133,0,0,0,0
0,127209,127209,kworker/1:0,3616,3616,3618,120,1,2,2,334508,196901,251817,11813,0,70878,0,196625,0,276,0,0,0,6121,0,1,44683,133,0,0,0,0
0,127209,127209,kworker/1:0,3616,3616,3618,120,1,2,2,334508,196901,251817,11813,0,70878,0,196625,0,276,0,0,0,6121,0,1,44685,133,0,0,0,0
0,127209,127209,kworker/1:0,3616,3616,3618,120,1,2,2,334508,196901,251817,11813,0,70878,0,196625,0,276,0,0,0,6121,0,1,44688,133,0,0,0,0
0,127209,127209,kworker/1:0,3616,3616,3618,120,1,2,2,334508,196901,251817,11813,0,70878,0,196625,0,276,0,0,0,6121,0,1,44691,133,0,0,0,0
0,127209,127209,kworker/1:0,3616,3616,3618,120,1,2,2,334508,196901,251817,11813,0,70878,0,196625,0,276,0,0,0,6121,0,1,44691,133,0,0,0,0
0,127209,127209,kworker/1:0,3616,3616,3618,120,1,2,2,334508,196901,251817,11813,0,70878,0,196625,0,276,0,0,0,6121,0,1,44691,133,0,0,0,0
0,127209,127209,kworker/1:0,3616,3616,3618,120,1,2,2,334508,196901,251817,11813,0,70878,0,196625,0,276,0,0,0,6121,0,1,44691,133,0,0,0,0
0,127209,127209,kworker/1:0,3616,3616,3618,120,1,2,2,334508,196901,251817,11813,0,70878,0,196625,0,276,0,0,0,6121,0,1,44697,133,0,0,0,0
0,127209,127209,kworker/1:0,3616,3616,3618,120,1,2,2,334508,196901,251817,11813,0,70878,0,196625,0,276,0,0,0,6121,0,1,44697,133,0,0,0,0
0,127209,127209,kworker/1:0,3616,3616,3618,120,1,2,2,334508,196901,251817,11813,0,70878,0,196625,0,276,0,0,0,6121,0,1,44697,133,0,0,0,0
0,127209,127209,kworker/1:0,3616,3616,3618,120,1,2,2,334508,196901,251817,11813,0,70878,0,196625,0,276,0,0,0,6121,0,1,44697,133,0,0,0,0
0,127209,127209,kworker/1:0,3616,3616,3618,120,1,2,2,334508,196901,251817,11813,0,70878,0,196625,0,276,0,0,0,6121,0,1,44697,133,0,0,0,0
0,127209,127209,kworker/1:0,3616,3616,3618,120,1,2,2,334508,196901,251817,11813,0,70878,0,196625,0,276,0,0,0,6121,0,1,44698,133,0,0,0,0
0,127209,127209,kworker/1:0,3616,3616,3618,120,1,2,2,334508,196901,251817,11813,0,70878,0,196625,0,276,0,0,0,6121,0,1,44700,133,0,0,0,0
0,127209,127209,kworker/1:0,3616,3616,3618,120,1,2,2,334508,196901,251817,11813,0,70878,0,196625,0,276,0,0,0,6121,0,1,44703,133,0,0,0,0
0,127209,127209,kworker/1:0,3616,3616,3618,120,1,2,2,334508,196901,251817,11813,0,70878,0,196625,0,276,0,0,0,6121,0,1,44706,133,0,0,0,0
0,127209,127209,kworker/1:0,3616,3616,3618,120,1,2,2,334508,196901,251817,11813,0,70878,0,196625,0,276,0,0,0,6121,0,1,44708,133,0,0,0,0
0,127209,127209,kworker/1:0,3616,3616,3618,120,1,2,2,334508,196901,251817,11813,0,70878,0,196625,0,276,0,0,0,6121,0,1,44711,133,0,0,0,0
0,127209,127209,kworker/1:0,3616,3616,3618,120,1,2,2,334508,196901,251817,11813,0,70878,0,196625,0,276,0,0,0,6121,0,1,44714,133,0,0,0,0
0,127209,127209,kworker/1:0,3616,3616,3618,120,1,2,2,334508,196901,251817,11813,0,70878,0,196625,0,276,0,0,0,6121,0,1,44717,133,0,0,0,0
0,127209,127209,kworker/1:0,3616,3616,3618,120,1,2,2,334508,196901,251817,11813,0,70878,0,196625,0,276,0,0,0,6121,0,1,44736,133,0,0,0,0
0,127209,127209,kworker/1:0,3616,3616,3618,120,1,2,2,334444,196901,251753,11813,0,70878,0,196625,0,276,0,0,0,6121,0,1,44752,133,0,0,0,0
0,127209,127209,kworker/1:0,3616,3616,3618,120,1,2,2,334444,196901,251753,11813,0,70878,0,196625,0,276,0,0,0,6121,0,1,44752,133,0,0,0,0
0,127209,127209,kworker/1:0,3616,3616,3618,120,1,2,2,334444,196901,251753,11813,0,70878,0,196625,0,276,0,0,0,6121,0,1,44752,133,0,0,0,0
0,127209,127209,kworker/1:0,3616,3616,3618,120,1,2,2,334444,196901,251753,11813,0,70878,0,196625,0,276,0,0,0,6121,0,1,44752,133,0,0,0,0
0,127209,127209,kworker/1:0,3616,3616,3618,120,1,2,2,334444,196901,251753,11813,0,70878,0,196625,0,276,0,0,0,6121,0,1,44752,133,0,0,0,0
0,127209,127209,kworker/1:0,3616,3616,3618,120,1,2,2,334444,196901,251753,11813,0,70878,0,196625,0,276,0,0,0,6121,0,1,44753,133,0,0,0,0
0,127209,127209,kworker/1:0,3616,3616,3618,120,1,2,2,334444,196901,251753,11813,0,70878,0,196625,0,276,0,0,0,6121,0,1,44756,133,0,0,0,0
0,127209,127209,kworker/1:0,3616,3616,3618,120,1,2,2,334444,196901,251753,11813,0,70878,0,196625,0,276,0,0,0,6121,0,1,44759,133,0,0,0,0
0,127209,127209,kworker/1:0,3616,3616,3618,120,1,2,2,334444,196901,251753,11813,0,70878,0,196625,0,276,0,0,0,6121,0,1,44761,133,0,0,0,0
0,127209,127209,kworker/1:0,3616,3616,3618,120,1,2,2,334444,196901,251753,11813,0,70878,0,196625,0,276,0,0,0,6121,0,1,44764,133,0,0,0,0
0,127209,127209,kworker/1:0,3616,3616,3618,120,1,2,2,334444,196901,251753,11813,0,70878,0,196625,0,276,0,0,0,6121,0,1,44767,133,0,0,0,0
0,127209,127209,kworker/1:0,3616,3616,3618,120,1,2,2,334444,196901,251753,11813,0,70878,0,196625,0,276,0,0,0,6121,0,1,44770,133,0,0,0,0
0,127209,127209,kworker/1:0,3616,3616,3618,120,1,2,2,334444,196901,251753,11813,0,70878,0,196625,0,276,0,0,0,6121,0,1,44796,133,0,0,0,0
0,127209,127209,kworker/1:0,3616,3616,3618,120,1,2,2,334444,196901,251753,11813,0,70878,0,196625,0,276,0,0,0,6121,0,1,44800,133,0,0,0,0
0,127209,127209,kworker/1:0,3616,3616,3618,120,1,2,2,334444,196901,251753,11813,0,70878,0,196625,0,276,0,0,0,6121,0,1,44803,133,0,0,0,0
0,127209,127209,kworker/1:0,3616,3616,3618,120,1,2,2,334444,196901,251753,11813,0,70878,0,196625,0,276,0,0,0,6121,0,1,44806,133,0,0,0,0
0,127209,127209,kworker/1:0,3616,3616,3618,120,1,2,2,334444,196901,251753,11813,0,70878,0,196625,0,276,0,0,0,6121,0,1,44808,133,0,0,0,0
0,127209,127209,kworker/1:0,3616,3616,3618,120,1,2,2,334444,196901,251753,11813,0,70878,0,196625,0,276,0,0,0,6121,0,1,44809,133,0,0,0,0
0,127209,127209,kworker/1:0,3616,3616,3618,120,1,2,2,334380,196901,251689,11813,0,70878,0,196625,0,276,0,0,0,6121,0,1,44811,133,0,0,0,0
0,127209,127209,kworker/1:0,3616,3616,3618,120,1,2,2,334380,196901,251689,11813,0,70878,0,196625,0,276,0,0,0,6121,0,1,44813,133,0,0,0,0
0,127209,127209,kworker/1:0,3616,3616,3618,120,1,2,2,334380,196901,251689,11813,0,70878,0,196625,0,276,0,0,0,6121,0,1,44816,133,0,0,0,0
0,127209,127209,kworker/1:0,3616,3616,3618,120,1,2,2,334380,196901,251689,11813,0,70878,0,196625,0,276,0,0,0,6121,0,1,44819,133,0,0,0,0
0,127209,127209,kworker/1:0,3616,3616,3618,120,1,2,2,334380,196901,251689,11813,0,70878,0,196625,0,276,0,0,0,6121,0,1,44822,133,0,0,0,0
0,127209,127209,kworker/1:0,3616,3616,3618,120,1,2,2,334380,196901,251689,11813,0,70878,0,196625,0,276,0,0,0,6121,0,1,44825,133,0,0,0,0
0,127209,127209,kworker/1:0,3616,3616,3618,120,1,2,2,334380,196901,251689,11813,0,70878,0,196625,0,276,0,0,0,6121,0,1,44828,133,0,0,0,0
0,127209,127209,kworker/1:0,3616,3616,3618,120,1,2,2,334380,196901,251689,11813,0,70878,0,196625,0,276,0,0,0,6121,0,1,44847,133,0,0,0,0
0,127284,127320,file_anon_mix_p,3616,3616,3618,120,1,2,2,334636,196901,251945,11813,0,70878,0,196625,0,276,0,0,0,6121,0,1,44598,133,0,0,64,0
0,127284,127320,file_anon_mix_p,3616,3616,3618,120,1,2,2,334579,196901,251433,11813,0,71333,0,196625,0,276,0,0,0,6121,0,1,45142,133,0,0,64,0
0,127284,127320,file_anon_mix_p,3616,3616,3618,120,1,2,2,334700,196901,251049,11813,0,71838,0,196625,0,276,0,0,0,6121,0,1,45502,133,0,0,64,0
0,127284,127320,file_anon_mix_p,3616,3616,3618,120,1,2,2,334636,196901,250921,11813,0,71902,0,196625,0,276,0,0,0,6121,0,1,45650,133,0,0,64,0
0,127284,127320,file_anon_mix_p,3616,3616,3618,120,1,2,2,334757,196901,250537,11813,0,72407,0,196625,0,276,0,0,0,6121,0,1,46055,133,0,0,64,0
0,127284,127320,file_anon_mix_p,3616,3616,3618,120,1,2,2,334572,196901,250345,11813,0,72414,0,196625,0,276,0,0,0,6121,0,1,46233,133,0,0,64,0
0,127284,127320,file_anon_mix_p,3616,3616,3618,120,1,2,2,334687,196901,249961,11813,0,72913,0,196625,0,276,0,0,0,6121,0,1,46590,133,0,0,64,0
0,127284,127320,file_anon_mix_p,3616,3616,3618,120,1,2,2,334572,196901,249833,11813,0,72926,0,196625,0,276,0,0,0,6121,0,1,46745,133,0,0,64,0
0,127284,127320,file_anon_mix_p,3616,3616,3618,120,1,2,2,334681,196901,249449,11813,0,73419,0,196625,0,276,0,0,0,6121,0,1,47126,133,0,0,64,0
0,127284,127320,file_anon_mix_p,3616,3616,3618,120,1,2,2,334508,196901,249257,11813,0,73438,0,196625,0,276,0,0,0,6121,0,1,47312,133,0,0,64,0
0,127284,127320,file_anon_mix_p,3616,3616,3618,120,1,2,2,334611,196901,248873,11813,0,73925,0,196625,0,276,0,0,0,6121,0,1,47672,133,0,0,64,0
0,127284,127320,file_anon_mix_p,3616,3616,3618,120,1,2,2,334508,196901,248745,11813,0,73950,0,196625,0,276,0,0,0,6121,0,1,47810,133,0,0,64,0
0,127284,127320,file_anon_mix_p,3616,3616,3618,120,1,2,2,334669,196901,248425,11813,0,74431,0,196625,0,276,0,0,0,6121,0,1,48138,133,0,0,63,0
0,127284,127320,file_anon_mix_p,3616,3616,3618,120,1,2,2,334573,196901,248297,11814,0,74462,0,196625,0,276,0,0,0,6121,0,1,48277,133,0,0,64,0
0,127284,127320,file_anon_mix_p,3616,3616,3618,120,1,2,2,334726,196901,247977,11814,0,74935,0,196625,0,276,0,0,0,6121,0,1,48601,133,0,0,64,0
0,127284,127320,file_anon_mix_p,3616,3616,3618,120,1,2,2,334573,196901,247785,11814,0,74974,0,196625,0,276,0,0,0,6121,0,1,48789,133,0,0,64,0
0,127284,127320,file_anon_mix_p,3616,3616,3618,120,1,2,2,334720,196901,247465,11814,0,75441,0,196625,0,276,0,0,0,6121,0,1,49069,133,0,0,64,0
0,394,394,sshd-session,3616,3616,3618,120,1,2,2,334592,196901,247337,11814,0,75441,0,196625,0,276,0,0,0,6121,0,1,49239,133,0,0,64,0
0,127284,127320,file_anon_mix_p,3616,3616,3618,120,1,2,2,334509,196901,247209,11814,0,75486,0,196625,0,276,0,0,0,6121,0,1,49337,133,0,0,64,0
0,127284,127320,file_anon_mix_p,3616,3616,3618,120,1,2,2,334631,196901,246889,11814,0,75928,0,196625,0,276,0,0,0,6121,0,1,49687,133,0,0,64,0
0,127284,127320,file_anon_mix_p,3616,3616,3618,120,1,2,2,334752,196901,246505,11814,0,76433,0,196625,0,276,0,0,0,6121,0,1,50033,133,0,0,64,0
0,127284,127320,file_anon_mix_p,3616,3616,3618,120,1,2,2,334573,196901,246249,11814,0,76510,0,196625,0,276,0,0,0,6121,0,1,50284,133,0,0,64,0
0,127284,127320,file_anon_mix_p,3616,3616,3618,120,1,2,2,334632,196901,245929,11814,0,76889,0,196625,0,276,0,0,0,6121,0,1,50645,133,0,0,64,0
0,127284,127320,file_anon_mix_p,3616,3616,3618,120,1,2,2,334879,196901,245545,11814,0,77520,0,196625,0,276,0,0,0,6121,0,1,51027,133,0,0,64,0
0,394,394,sshd-session,3616,3616,3618,120,1,2,2,334701,196901,245353,11814,0,77534,0,196625,0,276,0,0,0,6121,0,1,51166,133,0,0,64,0
0,127284,127320,file_anon_mix_p,3616,3616,3618,120,1,2,2,334765,196901,245417,11814,0,77534,0,196625,0,276,0,0,0,6121,0,1,51157,133,0,0,64,0
0,127284,127320,file_anon_mix_p,3616,3616,3618,120,1,2,2,334701,196901,244841,11814,0,78046,0,196625,0,276,0,0,0,6121,0,1,51700,133,0,0,64,0
0,127284,127320,file_anon_mix_p,3616,3616,3618,120,1,2,2,334893,196901,244521,11814,0,78558,0,196625,0,276,0,0,0,6121,0,1,52040,133,0,0,64,0
0,127284,127320,file_anon_mix_p,3616,3616,3618,120,1,2,2,334952,196901,244201,11814,0,78937,0,196625,0,276,0,0,0,6121,0,1,52338,133,0,0,64,0
0,394,394,sshd-session,3616,3616,3618,120,1,2,2,334765,196901,244009,11814,0,78942,0,196625,0,276,0,0,0,6121,0,1,52557,133,0,0,64,0
0,127284,127320,file_anon_mix_p,3616,3616,3618,120,1,2,2,334701,196901,243817,11814,0,79070,0,196625,0,276,0,0,0,6121,0,1,52741,133,0,0,64,0
0,127284,127320,file_anon_mix_p,3616,3616,3618,120,1,2,2,334759,196901,243369,11814,0,79576,0,196625,0,276,0,0,0,6121,0,1,53170,133,0,0,64,0
0,127284,127320,file_anon_mix_p,3616,3616,3618,120,1,2,2,334573,196901,243177,11814,0,79582,0,196625,0,276,0,0,0,6121,0,1,53384,133,0,0,64,0
0,121783,121783,watch,3616,3616,3618,120,1,2,2,334569,196901,243050,11813,0,79706,0,196625,0,276,0,0,0,6121,0,1,53542,133,0,0,64,0
0,127284,127320,file_anon_mix_p,3616,3616,3618,120,1,2,2,334765,196901,242858,11813,0,80094,0,196625,0,276,0,0,0,6121,0,1,53718,133,0,0,64,0
0,127284,127320,file_anon_mix_p,3616,3616,3618,120,1,2,2,334845,196901,242474,11813,0,80558,0,196625,0,276,0,0,0,6121,0,1,54102,133,0,0,64,0
0,127284,127320,file_anon_mix_p,3616,3616,3618,120,1,2,2,334967,196901,242154,11813,0,81000,0,196625,0,276,0,0,0,6121,0,1,54362,133,0,0,64,0
0,127342,127342,watch,3616,3616,3618,120,1,2,2,334684,196901,242282,11813,0,80589,0,196625,0,276,0,0,0,6121,0,1,54255,133,0,0,64,0
0,127343,127343,watch,3616,3616,3618,120,1,2,2,334898,196901,241962,11813,0,81123,0,196625,0,276,0,0,0,6121,0,1,54609,133,0,0,64,0
0,127284,127320,file_anon_mix_p,3616,3616,3618,120,1,2,2,334905,196901,241898,11813,0,81194,0,196625,0,276,0,0,0,6121,0,1,54616,133,0,0,64,0
0,127343,127343,sh,3616,3616,3618,120,1,2,2,334692,196901,241130,11813,0,81749,0,196625,0,276,0,0,0,6121,0,1,55449,133,0,0,64,0
0,127343,127343,sh,3616,3616,3618,120,1,2,2,334630,196901,240874,11813,0,81943,0,196625,0,276,0,0,0,6121,0,1,55665,133,0,0,64,0
0,127344,127344,cat,3616,3616,3618,120,1,2,2,334655,196901,240426,11813,0,82416,0,196625,0,276,0,0,0,6121,0,1,56150,133,0,0,64,0
0,127284,127320,file_anon_mix_p,3616,3616,3618,120,1,2,2,335021,196901,239530,11813,0,83678,0,196625,0,276,0,0,0,6121,0,1,57043,133,0,0,64,0
0,127284,127320,file_anon_mix_p,3616,3616,3618,120,1,2,2,335144,196901,239274,11813,0,84057,0,196625,0,276,0,0,0,6121,0,1,57305,133,0,0,64,0
0,127284,127320,file_anon_mix_p,3616,3616,3618,120,1,2,2,335021,196901,239018,11813,0,84190,0,196625,0,276,0,0,0,6121,0,1,57527,133,0,0,64,0
0,127284,127320,file_anon_mix_p,3616,3616,3618,120,1,2,2,334966,196901,238890,11813,0,84263,0,196625,0,276,0,0,0,6121,0,1,57676,133,0,0,64,0
0,127284,127320,file_anon_mix_p,3616,3616,3618,120,1,2,2,335088,196901,238570,11813,0,84705,0,196625,0,276,0,0,0,6121,0,1,57969,133,0,0,64,0
0,394,394,sshd-session,3616,3616,3618,120,1,2,2,334966,196901,238442,11813,0,84711,0,196625,0,276,0,0,0,6121,0,1,58137,133,0,0,64,0
0,394,394,sshd-session,3616,3616,3618,120,1,2,2,334959,196901,238250,11813,0,84896,0,196625,0,276,0,0,0,6121,0,1,58336,133,0,0,64,0
0,394,394,sshd-session,3616,3616,3618,120,1,2,2,334935,196901,238058,11813,0,85064,0,196625,0,276,0,0,0,6121,0,1,58508,133,1,0,64,0
0,45,45,kswapd0,3616,3616,3618,120,863,2,2,312256,196934,296658,11813,0,3785,39,196624,0,271,0,0,0,6121,0,1,0,100,0,0,50570,33
0,45,45,kswapd0,3616,3616,3618,120,416,2,2,314471,196928,217263,11813,0,85395,0,196625,0,303,0,0,0,6121,0,1,59657,133,12,2,219,0
0,45,45,kswapd0,0,0,3,120,0,3,3,0,0,0,0,0,0,0,0,0,0,0,0,0,0,0,0,0,0,0,0,0,0
0,45,45,kswapd0,5,5,7,120,0,2,2,0,0,0,0,0,0,0,0,0,0,0,0,27,0,0,0,2,0,0,0,0,0
0,45,45,kswapd0,0,0,3,120,0,3,3,0,0,0,0,0,0,0,0,0,0,0,0,0,0,0,0,0,0,0,0,0,0
0,45,45,kswapd0,6,7,9,120,0,3,2,0,0,0,0,0,0,0,0,0,0,0,0,0,1,0,0,0,22,0,0,0,0
0,45,45,kswapd0,0,0,3,120,0,3,3,0,0,0,0,0,0,0,0,0,0,0,0,0,0,0,0,0,0,0,0,0,0
0,45,45,kswapd0,5224,5224,5226,120,0,2,2,29,19,0,29,0,0,19,0,0,0,0,0,5,2,0,0,5,0,0,0,0,0
0,45,45,kswapd0,131,131,133,120,0,2,2,2,42,0,0,0,2,14,28,0,0,0,0,0,11,0,0,0,0,0,0,0,0
0,45,45,kswapd0,107,107,109,120,0,2,2,36,0,11,25,0,0,0,0,0,0,0,0,0,0,0,0,2,0,0,0,0,0
0,45,45,kswapd0,6,7,9,120,0,3,2,0,0,0,0,0,0,0,0,0,0,0,0,0,1,0,0,0,22,0,0,0,0
0,45,45,kswapd0,1129,1129,1132,120,2,3,3,205,501,0,80,0,125,1,313,0,187,3,0,20,13,0,0,0,0,0,0,0,0
0,45,45,kswapd0,0,0,3,120,0,3,3,0,0,0,0,0,0,0,0,0,0,0,0,0,0,0,0,0,0,0,0,0,0
0,45,45,kswapd0,10,10,12,120,0,2,2,1,0,1,0,0,0,0,0,0,0,0,0,0,1,0,0,59,0,0,0,0,0
0,45,45,kswapd0,150,150,152,120,0,2,2,27,35,27,0,0,0,35,0,0,0,0,0,159,4,0,0,0,0,0,0,0,0
0,45,45,kswapd0,0,0,3,120,0,3,3,0,0,0,0,0,0,0,0,0,0,0,0,0,0,0,0,0,0,0,0,0,0
0,45,45,kswapd0,0,0,3,120,0,3,3,0,0,0,0,0,0,0,0,0,0,0,0,0,0,0,0,0,0,0,0,0,0
0,45,45,kswapd0,0,0,3,120,0,3,3,0,0,0,0,0,0,0,0,0,0,0,0,0,0,0,0,0,0,0,0,0,0
0,45,45,kswapd0,0,0,3,120,0,3,3,0,0,0,0,0,0,0,0,0,0,0,0,0,0,0,0,0,0,0,0,0,0
0,45,45,kswapd0,0,0,3,120,0,3,3,0,0,0,0,0,0,0,0,0,0,0,0,0,0,0,0,0,0,0,0,0,0
0,45,45,kswapd0,3993,3993,3995,120,1,2,2,52,88,6,45,0,1,58,15,0,15,0,0,0,1,0,0,1,0,1,0,0,14
0,45,45,kswapd0,3616,3616,3619,120,1,3,3,252024,196928,0,1,112,251911,0,15,196913,0,0,0,0,6121,0,1,59876,133,18,2,0,0
0,45,45,kswapd0,0,0,3,120,0,3,3,0,0,0,0,0,0,0,0,0,0,0,0,0,0,0,0,0,0,0,0,0,0
0,45,45,kswapd0,150,150,152,120,0,2,2,27,35,27,0,0,0,35,0,0,0,0,0,159,4,0,0,0,0,0,0,0,0
0,45,45,kswapd0,236,236,239,120,0,3,3,25,13,1,0,24,0,0,2,11,0,0,0,8,33,0,2,19,34,7,0,0,0
0,45,45,kswapd0,6,6,8,120,0,2,2,1,1,1,0,0,0,1,0,0,0,0,0,15,0,0,0,0,12,0,0,0,0
0,45,45,kswapd0,1092,1092,1095,120,2,3,3,65,302,0,65,0,0,11,291,0,0,0,0,0,16,0,0,0,0,0,0,0,47
0,45,45,kswapd0,0,0,3,120,0,3,3,0,0,0,0,0,0,0,0,0,0,0,0,0,0,0,0,0,0,0,0,0,0
0,45,45,kswapd0,14,14,16,120,0,2,2,0,0,0,0,0,0,0,0,0,0,0,0,96,0,0,0,3,0,0,0,0,0
0,45,45,kswapd0,1494,1494,1496,120,1,2,2,39,638,36,3,0,0,378,6,0,254,0,0,4,32,0,0,0,159,0,0,0,64
0,45,45,kswapd0,0,0,3,120,0,3,3,0,0,0,0,0,0,0,0,0,0,0,0,0,0,0,0,0,0,0,0,0,0
0,45,45,kswapd0,5224,5224,5226,120,0,2,2,29,19,0,29,0,0,19,0,0,0,0,0,5,2,0,0,5,0,0,0,0,0
0,45,45,kswapd0,10,10,12,120,0,2,2,1,0,1,0,0,0,0,0,0,0,0,0,0,1,0,0,59,0,0,0,0,0
0,45,45,kswapd0,14,14,16,120,0,2,2,0,0,0,0,0,0,0,0,0,0,0,0,96,0,0,0,3,0,0,0,0,0
0,45,45,kswapd0,0,0,3,120,0,3,3,0,0,0,0,0,0,0,0,0,0,0,0,0,0,0,0,0,0,0,0,0,0
0,45,45,kswapd0,0,0,3,120,0,3,3,0,0,0,0,0,0,0,0,0,0,0,0,0,0,0,0,0,0,0,0,0,0
0,45,45,kswapd0,35,35,37,120,0,2,2,2,0,2,0,0,0,0,0,0,0,0,0,20,8,0,0,0,0,0,0,0,0
0,45,45,kswapd0,0,0,3,120,0,3,3,0,0,0,0,0,0,0,0,0,0,0,0,0,0,0,0,0,0,0,0,0,0
0,45,45,kswapd0,5,5,7,120,0,2,2,0,0,0,0,0,0,0,0,0,0,0,0,27,0,0,0,2,0,0,0,0,0
0,45,45,kswapd0,131,131,133,120,0,2,2,2,42,0,0,0,2,14,28,0,0,0,0,0,11,0,0,0,0,0,0,0,0
0,45,45,kswapd0,107,107,109,120,0,2,2,36,0,11,25,0,0,0,0,0,0,0,0,0,0,0,0,2,0,0,0,0,0
0,45,45,kswapd0,0,0,3,120,0,3,3,0,0,0,0,0,0,0,0,0,0,0,0,0,0,0,0,0,0,0,0,0,0
0,45,45,kswapd0,0,0,3,120,0,3,3,0,0,0,0,0,0,0,0,0,0,0,0,0,0,0,0,0,0,0,0,0,0
0,45,45,kswapd0,130,130,133,120,0,3,3,7,0,2,0,5,0,0,0,0,0,0,0,19,0,0,0,21,0,0,0,0,0
0,45,45,kswapd0,0,0,3,120,0,3,3,0,0,0,0,0,0,0,0,0,0,0,0,0,0,0,0,0,0,0,0,0,0
0,45,45,kswapd0,0,0,3,120,0,3,3,0,0,0,0,0,0,0,0,0,0,0,0,0,0,0,0,0,0,0,0,0,0
0,45,45,kswapd0,3959,3959,3962,120,1,3,3,93,417,5,81,7,0,45,118,31,223,1,5,87,115,0,0,0,33,0,0,0,25
0,45,45,kswapd0,5251,5251,5254,120,1,3,3,128,420,51,17,20,40,5,347,11,57,0,14,4,185,0,12,2,62,1,48,0,0
0,45,45,kswapd0,0,0,3,120,0,3,3,0,0,0,0,0,0,0,0,0,0,0,0,0,0,0,0,0,0,0,0,0,0
0,45,45,kswapd0,0,0,3,120,0,3,3,0,0,0,0,0,0,0,0,0,0,0,0,0,0,0,0,0,0,0,0,0,0
0,45,45,kswapd0,0,0,3,120,0,3,3,0,0,0,0,0,0,0,0,0,0,0,0,0,0,0,0,0,0,0,0,0,0
0,45,45,kswapd0,0,0,3,120,0,3,3,0,0,0,0,0,0,0,0,0,0,0,0,0,0,0,0,0,0,0,0,0,0
0,45,45,kswapd0,3993,3993,3995,120,0,2,2,52,74,6,45,0,1,0,18,0,56,0,0,0,1,0,1,1,14,1,0,0,0
0,45,45,kswapd0,1093,1093,1095,120,1,2,2,65,255,65,0,0,0,235,0,0,20,0,0,0,13,0,0,0,47,0,0,0,64
0,45,45,kswapd0,1494,1494,1496,120,1,2,2,39,574,36,3,0,0,314,6,0,254,0,0,4,32,0,0,0,223,0,0,0,64
0,45,45,kswapd0,0,0,3,120,0,3,3,0,0,0,0,0,0,0,0,0,0,0,0,0,0,0,0,0,0,0,0,0,0
0,45,45,kswapd0,35,35,37,120,0,2,2,2,0,2,0,0,0,0,0,0,0,0,0,20,8,0,0,0,0,0,0,0,0
0,45,45,kswapd0,0,0,3,120,0,3,3,0,0,0,0,0,0,0,0,0,0,0,0,0,0,0,0,0,0,0,0,0,0
0,45,45,kswapd0,0,0,3,120,0,3,3,0,0,0,0,0,0,0,0,0,0,0,0,0,0,0,0,0,0,0,0,0,0
0,45,45,kswapd0,130,130,133,120,0,3,3,7,0,2,0,5,0,0,0,0,0,0,0,19,0,0,0,21,0,0,0,0,0
0,45,45,kswapd0,3959,3959,3962,120,1,3,3,93,392,5,81,7,0,0,118,31,243,1,5,87,115,0,0,0,58,0,0,1,0
0,45,45,kswapd0,5252,5252,5254,120,1,2,2,128,420,14,18,0,96,352,11,0,57,0,30,2,130,0,0,0,0,0,0,0,38
0,45,45,kswapd0,0,0,3,120,0,3,3,0,0,0,0,0,0,0,0,0,0,0,0,0,0,0,0,0,0,0,0,0,0
0,45,45,kswapd0,0,0,3,120,0,3,3,0,0,0,0,0,0,0,0,0,0,0,0,0,0,0,0,0,0,0,0,0,0
0,45,45,kswapd0,0,0,3,120,0,3,3,0,0,0,0,0,0,0,0,0,0,0,0,0,0,0,0,0,0,0,0,0,0
0,45,45,kswapd0,236,236,239,120,1,3,3,25,13,1,0,24,0,0,2,11,0,0,0,8,33,0,2,19,34,7,0,0,0
0,45,45,kswapd0,1130,1130,1132,120,0,2,2,205,501,80,0,0,125,239,0,0,262,1,0,10,6,0,0,0,0,0,0,0,0
0,45,45,kswapd0,6,6,8,120,0,2,2,1,1,1,0,0,0,1,0,0,0,0,0,15,0,0,0,0,12,0,0,0,0
0,45,45,kswapd0,0,0,3,120,0,3,3,0,0,0,0,0,0,0,0,0,0,0,0,0,0,0,0,0,0,0,0,0,0
0,45,45,kswapd0,5252,5252,5254,120,0,2,2,128,382,14,18,0,96,0,297,0,85,0,30,2,130,0,306,0,38,0,0,0,0
0,45,45,kswapd0,237,237,239,120,0,2,2,25,13,0,24,0,1,2,11,0,0,3,0,13,34,0,0,0,0,0,0,0,0
0,45,45,kswapd0,1093,1093,1095,120,1,2,2,65,191,65,0,0,0,171,0,0,20,0,0,0,13,0,0,0,111,0,0,0,46
0,45,45,kswapd0,1494,1494,1496,120,1,2,2,39,510,36,3,0,0,249,7,0,254,0,0,4,32,0,0,0,287,0,0,0,64
0,45,45,kswapd0,1093,1093,1095,120,1,2,2,65,145,65,0,0,0,107,0,0,38,0,0,0,13,0,0,0,157,0,0,0,53
0,45,45,kswapd0,1494,1494,1496,120,0,2,2,39,446,36,3,0,0,185,7,0,254,0,0,4,32,0,0,0,351,0,0,0,0
0,45,45,kswapd0,1093,1093,1095,120,1,2,2,65,92,65,0,0,0,25,0,0,67,0,0,0,13,0,0,0,210,0,0,0,0
0,45,45,kswapd0,1093,1093,1095,120,0,2,2,65,92,65,0,0,0,0,0,0,92,0,0,0,13,0,14,0,210,0,0,0,0
0,45,45,kswapd0,6,7,9,120,0,3,2,0,0,0,0,0,0,0,0,0,0,0,0,0,1,0,0,0,22,0,0,0,0
0,45,45,kswapd0,5,5,7,120,0,2,2,0,0,0,0,0,0,0,0,0,0,0,0,27,0,0,0,2,0,0,0,0,0
0,45,45,kswapd0,107,107,109,120,0,2,2,36,0,11,25,0,0,0,0,0,0,0,0,0,0,0,0,2,0,0,0,0,0
0,45,45,kswapd0,0,0,3,120,0,3,3,0,0,0,0,0,0,0,0,0,0,0,0,0,0,0,0,0,0,0,0,0,0
0,45,45,kswapd0,0,0,3,120,0,3,3,0,0,0,0,0,0,0,0,0,0,0,0,0,0,0,0,0,0,0,0,0,0
0,45,45,kswapd0,0,0,3,120,0,3,3,0,0,0,0,0,0,0,0,0,0,0,0,0,0,0,0,0,0,0,0,0,0
0,45,45,kswapd0,1130,1130,1133,120,1,3,3,205,501,77,0,128,0,239,0,262,0,1,0,10,6,0,0,0,0,0,0,0,63
0,45,45,kswapd0,0,0,3,120,0,3,3,0,0,0,0,0,0,0,0,0,0,0,0,0,0,0,0,0,0,0,0,0,0
0,45,45,kswapd0,14,14,16,120,0,2,2,0,0,0,0,0,0,0,0,0,0,0,0,96,0,0,0,3,0,0,0,0,0
0,45,45,kswapd0,3993,3993,3996,120,1,3,3,52,74,5,40,7,0,0,18,56,0,0,0,0,1,0,1,1,14,1,0,0,0
0,45,45,kswapd0,0,0,3,120,0,3,3,0,0,0,0,0,0,0,0,0,0,0,0,0,0,0,0,0,0,0,0,0,0
0,45,45,kswapd0,3960,3960,3963,120,1,3,3,92,392,40,8,44,0,42,31,319,0,0,2,44,86,0,0,1,0,0,0,0,24
0,45,45,kswapd0,6,6,8,120,0,2,2,1,1,1,0,0,0,1,0,0,0,0,0,15,0,0,0,0,12,0,0,0,0
0,45,45,kswapd0,237,237,240,120,0,3,3,25,13,0,24,1,0,2,11,0,0,3,0,13,34,0,0,0,0,0,0,0,0
0,45,45,kswapd0,1093,1093,1096,120,1,3,3,65,92,65,0,0,0,0,0,92,0,0,0,0,13,0,14,0,210,0,0,53,0
0,45,45,kswapd0,5,5,7,120,0,2,2,0,0,0,0,0,0,0,0,0,0,0,0,27,0,0,0,2,0,0,0,0,0
0,45,45,kswapd0,150,150,152,120,0,2,2,27,35,27,0,0,0,35,0,0,0,0,0,159,4,0,0,0,0,0,0,0,0
0,45,45,kswapd0,0,0,3,120,0,3,3,0,0,0,0,0,0,0,0,0,0,0,0,0,0,0,0,0,0,0,0,0,0
0,45,45,kswapd0,0,0,3,120,0,3,3,0,0,0,0,0,0,0,0,0,0,0,0,0,0,0,0,0,0,0,0,0,0
0,45,45,kswapd0,150,150,152,120,0,2,2,27,35,27,0,0,0,35,0,0,0,0,0,159,4,0,0,0,0,0,0,0,0
0,45,45,kswapd0,0,0,3,120,0,3,3,0,0,0,0,0,0,0,0,0,0,0,0,0,0,0,0,0,0,0,0,0,0
0,45,45,kswapd0,0,0,3,120,0,3,3,0,0,0,0,0,0,0,0,0,0,0,0,0,0,0,0,0,0,0,0,0,0
0,45,45,kswapd0,0,0,3,120,0,3,3,0,0,0,0,0,0,0,0,0,0,0,0,0,0,0,0,0,0,0,0,0,0
0,45,45,kswapd0,3617,3617,3620,120,2,3,3,264831,196928,1,108,263979,743,15,301,196612,0,9,1,29938,3127,0,0,0,0,0,0,0,12
0,45,45,kswapd0,6,7,9,120,0,3,2,0,0,0,0,0,0,0,0,0,0,0,0,0,1,0,0,0,22,0,0,0,0
0,45,45,kswapd0,0,0,3,120,0,3,3,0,0,0,0,0,0,0,0,0,0,0,0,0,0,0,0,0,0,0,0,0,0
0,45,45,kswapd0,237,237,240,120,0,3,3,25,13,0,24,1,0,2,11,0,0,3,0,13,34,0,0,0,0,0,0,0,0
0,45,45,kswapd0,0,0,3,120,0,3,3,0,0,0,0,0,0,0,0,0,0,0,0,0,0,0,0,0,0,0,0,0,0
0,45,45,kswapd0,0,0,3,120,0,3,3,0,0,0,0,0,0,0,0,0,0,0,0,0,0,0,0,0,0,0,0,0,0
0,45,45,kswapd0,130,130,133,120,0,3,3,7,0,2,0,5,0,0,0,0,0,0,0,19,0,0,0,21,0,0,0,0,0
0,45,45,kswapd0,5252,5252,5255,120,1,3,3,128,382,11,18,99,0,0,297,85,0,0,30,2,130,0,306,0,38,0,0,0,0
0,45,45,kswapd0,1494,1494,1497,120,1,3,3,39,446,36,3,0,0,185,7,254,0,0,0,4,32,0,0,0,351,0,0,0,64
0,45,45,kswapd0,107,107,109,120,0,2,2,36,0,11,25,0,0,0,0,0,0,0,0,0,0,0,0,2,0,0,0,0,0
0,45,45,kswapd0,0,0,3,120,0,3,3,0,0,0,0,0,0,0,0,0,0,0,0,0,0,0,0,0,0,0,0,0,0
0,45,45,kswapd0,0,0,3,120,0,3,3,0,0,0,0,0,0,0,0,0,0,0,0,0,0,0,0,0,0,0,0,0,0
0,45,45,kswapd0,5224,5224,5226,120,0,2,2,29,19,0,29,0,0,19,0,0,0,0,0,5,2,0,0,5,0,0,0,0,0
0,45,45,kswapd0,131,131,133,120,0,2,2,2,42,0,0,0,2,14,28,0,0,0,0,0,11,0,0,0,0,0,0,0,0
0,45,45,kswapd0,0,0,3,120,0,3,3,0,0,0,0,0,0,0,0,0,0,0,0,0,0,0,0,0,0,0,0,0,0
0,45,45,kswapd0,0,0,3,120,0,3,3,0,0,0,0,0,0,0,0,0,0,0,0,0,0,0,0,0,0,0,0,0,0
0,45,45,kswapd0,14,14,16,120,0,2,2,0,0,0,0,0,0,0,0,0,0,0,0,96,0,0,0,3,0,0,0,0,0
0,45,45,kswapd0,6,6,8,120,0,2,2,1,1,1,0,0,0,1,0,0,0,0,0,15,0,0,0,0,12,0,0,0,0
0,45,45,kswapd0,0,0,3,120,0,3,3,0,0,0,0,0,0,0,0,0,0,0,0,0,0,0,0,0,0,0,0,0,0
0,45,45,kswapd0,131,131,133,120,0,2,2,2,42,0,0,0,2,14,28,0,0,0,0,0,11,0,0,0,0,0,0,0,0
0,45,45,kswapd0,0,0,3,120,0,3,3,0,0,0,0,0,0,0,0,0,0,0,0,0,0,0,0,0,0,0,0,0,0
0,45,45,kswapd0,10,10,12,120,0,2,2,1,0,1,0,0,0,0,0,0,0,0,0,0,1,0,0,59,0,0,0,0,0
0,45,45,kswapd0,35,35,37,120,0,2,2,2,0,2,0,0,0,0,0,0,0,0,0,20,8,0,0,0,0,0,0,0,0
0,45,45,kswapd0,0,0,3,120,0,3,3,0,0,0,0,0,0,0,0,0,0,0,0,0,0,0,0,0,0,0,0,0,0
0,45,45,kswapd0,0,0,3,120,0,3,3,0,0,0,0,0,0,0,0,0,0,0,0,0,0,0,0,0,0,0,0,0,0
0,45,45,kswapd0,0,0,3,120,0,3,3,0,0,0,0,0,0,0,0,0,0,0,0,0,0,0,0,0,0,0,0,0,0
0,45,45,kswapd0,0,0,3,120,0,3,3,0,0,0,0,0,0,0,0,0,0,0,0,0,0,0,0,0,0,0,0,0,0
0,45,45,kswapd0,0,0,3,120,0,3,3,0,0,0,0,0,0,0,0,0,0,0,0,0,0,0,0,0,0,0,0,0,0
0,45,45,kswapd0,0,0,3,120,0,3,3,0,0,0,0,0,0,0,0,0,0,0,0,0,0,0,0,0,0,0,0,0,0
0,45,45,kswapd0,35,35,37,120,0,2,2,2,0,2,0,0,0,0,0,0,0,0,0,20,8,0,0,0,0,0,0,0,0
0,45,45,kswapd0,0,0,3,120,0,3,3,0,0,0,0,0,0,0,0,0,0,0,0,0,0,0,0,0,0,0,0,0,0
0,45,45,kswapd0,5224,5224,5226,120,1,2,2,29,19,0,29,0,0,19,0,0,0,0,0,5,2,0,0,5,0,0,0,0,6
0,45,45,kswapd0,10,10,12,120,0,2,2,1,0,1,0,0,0,0,0,0,0,0,0,0,1,0,0,59,0,0,0,0,0
0,45,45,kswapd0,0,0,3,120,0,3,3,0,0,0,0,0,0,0,0,0,0,0,0,0,0,0,0,0,0,0,0,0,0
0,45,45,kswapd0,3617,3617,3620,120,4,3,3,265234,196916,1,108,263979,1146,3,301,196612,0,9,1,29938,3127,0,0,0,12,0,0,0,0
0,45,45,kswapd0,0,0,3,120,0,3,3,0,0,0,0,0,0,0,0,0,0,0,0,0,0,0,0,0,0,0,0,0,0
0,45,45,kswapd0,5253,5253,5255,120,1,2,2,128,382,19,97,0,12,297,85,0,0,0,14,1,237,0,0,0,0,0,0,0,46
0,45,45,kswapd0,1494,1494,1497,120,1,3,3,39,382,36,3,0,0,121,7,254,0,0,0,4,32,0,0,0,415,0,0,0,64
0,45,45,kswapd0,0,0,3,120,0,3,3,0,0,0,0,0,0,0,0,0,0,0,0,0,0,0,0,0,0,0,0,0,0
0,45,45,kswapd0,1130,1130,1133,120,1,3,3,205,438,77,0,128,0,172,3,262,1,1,0,10,6,0,3,0,63,0,0,0,64
0,45,45,kswapd0,130,130,133,120,0,3,3,7,0,2,0,5,0,0,0,0,0,0,0,19,0,0,0,21,0,0,0,0,0
0,45,45,kswapd0,0,0,3,120,0,3,3,0,0,0,0,0,0,0,0,0,0,0,0,0,0,0,0,0,0,0,0,0,0
0,45,45,kswapd0,3994,3994,3996,120,1,2,2,52,76,22,6,0,24,20,56,0,0,0,0,0,8,0,0,0,0,0,0,0,0
0,45,45,kswapd0,3960,3960,3963,120,1,3,3,92,368,40,8,44,0,0,31,319,18,0,2,44,86,0,0,1,24,0,0,1,0
0,45,45,kswapd0,1093,1093,1096,120,1,3,3,12,92,1,0,2,9,0,0,92,0,0,0,0,13,0,14,53,210,0,0,0,0
0,45,45,kswapd0,3995,3995,3996,120,0,1,1,52,77,6,0,0,46,77,0,0,0,0,0,0,11,0,0,0,0,0,0,0,0
0,45,45,kswapd0,3961,3961,3963,120,0,2,2,91,368,8,45,0,38,31,319,0,18,0,1,22,54,0,0,1,0,0,0,0,0
0,45,45,kswapd0,5225,5225,5226,120,0,1,1,29,13,29,0,0,0,4,0,0,9,0,0,5,0,0,0,0,6,0,0,0,0
0,45,45,kswapd0,3617,3617,3620,120,8,3,3,265730,196916,1,108,263979,1642,1,303,196612,0,9,1,29938,3127,0,0,0,12,0,0,0,0
0,45,45,kswapd0,5253,5253,5255,120,1,2,2,128,336,19,97,0,12,176,85,0,75,0,14,1,237,0,0,0,46,0,0,0,5
0,45,45,kswapd0,1494,1494,1497,120,1,3,3,39,318,36,3,0,0,50,14,254,0,0,0,4,32,0,0,0,479,0,0,0,29
0,45,45,kswapd0,1130,1130,1133,120,1,3,3,205,374,77,0,128,0,105,6,262,1,1,0,10,6,0,6,0,127,0,0,0,50
0,45,45,kswapd0,3617,3617,3620,120,15,3,3,265761,196916,1,108,263979,1673,1,303,196612,0,9,1,29938,3127,0,0,0,12,0,0,0,0
0,45,45,kswapd0,5253,5253,5255,120,0,2,2,128,331,19,97,0,12,37,85,0,209,0,14,1,237,0,0,0,51,0,0,0,0
0,45,45,kswapd0,1494,1494,1497,120,1,3,3,39,289,36,3,0,0,0,35,254,0,0,0,4,32,0,20,0,508,0,0,27,0
0,45,45,kswapd0,1130,1130,1133,120,2,3,3,205,324,77,0,128,0,39,8,262,15,1,0,10,6,0,8,0,177,0,0,0,35
0,45,45,kswapd0,3617,3617,3620,120,20,3,3,266474,196916,1,108,263979,2386,1,303,196612,0,9,1,29938,3127,0,0,0,12,0,0,0,0
0,45,45,kswapd0,1130,1130,1133,120,1,3,3,205,289,6,0,80,119,0,9,262,18,1,0,10,6,6,8,0,212,0,0,5,0
0,45,45,kswapd0,107,107,109,120,1,2,2,36,0,11,25,0,0,0,0,0,0,0,0,0,0,0,0,2,0,0,0,0,0
0,45,45,kswapd0,1094,1094,1097,120,2,3,3,12,92,0,3,9,0,0,92,0,0,0,0,26,118,0,0,0,0,0,0,0,64
0,45,45,kswapd0,5225,5225,5227,120,1,2,2,29,13,29,0,0,0,4,9,0,0,0,0,5,0,0,0,0,6,0,0,28,0
0,45,45,kswapd0,0,0,3,120,0,3,3,0,0,0,0,0,0,0,0,0,0,0,0,0,0,0,0,0,0,0,0,0,0
0,45,45,kswapd0,0,0,3,120,0,3,3,0,0,0,0,0,0,0,0,0,0,0,0,0,0,0,0,0,0,0,0,0,0
0,45,45,kswapd0,0,0,3,120,0,3,3,0,0,0,0,0,0,0,0,0,0,0,0,0,0,0,0,0,0,0,0,0,0
0,45,45,kswapd0,14,14,16,120,0,2,2,0,0,0,0,0,0,0,0,0,0,0,0,96,0,0,0,3,0,0,0,0,0
0,45,45,kswapd0,3961,3961,3964,120,5,3,3,91,368,8,45,38,0,31,319,18,0,0,1,22,54,0,0,1,0,0,0,0,176
0,45,45,kswapd0,150,150,152,120,1,2,2,27,35,27,0,0,0,35,0,0,0,0,0,159,4,0,0,0,0,0,0,0,30
0,45,45,kswapd0,131,131,133,120,1,2,2,2,42,0,0,0,2,14,28,0,0,0,0,0,11,0,0,0,0,0,0,0,0
0,45,45,kswapd0,35,35,37,120,1,2,2,2,0,2,0,0,0,0,0,0,0,0,0,20,8,0,0,0,0,0,0,2,0
0,45,45,kswapd0,0,0,3,120,0,3,3,0,0,0,0,0,0,0,0,0,0,0,0,0,0,0,0,0,0,0,0,0,0
0,45,45,kswapd0,1495,1495,1498,120,4,3,3,12,289,3,2,7,0,35,254,0,0,0,0,2,279,0,0,27,0,0,0,1,120
0,45,45,kswapd0,5,5,7,120,0,2,2,0,0,0,0,0,0,0,0,0,0,0,0,27,0,0,0,2,0,0,0,0,0
0,45,45,kswapd0,0,0,3,120,0,3,3,0,0,0,0,0,0,0,0,0,0,0,0,0,0,0,0,0,0,0,0,0,0
0,45,45,kswapd0,0,0,3,120,0,3,3,0,0,0,0,0,0,0,0,0,0,0,0,0,0,0,0,0,0,0,0,0,0
0,45,45,kswapd0,0,0,3,120,0,3,3,0,0,0,0,0,0,0,0,0,0,0,0,0,0,0,0,0,0,0,0,0,0
0,45,45,kswapd0,0,0,3,120,0,3,3,0,0,0,0,0,0,0,0,0,0,0,0,0,0,0,0,0,0,0,0,0,0
0,45,45,kswapd0,5,5,7,120,0,2,2,0,0,0,0,0,0,0,0,0,0,0,0,27,0,0,0,2,0,0,0,0,0
0,45,45,kswapd0,237,237,240,120,3,3,3,25,13,0,24,1,0,2,11,0,0,3,0,13,34,0,0,0,0,0,0,14,12
0,45,45,kswapd0,0,0,3,120,0,3,3,0,0,0,0,0,0,0,0,0,0,0,0,0,0,0,0,0,0,0,0,0,0
0,45,45,kswapd0,0,0,3,120,0,3,3,0,0,0,0,0,0,0,0,0,0,0,0,0,0,0,0,0,0,0,0,0,0
0,45,45,kswapd0,0,0,3,120,0,3,3,0,0,0,0,0,0,0,0,0,0,0,0,0,0,0,0,0,0,0,0,0,0
0,45,45,kswapd0,0,0,3,120,0,3,3,0,0,0,0,0,0,0,0,0,0,0,0,0,0,0,0,0,0,0,0,0,0
0,45,45,kswapd0,0,0,3,120,0,3,3,0,0,0,0,0,0,0,0,0,0,0,0,0,0,0,0,0,0,0,0,0,0
0,45,45,kswapd0,3995,3995,3997,120,1,2,2,52,77,1,51,0,0,67,10,0,0,0,0,0,11,0,0,0,0,0,0,0,14
0,127284,127354,file_anon_mix_p,3962,3962,3964,120,0,2,2,92,192,46,38,0,8,98,18,0,76,0,0,11,42,0,0,0,145,0,0,0,0
0,127284,127354,file_anon_mix_p,0,0,3,120,0,3,3,0,0,0,0,0,0,0,0,0,0,0,0,0,0,0,0,0,0,0,0,0,0
0,127284,127354,file_anon_mix_p,3962,3962,3964,120,0,2,2,92,192,46,38,0,8,98,18,0,76,0,0,11,42,0,0,0,145,0,0,0,0
0,127284,127354,file_anon_mix_p,150,150,152,120,0,2,2,27,5,27,0,0,0,0,0,0,5,0,0,159,4,0,0,0,30,0,0,0,0
0,127284,127354,file_anon_mix_p,132,132,133,120,0,1,1,2,42,0,0,0,2,29,0,0,13,0,0,0,5,0,0,0,0,0,0,0,0
0,127284,127354,file_anon_mix_p,1496,1496,1498,120,0,2,2,11,169,4,7,0,0,141,0,0,28,0,0,14,139,0,0,1,120,0,0,0,0
0,127284,127354,file_anon_mix_p,150,150,152,120,0,2,2,27,5,27,0,0,0,0,0,0,5,0,0,159,4,0,0,0,30,0,0,0,0
0,127284,127354,file_anon_mix_p,1496,1496,1498,120,0,2,2,11,169,4,7,0,0,141,0,0,28,0,0,14,139,0,0,1,120,0,0,0,0
0,127284,127354,file_anon_mix_p,0,0,3,120,0,3,3,0,0,0,0,0,0,0,0,0,0,0,0,0,0,0,0,0,0,0,0,0,0
0,127284,127354,file_anon_mix_p,0,0,3,120,0,3,3,0,0,0,0,0,0,0,0,0,0,0,0,0,0,0,0,0,0,0,0,0,0
0,127284,127354,file_anon_mix_p,239,239,240,120,0,1,1,11,1,6,0,0,5,0,0,0,1,0,0,5,14,0,0,14,0,0,0,0,0
0,127284,127354,file_anon_mix_p,3995,3995,3997,120,0,2,2,52,64,1,51,0,0,1,13,0,50,0,0,0,11,0,1,0,14,0,0,0,0
0,127284,127354,file_anon_mix_p,3619,3619,3621,120,3,2,2,332850,196655,263447,3036,0,66367,0,3,0,196652,2,0,7507,930,0,0,0,26,0,0,0,0
0,127284,127354,file_anon_mix_p,0,0,3,120,0,3,3,0,0,0,0,0,0,0,0,0,0,0,0,0,0,0,0,0,0,0,0,0,0
0,127284,127354,file_anon_mix_p,0,0,3,120,0,3,3,0,0,0,0,0,0,0,0,0,0,0,0,0,0,0,0,0,0,0,0,0,0
0,127284,127354,file_anon_mix_p,0,0,3,120,0,3,3,0,0,0,0,0,0,0,0,0,0,0,0,0,0,0,0,0,0,0,0,0,0
0,127284,127354,file_anon_mix_p,0,0,3,120,0,3,3,0,0,0,0,0,0,0,0,0,0,0,0,0,0,0,0,0,0,0,0,0,0
0,127284,127354,file_anon_mix_p,1131,1131,1134,120,0,3,3,200,289,1,80,119,0,9,262,18,0,0,0,8,112,0,0,5,0,0,0,0,0
0,127284,127354,file_anon_mix_p,14,14,16,120,0,2,2,0,0,0,0,0,0,0,0,0,0,0,0,96,0,0,0,3,0,0,0,0,0
0,127284,127354,file_anon_mix_p,0,0,3,120,0,3,3,0,0,0,0,0,0,0,0,0,0,0,0,0,0,0,0,0,0,0,0,0,0
0,127284,127354,file_anon_mix_p,0,0,3,120,0,3,3,0,0,0,0,0,0,0,0,0,0,0,0,0,0,0,0,0,0,0,0,0,0
0,127284,127354,file_anon_mix_p,6,7,9,120,0,3,2,0,0,0,0,0,0,0,0,0,0,0,0,0,1,0,0,0,22,0,0,0,0
0,127284,127354,file_anon_mix_p,6,6,8,120,0,2,2,1,1,1,0,0,0,1,0,0,0,0,0,15,0,0,0,0,12,0,0,0,0
0,127284,127354,file_anon_mix_p,10,10,12,120,0,2,2,1,0,1,0,0,0,0,0,0,0,0,0,0,1,0,0,59,0,0,0,0,0
0,127284,127354,file_anon_mix_p,130,130,133,120,0,3,3,7,0,2,0,5,0,0,0,0,0,0,0,19,0,0,0,21,0,0,0,0,0
0,127284,127354,file_anon_mix_p,5253,5253,5256,120,0,3,3,143,334,19,97,13,14,37,88,209,0,0,14,1,237,0,0,0,51,0,4,0,0
0,127284,127354,file_anon_mix_p,0,0,3,120,0,3,3,0,0,0,0,0,0,0,0,0,0,0,0,0,0,0,0,0,0,0,0,0,0
0,127284,127354,file_anon_mix_p,36,36,37,120,0,1,1,0,0,0,0,0,0,0,0,0,0,0,0,9,4,0,0,2,0,0,0,0,0
0,127284,127354,file_anon_mix_p,0,0,3,120,0,3,3,0,0,0,0,0,0,0,0,0,0,0,0,0,0,0,0,0,0,0,0,0,0
0,127284,127354,file_anon_mix_p,0,0,3,120,0,3,3,0,0,0,0,0,0,0,0,0,0,0,0,0,0,0,0,0,0,0,0,0,0
0,127284,127354,file_anon_mix_p,130,130,133,120,0,3,3,7,0,2,0,5,0,0,0,0,0,0,0,19,0,0,0,21,0,0,0,0,0
0,127284,127354,file_anon_mix_p,5253,5253,5256,120,0,3,3,143,334,19,97,13,14,37,88,209,0,0,14,1,237,0,0,0,51,0,4,0,0
0,127284,127354,file_anon_mix_p,108,108,109,120,0,1,1,36,0,25,0,0,11,0,0,0,0,0,0,1,0,0,0,0,0,0,0,0,0
0,127284,127354,file_anon_mix_p,1095,1095,1097,120,0,2,2,12,28,3,9,0,0,28,0,0,0,0,0,13,59,0,0,0,64,0,0,0,0
0,127284,127354,file_anon_mix_p,5226,5226,5227,120,0,1,1,1,13,1,0,0,0,13,0,0,0,0,0,2,3,0,0,28,0,0,0,0,0
0,394,394,sshd-session,5226,5226,5227,120,0,1,1,1,13,1,0,0,0,13,0,0,0,0,0,2,3,0,0,28,0,0,0,0,0
0,394,394,sshd-session,0,0,3,120,0,3,3,0,0,0,0,0,0,0,0,0,0,0,0,0,0,0,0,0,0,0,0,0,0
0,394,394,sshd-session,3995,3995,3997,120,0,2,2,52,64,1,51,0,0,1,13,0,50,0,0,0,11,0,1,0,14,0,0,0,0
0,394,394,sshd-session,0,0,3,120,0,3,3,0,0,0,0,0,0,0,0,0,0,0,0,0,0,0,0,0,0,0,0,0,0
0,394,394,sshd-session,1095,1095,1097,120,0,2,2,12,28,3,9,0,0,28,0,0,0,0,0,13,59,0,0,0,64,0,0,0,0
0,394,394,sshd-session,132,132,133,120,0,1,1,2,42,0,0,0,2,29,0,0,13,0,0,0,5,0,0,0,0,0,0,0,0
0,394,394,sshd-session,239,239,240,120,0,1,1,11,1,6,0,0,5,0,0,0,1,0,0,5,14,0,0,14,0,0,0,0,0
0,394,394,sshd-session,0,0,3,120,0,3,3,0,0,0,0,0,0,0,0,0,0,0,0,0,0,0,0,0,0,0,0,0,0
0,394,394,sshd-session,0,0,3,120,0,3,3,0,0,0,0,0,0,0,0,0,0,0,0,0,0,0,0,0,0,0,0,0,0
0,394,394,sshd-session,10,10,12,120,0,2,2,1,0,1,0,0,0,0,0,0,0,0,0,0,1,0,0,59,0,0,0,0,0
0,394,394,sshd-session,1131,1131,1134,120,0,3,3,200,289,1,80,119,0,9,262,18,0,0,0,8,112,0,0,5,0,0,0,0,0
0,394,394,sshd-session,108,108,109,120,0,1,1,36,0,25,0,0,11,0,0,0,0,0,0,1,0,0,0,0,0,0,0,0,0
0,394,394,sshd-session,0,0,3,120,0,3,3,0,0,0,0,0,0,0,0,0,0,0,0,0,0,0,0,0,0,0,0,0,0
0,127284,127354,file_anon_mix_p,3619,3619,3621,120,3,2,2,332738,196655,261991,3036,0,67711,0,3,0,196652,2,0,7507,930,0,0,0,26,0,0,0,0
0,127284,127354,file_anon_mix_p,6,7,9,120,0,3,2,0,0,0,0,0,0,0,0,0,0,0,0,0,1,0,0,0,22,0,0,0,0
0,127284,127354,file_anon_mix_p,6,6,8,120,0,2,2,1,1,1,0,0,0,1,0,0,0,0,0,15,0,0,0,0,12,0,0,0,0
0,127284,127354,file_anon_mix_p,5,5,7,120,0,2,2,0,0,0,0,0,0,0,0,0,0,0,0,27,0,0,0,2,0,0,0,0,0
0,127284,127354,file_anon_mix_p,0,0,3,120,0,3,3,0,0,0,0,0,0,0,0,0,0,0,0,0,0,0,0,0,0,0,0,0,0
0,127284,127354,file_anon_mix_p,3962,3962,3964,120,0,2,2,92,192,46,38,0,8,98,18,0,76,0,0,11,42,0,0,0,145,0,0,0,0
0,127284,127354,file_anon_mix_p,150,150,152,120,0,2,2,27,5,27,0,0,0,0,0,0,5,0,0,159,4,0,0,0,30,0,0,0,0
0,127284,127354,file_anon_mix_p,130,130,133,120,0,3,3,7,0,2,0,5,0,0,0,0,0,0,0,19,0,0,0,21,0,0,0,0,0
0,127284,127354,file_anon_mix_p,239,239,240,120,0,1,1,11,1,6,0,0,5,0,0,0,1,0,0,5,14,0,0,14,0,0,0,0,0
0,127284,127354,file_anon_mix_p,0,0,3,120,0,3,3,0,0,0,0,0,0,0,0,0,0,0,0,0,0,0,0,0,0,0,0,0,0
0,127284,127354,file_anon_mix_p,0,0,3,120,0,3,3,0,0,0,0,0,0,0,0,0,0,0,0,0,0,0,0,0,0,0,0,0,0
0,127284,127354,file_anon_mix_p,0,0,3,120,0,3,3,0,0,0,0,0,0,0,0,0,0,0,0,0,0,0,0,0,0,0,0,0,0
0,127284,127354,file_anon_mix_p,6,7,9,120,0,3,2,0,0,0,0,0,0,0,0,0,0,0,0,0,1,0,0,0,22,0,0,0,0
0,127284,127354,file_anon_mix_p,130,130,133,120,0,3,3,7,0,2,0,5,0,0,0,0,0,0,0,19,0,0,0,21,0,0,0,0,0
0,127284,127354,file_anon_mix_p,0,0,3,120,0,3,3,0,0,0,0,0,0,0,0,0,0,0,0,0,0,0,0,0,0,0,0,0,0
0,127284,127354,file_anon_mix_p,6,7,9,120,0,3,2,0,0,0,0,0,0,0,0,0,0,0,0,0,1,0,0,0,22,0,0,0,0
0,127284,127354,file_anon_mix_p,0,0,3,120,0,3,3,0,0,0,0,0,0,0,0,0,0,0,0,0,0,0,0,0,0,0,0,0,0
0,127284,127354,file_anon_mix_p,0,0,3,120,0,3,3,0,0,0,0,0,0,0,0,0,0,0,0,0,0,0,0,0,0,0,0,0,0
0,127284,127354,file_anon_mix_p,5226,5226,5227,120,0,1,1,1,13,1,0,0,0,13,0,0,0,0,0,2,3,0,0,28,0,0,0,0,0
0,127284,127354,file_anon_mix_p,1496,1496,1498,120,0,2,2,11,169,4,7,0,0,141,0,0,28,0,0,14,139,0,0,1,120,0,0,0,0
0,127284,127354,file_anon_mix_p,0,0,3,120,0,3,3,0,0,0,0,0,0,0,0,0,0,0,0,0,0,0,0,0,0,0,0,0,0
0,127284,127354,file_anon_mix_p,0,0,3,120,0,3,3,0,0,0,0,0,0,0,0,0,0,0,0,0,0,0,0,0,0,0,0,0,0
0,127284,127354,file_anon_mix_p,0,0,3,120,0,3,3,0,0,0,0,0,0,0,0,0,0,0,0,0,0,0,0,0,0,0,0,0,0
0,127284,127354,file_anon_mix_p,0,0,3,120,0,3,3,0,0,0,0,0,0,0,0,0,0,0,0,0,0,0,0,0,0,0,0,0,0
0,127284,127354,file_anon_mix_p,6,6,8,120,0,2,2,1,1,1,0,0,0,1,0,0,0,0,0,15,0,0,0,0,12,0,0,0,0
0,127284,127354,file_anon_mix_p,3962,3962,3964,120,0,2,2,92,192,46,38,0,8,98,18,0,76,0,0,11,42,0,0,0,145,0,0,0,0
0,127284,127354,file_anon_mix_p,0,0,3,120,0,3,3,0,0,0,0,0,0,0,0,0,0,0,0,0,0,0,0,0,0,0,0,0,0
0,127284,127354,file_anon_mix_p,0,0,3,120,0,3,3,0,0,0,0,0,0,0,0,0,0,0,0,0,0,0,0,0,0,0,0,0,0
0,127284,127354,file_anon_mix_p,0,0,3,120,0,3,3,0,0,0,0,0,0,0,0,0,0,0,0,0,0,0,0,0,0,0,0,0,0
0,127284,127354,file_anon_mix_p,1095,1095,1097,120,0,2,2,12,28,3,9,0,0,28,0,0,0,0,0,13,59,0,0,0,64,0,0,0,0
0,127284,127354,file_anon_mix_p,132,132,133,120,0,1,1,2,42,0,0,0,2,29,0,0,13,0,0,0,5,0,0,0,0,0,0,0,0
0,127284,127354,file_anon_mix_p,5253,5253,5256,120,0,3,3,143,334,19,97,13,14,37,88,209,0,0,14,1,237,0,0,0,51,0,4,0,0
0,127284,127354,file_anon_mix_p,10,10,12,120,0,2,2,1,0,1,0,0,0,0,0,0,0,0,0,0,1,0,0,59,0,0,0,0,0
0,127284,127354,file_anon_mix_p,108,108,109,120,0,1,1,36,0,25,0,0,11,0,0,0,0,0,0,1,0,0,0,0,0,0,0,0,0
0,127284,127354,file_anon_mix_p,0,0,3,120,0,3,3,0,0,0,0,0,0,0,0,0,0,0,0,0,0,0,0,0,0,0,0,0,0
0,127284,127354,file_anon_mix_p,5,5,7,120,0,2,2,0,0,0,0,0,0,0,0,0,0,0,0,27,0,0,0,2,0,0,0,0,0
0,127284,127354,file_anon_mix_p,150,150,152,120,0,2,2,27,5,27,0,0,0,0,0,0,5,0,0,159,4,0,0,0,30,0,0,0,0
0,127284,127354,file_anon_mix_p,0,0,3,120,0,3,3,0,0,0,0,0,0,0,0,0,0,0,0,0,0,0,0,0,0,0,0,0,0
0,127284,127354,file_anon_mix_p,14,14,16,120,0,2,2,0,0,0,0,0,0,0,0,0,0,0,0,96,0,0,0,3,0,0,0,0,0
0,394,394,sshd-session,3619,3619,3621,120,3,2,2,332786,196655,262103,3036,0,67647,0,3,0,196652,2,0,7507,930,0,0,0,26,0,0,0,0
0,127284,127354,file_anon_mix_p,3619,3619,3622,120,9,3,3,332786,196655,261526,3036,68160,64,0,3,196652,0,2,0,7507,930,0,0,0,26,0,0,0,0
0,127284,127354,file_anon_mix_p,0,0,3,120,0,3,3,0,0,0,0,0,0,0,0,0,0,0,0,0,0,0,0,0,0,0,0,0,0
0,127284,127354,file_anon_mix_p,0,0,3,120,0,3,3,0,0,0,0,0,0,0,0,0,0,0,0,0,0,0,0,0,0,0,0,0,0
0,127284,127354,file_anon_mix_p,0,0,3,120,0,3,3,0,0,0,0,0,0,0,0,0,0,0,0,0,0,0,0,0,0,0,0,0,0
0,127284,127354,file_anon_mix_p,36,36,37,120,0,1,1,0,0,0,0,0,0,0,0,0,0,0,0,9,4,0,0,2,0,0,0,0,0
0,127284,127354,file_anon_mix_p,3995,3995,3997,120,0,2,2,52,64,1,51,0,0,1,13,0,50,0,0,0,11,0,1,0,14,0,0,0,0
0,127284,127354,file_anon_mix_p,0,0,3,120,0,3,3,0,0,0,0,0,0,0,0,0,0,0,0,0,0,0,0,0,0,0,0,0,0
0,127284,127354,file_anon_mix_p,0,0,3,120,0,3,3,0,0,0,0,0,0,0,0,0,0,0,0,0,0,0,0,0,0,0,0,0,0
0,127284,127354,file_anon_mix_p,1131,1131,1134,120,0,3,3,200,289,1,80,119,0,9,262,18,0,0,0,8,112,0,0,5,0,0,0,0,0
0,127284,127354,file_anon_mix_p,0,0,3,120,0,3,3,0,0,0,0,0,0,0,0,0,0,0,0,0,0,0,0,0,0,0,0,0,0
0,127284,127354,file_anon_mix_p,0,0,3,120,0,3,3,0,0,0,0,0,0,0,0,0,0,0,0,0,0,0,0,0,0,0,0,0,0
0,127284,127354,file_anon_mix_p,1131,1131,1134,120,0,3,3,200,289,1,80,119,0,9,262,18,0,0,0,8,112,0,0,5,0,0,0,0,0
0,394,394,sshd-session,3619,3619,3622,120,5,3,3,332786,196655,261270,3036,68160,320,0,3,196652,0,2,0,7507,930,0,0,0,26,0,0,0,0
0,394,394,sshd-session,0,0,3,120,0,3,3,0,0,0,0,0,0,0,0,0,0,0,0,0,0,0,0,0,0,0,0,0,0
0,394,394,sshd-session,5253,5253,5256,120,0,3,3,143,334,19,97,13,14,37,88,209,0,0,14,1,237,0,0,0,51,0,4,0,0
0,394,394,sshd-session,0,0,3,120,0,3,3,0,0,0,0,0,0,0,0,0,0,0,0,0,0,0,0,0,0,0,0,0,0
0,394,394,sshd-session,0,0,3,120,0,3,3,0,0,0,0,0,0,0,0,0,0,0,0,0,0,0,0,0,0,0,0,0,0
0,394,394,sshd-session,0,0,3,120,0,3,3,0,0,0,0,0,0,0,0,0,0,0,0,0,0,0,0,0,0,0,0,0,0
0,394,394,sshd-session,1496,1496,1498,120,0,2,2,11,169,4,7,0,0,141,0,0,28,0,0,14,139,0,0,1,120,0,0,0,0
0,394,394,sshd-session,0,0,3,120,0,3,3,0,0,0,0,0,0,0,0,0,0,0,0,0,0,0,0,0,0,0,0,0,0
0,394,394,sshd-session,6,6,8,120,0,2,2,1,1,1,0,0,0,1,0,0,0,0,0,15,0,0,0,0,12,0,0,0,0
0,394,394,sshd-session,10,10,12,120,0,2,2,1,0,1,0,0,0,0,0,0,0,0,0,0,1,0,0,59,0,0,0,0,0
0,394,394,sshd-session,0,0,3,120,0,3,3,0,0,0,0,0,0,0,0,0,0,0,0,0,0,0,0,0,0,0,0,0,0
0,394,394,sshd-session,0,0,3,120,0,3,3,0,0,0,0,0,0,0,0,0,0,0,0,0,0,0,0,0,0,0,0,0,0
0,394,394,sshd-session,1095,1095,1097,120,0,2,2,12,28,3,9,0,0,28,0,0,0,0,0,13,59,0,0,0,64,0,0,0,0
0,394,394,sshd-session,14,14,16,120,0,2,2,0,0,0,0,0,0,0,0,0,0,0,0,96,0,0,0,3,0,0,0,0,0
0,127284,127354,file_anon_mix_p,3619,3619,3622,120,17,3,3,332850,196655,260630,3036,68160,1024,0,3,196652,0,2,0,7507,930,0,0,0,26,0,0,0,0
0,126930,126930,mglru_monitor,3619,3619,3622,120,3,3,3,332786,196655,259350,3036,68160,2240,0,3,196652,0,2,0,7507,930,0,0,0,26,0,0,0,0
0,394,394,sshd-session,3619,3619,3622,120,9,3,3,332850,196655,260438,3036,68160,1216,0,3,196652,0,2,0,7507,930,0,0,0,26,0,0,0,0
0,126930,126930,mglru_monitor,3619,3619,3622,120,5,3,3,332722,196655,258774,3036,68160,2752,0,3,196652,0,2,0,7507,930,0,0,0,26,0,0,0,0
0,126930,126930,mglru_monitor,3619,3619,3622,120,9,3,3,332786,196655,257238,3036,68160,4352,0,3,196652,0,2,0,7507,930,0,0,0,26,0,0,0,0
0,127284,127354,file_anon_mix_p,3619,3619,3622,120,33,3,3,332722,196655,258966,3036,68160,2560,0,3,196652,0,2,0,7507,930,0,0,0,26,0,0,0,0
0,394,394,sshd-session,3619,3619,3622,120,17,3,3,332786,196655,258134,3036,68160,3456,0,3,196652,0,2,0,7507,930,0,0,0,26,0,0,0,0
0,126930,126930,mglru_monitor,3619,3619,3622,120,17,3,3,332786,196655,254998,3036,68160,6592,0,3,196652,0,2,0,7507,930,0,0,0,26,0,0,0,0
0,127284,127354,file_anon_mix_p,3619,3619,3622,120,65,3,3,332722,196655,254678,3036,68160,6848,0,3,196652,0,2,0,7507,930,0,0,0,26,0,0,0,0
0,394,394,sshd-session,3619,3619,3622,120,33,3,3,332786,196655,254102,3036,68160,7488,0,3,196652,0,2,0,7507,930,0,0,0,26,0,0,0,0
0,45,45,kswapd0,3618,3618,3621,120,3105,3,3,268892,196916,107,263979,3008,1798,304,196611,1,0,4,0,14969,1569,0,0,0,0,0,0,38,261
0,127383,127383,sh,3619,3619,3622,120,3,3,3,332566,196655,241445,2989,68160,19972,0,1,61772,134882,2,0,7507,930,4,0,28,26,0,0,0,0
0,127383,127383,sh,3619,3619,3622,120,5,3,3,332611,196655,240997,2989,68160,20465,0,1,61772,134882,2,0,7507,930,4,0,28,26,0,0,0,0
0,127383,127383,sh,3619,3619,3622,120,9,3,3,332566,196655,240357,2989,68160,21060,0,1,61772,134882,2,0,7507,930,4,0,28,26,0,0,0,0
0,127383,127383,sh,3619,3619,3622,120,17,3,3,332566,196655,239205,2989,68160,22212,0,1,61772,134882,2,0,7507,930,4,0,28,26,0,0,0,0
0,127383,127383,sh,3619,3619,3622,120,33,3,3,332566,196655,237029,2989,68160,24388,0,1,61772,134882,2,0,7507,930,4,0,28,26,0,0,1,0
0,45,45,kswapd0,3619,3619,3622,120,131,3,3,332658,196655,244389,3017,68160,17092,0,3,61772,134880,2,0,7507,930,4,0,0,26,0,0,28,0
0,127383,127383,sh,3619,3619,3622,120,65,3,3,332565,196655,232741,2989,68160,28675,0,1,61772,134882,2,0,7507,930,4,0,29,26,0,0,0,0
0,263,471,clash-linux-amd,3619,3619,3622,120,3,3,3,332630,196655,243301,2989,68160,18180,0,2,61772,134881,2,0,7507,930,4,0,28,26,0,0,0,0
0,263,471,clash-linux-amd,3619,3619,3622,120,5,3,3,332560,196655,218213,2989,68160,43198,0,1,61772,134882,2,0,7507,930,4,0,31,26,0,0,0,0
0,263,471,clash-linux-amd,3619,3619,3622,120,9,3,3,332563,196655,217189,2989,68160,44225,0,1,61772,134882,2,0,7507,930,4,0,31,26,0,0,0,0
0,263,471,clash-linux-amd,3619,3619,3622,120,17,3,3,332631,196655,215397,2989,68160,46085,0,1,61772,134882,2,0,7507,930,4,0,31,26,0,0,0,0
0,263,471,clash-linux-amd,3619,3619,3622,120,33,3,3,332567,196655,212197,2989,68160,49221,0,1,61772,134882,2,0,7507,930,4,0,31,26,0,0,0,0
0,45,45,kswapd0,3619,3619,3622,120,259,3,3,332591,196655,230501,2989,68160,30941,0,1,61772,134882,2,0,7507,930,4,0,29,26,0,0,2,0
0,263,471,clash-linux-amd,3619,3619,3622,120,65,3,3,332600,196655,206186,2989,68160,55265,0,1,61772,134882,2,0,7507,930,4,0,31,26,0,0,0,0
0,126930,126930,mglru_monitor,3619,3619,3622,120,33,3,3,332786,196655,250533,3017,68160,11076,0,3,196652,0,2,0,7507,930,4,0,0,26,0,0,2,0
0,263,471,clash-linux-amd,3619,3619,3622,120,130,3,3,332623,196655,191589,2989,68160,69885,0,1,61772,134882,2,0,7507,930,4,0,35,26,0,0,2,0
0,394,394,sshd-session,3619,3619,3622,120,65,3,3,332722,196655,245669,3017,68160,15876,0,3,196652,0,2,0,7507,930,4,0,0,26,0,0,1,0
0,127383,127383,sh,3619,3619,3622,120,130,3,3,332565,196655,224421,2989,68160,36995,0,1,61772,134882,2,0,7507,930,4,0,29,26,0,0,2,0
0,45,45,kswapd0,3619,3619,3622,120,517,3,3,332595,196655,198601,2990,68160,62844,0,1,61772,134882,2,0,7507,930,4,0,35,26,0,0,0,0
0,126930,126930,mglru_monitor,3619,3619,3622,120,65,3,3,332763,196655,190949,2989,68160,70665,0,1,61772,134882,2,0,7507,930,4,0,35,26,0,0,0,0
0,263,471,clash-linux-amd,3619,3619,3622,120,258,3,3,332659,196655,155941,2989,68160,105569,0,1,61772,134882,2,0,7507,930,4,0,38,26,0,0,4,0
0,126677,126677,kworker/0:1,3619,3619,3622,120,1,3,3,332485,196655,86885,2989,68160,174451,0,1,61772,134882,2,0,7507,930,4,0,45,26,0,0,0,0
0,126677,126677,kworker/0:1,3619,3619,3622,120,1,3,3,332485,196655,86821,2989,68160,174515,0,1,61772,134882,2,0,7507,930,4,0,45,26,0,0,0,0
0,126677,126677,kworker/0:1,3619,3619,3622,120,1,3,3,332485,196655,86821,2989,68160,174515,0,1,61772,134882,2,0,7507,930,4,0,45,26,0,0,0,0
0,126677,126677,kworker/0:1,3619,3619,3622,120,1,3,3,332525,196655,86821,2989,68160,174555,0,1,61772,134882,2,0,7507,930,4,0,45,26,0,0,0,0
0,126677,126677,kworker/0:1,3619,3619,3622,120,1,3,3,332505,196655,86745,2989,68160,174611,0,1,61772,134882,2,0,7507,930,4,0,45,26,0,0,0,0
0,126677,126677,kworker/0:1,3619,3619,3622,120,1,3,3,332485,196655,86725,2989,68160,174611,0,1,61772,134882,2,0,7507,930,4,0,45,26,0,0,0,0
0,126677,126677,kworker/0:1,3619,3619,3622,120,1,3,3,332525,196655,86725,2989,68160,174651,0,1,61772,134882,2,0,7507,930,4,0,45,26,0,0,0,0
0,126677,126677,kworker/0:1,3619,3619,3622,120,1,3,3,332530,196655,86674,2989,68160,174707,0,1,61772,134882,2,0,7507,930,4,0,45,26,0,0,0,0
0,126677,126677,kworker/0:1,3619,3619,3622,120,1,3,3,332485,196655,86629,2989,68160,174707,0,1,61772,134882,2,0,7507,930,4,0,45,26,0,0,0,0
0,126677,126677,kworker/0:1,3619,3619,3622,120,1,3,3,332530,196655,86578,2989,68160,174803,0,1,61772,134882,2,0,7507,930,4,0,45,26,0,0,0,0
0,126677,126677,kworker/0:1,3619,3619,3622,120,1,3,3,332510,196655,86533,2989,68160,174828,0,1,61772,134882,2,0,7507,930,4,0,45,26,0,0,0,0
0,126677,126677,kworker/0:1,3619,3619,3622,120,1,3,3,332530,196655,86514,2989,68160,174867,0,1,61772,134882,2,0,7507,930,4,0,45,26,0,0,0,0
0,126677,126677,kworker/0:1,3619,3619,3622,120,1,3,3,332484,196655,85159,2989,68160,176176,0,1,61772,134882,2,0,7507,930,4,0,46,26,0,0,0,0
0,126677,126677,kworker/0:1,3619,3619,3622,120,1,3,3,332548,196655,85159,2989,68160,176240,0,1,61772,134882,2,0,7507,930,4,0,46,26,0,0,0,0
0,126677,126677,kworker/0:1,3619,3619,3622,120,1,3,3,332504,196655,85083,2989,68160,176272,0,1,61772,134882,2,0,7507,930,4,0,46,26,0,0,0,0
0,126677,126677,kworker/0:1,3619,3619,3622,120,1,3,3,332484,196655,85063,2989,68160,176272,0,1,61772,134882,2,0,7507,930,4,0,46,26,0,0,0,0
0,126677,126677,kworker/0:1,3619,3619,3622,120,1,3,3,332522,196655,85063,2989,68160,176310,0,1,61772,134882,2,0,7507,930,4,0,46,26,0,0,0,0
0,126677,126677,kworker/0:1,3619,3619,3622,120,1,3,3,332529,196655,85012,2989,68160,176368,0,1,61772,134882,2,0,7507,930,4,0,46,26,0,0,0,0
0,126677,126677,kworker/0:1,3619,3619,3622,120,1,3,3,332493,196655,84967,2989,68160,176377,0,1,61772,134882,2,0,7507,930,4,0,46,26,0,0,0,0
0,126677,126677,kworker/0:1,3619,3619,3622,120,1,3,3,332534,196655,84953,2989,68160,176432,0,1,61772,134882,2,0,7507,930,4,0,46,26,0,0,0,0
0,126677,126677,kworker/0:1,3619,3619,3622,120,1,3,3,332483,196655,84874,2989,68160,176460,0,1,61772,134882,2,0,7507,930,4,0,46,26,0,0,0,0
0,126677,126677,kworker/0:1,3619,3619,3622,120,1,3,3,332488,196655,84872,2989,68160,176467,0,1,61772,134882,2,0,7507,930,4,0,46,26,0,0,0,0
0,126677,126677,kworker/0:1,3619,3619,3622,120,1,3,3,332531,196655,84855,2989,68160,176527,0,1,61772,134882,2,0,7507,930,4,0,46,26,0,0,0,0
0,126677,126677,kworker/0:1,3619,3619,3622,120,1,3,3,332484,196655,84777,2989,68160,176558,0,1,61772,134882,2,0,7507,930,4,0,46,26,0,0,0,0
0,126677,126677,kworker/0:1,3619,3619,3622,120,1,3,3,332484,196655,84777,2989,68160,176558,0,1,61772,134882,2,0,7507,930,4,0,46,26,0,0,0,0
0,126677,126677,kworker/0:1,3619,3619,3622,120,1,3,3,332484,196655,83685,2989,68160,177650,0,1,61772,134882,2,0,7507,930,4,0,46,26,0,0,0,0
0,126677,126677,kworker/0:1,3619,3619,3622,120,1,3,3,332420,196655,83175,2989,68160,178096,0,1,61772,134882,2,0,7507,930,4,0,46,26,0,0,0,0
0,126677,126677,kworker/0:1,3619,3619,3622,120,1,3,3,332420,196655,83175,2989,68160,178096,0,1,61772,134882,2,0,7507,930,4,0,47,26,0,0,0,0
0,126677,126677,kworker/0:1,3619,3619,3622,120,1,3,3,332427,196655,83118,2989,68160,178160,0,1,61772,134882,2,0,7507,930,4,0,47,26,0,0,0,0
0,126677,126677,kworker/0:1,3619,3619,3622,120,1,3,3,332458,196655,83110,2989,68160,178199,0,1,61772,134882,2,0,7507,930,4,0,47,26,0,0,0,0
0,126677,126677,kworker/0:1,3619,3619,3622,120,1,3,3,332458,196655,83085,2989,68160,178224,0,1,61772,134882,2,0,7507,930,4,0,47,26,0,0,0,0
0,126677,126677,kworker/0:1,3619,3619,3622,120,1,3,3,332419,196655,83015,2989,68160,178255,0,1,61772,134882,2,0,7507,930,4,0,47,26,0,0,0,0
0,126677,126677,kworker/0:1,3619,3619,3622,120,1,3,3,332419,196655,83015,2989,68160,178255,0,1,61772,134882,2,0,7507,930,4,0,47,26,0,0,0,0
0,126677,126677,kworker/0:1,3619,3619,3622,120,1,3,3,332456,196655,83015,2989,68160,178292,0,1,61772,134882,2,0,7507,930,4,0,47,26,0,0,0,0
0,126677,126677,kworker/0:1,3619,3619,3622,120,1,3,3,332465,196655,82965,2989,68160,178351,0,1,61772,134882,2,0,7507,930,4,0,47,26,0,0,0,0
0,126677,126677,kworker/0:1,3619,3619,3622,120,1,3,3,332419,196655,82919,2989,68160,178351,0,1,61772,134882,2,0,7507,930,4,0,47,26,0,0,0,0
0,126677,126677,kworker/0:1,3619,3619,3622,120,1,3,3,332465,196655,82869,2989,68160,178447,0,1,61772,134882,2,0,7507,930,4,0,47,26,0,0,0,0
0,126677,126677,kworker/0:1,3619,3619,3622,120,1,3,3,332419,196655,82823,2989,68160,178447,0,1,61772,134882,2,0,7507,930,4,0,47,26,0,0,0,0
0,126677,126677,kworker/0:1,3619,3619,3622,120,1,3,3,332419,196655,81926,2989,68160,179344,0,1,61772,134882,2,0,7507,930,4,0,47,26,0,0,0,0
0,126677,126677,kworker/0:1,3619,3619,3622,120,1,3,3,332480,196655,81926,2989,68160,179405,0,1,61772,134882,2,0,7507,930,4,0,47,26,0,0,0,0
0,126677,126677,kworker/0:1,3619,3619,3622,120,1,3,3,332463,196655,81906,2989,68160,179408,0,1,61772,134882,2,0,7507,930,4,0,47,26,0,0,0,0
0,126677,126677,kworker/0:1,3619,3619,3622,120,1,3,3,332419,196655,81862,2989,68160,179408,0,1,61772,134882,2,0,7507,930,4,0,47,26,0,0,0,0
0,126677,126677,kworker/0:1,3619,3619,3622,120,1,3,3,332464,196655,81811,2989,68160,179504,0,1,61772,134882,2,0,7507,930,4,0,47,26,0,0,0,0
0,126677,126677,kworker/0:1,3619,3619,3622,120,1,3,3,332419,196655,81766,2989,68160,179504,0,1,61772,134882,2,0,7507,930,4,0,47,26,0,0,0,0
0,126677,126677,kworker/0:1,3619,3619,3622,120,1,3,3,332483,196655,81734,2989,68160,179600,0,1,61772,134882,2,0,7507,930,4,0,47,26,0,0,0,0
0,126677,126677,kworker/0:1,3619,3619,3622,120,1,3,3,332483,196655,81734,2989,68160,179600,0,1,61772,134882,2,0,7507,930,4,0,47,26,0,0,0,0
0,126677,126677,kworker/0:1,3619,3619,3622,120,1,3,3,332534,196655,81721,2989,68160,179664,0,1,61772,134882,2,0,7507,930,4,0,47,26,0,0,0,0
0,126677,126677,kworker/0:1,3619,3619,3622,120,1,3,3,332483,196655,81639,2989,68160,179695,0,1,61772,134882,2,0,7507,930,4,0,47,26,0,0,0,0
0,126677,126677,kworker/0:1,3619,3619,3622,120,1,3,3,332515,196655,81639,2989,68160,179727,0,1,61772,134882,2,0,7507,930,4,0,47,26,0,0,0,0
0,126677,126677,kworker/0:1,3619,3619,3622,120,1,3,3,332529,196655,81621,2989,68160,179759,0,1,61772,134882,2,0,7507,930,4,0,47,26,0,0,0,0
0,126677,126677,kworker/0:1,3619,3619,3622,120,1,3,3,332483,196655,81544,2989,68160,179790,0,1,61772,134882,2,0,7507,930,4,0,47,26,0,0,0,0
0,126677,126677,kworker/0:1,3619,3619,3622,120,1,3,3,332547,196655,80584,2989,68160,180814,0,1,61772,134882,2,0,7507,930,4,0,47,26,0,0,0,0
0,126677,126677,kworker/0:1,3619,3619,3622,120,1,3,3,332547,196655,80264,2989,68160,181134,0,1,61772,134882,2,0,7507,930,4,0,47,26,0,0,0,0
0,126677,126677,kworker/0:1,3619,3619,3622,120,1,3,3,332597,196655,80264,2989,68160,181184,0,1,61772,134882,2,0,7507,930,4,0,47,26,0,0,0,0
0,126677,126677,kworker/0:1,3619,3619,3622,120,1,3,3,332592,196655,80245,2989,68160,181198,0,1,61772,134882,2,0,7507,930,4,0,47,26,0,0,0,0
0,126677,126677,kworker/0:1,3619,3619,3622,120,1,3,3,332533,196655,80186,2989,68160,181198,0,1,61772,134882,2,0,7507,930,4,0,47,26,0,0,0,0
0,126677,126677,kworker/0:1,3619,3619,3622,120,1,3,3,332482,196655,80119,2989,68160,181214,0,1,61772,134882,2,0,7507,930,4,0,47,26,0,0,0,0
0,126677,126677,kworker/0:1,3619,3619,3622,120,1,3,3,332483,196655,80105,2989,68160,181229,0,1,61772,134882,2,0,7507,930,4,0,47,26,0,0,0,0
0,126677,126677,kworker/0:1,3619,3619,3622,120,1,3,3,332510,196655,80068,2989,68160,181293,0,1,61772,134882,2,0,7507,930,4,0,47,26,0,0,0,0
0,126677,126677,kworker/0:1,3619,3619,3622,120,1,3,3,332483,196655,80041,2989,68160,181293,0,1,61772,134882,2,0,7507,930,4,0,47,26,0,0,0,0
0,126677,126677,kworker/0:1,3619,3619,3622,120,1,3,3,332518,196655,80041,2989,68160,181328,0,1,61772,134882,2,0,7507,930,4,0,47,26,0,0,0,0
0,126677,126677,kworker/0:1,3619,3619,3622,120,1,3,3,332508,196655,79970,2989,68160,181389,0,1,61772,134882,2,0,7507,930,4,0,47,26,0,0,0,0
0,126677,126677,kworker/0:1,3619,3619,3622,120,1,3,3,332483,196655,79945,2989,68160,181389,0,1,61772,134882,2,0,7507,930,4,0,47,26,0,0,0,0
0,126677,126677,kworker/0:1,3619,3619,3622,120,1,3,3,332518,196655,79945,2989,68160,181424,0,1,61772,134882,2,0,7507,930,4,0,47,26,0,0,0,0
0,126677,126677,kworker/0:1,3619,3619,3622,120,1,3,3,332550,196655,78729,2989,68160,182672,0,1,61772,134882,2,0,7507,930,4,0,47,26,0,0,0,0
0,126677,126677,kworker/0:1,3619,3619,3622,120,1,3,3,332575,196655,78693,2989,68160,182733,0,1,61772,134882,2,0,7507,930,4,0,47,26,0,0,0,0
0,126677,126677,kworker/0:1,3619,3619,3622,120,1,3,3,332558,196655,78665,2989,68160,182744,0,1,61772,134882,2,0,7507,930,4,0,47,26,0,0,0,0
0,126677,126677,kworker/0:1,3619,3619,3622,120,1,3,3,332564,196655,78618,2989,68160,182797,0,1,61772,134882,2,0,7507,930,4,0,47,26,0,0,0,0
0,126677,126677,kworker/0:1,3619,3619,3622,120,1,3,3,332547,196655,78601,2989,68160,182797,0,1,61772,134882,2,0,7507,930,4,0,47,26,0,0,0,0
0,126677,126677,kworker/0:1,3619,3619,3622,120,1,3,3,332585,196655,78601,2989,68160,182835,0,1,61772,134882,2,0,7507,930,4,0,47,26,0,0,0,0
0,126677,126677,kworker/0:1,3619,3619,3622,120,1,3,3,332570,196655,78528,2989,68160,182893,0,1,61772,134882,2,0,7507,930,4,0,47,26,0,0,0,0
0,126677,126677,kworker/0:1,3619,3619,3622,120,1,3,3,332547,196655,78505,2989,68160,182893,0,1,61772,134882,2,0,7507,930,4,0,47,26,0,0,0,0
0,126677,126677,kworker/0:1,3619,3619,3622,120,1,3,3,332581,196655,78505,2989,68160,182927,0,1,61772,134882,2,0,7507,930,4,0,47,26,0,0,0,0
0,126677,126677,kworker/0:1,3619,3619,3622,120,1,3,3,332575,196655,78469,2989,68160,182957,0,1,61772,134882,2,0,7507,930,4,0,47,26,0,0,0,0
0,126677,126677,kworker/0:1,3619,3619,3622,120,1,3,3,332546,196655,78423,2989,68160,182974,0,1,61772,134882,2,0,7507,930,4,0,47,26,0,0,0,0
0,126677,126677,kworker/0:1,3619,3619,3622,120,1,3,3,332547,196655,78410,2989,68160,182988,0,1,61772,134882,2,0,7507,930,4,0,47,26,0,0,0,0
0,126677,126677,kworker/0:1,3619,3619,3622,120,1,3,3,332611,196655,78410,2989,68160,183052,0,1,61772,134882,2,0,7507,930,4,0,47,26,0,0,0,0
0,126677,126677,kworker/0:1,3619,3619,3622,120,1,3,3,332547,196655,77482,2989,68160,183916,0,1,61772,134882,2,0,7507,930,4,0,47,26,0,0,0,0
0,126677,126677,kworker/0:1,3619,3619,3622,120,1,3,3,332547,196655,76843,2989,68160,184555,0,1,61772,134882,2,0,7507,930,4,0,47,26,0,0,0,0
0,126677,126677,kworker/0:1,3619,3619,3622,120,1,3,3,332607,196655,76843,2989,68160,184615,0,1,61772,134882,2,0,7507,930,4,0,47,26,0,0,0,0
0,126677,126677,kworker/0:1,3619,3619,3622,120,1,3,3,332593,196655,76825,2989,68160,184619,0,1,61772,134882,2,0,7507,930,4,0,47,26,0,0,0,0
0,126677,126677,kworker/0:1,3619,3619,3622,120,1,3,3,332547,196655,76779,2989,68160,184619,0,1,61772,134882,2,0,7507,930,4,0,47,26,0,0,0,0
0,126677,126677,kworker/0:1,3619,3619,3622,120,1,3,3,332586,196655,76779,2989,68160,184658,0,1,61772,134882,2,0,7507,930,4,0,47,26,0,0,0,0
0,126677,126677,kworker/0:1,3619,3619,3622,120,1,3,3,332611,196655,76747,2989,68160,184715,0,1,61772,134882,2,0,7507,930,4,0,47,26,0,0,0,0
0,126677,126677,kworker/0:1,3619,3619,3622,120,1,3,3,332640,196655,76747,2989,68160,184744,0,1,61772,134882,2,0,7507,930,4,0,47,26,0,0,0,0
0,126677,126677,kworker/0:1,3619,3619,3622,120,1,3,3,332636,196655,76708,2989,68160,184779,0,1,61772,134882,2,0,7507,930,4,0,47,26,0,0,0,0
0,126677,126677,kworker/0:1,3619,3619,3622,120,1,3,3,332612,196655,76683,2989,68160,184780,0,1,61772,134882,2,0,7507,930,4,0,47,26,0,0,0,0
0,126677,126677,kworker/0:1,3619,3619,3622,120,1,3,3,332657,196655,76665,2989,68160,184843,0,1,61772,134882,2,0,7507,930,4,0,47,26,0,0,0,0
0,126677,126677,kworker/0:1,3619,3619,3622,120,1,3,3,332576,196655,76584,2989,68160,184843,0,1,61772,134882,2,0,7507,930,4,0,47,26,0,0,0,0
0,126677,126677,kworker/0:1,3619,3619,3622,120,1,3,3,332547,196655,76540,2989,68160,184858,0,1,61772,134882,2,0,7507,930,4,0,47,26,0,0,0,0
0,126677,126677,kworker/0:1,3619,3619,3622,120,1,3,3,332611,196655,75788,2989,68160,185674,0,1,61772,134882,2,0,7507,930,4,0,47,26,0,0,0,0
0,126677,126677,kworker/0:1,3619,3619,3622,120,1,3,3,332667,196655,75788,2989,68160,185730,0,1,61772,134882,2,0,7507,930,4,0,47,26,0,0,0,0
0,126677,126677,kworker/0:1,3619,3619,3622,120,1,3,3,332660,196655,75773,2989,68160,185738,0,1,61772,134882,2,0,7507,930,4,0,47,26,0,0,0,0
0,126677,126677,kworker/0:1,3619,3619,3622,120,1,3,3,332611,196655,75693,2989,68160,185769,0,1,61772,134882,2,0,7507,930,4,0,47,26,0,0,0,0
0,126677,126677,kworker/0:1,3619,3619,3622,120,1,3,3,332611,196655,75693,2989,68160,185769,0,1,61772,134882,2,0,7507,930,4,0,47,26,0,0,0,0
0,126677,126677,kworker/0:1,3619,3619,3622,120,1,3,3,332658,196655,75676,2989,68160,185833,0,1,61772,134882,2,0,7507,930,4,0,47,26,0,0,0,0
0,126677,126677,kworker/0:1,3619,3619,3622,120,1,3,3,332570,196655,75588,2989,68160,185833,0,1,61772,134882,2,0,7507,930,4,0,47,26,0,0,0,0
0,126677,126677,kworker/0:1,3619,3619,3622,120,1,3,3,332547,196655,75565,2989,68160,185833,0,1,61772,134882,2,0,7507,930,4,0,47,26,0,0,0,0
0,126677,126677,kworker/0:1,3619,3619,3622,120,1,3,3,332584,196655,75565,2989,68160,185870,0,1,61772,134882,2,0,7507,930,4,0,47,26,0,0,0,0
0,126677,126677,kworker/0:1,3619,3619,3622,120,1,3,3,332569,196655,75491,2989,68160,185929,0,1,61772,134882,2,0,7507,930,4,0,47,26,0,0,0,0
0,126677,126677,kworker/0:1,3619,3619,3622,120,1,3,3,332547,196655,75469,2989,68160,185929,0,1,61772,134882,2,0,7507,930,4,0,47,26,0,0,0,0
0,126677,126677,kworker/0:1,3619,3619,3622,120,1,3,3,332583,196655,75469,2989,68160,185965,0,1,61772,134882,2,0,7507,930,4,0,47,26,0,0,0,0
0,126677,126677,kworker/0:1,3619,3619,3622,120,1,3,3,332591,196655,75417,2989,68160,186025,0,1,61772,134882,2,0,7507,930,4,0,47,26,0,0,0,0
0,126677,126677,kworker/0:1,3619,3619,3622,120,1,3,3,332611,196655,74541,2989,68160,186921,0,1,61772,134882,2,0,7507,930,4,0,47,26,0,0,0,0
0,126677,126677,kworker/0:1,3619,3619,3622,120,1,3,3,332419,196655,74126,2989,68160,187144,0,1,61772,134882,2,0,7507,930,4,0,47,26,0,0,0,0
0,126677,126677,kworker/0:1,3619,3619,3622,120,1,3,3,332424,196655,74126,2989,68160,187149,0,1,61772,134882,2,0,7507,930,4,0,47,26,0,0,0,0
0,126677,126677,kworker/0:1,3619,3619,3622,120,1,3,3,332425,196655,74068,2989,68160,187208,0,1,61772,134882,2,0,7507,930,4,0,47,26,0,0,0,0
0,126677,126677,kworker/0:1,3619,3619,3622,120,1,3,3,332419,196655,74062,2989,68160,187208,0,1,61772,134882,2,0,7507,930,4,0,47,26,0,0,0,0
0,126677,126677,kworker/0:1,3619,3619,3622,120,1,3,3,332460,196655,74062,2989,68160,187249,0,1,61772,134882,2,0,7507,930,4,0,47,26,0,0,0,0
0,126677,126677,kworker/0:1,3619,3619,3622,120,1,3,3,332465,196655,74012,2989,68160,187304,0,1,61772,134882,2,0,7507,930,4,0,47,26,0,0,0,0
0,126677,126677,kworker/0:1,3619,3619,3622,120,1,3,3,332430,196655,73966,2989,68160,187315,0,1,61772,134882,2,0,7507,930,4,0,47,26,0,0,0,0
0,126677,126677,kworker/0:1,3619,3619,3622,120,1,3,3,332469,196655,73952,2989,68160,187368,0,1,61772,134882,2,0,7507,930,4,0,47,26,0,0,0,0
0,126677,126677,kworker/0:1,3619,3619,3622,120,1,3,3,332419,196655,73871,2989,68160,187399,0,1,61772,134882,2,0,7507,930,4,0,47,26,0,0,0,0
0,126677,126677,kworker/0:1,3619,3619,3622,120,1,3,3,332419,196655,73871,2989,68160,187399,0,1,61772,134882,2,0,7507,930,4,0,47,26,0,0,0,0
0,126677,126677,kworker/0:1,3619,3619,3622,120,1,3,3,332419,196655,73871,2989,68160,187399,0,1,61772,134882,2,0,7507,930,4,0,47,26,0,0,0,0
0,126677,126677,kworker/0:1,3619,3619,3622,120,1,3,3,332450,196655,73871,2989,68160,187430,0,1,61772,134882,2,0,7507,930,4,0,47,26,0,0,0,0
0,126677,126677,kworker/0:1,3619,3619,3622,120,1,3,3,332483,196655,72784,2989,68160,188550,0,1,61772,134882,2,0,7507,930,4,0,47,26,0,0,0,0
0,126677,126677,kworker/0:1,3619,3619,3622,120,1,3,3,332538,196655,72784,2989,68160,188605,0,1,61772,134882,2,0,7507,930,4,0,47,26,0,0,0,0
0,126677,126677,kworker/0:1,3619,3619,3622,120,1,3,3,332532,196655,72769,2989,68160,188614,0,1,61772,134882,2,0,7507,930,4,0,47,26,0,0,0,0
0,126677,126677,kworker/0:1,3619,3619,3622,120,1,3,3,332483,196655,72689,2989,68160,188645,0,1,61772,134882,2,0,7507,930,4,0,47,26,0,0,0,0
0,126677,126677,kworker/0:1,3619,3619,3622,120,1,3,3,332483,196655,72689,2989,68160,188645,0,1,61772,134882,2,0,7507,930,4,0,47,26,0,0,0,0
0,127284,127354,file_anon_mix_p,3619,3619,3622,120,130,3,3,332850,196655,246245,3017,68160,15428,0,3,196652,0,2,0,7507,930,4,0,0,26,0,0,1,0
0,126677,126677,kworker/0:1,3619,3619,3622,120,1,3,3,332519,196655,72689,2989,68160,188681,0,1,61772,134882,2,0,7507,930,4,0,47,26,0,0,0,0
0,126677,126677,kworker/0:1,3619,3619,3622,120,1,3,3,332547,196655,72674,2989,68160,188724,0,1,61772,134882,2,0,7507,930,4,0,47,26,0,0,0,0
0,126677,126677,kworker/0:1,3619,3619,3622,120,1,3,3,332528,196655,72655,2989,68160,188724,0,1,61772,134882,2,0,7507,930,4,0,47,26,0,0,0,0
0,126677,126677,kworker/0:1,3619,3619,3622,120,1,3,3,332464,196655,72591,2989,68160,188724,0,1,61772,134882,2,0,7507,930,4,0,47,26,0,0,0,0
0,126677,126677,kworker/0:1,3619,3619,3622,120,1,3,3,332419,196655,72546,2989,68160,188724,0,1,61772,134882,2,0,7507,930,4,0,47,26,0,0,0,0
0,126677,126677,kworker/0:1,3619,3619,3622,120,1,3,3,332463,196655,72546,2989,68160,188768,0,1,61772,134882,2,0,7507,930,4,0,47,26,0,0,0,0
0,126677,126677,kworker/0:1,3619,3619,3622,120,1,3,3,332466,196655,72497,2989,68160,188820,0,1,61772,134882,2,0,7507,930,4,0,47,26,0,0,0,0
0,126677,126677,kworker/0:1,3619,3619,3622,120,1,3,3,332419,196655,72450,2989,68160,188820,0,1,61772,134882,2,0,7507,930,4,0,47,26,0,0,0,0
0,126677,126677,kworker/0:1,3619,3619,3622,120,1,3,3,332482,196655,71618,2989,68160,189715,0,1,61772,134882,2,0,7507,930,4,0,48,26,0,0,0,0
0,126677,126677,kworker/0:1,3619,3619,3622,120,1,3,3,332546,196655,71107,2989,68160,190290,0,1,61772,134882,2,0,7507,930,4,0,48,26,0,0,0,0
0,126677,126677,kworker/0:1,3619,3619,3622,120,1,3,3,332520,196655,71081,2989,68160,190290,0,1,61772,134882,2,0,7507,930,4,0,48,26,0,0,0,0
0,126677,126677,kworker/0:1,3619,3619,3622,120,1,3,3,332481,196655,71026,2989,68160,190306,0,1,61772,134882,2,0,7507,930,4,0,48,26,0,0,0,0
0,126677,126677,kworker/0:1,3619,3619,3622,120,1,3,3,332482,196655,71012,2989,68160,190321,0,1,61772,134882,2,0,7507,930,4,0,48,26,0,0,0,0
0,126677,126677,kworker/0:1,3619,3619,3622,120,1,3,3,332425,196655,70948,2989,68160,190328,0,1,61772,134882,2,0,7507,930,4,0,48,26,0,0,0,0
0,126677,126677,kworker/0:1,3619,3619,3622,120,1,3,3,332463,196655,70929,2989,68160,190385,0,1,61772,134882,2,0,7507,930,4,0,48,26,0,0,0,0
0,126677,126677,kworker/0:1,3619,3619,3622,120,1,3,3,332418,196655,70884,2989,68160,190385,0,1,61772,134882,2,0,7507,930,4,0,48,26,0,0,0,0
0,126677,126677,kworker/0:1,3619,3619,3622,120,1,3,3,332450,196655,70884,2989,68160,190417,0,1,61772,134882,2,0,7507,930,4,0,48,26,0,0,0,0
0,126677,126677,kworker/0:1,3619,3619,3622,120,1,3,3,332468,196655,70870,2989,68160,190449,0,1,61772,134882,2,0,7507,930,4,0,48,26,0,0,0,0
0,126677,126677,kworker/0:1,3619,3619,3622,120,1,3,3,332418,196655,70789,2989,68160,190480,0,1,61772,134882,2,0,7507,930,4,0,48,26,0,0,0,0
0,126677,126677,kworker/0:1,3619,3619,3622,120,1,3,3,332455,196655,70789,2989,68160,190517,0,1,61772,134882,2,0,7507,930,4,0,48,26,0,0,0,0
0,126677,126677,kworker/0:1,3619,3619,3622,120,1,3,3,332465,196655,70772,2989,68160,190544,0,1,61772,134882,2,0,7507,930,4,0,48,26,0,0,0,0
0,126677,126677,kworker/0:1,3619,3619,3622,120,1,3,3,332418,196655,69638,2989,68160,191631,0,1,61772,134882,2,0,7507,930,4,0,48,26,0,0,0,0
0,126677,126677,kworker/0:1,3619,3619,3622,120,1,3,3,332481,196655,69638,2989,68160,191694,0,1,61772,134882,2,0,7507,930,4,0,48,26,0,0,0,0
0,126677,126677,kworker/0:1,3619,3619,3622,120,1,3,3,332463,196655,69619,2989,68160,191695,0,1,61772,134882,2,0,7507,930,4,0,48,26,0,0,0,0
0,126677,126677,kworker/0:1,3619,3619,3622,120,1,3,3,332418,196655,69574,2989,68160,191695,0,1,61772,134882,2,0,7507,930,4,0,48,26,0,0,0,0
0,126677,126677,kworker/0:1,3619,3619,3622,120,1,3,3,332463,196655,69523,2989,68160,191791,0,1,61772,134882,2,0,7507,930,4,0,48,26,0,0,0,0
0,126677,126677,kworker/0:1,3619,3619,3622,120,1,3,3,332419,196655,69478,2989,68160,191792,0,1,61772,134882,2,0,7507,930,4,0,48,26,0,0,0,0
0,126677,126677,kworker/0:1,3619,3619,3622,120,1,3,3,332478,196655,69442,2989,68160,191887,0,1,61772,134882,2,0,7507,930,4,0,48,26,0,0,0,0
0,126677,126677,kworker/0:1,3619,3619,3622,120,1,3,3,332418,196655,69382,2989,68160,191887,0,1,61772,134882,2,0,7507,930,4,0,48,26,0,0,0,0
0,126677,126677,kworker/0:1,3619,3619,3622,120,1,3,3,332482,196655,69382,2989,68160,191951,0,1,61772,134882,2,0,7507,930,4,0,48,26,0,0,0,0
0,126677,126677,kworker/0:1,3619,3619,3622,120,1,3,3,332466,196655,69334,2989,68160,191983,0,1,61772,134882,2,0,7507,930,4,0,48,26,0,0,0,0
0,126677,126677,kworker/0:1,3619,3619,3622,120,1,3,3,332421,196655,69286,2989,68160,191986,0,1,61772,134882,2,0,7507,930,4,0,48,26,0,0,0,0
0,126677,126677,kworker/0:1,3619,3619,3622,120,1,3,3,332448,196655,69252,2989,68160,192047,0,1,61772,134882,2,0,7507,930,4,0,48,26,0,0,0,0
0,126677,126677,kworker/0:1,3619,3619,3622,120,1,3,3,332418,196655,69222,2989,68160,192047,0,1,61772,134882,2,0,7507,930,4,0,48,26,0,0,0,0
0,126677,126677,kworker/0:1,3619,3619,3622,120,1,3,3,332546,196655,68263,2989,68160,193134,0,1,61772,134882,2,0,7507,930,4,0,48,26,0,0,0,0
0,126677,126677,kworker/0:1,3619,3619,3622,120,1,3,3,332482,196655,67719,2989,68160,193614,0,1,61772,134882,2,0,7507,930,4,0,48,26,0,0,0,0
0,126677,126677,kworker/0:1,3619,3619,3622,120,1,3,3,332514,196655,67687,2989,68160,193678,0,1,61772,134882,2,0,7507,930,4,0,48,26,0,0,0,0
0,126677,126677,kworker/0:1,3619,3619,3622,120,1,3,3,332482,196655,67624,2989,68160,193709,0,1,61772,134882,2,0,7507,930,4,0,48,26,0,0,0,0
0,126677,126677,kworker/0:1,3619,3619,3622,120,1,3,3,332482,196655,67624,2989,68160,193709,0,1,61772,134882,2,0,7507,930,4,0,48,26,0,0,0,0
0,126677,126677,kworker/0:1,3619,3619,3622,120,1,3,3,332519,196655,67624,2989,68160,193746,0,1,61772,134882,2,0,7507,930,4,0,48,26,0,0,0,0
0,126677,126677,kworker/0:1,3619,3619,3622,120,1,3,3,332529,196655,67607,2989,68160,193773,0,1,61772,134882,2,0,7507,930,4,0,48,26,0,0,0,0
0,126677,126677,kworker/0:1,3619,3619,3622,120,1,3,3,332482,196655,67560,2989,68160,193773,0,1,61772,134882,2,0,7507,930,4,0,48,26,0,0,0,0
0,126677,126677,kworker/0:1,3619,3619,3622,120,1,3,3,332518,196655,67560,2989,68160,193809,0,1,61772,134882,2,0,7507,930,4,0,48,26,0,0,0,0
0,126677,126677,kworker/0:1,3619,3619,3622,120,1,3,3,332528,196655,67510,2989,68160,193869,0,1,61772,134882,2,0,7507,930,4,0,48,26,0,0,0,0
0,126677,126677,kworker/0:1,3619,3619,3622,120,1,3,3,332482,196655,67464,2989,68160,193869,0,1,61772,134882,2,0,7507,930,4,0,48,26,0,0,0,0
0,126677,126677,kworker/0:1,3619,3619,3622,120,1,3,3,332518,196655,67464,2989,68160,193905,0,1,61772,134882,2,0,7507,930,4,0,48,26,0,0,0,0
0,126677,126677,kworker/0:1,3619,3619,3622,120,1,3,3,332528,196655,67414,2989,68160,193965,0,1,61772,134882,2,0,7507,930,4,0,48,26,0,0,0,0
0,126677,126677,kworker/0:1,3619,3619,3622,120,1,3,3,332610,196655,66729,2989,68160,194732,0,1,61772,134882,2,0,7507,930,4,0,48,26,0,0,0,0
0,126677,126677,kworker/0:1,3619,3619,3622,120,1,3,3,332546,196655,66665,2989,68160,194732,0,1,61772,134882,2,0,7507,930,4,0,48,26,0,0,0,0
0,126677,126677,kworker/0:1,3619,3619,3622,120,1,3,3,332590,196655,66645,2989,68160,194796,0,1,61772,134882,2,0,7507,930,4,0,48,26,0,0,0,0
0,126677,126677,kworker/0:1,3619,3619,3622,120,1,3,3,332546,196655,66601,2989,68160,194796,0,1,61772,134882,2,0,7507,930,4,0,48,26,0,0,0,0
0,126677,126677,kworker/0:1,3619,3619,3622,120,1,3,3,332593,196655,66552,2989,68160,194892,0,1,61772,134882,2,0,7507,930,4,0,48,26,0,0,0,0
0,126677,126677,kworker/0:1,3619,3619,3622,120,1,3,3,332546,196655,66505,2989,68160,194892,0,1,61772,134882,2,0,7507,930,4,0,48,26,0,0,0,0
0,126677,126677,kworker/0:1,3619,3619,3622,120,1,3,3,332579,196655,66505,2989,68160,194925,0,1,61772,134882,2,0,7507,930,4,0,48,26,0,0,0,0
0,126677,126677,kworker/0:1,3619,3619,3622,120,1,3,3,332597,196655,66492,2989,68160,194956,0,1,61772,134882,2,0,7507,930,4,0,48,26,0,0,0,0
0,126677,126677,kworker/0:1,3619,3619,3622,120,1,3,3,332562,196655,66441,2989,68160,194972,0,1,61772,134882,2,0,7507,930,4,0,48,26,0,0,0,0
0,126677,126677,kworker/0:1,3619,3619,3622,120,1,3,3,332592,196655,66423,2989,68160,195020,0,1,61772,134882,2,0,7507,930,4,0,48,26,0,0,0,0
0,126677,126677,kworker/0:1,3619,3619,3622,120,1,3,3,332546,196655,66361,2989,68160,195036,0,1,61772,134882,2,0,7507,930,4,0,48,26,0,0,0,0
0,126677,126677,kworker/0:1,3619,3619,3622,120,1,3,3,332546,196655,66346,2989,68160,195051,0,1,61772,134882,2,0,7507,930,4,0,48,26,0,0,0,0
0,126677,126677,kworker/0:1,3619,3619,3622,120,1,3,3,332546,196655,66346,2989,68160,195051,0,1,61772,134882,2,0,7507,930,4,0,48,26,0,0,0,0
0,126677,126677,kworker/0:1,3619,3619,3622,120,1,3,3,332609,196655,65162,2989,68160,196298,0,1,61772,134882,2,0,7507,930,4,0,49,26,0,0,0,0
0,126677,126677,kworker/0:1,3619,3619,3622,120,1,3,3,332609,196655,64875,2989,68160,196585,0,1,61772,134882,2,0,7507,930,4,0,49,26,0,0,0,0
0,126677,126677,kworker/0:1,3619,3619,3622,120,1,3,3,332546,196655,64811,2989,68160,196586,0,1,61772,134882,2,0,7507,930,4,0,49,26,0,0,0,0
0,126677,126677,kworker/0:1,3619,3619,3622,120,1,3,3,332590,196655,64792,2989,68160,196649,0,1,61772,134882,2,0,7507,930,4,0,49,26,0,0,0,0
0,126677,126677,kworker/0:1,3619,3619,3622,120,1,3,3,332506,196655,64708,2989,68160,196649,0,1,61772,134882,2,0,7507,930,4,0,49,26,0,0,0,0
0,126677,126677,kworker/0:1,3619,3619,3622,120,1,3,3,332481,196655,64668,2989,68160,196664,0,1,61772,134882,2,0,7507,930,4,0,49,26,0,0,0,0
0,126677,126677,kworker/0:1,3619,3619,3622,120,1,3,3,332481,196655,64652,2989,68160,196680,0,1,61772,134882,2,0,7507,930,4,0,49,26,0,0,0,0
0,126677,126677,kworker/0:1,3619,3619,3622,120,1,3,3,332545,196655,64652,2989,68160,196744,0,1,61772,134882,2,0,7507,930,4,0,49,26,0,0,0,0
0,126677,126677,kworker/0:1,3619,3619,3622,120,1,3,3,332579,196655,64652,2989,68160,196778,0,1,61772,134882,2,0,7507,930,4,0,49,26,0,0,0,0
0,126677,126677,kworker/0:1,3619,3619,3622,120,1,3,3,332594,196655,64605,2989,68160,196840,0,1,61772,134882,2,0,7507,930,4,0,49,26,0,0,0,0
0,126677,126677,kworker/0:1,3619,3619,3622,120,1,3,3,332545,196655,64556,2989,68160,196840,0,1,61772,134882,2,0,7507,930,4,0,49,26,0,0,0,0
0,126677,126677,kworker/0:1,3619,3619,3622,120,1,3,3,332590,196655,64505,2989,68160,196936,0,1,61772,134882,2,0,7507,930,4,0,49,26,0,0,0,0
0,126677,126677,kworker/0:1,3619,3619,3622,120,1,3,3,332545,196655,64460,2989,68160,196936,0,1,61772,134882,2,0,7507,930,4,0,49,26,0,0,0,0
0,126677,126677,kworker/0:1,3619,3619,3622,120,1,3,3,332609,196655,63596,2989,68160,197864,0,1,61772,134882,2,0,7507,930,4,0,49,26,0,0,0,0
0,126677,126677,kworker/0:1,3619,3619,3622,120,1,3,3,332656,196655,63596,2989,68160,197911,0,1,61772,134882,2,0,7507,930,4,0,49,26,0,0,0,0
0,126677,126677,kworker/0:1,3619,3619,3622,120,1,3,3,332673,196655,63596,2989,68160,197928,0,1,61772,134882,2,0,7507,930,4,0,49,26,0,0,0,0
0,126677,126677,kworker/0:1,3619,3619,3622,120,1,3,3,332706,196655,63596,2989,68160,197961,0,1,61772,134882,2,0,7507,930,4,0,49,26,0,0,0,0
0,126677,126677,kworker/0:1,3619,3619,3622,120,1,3,3,332698,196655,63557,2989,68160,197992,0,1,61772,134882,2,0,7507,930,4,0,49,26,0,0,0,0
0,126677,126677,kworker/0:1,3619,3619,3622,120,1,3,3,332673,196655,63532,2989,68160,197992,0,1,61772,134882,2,0,7507,930,4,0,49,26,0,0,0,0
0,126677,126677,kworker/0:1,3619,3619,3622,120,1,3,3,332709,196655,63532,2989,68160,198028,0,1,61772,134882,2,0,7507,930,4,0,49,26,0,0,0,0
0,126677,126677,kworker/0:1,3619,3619,3622,120,1,3,3,332697,196655,63460,2989,68160,198088,0,1,61772,134882,2,0,7507,930,4,0,49,26,0,0,0,0
0,126677,126677,kworker/0:1,3619,3619,3622,120,1,3,3,332661,196655,63424,2989,68160,198088,0,1,61772,134882,2,0,7507,930,4,0,49,26,0,0,0,0
0,126677,126677,kworker/0:1,3619,3619,3622,120,1,3,3,332608,196655,63356,2989,68160,198103,0,1,61772,134882,2,0,7507,930,4,0,49,26,0,0,0,0
0,126677,126677,kworker/0:1,3619,3619,3622,120,1,3,3,332597,196655,63329,2989,68160,198119,0,1,61772,134882,2,0,7507,930,4,0,49,26,0,0,0,0
0,126677,126677,kworker/0:1,3619,3619,3622,120,1,3,3,332545,196655,63262,2989,68160,198134,0,1,61772,134882,2,0,7507,930,4,0,49,26,0,0,0,0
0,126677,126677,kworker/0:1,3619,3619,3622,120,1,3,3,332545,196655,63246,2989,68160,198150,0,1,61772,134882,2,0,7507,930,4,0,49,26,0,0,0,0
0,126677,126677,kworker/0:1,3619,3619,3622,120,1,3,3,332609,196655,62478,2989,68160,198982,0,1,61772,134882,2,0,7507,930,4,0,49,26,0,0,0,0
0,126677,126677,kworker/0:1,3619,3619,3622,120,1,3,3,332502,196655,62083,2989,68160,199270,0,1,61772,134882,2,0,7507,930,4,0,49,26,0,0,0,0
0,126677,126677,kworker/0:1,3619,3619,3622,120,1,3,3,332481,196655,62062,2989,68160,199270,0,1,61772,134882,2,0,7507,930,4,0,49,26,0,0,0,0
0,126677,126677,kworker/0:1,3619,3619,3622,120,1,3,3,332545,196655,62062,2989,68160,199334,0,1,61772,134882,2,0,7507,930,4,0,49,26,0,0,0,0
0,126677,126677,kworker/0:1,3619,3619,3622,120,1,3,3,332583,196655,62062,2989,68160,199372,0,1,61772,134882,2,0,7507,930,4,0,49,26,0,0,0,0
0,126677,126677,kworker/0:1,3619,3619,3622,120,1,3,3,332594,196655,62047,2989,68160,199398,0,1,61772,134882,2,0,7507,930,4,0,49,26,0,0,0,0
0,126677,126677,kworker/0:1,3619,3619,3622,120,1,3,3,332545,196655,61986,2989,68160,199410,0,1,61772,134882,2,0,7507,930,4,0,49,26,0,0,0,0
0,126677,126677,kworker/0:1,3619,3619,3622,120,1,3,3,332599,196655,61967,2989,68160,199483,0,1,61772,134882,2,0,7507,930,4,0,49,26,0,0,0,0
0,126677,126677,kworker/0:1,3619,3619,3622,120,1,3,3,332593,196655,61951,2989,68160,199493,0,1,61772,134882,2,0,7507,930,4,0,49,26,0,0,0,0
0,126677,126677,kworker/0:1,3619,3619,3622,120,1,3,3,332545,196655,61903,2989,68160,199493,0,1,61772,134882,2,0,7507,930,4,0,49,26,0,0,0,0
0,126677,126677,kworker/0:1,3619,3619,3622,120,1,3,3,332567,196655,61861,2989,68160,199557,0,1,61772,134882,2,0,7507,930,4,0,49,26,0,0,0,0
0,126677,126677,kworker/0:1,3619,3619,3622,120,1,3,3,332545,196655,61839,2989,68160,199557,0,1,61772,134882,2,0,7507,930,4,0,49,26,0,0,0,0
0,126677,126677,kworker/0:1,3619,3619,3622,120,1,3,3,332584,196655,61839,2989,68160,199596,0,1,61772,134882,2,0,7507,930,4,0,49,26,0,0,0,0
0,126677,126677,kworker/0:1,3619,3619,3622,120,1,3,3,332515,196655,60977,2989,68160,200389,0,1,61772,134882,2,0,7507,930,4,0,49,26,0,0,0,0
0,126677,126677,kworker/0:1,3619,3619,3622,120,1,3,3,332481,196655,60943,2989,68160,200389,0,1,61772,134882,2,0,7507,930,4,0,49,26,0,0,0,0
0,126677,126677,kworker/0:1,3619,3619,3622,120,1,3,3,332524,196655,60943,2989,68160,200432,0,1,61772,134882,2,0,7507,930,4,0,49,26,0,0,0,0
0,126677,126677,kworker/0:1,3619,3619,3622,120,1,3,3,332505,196655,60903,2989,68160,200453,0,1,61772,134882,2,0,7507,930,4,0,49,26,0,0,0,0
0,126677,126677,kworker/0:1,3619,3619,3622,120,1,3,3,332481,196655,60879,2989,68160,200453,0,1,61772,134882,2,0,7507,930,4,0,49,26,0,0,0,0
0,126677,126677,kworker/0:1,3619,3619,3622,120,1,3,3,332513,196655,60879,2989,68160,200485,0,1,61772,134882,2,0,7507,930,4,0,49,26,0,0,0,0
0,126677,126677,kworker/0:1,3619,3619,3622,120,1,3,3,332513,196655,60847,2989,68160,200517,0,1,61772,134882,2,0,7507,930,4,0,49,26,0,0,0,0
0,126677,126677,kworker/0:1,3619,3619,3622,120,1,3,3,332481,196655,60815,2989,68160,200517,0,1,61772,134882,2,0,7507,930,4,0,49,26,0,0,0,0
0,126677,126677,kworker/0:1,3619,3619,3622,120,1,3,3,332518,196655,60815,2989,68160,200554,0,1,61772,134882,2,0,7507,930,4,0,49,26,0,0,0,0
0,126677,126677,kworker/0:1,3619,3619,3622,120,1,3,3,332528,196655,60798,2989,68160,200581,0,1,61772,134882,2,0,7507,930,4,0,49,26,0,0,0,0
0,126677,126677,kworker/0:1,3619,3619,3622,120,1,3,3,332481,196655,60751,2989,68160,200581,0,1,61772,134882,2,0,7507,930,4,0,49,26,0,0,0,0
0,126677,126677,kworker/0:1,3619,3619,3622,120,1,3,3,332513,196655,60751,2989,68160,200613,0,1,61772,134882,2,0,7507,930,4,0,49,26,0,0,0,0
0,126677,126677,kworker/0:1,3619,3619,3622,120,1,3,3,332531,196655,60737,2989,68160,200645,0,1,61772,134882,2,0,7507,930,4,0,49,26,0,0,0,0
0,126677,126677,kworker/0:1,3619,3619,3622,120,1,3,3,332417,196655,59857,2989,68160,201411,0,1,61772,134882,2,0,7507,930,4,0,49,26,0,0,0,0
0,126677,126677,kworker/0:1,3619,3619,3622,120,1,3,3,332545,196655,59410,2989,68160,201986,0,1,61772,134882,2,0,7507,930,4,0,49,26,0,0,0,0
0,126677,126677,kworker/0:1,3619,3619,3622,120,1,3,3,332594,196655,59410,2989,68160,202035,0,1,61772,134882,2,0,7507,930,4,0,49,26,0,0,0,0
0,126677,126677,kworker/0:1,3619,3619,3622,120,1,3,3,332590,196655,59391,2989,68160,202050,0,1,61772,134882,2,0,7507,930,4,0,49,26,0,0,0,0
0,126677,126677,kworker/0:1,3619,3619,3622,120,1,3,3,332545,196655,59315,2989,68160,202081,0,1,61772,134882,2,0,7507,930,4,0,49,26,0,0,0,0
0,126677,126677,kworker/0:1,3619,3619,3622,120,1,3,3,332527,196655,59297,2989,68160,202081,0,1,61772,134882,2,0,7507,930,4,0,49,26,0,0,0,0
0,126677,126677,kworker/0:1,3619,3619,3622,120,1,3,3,332481,196655,59251,2989,68160,202081,0,1,61772,134882,2,0,7507,930,4,0,49,26,0,0,0,0
0,126677,126677,kworker/0:1,3619,3619,3622,120,1,3,3,332545,196655,59219,2989,68160,202177,0,1,61772,134882,2,0,7507,930,4,0,49,26,0,0,0,0
0,126677,126677,kworker/0:1,3619,3619,3622,120,1,3,3,332537,196655,59211,2989,68160,202177,0,1,61772,134882,2,0,7507,930,4,0,49,26,0,0,0,0
0,126677,126677,kworker/0:1,3619,3619,3622,120,1,3,3,332481,196655,59155,2989,68160,202177,0,1,61772,134882,2,0,7507,930,4,0,49,26,0,0,0,0
0,126677,126677,kworker/0:1,3619,3619,3622,120,1,3,3,332509,196655,59119,2989,68160,202241,0,1,61772,134882,2,0,7507,930,4,0,49,26,0,0,0,0
0,126677,126677,kworker/0:1,3619,3619,3622,120,1,3,3,332481,196655,59091,2989,68160,202241,0,1,61772,134882,2,0,7507,930,4,0,49,26,0,0,0,0
0,126677,126677,kworker/0:1,3619,3619,3622,120,1,3,3,332516,196655,59091,2989,68160,202276,0,1,61772,134882,2,0,7507,930,4,0,49,26,0,0,0,0
0,126677,126677,kworker/0:1,3619,3619,3622,120,1,3,3,332478,196655,58387,2989,68160,202942,0,1,61772,134882,2,0,7507,930,4,0,49,26,0,0,0,0
0,126677,126677,kworker/0:1,3619,3619,3622,120,1,3,3,332417,196655,58323,2989,68160,202945,0,1,61772,134882,2,0,7507,930,4,0,49,26,0,0,0,0
0,126677,126677,kworker/0:1,3619,3619,3622,120,1,3,3,332454,196655,58323,2989,68160,202982,0,1,61772,134882,2,0,7507,930,4,0,49,26,0,0,0,0
0,126677,126677,kworker/0:1,3619,3619,3622,120,1,3,3,332545,196655,58323,2989,68160,203073,0,1,61772,134882,2,0,7507,930,4,0,49,26,0,0,0,0
0,126677,126677,kworker/0:1,3619,3619,3622,120,1,3,3,332531,196655,58309,2989,68160,203073,0,1,61772,134882,2,0,7507,930,4,0,49,26,0,0,0,0
0,126677,126677,kworker/0:1,3619,3619,3622,120,1,3,3,332481,196655,58244,2989,68160,203088,0,1,61772,134882,2,0,7507,930,4,0,49,26,0,0,0,0
0,126677,126677,kworker/0:1,3619,3619,3622,120,1,3,3,332481,196655,58228,2989,68160,203104,0,1,61772,134882,2,0,7507,930,4,0,49,26,0,0,0,0
0,126677,126677,kworker/0:1,3619,3619,3622,120,1,3,3,332515,196655,58228,2989,68160,203138,0,1,61772,134882,2,0,7507,930,4,0,49,26,0,0,0,0
0,126677,126677,kworker/0:1,3619,3619,3622,120,1,3,3,332532,196655,58215,2989,68160,203168,0,1,61772,134882,2,0,7507,930,4,0,49,26,0,0,0,0
0,126677,126677,kworker/0:1,3619,3619,3622,120,1,3,3,332481,196655,58133,2989,68160,203199,0,1,61772,134882,2,0,7507,930,4,0,49,26,0,0,0,0
0,126677,126677,kworker/0:1,3619,3619,3622,120,1,3,3,332465,196655,58117,2989,68160,203199,0,1,61772,134882,2,0,7507,930,4,0,49,26,0,0,0,0
0,126677,126677,kworker/0:1,3619,3619,3622,120,1,3,3,332417,196655,58069,2989,68160,203199,0,1,61772,134882,2,0,7507,930,4,0,49,26,0,0,0,0
0,126677,126677,kworker/0:1,3619,3619,3622,120,1,3,3,332481,196655,58037,2989,68160,203295,0,1,61772,134882,2,0,7507,930,4,0,49,26,0,0,0,0
0,126677,126677,kworker/0:1,3619,3619,3622,120,1,3,3,332481,196655,57173,2989,68160,204159,0,1,61772,134882,2,0,7507,930,4,0,49,26,0,0,0,0
0,126677,126677,kworker/0:1,3619,3619,3622,120,1,3,3,332481,196655,56853,2989,68160,204479,0,1,61772,134882,2,0,7507,930,4,0,49,26,0,0,0,0
0,126677,126677,kworker/0:1,3619,3619,3622,120,1,3,3,332531,196655,56853,2989,68160,204529,0,1,61772,134882,2,0,7507,930,4,0,49,26,0,0,0,0
0,126677,126677,kworker/0:1,3619,3619,3622,120,1,3,3,332527,196655,56835,2989,68160,204543,0,1,61772,134882,2,0,7507,930,4,0,49,26,0,0,0,0
0,126677,126677,kworker/0:1,3619,3619,3622,120,1,3,3,332481,196655,56789,2989,68160,204543,0,1,61772,134882,2,0,7507,930,4,0,49,26,0,0,0,0
0,126677,126677,kworker/0:1,3619,3619,3622,120,1,3,3,332517,196655,56789,2989,68160,204579,0,1,61772,134882,2,0,7507,930,4,0,49,26,0,0,0,0
0,126677,126677,kworker/0:1,3619,3619,3622,120,1,3,3,332527,196655,56739,2989,68160,204639,0,1,61772,134882,2,0,7507,930,4,0,49,26,0,0,0,0
0,126677,126677,kworker/0:1,3619,3619,3622,120,1,3,3,332481,196655,56693,2989,68160,204639,0,1,61772,134882,2,0,7507,930,4,0,49,26,0,0,0,0
0,126677,126677,kworker/0:1,3619,3619,3622,120,1,3,3,332492,196655,56693,2989,68160,204650,0,1,61772,134882,2,0,7507,930,4,0,49,26,0,0,0,0
0,126677,126677,kworker/0:1,3619,3619,3622,120,1,3,3,332532,196655,56680,2989,68160,204703,0,1,61772,134882,2,0,7507,930,4,0,49,26,0,0,0,0
0,126677,126677,kworker/0:1,3619,3619,3622,120,1,3,3,332481,196655,56599,2989,68160,204733,0,1,61772,134882,2,0,7507,930,4,0,49,26,0,0,0,0
0,126677,126677,kworker/0:1,3619,3619,3622,120,1,3,3,332481,196655,56598,2989,68160,204734,0,1,61772,134882,2,0,7507,930,4,0,49,26,0,0,0,0
0,126677,126677,kworker/0:1,3619,3619,3622,120,1,3,3,332528,196655,56549,2989,68160,204830,0,1,61772,134882,2,0,7507,930,4,0,49,26,0,0,0,0
0,126677,126677,kworker/0:1,3619,3619,3622,120,1,3,3,332545,196655,55798,2989,68160,205598,0,1,61772,134882,2,0,7507,930,4,0,49,26,0,0,0,0
0,126677,126677,kworker/0:1,3619,3619,3622,120,1,3,3,332594,196655,55798,2989,68160,205647,0,1,61772,134882,2,0,7507,930,4,0,49,26,0,0,0,0
0,126677,126677,kworker/0:1,3619,3619,3622,120,1,3,3,332593,196655,55782,2989,68160,205662,0,1,61772,134882,2,0,7507,930,4,0,49,26,0,0,0,0
0,126677,126677,kworker/0:1,3619,3619,3622,120,1,3,3,332545,196655,55734,2989,68160,205662,0,1,61772,134882,2,0,7507,930,4,0,49,26,0,0,0,0
0,126677,126677,kworker/0:1,3619,3619,3622,120,1,3,3,332582,196655,55734,2989,68160,205699,0,1,61772,134882,2,0,7507,930,4,0,49,26,0,0,0,0
0,126677,126677,kworker/0:1,3619,3619,3622,120,1,3,3,332591,196655,55684,2989,68160,205758,0,1,61772,134882,2,0,7507,930,4,0,49,26,0,0,0,0
0,126677,126677,kworker/0:1,3619,3619,3622,120,1,3,3,332545,196655,55638,2989,68160,205758,0,1,61772,134882,2,0,7507,930,4,0,49,26,0,0,0,0
0,126677,126677,kworker/0:1,3619,3619,3622,120,1,3,3,332579,196655,55638,2989,68160,205792,0,1,61772,134882,2,0,7507,930,4,0,49,26,0,0,0,0
0,126677,126677,kworker/0:1,3619,3619,3622,120,1,3,3,332595,196655,55624,2989,68160,205822,0,1,61772,134882,2,0,7507,930,4,0,49,26,0,0,0,0
0,126677,126677,kworker/0:1,3619,3619,3622,120,1,3,3,332544,196655,55558,2989,68160,205837,0,1,61772,134882,2,0,7507,930,4,0,49,26,0,0,0,0
0,126677,126677,kworker/0:1,3619,3619,3622,120,1,3,3,332547,196655,55543,2989,68160,205855,0,1,61772,134882,2,0,7507,930,4,0,49,26,0,0,0,0
0,126677,126677,kworker/0:1,3619,3619,3622,120,1,3,3,332588,196655,55490,2989,68160,205949,0,1,61772,134882,2,0,7507,930,4,0,49,26,0,0,0,0
0,126677,126677,kworker/0:1,3619,3619,3622,120,1,3,3,332545,196655,55447,2989,68160,205949,0,1,61772,134882,2,0,7507,930,4,0,49,26,0,0,0,0
0,126677,126677,kworker/0:1,3619,3619,3622,120,1,3,3,332575,196655,54741,2989,68160,206685,0,1,61772,134882,2,0,7507,930,4,0,49,26,0,0,0,0
0,126677,126677,kworker/0:1,3619,3619,3622,120,1,3,3,332545,196655,54423,2989,68160,206973,0,1,61772,134882,2,0,7507,930,4,0,49,26,0,0,0,0
0,126677,126677,kworker/0:1,3619,3619,3622,120,1,3,3,332483,196655,54359,2989,68160,206975,0,1,61772,134882,2,0,7507,930,4,0,49,26,0,0,0,0
0,126677,126677,kworker/0:1,3619,3619,3622,120,1,3,3,332504,196655,54318,2989,68160,207037,0,1,61772,134882,2,0,7507,930,4,0,49,26,0,0,0,0
0,126677,126677,kworker/0:1,3619,3619,3622,120,1,3,3,332481,196655,54295,2989,68160,207037,0,1,61772,134882,2,0,7507,930,4,0,49,26,0,0,0,0
0,126677,126677,kworker/0:1,3619,3619,3622,120,1,3,3,332520,196655,54295,2989,68160,207076,0,1,61772,134882,2,0,7507,930,4,0,49,26,0,0,0,0
0,126677,126677,kworker/0:1,3619,3619,3622,120,1,3,3,332511,196655,54261,2989,68160,207101,0,1,61772,134882,2,0,7507,930,4,0,49,26,0,0,0,0
0,126677,126677,kworker/0:1,3619,3619,3622,120,1,3,3,332481,196655,54231,2989,68160,207101,0,1,61772,134882,2,0,7507,930,4,0,49,26,0,0,0,0
0,126677,126677,kworker/0:1,3619,3619,3622,120,1,3,3,332520,196655,54231,2989,68160,207140,0,1,61772,134882,2,0,7507,930,4,0,49,26,0,0,0,0
0,126677,126677,kworker/0:1,3619,3619,3622,120,1,3,3,332507,196655,54161,2989,68160,207197,0,1,61772,134882,2,0,7507,930,4,0,49,26,0,0,0,0
0,126677,126677,kworker/0:1,3619,3619,3622,120,1,3,3,332510,196655,54135,2989,68160,207226,0,1,61772,134882,2,0,7507,930,4,0,49,26,0,0,0,0
0,126677,126677,kworker/0:1,3619,3619,3622,120,1,3,3,332530,196655,54120,2989,68160,207261,0,1,61772,134882,2,0,7507,930,4,0,49,26,0,0,0,0
0,126677,126677,kworker/0:1,3619,3619,3622,120,1,3,3,332481,196655,54040,2989,68160,207292,0,1,61772,134882,2,0,7507,930,4,0,49,26,0,0,0,0
0,126677,126677,kworker/0:1,3619,3619,3622,120,1,3,3,332578,196655,53242,2989,68160,208187,0,1,61772,134882,2,0,7507,930,4,0,49,26,0,0,0,0
0,126677,126677,kworker/0:1,3619,3619,3622,120,1,3,3,332587,196655,53220,2989,68160,208218,0,1,61772,134882,2,0,7507,930,4,0,49,26,0,0,0,0
0,126677,126677,kworker/0:1,3619,3619,3622,120,1,3,3,332545,196655,53178,2989,68160,208218,0,1,61772,134882,2,0,7507,930,4,0,49,26,0,0,0,0
0,126677,126677,kworker/0:1,3619,3619,3622,120,1,3,3,332609,196655,53146,2989,68160,208314,0,1,61772,134882,2,0,7507,930,4,0,49,26,0,0,0,0
0,126677,126677,kworker/0:1,3619,3619,3622,120,1,3,3,332592,196655,53129,2989,68160,208314,0,1,61772,134882,2,0,7507,930,4,0,49,26,0,0,0,0
0,126677,126677,kworker/0:1,3619,3619,3622,120,1,3,3,332545,196655,53082,2989,68160,208314,0,1,61772,134882,2,0,7507,930,4,0,49,26,0,0,0,0
0,126677,126677,kworker/0:1,3619,3619,3622,120,1,3,3,332609,196655,53050,2989,68160,208410,0,1,61772,134882,2,0,7507,930,4,0,49,26,0,0,0,0
0,126677,126677,kworker/0:1,3619,3619,3622,120,1,3,3,332597,196655,53038,2989,68160,208410,0,1,61772,134882,2,0,7507,930,4,0,49,26,0,0,0,0
0,126677,126677,kworker/0:1,3619,3619,3622,120,1,3,3,332545,196655,52974,2989,68160,208422,0,1,61772,134882,2,0,7507,930,4,0,49,26,0,0,0,0
0,126677,126677,kworker/0:1,3619,3619,3622,120,1,3,3,332545,196655,52955,2989,68160,208441,0,1,61772,134882,2,0,7507,930,4,0,49,26,0,0,0,0
0,126677,126677,kworker/0:1,3619,3619,3622,120,1,3,3,332579,196655,52955,2989,68160,208475,0,1,61772,134882,2,0,7507,930,4,0,49,26,0,0,0,0
0,126677,126677,kworker/0:1,3619,3619,3622,120,1,3,3,332592,196655,52938,2989,68160,208505,0,1,61772,134882,2,0,7507,930,4,0,49,26,0,0,0,0
0,126677,126677,kworker/0:1,3619,3619,3622,120,1,3,3,332545,196655,52860,2989,68160,208536,0,1,61772,134882,2,0,7507,930,4,0,49,26,0,0,0,0
0,126677,126677,kworker/0:1,3619,3619,3622,120,1,3,3,332545,196655,52188,2989,68160,209208,0,1,61772,134882,2,0,7507,930,4,0,49,26,0,0,0,0
0,126677,126677,kworker/0:1,3619,3619,3622,120,1,3,3,332510,196655,51833,2989,68160,209528,0,1,61772,134882,2,0,7507,930,4,0,49,26,0,0,0,0
0,126677,126677,kworker/0:1,3619,3619,3622,120,1,3,3,332481,196655,51804,2989,68160,209528,0,1,61772,134882,2,0,7507,930,4,0,49,26,0,0,0,0
0,126677,126677,kworker/0:1,3619,3619,3622,120,1,3,3,332525,196655,51784,2989,68160,209592,0,1,61772,134882,2,0,7507,930,4,0,49,26,0,0,0,0
0,126677,126677,kworker/0:1,3619,3619,3622,120,1,3,3,332493,196655,51740,2989,68160,209604,0,1,61772,134882,2,0,7507,930,4,0,49,26,0,0,0,0
0,126677,126677,kworker/0:1,3619,3619,3622,120,1,3,3,332527,196655,51722,2989,68160,209656,0,1,61772,134882,2,0,7507,930,4,0,49,26,0,0,0,0
0,126677,126677,kworker/0:1,3619,3619,3622,120,1,3,3,332481,196655,51676,2989,68160,209656,0,1,61772,134882,2,0,7507,930,4,0,49,26,0,0,0,0
0,126677,126677,kworker/0:1,3619,3619,3622,120,1,3,3,332545,196655,51644,2989,68160,209752,0,1,61772,134882,2,0,7507,930,4,0,49,26,0,0,0,0
0,126677,126677,kworker/0:1,3619,3619,3622,120,1,3,3,332481,196655,51580,2989,68160,209752,0,1,61772,134882,2,0,7507,930,4,0,49,26,0,0,0,0
0,126677,126677,kworker/0:1,3619,3619,3622,120,1,3,3,332519,196655,51580,2989,68160,209790,0,1,61772,134882,2,0,7507,930,4,0,49,26,0,0,0,0
0,126677,126677,kworker/0:1,3619,3619,3622,120,1,3,3,332510,196655,51513,2989,68160,209848,0,1,61772,134882,2,0,7507,930,4,0,49,26,0,0,0,0
0,126677,126677,kworker/0:1,3619,3619,3622,120,1,3,3,332481,196655,51467,2989,68160,209865,0,1,61772,134882,2,0,7507,930,4,0,49,26,0,0,0,0
0,126677,126677,kworker/0:1,3619,3619,3622,120,1,3,3,332481,196655,51453,2989,68160,209879,0,1,61772,134882,2,0,7507,930,4,0,49,26,0,0,0,0
0,126677,126677,kworker/0:1,3619,3619,3622,120,1,3,3,332545,196655,50590,2989,68160,210806,0,1,61772,134882,2,0,7507,930,4,0,49,26,0,0,0,0
0,126677,126677,kworker/0:1,3619,3619,3622,120,1,3,3,332520,196655,50565,2989,68160,210806,0,1,61772,134882,2,0,7507,930,4,0,49,26,0,0,0,0
0,126677,126677,kworker/0:1,3619,3619,3622,120,1,3,3,332481,196655,50526,2989,68160,210806,0,1,61772,134882,2,0,7507,930,4,0,49,26,0,0,0,0
0,126677,126677,kworker/0:1,3619,3619,3622,120,1,3,3,332481,196655,50526,2989,68160,210806,0,1,61772,134882,2,0,7507,930,4,0,49,26,0,0,0,0
0,126677,126677,kworker/0:1,3619,3619,3622,120,1,3,3,332529,196655,50510,2989,68160,210870,0,1,61772,134882,2,0,7507,930,4,0,49,26,0,0,0,0
0,126677,126677,kworker/0:1,3619,3619,3622,120,1,3,3,332481,196655,50462,2989,68160,210870,0,1,61772,134882,2,0,7507,930,4,0,49,26,0,0,0,0
0,126677,126677,kworker/0:1,3619,3619,3622,120,1,3,3,332506,196655,50423,2989,68160,210934,0,1,61772,134882,2,0,7507,930,4,0,49,26,0,0,0,0
0,126677,126677,kworker/0:1,3619,3619,3622,120,1,3,3,332518,196655,50398,2989,68160,210971,0,1,61772,134882,2,0,7507,930,4,0,49,26,0,0,0,0
0,126677,126677,kworker/0:1,3619,3619,3622,120,1,3,3,332527,196655,50348,2989,68160,211030,0,1,61772,134882,2,0,7507,930,4,0,49,26,0,0,0,0
0,126677,126677,kworker/0:1,3619,3619,3622,120,1,3,3,332481,196655,50302,2989,68160,211030,0,1,61772,134882,2,0,7507,930,4,0,49,26,0,0,0,0
0,126677,126677,kworker/0:1,3619,3619,3622,120,1,3,3,332519,196655,50302,2989,68160,211068,0,1,61772,134882,2,0,7507,930,4,0,49,26,0,0,0,0
0,126677,126677,kworker/0:1,3619,3619,3622,120,1,3,3,332526,196655,50251,2989,68160,211126,0,1,61772,134882,2,0,7507,930,4,0,49,26,0,0,0,0
0,126677,126677,kworker/0:1,3619,3619,3622,120,1,3,3,332481,196655,50206,2989,68160,211126,0,1,61772,134882,2,0,7507,930,4,0,49,26,0,0,0,0
0,126677,126677,kworker/0:1,3619,3619,3622,120,1,3,3,332609,196655,49503,2989,68160,211957,0,1,61772,134882,2,0,7507,930,4,0,49,26,0,0,0,0
0,126677,126677,kworker/0:1,3619,3619,3622,120,1,3,3,332609,196655,49183,2989,68160,212277,0,1,61772,134882,2,0,7507,930,4,0,49,26,0,0,0,0
0,126677,126677,kworker/0:1,3619,3619,3622,120,1,3,3,332631,196655,49183,2989,68160,212299,0,1,61772,134882,2,0,7507,930,4,0,49,26,0,0,0,0
0,126677,126677,kworker/0:1,3619,3619,3622,120,1,3,3,332654,196655,49164,2989,68160,212341,0,1,61772,134882,2,0,7507,930,4,0,49,26,0,0,0,0
0,126677,126677,kworker/0:1,3619,3619,3622,120,1,3,3,332609,196655,49119,2989,68160,212341,0,1,61772,134882,2,0,7507,930,4,0,49,26,0,0,0,0
0,126677,126677,kworker/0:1,3619,3619,3622,120,1,3,3,332649,196655,49119,2989,68160,212381,0,1,61772,134882,2,0,7507,930,4,0,49,26,0,0,0,0
0,126677,126677,kworker/0:1,3619,3619,3622,120,1,3,3,332655,196655,49069,2989,68160,212437,0,1,61772,134882,2,0,7507,930,4,0,49,26,0,0,0,0
0,126677,126677,kworker/0:1,3619,3619,3622,120,1,3,3,332609,196655,49023,2989,68160,212437,0,1,61772,134882,2,0,7507,930,4,0,49,26,0,0,0,0
0,126677,126677,kworker/0:1,3619,3619,3622,120,1,3,3,332608,196655,49007,2989,68160,212452,0,1,61772,134882,2,0,7507,930,4,0,49,26,0,0,0,0
0,126677,126677,kworker/0:1,3619,3619,3622,120,1,3,3,332609,196655,48992,2989,68160,212468,0,1,61772,134882,2,0,7507,930,4,0,49,26,0,0,0,0
0,126677,126677,kworker/0:1,3619,3619,3622,120,1,3,3,332644,196655,48992,2989,68160,212503,0,1,61772,134882,2,0,7507,930,4,0,49,26,0,0,0,0
0,126677,126677,kworker/0:1,3619,3619,3622,120,1,3,3,332661,196655,48980,2989,68160,212532,0,1,61772,134882,2,0,7507,930,4,0,49,26,0,0,0,0
0,126677,126677,kworker/0:1,3619,3619,3622,120,1,3,3,332609,196655,48909,2989,68160,212551,0,1,61772,134882,2,0,7507,930,4,0,49,26,0,0,0,0
0,126677,126677,kworker/0:1,3619,3619,3622,120,1,3,3,332545,196655,48098,2989,68160,213298,0,1,61772,134882,2,0,7507,930,4,0,49,26,0,0,0,0
0,126677,126677,kworker/0:1,3619,3619,3622,120,1,3,3,332596,196655,48098,2989,68160,213349,0,1,61772,134882,2,0,7507,930,4,0,49,26,0,0,0,0
0,126677,126677,kworker/0:1,3619,3619,3622,120,1,3,3,332591,196655,48080,2989,68160,213362,0,1,61772,134882,2,0,7507,930,4,0,49,26,0,0,0,0
0,126677,126677,kworker/0:1,3619,3619,3622,120,1,3,3,332545,196655,48034,2989,68160,213362,0,1,61772,134882,2,0,7507,930,4,0,49,26,0,0,0,0
0,126677,126677,kworker/0:1,3619,3619,3622,120,1,3,3,332582,196655,48034,2989,68160,213399,0,1,61772,134882,2,0,7507,930,4,0,49,26,0,0,0,0
0,126677,126677,kworker/0:1,3619,3619,3622,120,1,3,3,332591,196655,47984,2989,68160,213458,0,1,61772,134882,2,0,7507,930,4,0,49,26,0,0,0,0
0,126677,126677,kworker/0:1,3619,3619,3622,120,1,3,3,332545,196655,47938,2989,68160,213458,0,1,61772,134882,2,0,7507,930,4,0,49,26,0,0,0,0
0,126677,126677,kworker/0:1,3619,3619,3622,120,1,3,3,332585,196655,47938,2989,68160,213498,0,1,61772,134882,2,0,7507,930,4,0,49,26,0,0,0,0
0,126677,126677,kworker/0:1,3619,3619,3622,120,1,3,3,332592,196655,47889,2989,68160,213554,0,1,61772,134882,2,0,7507,930,4,0,49,26,0,0,0,0
0,126677,126677,kworker/0:1,3619,3619,3622,120,1,3,3,332545,196655,47842,2989,68160,213554,0,1,61772,134882,2,0,7507,930,4,0,49,26,0,0,0,0
0,126677,126677,kworker/0:1,3619,3619,3622,120,1,3,3,332609,196655,47810,2989,68160,213650,0,1,61772,134882,2,0,7507,930,4,0,49,26,0,0,0,0
0,126677,126677,kworker/0:1,3619,3619,3622,120,1,3,3,332598,196655,47799,2989,68160,213650,0,1,61772,134882,2,0,7507,930,4,0,49,26,0,0,0,0
0,126677,126677,kworker/0:1,3619,3619,3622,120,1,3,3,332545,196655,47731,2989,68160,213665,0,1,61772,134882,2,0,7507,930,4,0,49,26,0,0,0,0
0,126677,126677,kworker/0:1,3619,3619,3622,120,1,3,3,332545,196655,47011,2989,68160,214385,0,1,61772,134882,2,0,7507,930,4,0,49,26,0,0,0,0
0,126677,126677,kworker/0:1,3619,3619,3622,120,1,3,3,332497,196655,46611,2989,68160,214737,0,1,61772,134882,2,0,7507,930,4,0,49,26,0,0,0,0
0,126677,126677,kworker/0:1,3619,3619,3622,120,1,3,3,332481,196655,46595,2989,68160,214737,0,1,61772,134882,2,0,7507,930,4,0,49,26,0,0,0,0
0,126677,126677,kworker/0:1,3619,3619,3622,120,1,3,3,332519,196655,46595,2989,68160,214775,0,1,61772,134882,2,0,7507,930,4,0,49,26,0,0,0,0
0,126677,126677,kworker/0:1,3619,3619,3622,120,1,3,3,332504,196655,46554,2989,68160,214801,0,1,61772,134882,2,0,7507,930,4,0,49,26,0,0,0,0
0,126677,126677,kworker/0:1,3619,3619,3622,120,1,3,3,332480,196655,46514,2989,68160,214817,0,1,61772,134882,2,0,7507,930,4,0,49,26,0,0,0,0
0,126677,126677,kworker/0:1,3619,3619,3622,120,1,3,3,332483,196655,46500,2989,68160,214834,0,1,61772,134882,2,0,7507,930,4,0,49,26,0,0,0,0
0,126677,126677,kworker/0:1,3619,3619,3622,120,1,3,3,332505,196655,46460,2989,68160,214896,0,1,61772,134882,2,0,7507,930,4,0,49,26,0,0,0,0
0,126677,126677,kworker/0:1,3619,3619,3622,120,1,3,3,332481,196655,46436,2989,68160,214896,0,1,61772,134882,2,0,7507,930,4,0,49,26,0,0,0,0
0,126677,126677,kworker/0:1,3619,3619,3622,120,1,3,3,332528,196655,46419,2989,68160,214960,0,1,61772,134882,2,0,7507,930,4,0,49,26,0,0,0,0
0,126677,126677,kworker/0:1,3619,3619,3622,120,1,3,3,332481,196655,46372,2989,68160,214960,0,1,61772,134882,2,0,7507,930,4,0,49,26,0,0,0,0
0,126677,126677,kworker/0:1,3619,3619,3622,120,1,3,3,332519,196655,46372,2989,68160,214998,0,1,61772,134882,2,0,7507,930,4,0,49,26,0,0,0,0
0,126677,126677,kworker/0:1,3619,3619,3622,120,1,3,3,332527,196655,46322,2989,68160,215056,0,1,61772,134882,2,0,7507,930,4,0,49,26,0,0,0,0
0,126677,126677,kworker/0:1,3619,3619,3622,120,1,3,3,332545,196655,45540,2989,68160,215856,0,1,61772,134882,2,0,7507,930,4,0,49,26,0,0,0,0
0,126677,126677,kworker/0:1,3619,3619,3622,120,1,3,3,332481,196655,45476,2989,68160,215856,0,1,61772,134882,2,0,7507,930,4,0,49,26,0,0,0,0
0,126677,126677,kworker/0:1,3619,3619,3622,120,1,3,3,332504,196655,45435,2989,68160,215920,0,1,61772,134882,2,0,7507,930,4,0,49,26,0,0,0,0
0,126677,126677,kworker/0:1,3619,3619,3622,120,1,3,3,332481,196655,45412,2989,68160,215920,0,1,61772,134882,2,0,7507,930,4,0,49,26,0,0,0,0
0,126677,126677,kworker/0:1,3619,3619,3622,120,1,3,3,332518,196655,45412,2989,68160,215957,0,1,61772,134882,2,0,7507,930,4,0,49,26,0,0,0,0
0,126677,126677,kworker/0:1,3619,3619,3622,120,1,3,3,332527,196655,45394,2989,68160,215984,0,1,61772,134882,2,0,7507,930,4,0,49,26,0,0,0,0
0,126677,126677,kworker/0:1,3619,3619,3622,120,1,3,3,332481,196655,45348,2989,68160,215984,0,1,61772,134882,2,0,7507,930,4,0,49,26,0,0,0,0
0,126677,126677,kworker/0:1,3619,3619,3622,120,1,3,3,332513,196655,45348,2989,68160,216016,0,1,61772,134882,2,0,7507,930,4,0,49,26,0,0,0,0
0,126677,126677,kworker/0:1,3619,3619,3622,120,1,3,3,332531,196655,45334,2989,68160,216048,0,1,61772,134882,2,0,7507,930,4,0,49,26,0,0,0,0
0,126677,126677,kworker/0:1,3619,3619,3622,120,1,3,3,332492,196655,45284,2989,68160,216059,0,1,61772,134882,2,0,7507,930,4,0,49,26,0,0,0,0
0,126677,126677,kworker/0:1,3619,3619,3622,120,1,3,3,332527,196655,45266,2989,68160,216112,0,1,61772,134882,2,0,7507,930,4,0,49,26,0,0,0,0
0,126677,126677,kworker/0:1,3619,3619,3622,120,1,3,3,332481,196655,45204,2989,68160,216128,0,1,61772,134882,2,0,7507,930,4,0,49,26,0,0,0,0
0,126677,126677,kworker/0:1,3619,3619,3622,120,1,3,3,332481,196655,45189,2989,68160,216143,0,1,61772,134882,2,0,7507,930,4,0,49,26,0,0,0,0
0,126677,126677,kworker/0:1,3619,3619,3622,120,1,3,3,332475,196655,44229,2989,68160,217097,0,1,61772,134882,2,0,7507,930,4,0,49,26,0,0,0,0
0,126677,126677,kworker/0:1,3619,3619,3622,120,1,3,3,332481,196655,43973,2989,68160,217359,0,1,61772,134882,2,0,7507,930,4,0,49,26,0,0,0,0
0,126677,126677,kworker/0:1,3619,3619,3622,120,1,3,3,332531,196655,43973,2989,68160,217409,0,1,61772,134882,2,0,7507,930,4,0,49,26,0,0,0,0
0,126677,126677,kworker/0:1,3619,3619,3622,120,1,3,3,332527,196655,43923,2989,68160,217455,0,1,61772,134882,2,0,7507,930,4,0,49,26,0,0,0,0
0,126677,126677,kworker/0:1,3619,3619,3622,120,1,3,3,332481,196655,43877,2989,68160,217455,0,1,61772,134882,2,0,7507,930,4,0,49,26,0,0,0,0
0,126677,126677,kworker/0:1,3619,3619,3622,120,1,3,3,332519,196655,43877,2989,68160,217493,0,1,61772,134882,2,0,7507,930,4,0,49,26,0,0,0,0
0,126677,126677,kworker/0:1,3619,3619,3622,120,1,3,3,332528,196655,43828,2989,68160,217551,0,1,61772,134882,2,0,7507,930,4,0,49,26,0,0,0,0
0,126677,126677,kworker/0:1,3619,3619,3622,120,1,3,3,332481,196655,43781,2989,68160,217551,0,1,61772,134882,2,0,7507,930,4,0,49,26,0,0,0,0
0,126677,126677,kworker/0:1,3619,3619,3622,120,1,3,3,332513,196655,43781,2989,68160,217583,0,1,61772,134882,2,0,7507,930,4,0,49,26,0,0,0,0
0,126677,126677,kworker/0:1,3619,3619,3622,120,1,3,3,332530,196655,43766,2989,68160,217615,0,1,61772,134882,2,0,7507,930,4,0,49,26,0,0,0,0
0,126677,126677,kworker/0:1,3619,3619,3622,120,1,3,3,332481,196655,43686,2989,68160,217646,0,1,61772,134882,2,0,7507,930,4,0,49,26,0,0,0,0
0,126677,126677,kworker/0:1,3619,3619,3622,120,1,3,3,332481,196655,43686,2989,68160,217646,0,1,61772,134882,2,0,7507,930,4,0,49,26,0,0,0,0
0,126677,126677,kworker/0:1,3619,3619,3622,120,1,3,3,332516,196655,43686,2989,68160,217681,0,1,61772,134882,2,0,7507,930,4,0,49,26,0,0,0,0
0,126677,126677,kworker/0:1,3619,3619,3622,120,1,3,3,332574,196655,42947,2989,68160,218478,0,1,61772,134882,2,0,7507,930,4,0,49,26,0,0,0,0
0,126677,126677,kworker/0:1,3619,3619,3622,120,1,3,3,332545,196655,42918,2989,68160,218478,0,1,61772,134882,2,0,7507,930,4,0,49,26,0,0,0,0
0,126677,126677,kworker/0:1,3619,3619,3622,120,1,3,3,332580,196655,42918,2989,68160,218513,0,1,61772,134882,2,0,7507,930,4,0,49,26,0,0,0,0
0,126677,126677,kworker/0:1,3619,3619,3622,120,1,3,3,332568,196655,42877,2989,68160,218542,0,1,61772,134882,2,0,7507,930,4,0,49,26,0,0,0,0
0,126677,126677,kworker/0:1,3619,3619,3622,120,1,3,3,332586,196655,42854,2989,68160,218583,0,1,61772,134882,2,0,7507,930,4,0,49,26,0,0,0,0
0,126677,126677,kworker/0:1,3619,3619,3622,120,1,3,3,332591,196655,42836,2989,68160,218606,0,1,61772,134882,2,0,7507,930,4,0,49,26,0,0,0,0
0,126677,126677,kworker/0:1,3619,3619,3622,120,1,3,3,332545,196655,42790,2989,68160,218606,0,1,61772,134882,2,0,7507,930,4,0,49,26,0,0,0,0
0,126677,126677,kworker/0:1,3619,3619,3622,120,1,3,3,332585,196655,42790,2989,68160,218646,0,1,61772,134882,2,0,7507,930,4,0,49,26,0,0,0,0
0,126677,126677,kworker/0:1,3619,3619,3622,120,1,3,3,332591,196655,42740,2989,68160,218702,0,1,61772,134882,2,0,7507,930,4,0,49,26,0,0,0,0
0,126677,126677,kworker/0:1,3619,3619,3622,120,1,3,3,332545,196655,42694,2989,68160,218702,0,1,61772,134882,2,0,7507,930,4,0,49,26,0,0,0,0
0,126677,126677,kworker/0:1,3619,3619,3622,120,1,3,3,332609,196655,42662,2989,68160,218798,0,1,61772,134882,2,0,7507,930,4,0,49,26,0,0,0,0
0,126677,126677,kworker/0:1,3619,3619,3622,120,1,3,3,332608,196655,42647,2989,68160,218812,0,1,61772,134882,2,0,7507,930,4,0,49,26,0,0,0,0
0,126677,126677,kworker/0:1,3619,3619,3622,120,1,3,3,332642,196655,42631,2989,68160,218862,0,1,61772,134882,2,0,7507,930,4,0,49,26,0,0,0,0
0,126677,126677,kworker/0:1,3619,3619,3622,120,1,3,3,332503,196655,41982,2989,68160,219372,0,1,61772,134882,2,0,7507,930,4,0,49,26,0,0,0,0
0,126677,126677,kworker/0:1,3619,3619,3622,120,1,3,3,332481,196655,41640,2989,68160,219692,0,1,61772,134882,2,0,7507,930,4,0,49,26,0,0,0,0
0,126677,126677,kworker/0:1,3619,3619,3622,120,1,3,3,332530,196655,41640,2989,68160,219741,0,1,61772,134882,2,0,7507,930,4,0,49,26,0,0,0,0
0,126677,126677,kworker/0:1,3619,3619,3622,120,1,3,3,332527,196655,41622,2989,68160,219756,0,1,61772,134882,2,0,7507,930,4,0,49,26,0,0,0,0
0,126677,126677,kworker/0:1,3619,3619,3622,120,1,3,3,332481,196655,41576,2989,68160,219756,0,1,61772,134882,2,0,7507,930,4,0,49,26,0,0,0,0
0,126677,126677,kworker/0:1,3619,3619,3622,120,1,3,3,332526,196655,41525,2989,68160,219852,0,1,61772,134882,2,0,7507,930,4,0,49,26,0,0,0,0
0,126677,126677,kworker/0:1,3619,3619,3622,120,1,3,3,332481,196655,41480,2989,68160,219852,0,1,61772,134882,2,0,7507,930,4,0,49,26,0,0,0,0
0,126677,126677,kworker/0:1,3619,3619,3622,120,1,3,3,332545,196655,41448,2989,68160,219948,0,1,61772,134882,2,0,7507,930,4,0,49,26,0,0,0,0
0,126677,126677,kworker/0:1,3619,3619,3622,120,1,3,3,332545,196655,41448,2989,68160,219948,0,1,61772,134882,2,0,7507,930,4,0,49,26,0,0,0,0
0,126677,126677,kworker/0:1,3619,3619,3622,120,1,3,3,332546,196655,41417,2989,68160,219980,0,1,61772,134882,2,0,7507,930,4,0,49,26,0,0,0,0
0,126677,126677,kworker/0:1,3619,3619,3622,120,1,3,3,332575,196655,41383,2989,68160,220043,0,1,61772,134882,2,0,7507,930,4,0,49,26,0,0,0,0
0,126677,126677,kworker/0:1,3619,3619,3622,120,1,3,3,332545,196655,41353,2989,68160,220043,0,1,61772,134882,2,0,7507,930,4,0,49,26,0,0,0,0
0,126677,126677,kworker/0:1,3619,3619,3622,120,1,3,3,332581,196655,41353,2989,68160,220079,0,1,61772,134882,2,0,7507,930,4,0,49,26,0,0,0,0
0,126677,126677,kworker/0:1,3619,3619,3622,120,1,3,3,332481,196655,40521,2989,68160,220811,0,1,61772,134882,2,0,7507,930,4,0,49,26,0,0,0,0
0,126677,126677,kworker/0:1,3619,3619,3622,120,1,3,3,332529,196655,40521,2989,68160,220859,0,1,61772,134882,2,0,7507,930,4,0,49,26,0,0,0,0
0,126677,126677,kworker/0:1,3619,3619,3622,120,1,3,3,332526,196655,40502,2989,68160,220875,0,1,61772,134882,2,0,7507,930,4,0,49,26,0,0,0,0
0,126677,126677,kworker/0:1,3619,3619,3622,120,1,3,3,332481,196655,40457,2989,68160,220875,0,1,61772,134882,2,0,7507,930,4,0,49,26,0,0,0,0
0,126677,126677,kworker/0:1,3619,3619,3622,120,1,3,3,332526,196655,40406,2989,68160,220971,0,1,61772,134882,2,0,7507,930,4,0,49,26,0,0,0,0
0,126677,126677,kworker/0:1,3619,3619,3622,120,1,3,3,332481,196655,40361,2989,68160,220971,0,1,61772,134882,2,0,7507,930,4,0,49,26,0,0,0,0
0,126677,126677,kworker/0:1,3619,3619,3622,120,1,3,3,332545,196655,40329,2989,68160,221067,0,1,61772,134882,2,0,7507,930,4,0,49,26,0,0,0,0
0,126677,126677,kworker/0:1,3619,3619,3622,120,1,3,3,332545,196655,40329,2989,68160,221067,0,1,61772,134882,2,0,7507,930,4,0,49,26,0,0,0,0
0,126677,126677,kworker/0:1,3619,3619,3622,120,1,3,3,332594,196655,40314,2989,68160,221131,0,1,61772,134882,2,0,7507,930,4,0,49,26,0,0,0,0
0,126677,126677,kworker/0:1,3619,3619,3622,120,1,3,3,332545,196655,40234,2989,68160,221162,0,1,61772,134882,2,0,7507,930,4,0,49,26,0,0,0,0
0,126677,126677,kworker/0:1,3619,3619,3622,120,1,3,3,332567,196655,40234,2989,68160,221184,0,1,61772,134882,2,0,7507,930,4,0,49,26,0,0,0,0
0,126677,126677,kworker/0:1,3619,3619,3622,120,1,3,3,332592,196655,40217,2989,68160,221226,0,1,61772,134882,2,0,7507,930,4,0,49,26,0,0,0,0
0,126677,126677,kworker/0:1,3619,3619,3622,120,1,3,3,332545,196655,40139,2989,68160,221257,0,1,61772,134882,2,0,7507,930,4,0,49,26,0,0,0,0
0,126677,126677,kworker/0:1,3619,3619,3622,120,1,3,3,332542,196655,39275,2989,68160,222118,0,1,61772,134882,2,0,7507,930,4,0,49,26,0,0,0,0
0,126677,126677,kworker/0:1,3619,3619,3622,120,1,3,3,332491,196655,39221,2989,68160,222121,0,1,61772,134882,2,0,7507,930,4,0,49,26,0,0,0,0
0,126677,126677,kworker/0:1,3619,3619,3622,120,1,3,3,332491,196655,39211,2989,68160,222131,0,1,61772,134882,2,0,7507,930,4,0,49,26,0,0,0,0
0,126677,126677,kworker/0:1,3619,3619,3622,120,1,3,3,332499,196655,39165,2989,68160,222185,0,1,61772,134882,2,0,7507,930,4,0,49,26,0,0,0,0
0,126677,126677,kworker/0:1,3619,3619,3622,120,1,3,3,332481,196655,39147,2989,68160,222185,0,1,61772,134882,2,0,7507,930,4,0,49,26,0,0,0,0
0,126677,126677,kworker/0:1,3619,3619,3622,120,1,3,3,332515,196655,39147,2989,68160,222219,0,1,61772,134882,2,0,7507,930,4,0,49,26,0,0,0,0
0,126677,126677,kworker/0:1,3619,3619,3622,120,1,3,3,332481,196655,39083,2989,68160,222249,0,1,61772,134882,2,0,7507,930,4,0,49,26,0,0,0,0
0,126677,126677,kworker/0:1,3619,3619,3622,120,1,3,3,332481,196655,39066,2989,68160,222266,0,1,61772,134882,2,0,7507,930,4,0,49,26,0,0,0,0
0,126677,126677,kworker/0:1,3619,3619,3622,120,1,3,3,332481,196655,39052,2989,68160,222280,0,1,61772,134882,2,0,7507,930,4,0,49,26,0,0,0,0
0,126677,126677,kworker/0:1,3619,3619,3622,120,1,3,3,332504,196655,39011,2989,68160,222344,0,1,61772,134882,2,0,7507,930,4,0,49,26,0,0,0,0
0,126677,126677,kworker/0:1,3619,3619,3622,120,1,3,3,332481,196655,38988,2989,68160,222344,0,1,61772,134882,2,0,7507,930,4,0,49,26,0,0,0,0
0,126677,126677,kworker/0:1,3619,3619,3622,120,1,3,3,332519,196655,38988,2989,68160,222382,0,1,61772,134882,2,0,7507,930,4,0,49,26,0,0,0,0
0,126677,126677,kworker/0:1,3619,3619,3622,120,1,3,3,332494,196655,38905,2989,68160,222440,0,1,61772,134882,2,0,7507,930,4,0,49,26,0,0,0,0
0,126677,126677,kworker/0:1,3619,3619,3622,120,1,3,3,332540,196655,38188,2989,68160,223203,0,1,61772,134882,2,0,7507,930,4,0,49,26,0,0,0,0
0,126677,126677,kworker/0:1,3619,3619,3622,120,1,3,3,332518,196655,38161,2989,68160,223208,0,1,61772,134882,2,0,7507,930,4,0,49,26,0,0,0,0
0,126677,126677,kworker/0:1,3619,3619,3622,120,1,3,3,332481,196655,38124,2989,68160,223208,0,1,61772,134882,2,0,7507,930,4,0,49,26,0,0,0,0
0,126677,126677,kworker/0:1,3619,3619,3622,120,1,3,3,332545,196655,38092,2989,68160,223304,0,1,61772,134882,2,0,7507,930,4,0,49,26,0,0,0,0
0,126677,126677,kworker/0:1,3619,3619,3622,120,1,3,3,332545,196655,38077,2989,68160,223319,0,1,61772,134882,2,0,7507,930,4,0,49,26,0,0,0,0
0,126677,126677,kworker/0:1,3619,3619,3622,120,1,3,3,332581,196655,38061,2989,68160,223371,0,1,61772,134882,2,0,7507,930,4,0,49,26,0,0,0,0
0,126677,126677,kworker/0:1,3619,3619,3622,120,1,3,3,332577,196655,38029,2989,68160,223399,0,1,61772,134882,2,0,7507,930,4,0,49,26,0,0,0,0
0,126677,126677,kworker/0:1,3619,3619,3622,120,1,3,3,332544,196655,37977,2989,68160,223418,0,1,61772,134882,2,0,7507,930,4,0,49,26,0,0,0,0
0,126677,126677,kworker/0:1,3619,3619,3622,120,1,3,3,332545,196655,37966,2989,68160,223430,0,1,61772,134882,2,0,7507,930,4,0,49,26,0,0,0,0
0,126677,126677,kworker/0:1,3619,3619,3622,120,1,3,3,332591,196655,37948,2989,68160,223494,0,1,61772,134882,2,0,7507,930,4,0,49,26,0,0,0,0
0,126677,126677,kworker/0:1,3619,3619,3622,120,1,3,3,332523,196655,37880,2989,68160,223494,0,1,61772,134882,2,0,7507,930,4,0,49,26,0,0,0,0
0,126677,126677,kworker/0:1,3619,3619,3622,120,1,3,3,332491,196655,37838,2989,68160,223504,0,1,61772,134882,2,0,7507,930,4,0,49,26,0,0,0,0
0,126677,126677,kworker/0:1,3619,3619,3622,120,1,3,3,332507,196655,37800,2989,68160,223558,0,1,61772,134882,2,0,7507,930,4,0,49,26,0,0,0,0
0,126677,126677,kworker/0:1,3619,3619,3622,120,1,3,3,332480,196655,37103,2989,68160,224228,0,1,61772,134882,2,0,7507,930,4,0,50,26,0,0,0,0
0,126677,126677,kworker/0:1,3619,3619,3622,120,1,3,3,332544,196655,37103,2989,68160,224292,0,1,61772,134882,2,0,7507,930,4,0,50,26,0,0,0,0
0,126677,126677,kworker/0:1,3619,3619,3622,120,1,3,3,332528,196655,37087,2989,68160,224292,0,1,61772,134882,2,0,7507,930,4,0,50,26,0,0,0,0
0,126677,126677,kworker/0:1,3619,3619,3622,120,1,3,3,332480,196655,37039,2989,68160,224292,0,1,61772,134882,2,0,7507,930,4,0,50,26,0,0,0,0
0,126677,126677,kworker/0:1,3619,3619,3622,120,1,3,3,332487,196655,37039,2989,68160,224299,0,1,61772,134882,2,0,7507,930,4,0,50,26,0,0,0,0
0,126677,126677,kworker/0:1,3619,3619,3622,120,1,3,3,332531,196655,37026,2989,68160,224356,0,1,61772,134882,2,0,7507,930,4,0,50,26,0,0,0,0
0,126677,126677,kworker/0:1,3619,3619,3622,120,1,3,3,332480,196655,36944,2989,68160,224387,0,1,61772,134882,2,0,7507,930,4,0,50,26,0,0,0,0
0,126677,126677,kworker/0:1,3619,3619,3622,120,1,3,3,332480,196655,36944,2989,68160,224387,0,1,61772,134882,2,0,7507,930,4,0,50,26,0,0,0,0
0,126677,126677,kworker/0:1,3619,3619,3622,120,1,3,3,332516,196655,36944,2989,68160,224423,0,1,61772,134882,2,0,7507,930,4,0,50,26,0,0,0,0
0,126677,126677,kworker/0:1,3619,3619,3622,120,1,3,3,332528,196655,36928,2989,68160,224451,0,1,61772,134882,2,0,7507,930,4,0,50,26,0,0,0,0
0,126677,126677,kworker/0:1,3619,3619,3622,120,1,3,3,332544,196655,36880,2989,68160,224515,0,1,61772,134882,2,0,7507,930,4,0,50,26,0,0,0,0
0,126677,126677,kworker/0:1,3619,3619,3622,120,1,3,3,332480,196655,36816,2989,68160,224515,0,1,61772,134882,2,0,7507,930,4,0,50,26,0,0,0,0
0,126677,126677,kworker/0:1,3619,3619,3622,120,1,3,3,332517,196655,36816,2989,68160,224552,0,1,61772,134882,2,0,7507,930,4,0,50,26,0,0,0,0
0,126677,126677,kworker/0:1,3619,3619,3622,120,1,3,3,332480,196655,36048,2989,68160,225283,0,1,61772,134882,2,0,7507,930,4,0,50,26,0,0,0,0
0,126677,126677,kworker/0:1,3619,3619,3622,120,1,3,3,332416,196655,35984,2989,68160,225283,0,1,61772,134882,2,0,7507,930,4,0,50,26,0,0,0,0
0,126677,126677,kworker/0:1,3619,3619,3622,120,1,3,3,332453,196655,35984,2989,68160,225320,0,1,61772,134882,2,0,7507,930,4,0,50,26,0,0,0,0
0,126677,126677,kworker/0:1,3619,3619,3622,120,1,3,3,332437,196655,35941,2989,68160,225347,0,1,61772,134882,2,0,7507,930,4,0,50,26,0,0,0,0
0,126677,126677,kworker/0:1,3619,3619,3622,120,1,3,3,332450,196655,35920,2989,68160,225381,0,1,61772,134882,2,0,7507,930,4,0,50,26,0,0,0,0
0,126677,126677,kworker/0:1,3619,3619,3622,120,1,3,3,332465,196655,35905,2989,68160,225411,0,1,61772,134882,2,0,7507,930,4,0,50,26,0,0,0,0
0,126677,126677,kworker/0:1,3619,3619,3622,120,1,3,3,332416,196655,35825,2989,68160,225442,0,1,61772,134882,2,0,7507,930,4,0,50,26,0,0,0,0
0,126677,126677,kworker/0:1,3619,3619,3622,120,1,3,3,332416,196655,35825,2989,68160,225442,0,1,61772,134882,2,0,7507,930,4,0,50,26,0,0,0,0
0,126677,126677,kworker/0:1,3619,3619,3622,120,1,3,3,332416,196655,35810,2989,68160,225457,0,1,61772,134882,2,0,7507,930,4,0,50,26,0,0,0,0
0,126677,126677,kworker/0:1,3619,3619,3622,120,1,3,3,332416,196655,35794,2989,68160,225473,0,1,61772,134882,2,0,7507,930,4,0,50,26,0,0,0,0
0,126677,126677,kworker/0:1,3619,3619,3622,120,1,3,3,332454,196655,35794,2989,68160,225511,0,1,61772,134882,2,0,7507,930,4,0,50,26,0,0,0,0
0,126677,126677,kworker/0:1,3619,3619,3622,120,1,3,3,332480,196655,35794,2989,68160,225537,0,1,61772,134882,2,0,7507,930,4,0,50,26,0,0,0,0
0,126677,126677,kworker/0:1,3619,3619,3622,120,1,3,3,332517,196655,35794,2989,68160,225574,0,1,61772,134882,2,0,7507,930,4,0,50,26,0,0,0,0
0,126677,126677,kworker/0:1,3619,3619,3622,120,1,3,3,332608,196655,35026,2989,68160,226433,0,1,61772,134882,2,0,7507,930,4,0,50,26,0,0,0,0
0,126677,126677,kworker/0:1,3619,3619,3622,120,1,3,3,332579,196655,34997,2989,68160,226433,0,1,61772,134882,2,0,7507,930,4,0,50,26,0,0,0,0
0,126677,126677,kworker/0:1,3619,3619,3622,120,1,3,3,332543,196655,34943,2989,68160,226451,0,1,61772,134882,2,0,7507,930,4,0,50,26,0,0,0,0
0,126677,126677,kworker/0:1,3619,3619,3622,120,1,3,3,332544,196655,34931,2989,68160,226464,0,1,61772,134882,2,0,7507,930,4,0,50,26,0,0,0,0
0,126677,126677,kworker/0:1,3619,3619,3622,120,1,3,3,332544,196655,34913,2989,68160,226482,0,1,61772,134882,2,0,7507,930,4,0,50,26,0,0,0,0
0,126677,126677,kworker/0:1,3619,3619,3622,120,1,3,3,332544,196655,34900,2989,68160,226495,0,1,61772,134882,2,0,7507,930,4,0,50,26,0,0,0,0
0,126677,126677,kworker/0:1,3619,3619,3622,120,1,3,3,332578,196655,34900,2989,68160,226529,0,1,61772,134882,2,0,7507,930,4,0,50,26,0,0,0,0
0,126677,126677,kworker/0:1,3619,3619,3622,120,1,3,3,332576,196655,34868,2989,68160,226559,0,1,61772,134882,2,0,7507,930,4,0,50,26,0,0,0,0
0,126677,126677,kworker/0:1,3619,3619,3622,120,1,3,3,332527,196655,34819,2989,68160,226559,0,1,61772,134882,2,0,7507,930,4,0,50,26,0,0,0,0
0,126677,126677,kworker/0:1,3619,3619,3622,120,1,3,3,332480,196655,34772,2989,68160,226559,0,1,61772,134882,2,0,7507,930,4,0,50,26,0,0,0,0
0,126677,126677,kworker/0:1,3619,3619,3622,120,1,3,3,332544,196655,34740,2989,68160,226655,0,1,61772,134882,2,0,7507,930,4,0,50,26,0,0,0,0
0,126677,126677,kworker/0:1,3619,3619,3622,120,1,3,3,332526,196655,34722,2989,68160,226655,0,1,61772,134882,2,0,7507,930,4,0,50,26,0,0,0,0
0,126677,126677,kworker/0:1,3619,3619,3622,120,1,3,3,332480,196655,34676,2989,68160,226655,0,1,61772,134882,2,0,7507,930,4,0,50,26,0,0,0,0
0,126677,126677,kworker/0:1,3619,3619,3622,120,1,3,3,332479,196655,33895,2989,68160,227435,0,1,61772,134882,2,0,7507,930,4,0,50,26,0,0,0,0
0,126677,126677,kworker/0:1,3619,3619,3622,120,1,3,3,332480,196655,33878,2989,68160,227453,0,1,61772,134882,2,0,7507,930,4,0,50,26,0,0,0,0
0,126677,126677,kworker/0:1,3619,3619,3622,120,1,3,3,332530,196655,33864,2989,68160,227517,0,1,61772,134882,2,0,7507,930,4,0,50,26,0,0,0,0
0,126677,126677,kworker/0:1,3619,3619,3622,120,1,3,3,332544,196655,33814,2989,68160,227581,0,1,61772,134882,2,0,7507,930,4,0,50,26,0,0,0,0
0,126677,126677,kworker/0:1,3619,3619,3622,120,1,3,3,332524,196655,33794,2989,68160,227581,0,1,61772,134882,2,0,7507,930,4,0,50,26,0,0,0,0
0,126677,126677,kworker/0:1,3619,3619,3622,120,1,3,3,332479,196655,33733,2989,68160,227597,0,1,61772,134882,2,0,7507,930,4,0,50,26,0,0,0,0
0,126677,126677,kworker/0:1,3619,3619,3622,120,1,3,3,332480,196655,33719,2989,68160,227612,0,1,61772,134882,2,0,7507,930,4,0,50,26,0,0,0,0
0,126677,126677,kworker/0:1,3619,3619,3622,120,1,3,3,332516,196655,33719,2989,68160,227648,0,1,61772,134882,2,0,7507,930,4,0,50,26,0,0,0,0
0,126677,126677,kworker/0:1,3619,3619,3622,120,1,3,3,332528,196655,33703,2989,68160,227676,0,1,61772,134882,2,0,7507,930,4,0,50,26,0,0,0,0
0,126677,126677,kworker/0:1,3619,3619,3622,120,1,3,3,332480,196655,33655,2989,68160,227676,0,1,61772,134882,2,0,7507,930,4,0,50,26,0,0,0,0
0,126677,126677,kworker/0:1,3619,3619,3622,120,1,3,3,332518,196655,33655,2989,68160,227714,0,1,61772,134882,2,0,7507,930,4,0,50,26,0,0,0,0
0,126677,126677,kworker/0:1,3619,3619,3622,120,1,3,3,332525,196655,33604,2989,68160,227772,0,1,61772,134882,2,0,7507,930,4,0,50,26,0,0,0,0
0,126677,126677,kworker/0:1,3619,3619,3622,120,1,3,3,332480,196655,33559,2989,68160,227772,0,1,61772,134882,2,0,7507,930,4,0,50,26,0,0,0,0
0,126677,126677,kworker/0:1,3619,3619,3622,120,1,3,3,332544,196655,32855,2989,68160,228540,0,1,61772,134882,2,0,7507,930,4,0,50,26,0,0,0,0
0,126677,126677,kworker/0:1,3619,3619,3622,120,1,3,3,332584,196655,32831,2989,68160,228604,0,1,61772,134882,2,0,7507,930,4,0,50,26,0,0,0,0
0,126677,126677,kworker/0:1,3619,3619,3622,120,1,3,3,332544,196655,32773,2989,68160,228622,0,1,61772,134882,2,0,7507,930,4,0,50,26,0,0,0,0
0,126677,126677,kworker/0:1,3619,3619,3622,120,1,3,3,332544,196655,32760,2989,68160,228635,0,1,61772,134882,2,0,7507,930,4,0,50,26,0,0,0,0
0,126677,126677,kworker/0:1,3619,3619,3622,120,1,3,3,332578,196655,32760,2989,68160,228669,0,1,61772,134882,2,0,7507,930,4,0,50,26,0,0,0,0
0,126677,126677,kworker/0:1,3619,3619,3622,120,1,3,3,332591,196655,32743,2989,68160,228699,0,1,61772,134882,2,0,7507,930,4,0,50,26,0,0,0,0
0,126677,126677,kworker/0:1,3619,3619,3622,120,1,3,3,332544,196655,32665,2989,68160,228730,0,1,61772,134882,2,0,7507,930,4,0,50,26,0,0,0,0
0,126677,126677,kworker/0:1,3619,3619,3622,120,1,3,3,332544,196655,32665,2989,68160,228730,0,1,61772,134882,2,0,7507,930,4,0,50,26,0,0,0,0
0,126677,126677,kworker/0:1,3619,3619,3622,120,1,3,3,332580,196655,32665,2989,68160,228766,0,1,61772,134882,2,0,7507,930,4,0,50,26,0,0,0,0
0,126677,126677,kworker/0:1,3619,3619,3622,120,1,3,3,332573,196655,32630,2989,68160,228794,0,1,61772,134882,2,0,7507,930,4,0,50,26,0,0,0,0
0,126677,126677,kworker/0:1,3619,3619,3622,120,1,3,3,332544,196655,32601,2989,68160,228794,0,1,61772,134882,2,0,7507,930,4,0,50,26,0,0,0,0
0,126677,126677,kworker/0:1,3619,3619,3622,120,1,3,3,332579,196655,32601,2989,68160,228829,0,1,61772,134882,2,0,7507,930,4,0,50,26,0,0,0,0
0,126677,126677,kworker/0:1,3619,3619,3622,120,1,3,3,332591,196655,32552,2989,68160,228890,0,1,61772,134882,2,0,7507,930,4,0,50,26,0,0,0,0
0,126677,126677,kworker/0:1,3619,3619,3622,120,1,3,3,332608,196655,31770,2989,68160,229689,0,1,61772,134882,2,0,7507,930,4,0,50,26,0,0,0,0
0,126677,126677,kworker/0:1,3619,3619,3622,120,1,3,3,332544,196655,31706,2989,68160,229689,0,1,61772,134882,2,0,7507,930,4,0,50,26,0,0,0,0
0,126677,126677,kworker/0:1,3619,3619,3622,120,1,3,3,332608,196655,31706,2989,68160,229753,0,1,61772,134882,2,0,7507,930,4,0,50,26,0,0,0,0
0,126677,126677,kworker/0:1,3619,3619,3622,120,1,3,3,332588,196655,31686,2989,68160,229753,0,1,61772,134882,2,0,7507,930,4,0,50,26,0,0,0,0
0,126677,126677,kworker/0:1,3619,3619,3622,120,1,3,3,332544,196655,31642,2989,68160,229753,0,1,61772,134882,2,0,7507,930,4,0,50,26,0,0,0,0
0,126677,126677,kworker/0:1,3619,3619,3622,120,1,3,3,332581,196655,31642,2989,68160,229790,0,1,61772,134882,2,0,7507,930,4,0,50,26,0,0,0,0
0,126677,126677,kworker/0:1,3619,3619,3622,120,1,3,3,332571,196655,31573,2989,68160,229849,0,1,61772,134882,2,0,7507,930,4,0,50,26,0,0,0,0
0,126677,126677,kworker/0:1,3619,3619,3622,120,1,3,3,332544,196655,31546,2989,68160,229849,0,1,61772,134882,2,0,7507,930,4,0,50,26,0,0,0,0
0,126677,126677,kworker/0:1,3619,3619,3622,120,1,3,3,332533,196655,31535,2989,68160,229849,0,1,61772,134882,2,0,7507,930,4,0,50,26,0,0,0,0
0,126677,126677,kworker/0:1,3619,3619,3622,120,1,3,3,332480,196655,31482,2989,68160,229849,0,1,61772,134882,2,0,7507,930,4,0,50,26,0,0,0,0
0,126677,126677,kworker/0:1,3619,3619,3622,120,1,3,3,332529,196655,31467,2989,68160,229913,0,1,61772,134882,2,0,7507,930,4,0,50,26,0,0,0,0
0,126677,126677,kworker/0:1,3619,3619,3622,120,1,3,3,332479,196655,31401,2989,68160,229929,0,1,61772,134882,2,0,7507,930,4,0,50,26,0,0,0,0
0,126677,126677,kworker/0:1,3619,3619,3622,120,1,3,3,332480,196655,31387,2989,68160,229944,0,1,61772,134882,2,0,7507,930,4,0,50,26,0,0,0,0
0,126677,126677,kworker/0:1,3619,3619,3622,120,1,3,3,332543,196655,30529,2989,68161,230864,0,1,61772,134882,2,0,7507,930,4,0,52,26,0,0,0,0
0,45,45,kswapd0,3619,3619,3622,120,811,3,3,332571,196655,138294,2989,68160,123128,0,1,61772,134882,2,0,7507,930,4,0,40,26,0,0,22,0
0,263,471,clash-linux-amd,3619,3619,3622,120,472,3,3,332549,196655,91301,2989,68160,170099,0,1,61772,134882,2,0,7507,930,4,0,45,26,0,0,24,0
0,45,45,kswapd0,6,7,9,120,0,3,2,0,0,0,0,0,0,0,0,0,0,0,0,0,1,0,0,0,22,0,0,0,0
0,45,45,kswapd0,0,0,3,120,0,3,3,0,0,0,0,0,0,0,0,0,0,0,0,0,0,0,0,0,0,0,0,0,0
0,45,45,kswapd0,0,0,3,120,0,3,3,0,0,0,0,0,0,0,0,0,0,0,0,0,0,0,0,0,0,0,0,0,0
0,45,45,kswapd0,0,0,3,120,0,3,3,0,0,0,0,0,0,0,0,0,0,0,0,0,0,0,0,0,0,0,0,0,0
0,45,45,kswapd0,0,0,3,120,0,3,3,0,0,0,0,0,0,0,0,0,0,0,0,0,0,0,0,0,0,0,0,0,0
0,263,471,clash-linux-amd,0,0,3,120,0,3,3,0,0,0,0,0,0,0,0,0,0,0,0,0,0,0,0,0,0,0,0,0,0
0,263,471,clash-linux-amd,0,0,3,120,0,3,3,0,0,0,0,0,0,0,0,0,0,0,0,0,0,0,0,0,0,0,0,0,0
0,45,45,kswapd0,130,130,133,120,1,3,3,7,0,2,0,5,0,0,0,0,0,0,0,19,0,0,0,21,0,0,0,2,0
0,45,45,kswapd0,5226,5226,5228,120,1,2,2,1,13,1,0,0,0,13,0,0,0,0,0,2,3,0,0,28,0,0,0,0,0
0,45,45,kswapd0,5,5,7,120,0,2,2,0,0,0,0,0,0,0,0,0,0,0,0,27,0,0,0,2,0,0,0,0,0
0,45,45,kswapd0,6,6,8,120,0,2,2,1,1,1,0,0,0,1,0,0,0,0,0,15,0,0,0,0,12,0,0,0,0
0,263,471,clash-linux-amd,5253,5253,5256,120,1,3,3,142,335,19,97,13,13,37,89,209,0,0,14,1,237,0,0,0,51,0,4,0,24
0,45,45,kswapd0,3620,3620,3623,120,20,3,3,332607,196655,2926,68159,261431,91,0,61771,134882,2,1,0,3813,477,0,0,0,0,0,0,1,0
0,127383,127383,sh,3619,3619,3622,120,198,3,3,332648,196655,138917,2989,68160,122582,0,1,61772,134882,2,0,7507,930,4,0,40,26,0,0,17,0
0,45,45,kswapd0,5,5,7,120,0,2,2,0,0,0,0,0,0,0,0,0,0,0,0,27,0,0,0,2,0,0,0,0,0
0,45,45,kswapd0,6,6,8,120,0,2,2,1,1,1,0,0,0,1,0,0,0,0,0,15,0,0,0,0,12,0,0,0,0
0,45,45,kswapd0,0,0,3,120,0,3,3,0,0,0,0,0,0,0,0,0,0,0,0,0,0,0,0,0,0,0,0,0,0
0,45,45,kswapd0,36,36,38,120,0,2,2,0,0,0,0,0,0,0,0,0,0,0,0,9,4,0,0,2,0,0,0,0,0
0,45,45,kswapd0,0,0,3,120,0,3,3,0,0,0,0,0,0,0,0,0,0,0,0,0,0,0,0,0,0,0,0,0,0
0,45,45,kswapd0,0,0,3,120,0,3,3,0,0,0,0,0,0,0,0,0,0,0,0,0,0,0,0,0,0,0,0,0,0
0,45,45,kswapd0,108,108,110,120,1,2,2,36,0,25,11,0,0,0,0,0,0,0,0,1,0,0,0,0,0,0,0,0,0
0,45,45,kswapd0,150,150,152,120,1,2,2,27,5,27,0,0,0,0,0,0,5,0,0,159,4,0,0,0,30,0,0,6,0
0,45,45,kswapd0,0,0,3,120,0,3,3,0,0,0,0,0,0,0,0,0,0,0,0,0,0,0,0,0,0,0,0,0,0
0,45,45,kswapd0,0,0,3,120,0,3,3,0,0,0,0,0,0,0,0,0,0,0,0,0,0,0,0,0,0,0,0,0,0
0,127383,127383,sh,3962,3962,3964,120,1,2,2,92,263,46,38,0,8,98,18,0,147,0,0,11,42,0,0,0,145,0,43,0,21
0,45,45,kswapd0,3995,3995,3998,120,3,3,3,52,64,0,46,6,0,1,13,50,0,0,0,0,11,0,1,0,14,0,0,5,0
0,45,45,kswapd0,1131,1131,1134,120,4,3,3,200,289,1,80,119,0,9,262,18,0,0,0,8,112,0,0,5,0,0,0,1,133
0,45,45,kswapd0,0,0,3,120,0,3,3,0,0,0,0,0,0,0,0,0,0,0,0,0,0,0,0,0,0,0,0,0,0
0,45,45,kswapd0,0,0,3,120,0,3,3,0,0,0,0,0,0,0,0,0,0,0,0,0,0,0,0,0,0,0,0,0,0
0,45,45,kswapd0,0,0,3,120,0,3,3,0,0,0,0,0,0,0,0,0,0,0,0,0,0,0,0,0,0,0,0,0,0
0,45,45,kswapd0,0,0,3,120,0,3,3,0,0,0,0,0,0,0,0,0,0,0,0,0,0,0,0,0,0,0,0,0,0
0,45,45,kswapd0,239,239,241,120,1,2,2,11,1,6,5,0,0,0,1,0,0,0,0,5,14,0,0,14,0,0,0,3,0
0,45,45,kswapd0,0,0,3,120,0,3,3,0,0,0,0,0,0,0,0,0,0,0,0,0,0,0,0,0,0,0,0,0,0
0,45,45,kswapd0,132,132,134,120,1,2,2,2,42,0,2,0,0,29,13,0,0,0,0,0,5,0,0,0,0,0,0,0,0
0,126930,126930,mglru_monitor,3619,3619,3622,120,104,3,3,332552,196655,104485,2989,68160,156918,0,1,61772,134882,2,0,7507,930,4,0,42,26,0,0,1,0
0,126930,126930,mglru_monitor,109,109,110,120,0,1,1,36,0,11,0,0,25,0,0,0,0,0,0,0,0,0,0,0,0,0,0,0,0
0,126930,126930,mglru_monitor,151,151,152,120,0,1,1,21,5,2,0,0,19,0,0,0,5,0,0,79,17,0,0,6,0,0,0,0,0
0,45,45,kswapd0,1496,1496,1498,120,1,2,2,11,169,4,7,0,0,141,0,0,28,0,0,14,139,0,0,1,120,0,0,0,64
0,45,45,kswapd0,10,10,12,120,0,2,2,1,0,1,0,0,0,0,0,0,0,0,0,0,1,0,0,59,0,0,0,0,0
0,45,45,kswapd0,0,0,3,120,0,3,3,0,0,0,0,0,0,0,0,0,0,0,0,0,0,0,0,0,0,0,0,0,0
0,45,45,kswapd0,0,0,3,120,0,3,3,0,0,0,0,0,0,0,0,0,0,0,0,0,0,0,0,0,0,0,0,0,0
0,126930,126930,mglru_monitor,3997,3997,3998,120,0,1,1,47,64,7,0,0,40,51,0,0,13,0,0,0,6,0,0,5,0,0,0,0,0
0,45,45,kswapd0,0,0,3,120,0,3,3,0,0,0,0,0,0,0,0,0,0,0,0,0,0,0,0,0,0,0,0,0,0
0,45,45,kswapd0,3962,3962,3964,120,0,2,2,92,266,46,38,0,8,32,18,0,216,0,0,11,42,0,0,0,166,0,43,0,0
0,45,45,kswapd0,0,0,3,120,0,3,3,0,0,0,0,0,0,0,0,0,0,0,0,0,0,0,0,0,0,0,0,0,0
0,45,45,kswapd0,0,0,3,120,0,3,3,0,0,0,0,0,0,0,0,0,0,0,0,0,0,0,0,0,0,0,0,0,0
0,45,45,kswapd0,6,7,9,120,0,3,2,0,0,0,0,0,0,0,0,0,0,0,0,0,1,0,0,0,22,0,0,0,0
0,45,45,kswapd0,0,0,3,120,0,3,3,0,0,0,0,0,0,0,0,0,0,0,0,0,0,0,0,0,0,0,0,0,0
0,45,45,kswapd0,0,0,3,120,0,3,3,0,0,0,0,0,0,0,0,0,0,0,0,0,0,0,0,0,0,0,0,0,0
0,394,394,sshd-session,3619,3619,3622,120,116,3,3,332527,196655,149797,2989,68160,111581,0,1,61772,134882,2,0,7507,930,4,0,39,26,0,0,4,0
0,45,45,kswapd0,5253,5253,5256,120,1,3,3,150,327,19,97,13,21,0,90,191,46,0,14,1,237,0,0,0,75,0,20,1,0
0,126930,126930,mglru_monitor,1132,1132,1134,120,1,2,2,199,156,80,119,0,0,135,18,0,3,0,0,6,58,0,0,1,128,0,0,0,64
0,45,45,kswapd0,1095,1095,1097,120,1,2,2,12,28,3,9,0,0,28,0,0,0,0,0,13,59,0,0,0,64,0,0,0,3
0,45,45,kswapd0,14,14,16,120,0,2,2,0,0,0,0,0,0,0,0,0,0,0,0,96,0,0,0,3,0,0,0,0,0
0,45,45,kswapd0,0,0,3,120,0,3,3,0,0,0,0,0,0,0,0,0,0,0,0,0,0,0,0,0,0,0,0,0,0
0,45,45,kswapd0,10,10,12,120,0,2,2,1,0,1,0,0,0,0,0,0,0,0,0,0,1,0,0,59,0,0,0,0,0
0,45,45,kswapd0,1132,1132,1134,120,3,2,2,199,92,80,119,0,0,71,18,0,3,0,0,6,58,0,0,1,192,0,0,24,70
0,45,45,kswapd0,240,240,241,120,0,1,1,8,1,6,0,0,2,1,0,0,0,0,0,9,7,0,0,3,0,0,0,0,0
0,45,45,kswapd0,133,133,134,120,0,1,1,2,42,2,0,0,0,42,0,0,0,0,0,0,16,0,0,0,0,0,0,0,0
0,45,45,kswapd0,1496,1496,1498,120,1,2,2,11,105,4,7,0,0,77,0,0,28,0,0,14,139,0,0,1,184,0,0,0,63
0,45,45,kswapd0,14,14,16,120,0,2,2,0,0,0,0,0,0,0,0,0,0,0,0,96,0,0,0,3,0,0,0,0,0
0,45,45,kswapd0,1095,1095,1097,120,0,2,2,12,25,3,9,0,0,0,0,0,25,0,0,13,59,0,0,0,67,0,0,0,0
0,45,45,kswapd0,0,0,3,120,0,3,3,0,0,0,0,0,0,0,0,0,0,0,0,0,0,0,0,0,0,0,0,0,0
0,45,45,kswapd0,36,36,38,120,0,2,2,0,0,0,0,0,0,0,0,0,0,0,0,9,4,0,0,2,0,0,0,0,0
0,45,45,kswapd0,0,0,3,120,0,3,3,0,0,0,0,0,0,0,0,0,0,0,0,0,0,0,0,0,0,0,0,0,0
0,45,45,kswapd0,0,0,3,120,0,3,3,0,0,0,0,0,0,0,0,0,0,0,0,0,0,0,0,0,0,0,0,0,0
0,45,45,kswapd0,132,132,133,120,0,1,1,5,0,5,0,0,0,0,0,0,0,0,0,20,0,0,0,2,0,0,0,0,0
0,45,45,kswapd0,5226,5226,5228,120,0,2,2,1,13,1,0,0,0,0,0,0,13,0,0,2,3,0,0,28,0,0,0,0,0
0,45,45,kswapd0,0,0,3,120,0,3,3,0,0,0,0,0,0,0,0,0,0,0,0,0,0,0,0,0,0,0,0,0,0
0,45,45,kswapd0,0,0,3,120,0,3,3,0,0,0,0,0,0,0,0,0,0,0,0,0,0,0,0,0,0,0,0,0,0
0,45,45,kswapd0,0,0,3,120,0,3,3,0,0,0,0,0,0,0,0,0,0,0,0,0,0,0,0,0,0,0,0,0,0
0,45,45,kswapd0,1132,1132,1134,120,0,2,2,175,22,14,120,0,41,0,19,0,3,0,0,6,58,0,0,25,262,0,0,0,0
0,45,45,kswapd0,1496,1496,1498,120,0,2,2,11,42,4,7,0,0,13,0,0,29,0,0,14,139,0,0,1,247,0,0,0,0
0,45,45,kswapd0,0,0,3,120,0,3,3,0,0,0,0,0,0,0,0,0,0,0,0,0,0,0,0,0,0,0,0,0,0
0,45,45,kswapd0,109,109,111,120,1,2,2,36,0,11,25,0,0,0,0,0,0,0,0,0,0,0,0,0,0,0,0,11,0
0,45,45,kswapd0,0,0,3,120,0,3,3,0,0,0,0,0,0,0,0,0,0,0,0,0,0,0,0,0,0,0,0,0,0
0,45,45,kswapd0,6,7,9,120,0,3,2,0,0,0,0,0,0,0,0,0,0,0,0,0,1,0,0,0,22,0,0,0,0
0,45,45,kswapd0,0,0,3,120,0,3,3,0,0,0,0,0,0,0,0,0,0,0,0,0,0,0,0,0,0,0,0,0,0
0,45,45,kswapd0,1132,1132,1135,120,1,3,3,175,22,14,120,41,0,0,19,3,0,0,0,6,58,0,0,25,262,0,0,10,0
0,394,394,sshd-session,5254,5254,5256,120,1,2,2,131,327,97,13,0,21,90,191,0,46,0,17,0,155,0,0,0,0,0,0,0,39
0,45,45,kswapd0,3997,3997,3999,120,1,2,2,47,65,7,40,0,0,52,13,0,0,0,0,0,6,0,0,5,0,0,0,0,11
0,45,45,kswapd0,3962,3962,3965,120,1,3,3,92,266,2,38,52,0,4,15,247,0,0,0,11,42,0,0,0,166,0,43,0,4
0,45,45,kswapd0,14,14,16,120,0,2,2,0,0,0,0,0,0,0,0,0,0,0,0,96,0,0,0,3,0,0,0,0,0
0,45,45,kswapd0,0,0,3,120,0,3,3,0,0,0,0,0,0,0,0,0,0,0,0,0,0,0,0,0,0,0,0,0,0
0,45,45,kswapd0,14,14,16,120,0,2,2,0,0,0,0,0,0,0,0,0,0,0,0,96,0,0,0,3,0,0,0,0,0
0,45,45,kswapd0,0,0,3,120,0,3,3,0,0,0,0,0,0,0,0,0,0,0,0,0,0,0,0,0,0,0,0,0,0
0,45,45,kswapd0,133,133,135,120,1,2,2,2,42,2,0,0,0,42,0,0,0,0,0,0,16,0,0,0,0,0,0,0,4
0,45,45,kswapd0,36,36,38,120,0,2,2,0,0,0,0,0,0,0,0,0,0,0,0,9,4,0,0,2,0,0,0,0,0
0,45,45,kswapd0,1496,1496,1499,120,1,3,3,11,42,4,7,0,0,13,0,29,0,0,0,14,139,0,0,1,247,0,0,0,13
0,45,45,kswapd0,0,0,3,120,0,3,3,0,0,0,0,0,0,0,0,0,0,0,0,0,0,0,0,0,0,0,0,0,0
0,45,45,kswapd0,240,240,242,120,0,2,2,8,1,6,2,0,0,1,0,0,0,0,0,9,7,0,0,3,0,0,0,0,0
0,45,45,kswapd0,0,0,3,120,0,3,3,0,0,0,0,0,0,0,0,0,0,0,0,0,0,0,0,0,0,0,0,0,0
0,45,45,kswapd0,6,6,8,120,0,2,2,1,1,1,0,0,0,1,0,0,0,0,0,15,0,0,0,0,12,0,0,0,0
0,45,45,kswapd0,0,0,3,120,0,3,3,0,0,0,0,0,0,0,0,0,0,0,0,0,0,0,0,0,0,0,0,0,0
0,45,45,kswapd0,1095,1095,1098,120,1,3,3,12,25,3,9,0,0,0,0,25,0,0,0,13,59,0,0,0,67,0,0,3,0
0,45,45,kswapd0,0,0,3,120,0,3,3,0,0,0,0,0,0,0,0,0,0,0,0,0,0,0,0,0,0,0,0,0,0
0,45,45,kswapd0,0,0,3,120,0,3,3,0,0,0,0,0,0,0,0,0,0,0,0,0,0,0,0,0,0,0,0,0,0
0,45,45,kswapd0,132,132,134,120,0,2,2,5,0,5,0,0,0,0,0,0,0,0,0,20,0,0,0,2,0,0,0,0,0
0,45,45,kswapd0,0,0,3,120,0,3,3,0,0,0,0,0,0,0,0,0,0,0,0,0,0,0,0,0,0,0,0,0,0
0,45,45,kswapd0,6,6,8,120,0,2,2,1,1,1,0,0,0,1,0,0,0,0,0,15,0,0,0,0,12,0,0,0,0
0,45,45,kswapd0,0,0,3,120,0,3,3,0,0,0,0,0,0,0,0,0,0,0,0,0,0,0,0,0,0,0,0,0,0
0,45,45,kswapd0,0,0,3,120,0,3,3,0,0,0,0,0,0,0,0,0,0,0,0,0,0,0,0,0,0,0,0,0,0
0,45,45,kswapd0,0,0,3,120,0,3,3,0,0,0,0,0,0,0,0,0,0,0,0,0,0,0,0,0,0,0,0,0,0
0,45,45,kswapd0,110,110,111,120,0,1,1,25,0,25,0,0,0,0,0,0,0,0,0,0,0,0,0,11,0,0,0,0,0
0,45,45,kswapd0,6,7,9,120,0,3,2,0,0,0,0,0,0,0,0,0,0,0,0,0,1,0,0,0,22,0,0,0,0
0,45,45,kswapd0,0,0,3,120,0,3,3,0,0,0,0,0,0,0,0,0,0,0,0,0,0,0,0,0,0,0,0,0,0
0,45,45,kswapd0,0,0,3,120,0,3,3,0,0,0,0,0,0,0,0,0,0,0,0,0,0,0,0,0,0,0,0,0,0
0,45,45,kswapd0,0,0,3,120,0,3,3,0,0,0,0,0,0,0,0,0,0,0,0,0,0,0,0,0,0,0,0,0,0
0,127284,127354,file_anon_mix_p,3619,3619,3622,120,124,3,3,332547,196655,72674,2989,68160,188724,0,1,61772,134882,2,0,7507,930,4,0,47,26,0,0,4,13
0,127284,127354,file_anon_mix_p,0,0,3,120,0,3,3,0,0,0,0,0,0,0,0,0,0,0,0,0,0,0,0,0,0,0,0,0,0
0,127284,127354,file_anon_mix_p,0,0,3,120,0,3,3,0,0,0,0,0,0,0,0,0,0,0,0,0,0,0,0,0,0,0,0,0,0
0,127284,127354,file_anon_mix_p,0,0,3,120,0,3,3,0,0,0,0,0,0,0,0,0,0,0,0,0,0,0,0,0,0,0,0,0,0
0,127284,127354,file_anon_mix_p,6,6,8,120,0,2,2,1,1,1,0,0,0,1,0,0,0,0,0,15,0,0,0,0,12,0,0,0,0
0,127284,127354,file_anon_mix_p,6,7,9,120,0,3,2,0,0,0,0,0,0,0,0,0,0,0,0,0,1,0,0,0,22,0,0,0,0
0,127284,127354,file_anon_mix_p,0,0,3,120,0,3,3,0,0,0,0,0,0,0,0,0,0,0,0,0,0,0,0,0,0,0,0,0,0
0,127284,127354,file_anon_mix_p,0,0,3,120,0,3,3,0,0,0,0,0,0,0,0,0,0,0,0,0,0,0,0,0,0,0,0,0,0
0,127284,127354,file_anon_mix_p,0,0,3,120,0,3,3,0,0,0,0,0,0,0,0,0,0,0,0,0,0,0,0,0,0,0,0,0,0
0,127284,127354,file_anon_mix_p,6,7,9,120,0,3,2,0,0,0,0,0,0,0,0,0,0,0,0,0,1,0,0,0,22,0,0,0,0
0,127284,127354,file_anon_mix_p,0,0,3,120,0,3,3,0,0,0,0,0,0,0,0,0,0,0,0,0,0,0,0,0,0,0,0,0,0
0,45,45,kswapd0,3621,3621,3624,120,5,3,3,332734,196624,68136,261431,3038,129,60554,134882,2,1186,0,0,1906,238,0,0,1,4,0,0,0,0
0,45,45,kswapd0,5254,5254,5257,120,1,3,3,164,314,85,7,57,15,0,131,142,41,0,17,0,155,0,31,1,39,0,0,9,0
0,45,45,kswapd0,0,0,3,120,0,3,3,0,0,0,0,0,0,0,0,0,0,0,0,0,0,0,0,0,0,0,0,0,0
0,45,45,kswapd0,0,0,3,120,0,3,3,0,0,0,0,0,0,0,0,0,0,0,0,0,0,0,0,0,0,0,0,0,0
0,45,45,kswapd0,240,240,242,120,0,2,2,8,1,6,2,0,0,1,0,0,0,0,0,9,7,0,0,3,0,0,0,0,0
0,45,45,kswapd0,132,132,134,120,0,2,2,5,0,5,0,0,0,0,0,0,0,0,0,20,0,0,0,2,0,0,0,0,0
0,45,45,kswapd0,5,5,7,120,0,2,2,0,0,0,0,0,0,0,0,0,0,0,0,27,0,0,0,2,0,0,0,0,0
0,45,45,kswapd0,151,151,153,120,0,2,2,21,5,2,19,0,0,0,5,0,0,0,0,79,17,0,0,6,0,0,0,0,0
0,45,45,kswapd0,0,0,3,120,0,3,3,0,0,0,0,0,0,0,0,0,0,0,0,0,0,0,0,0,0,0,0,0,0
0,45,45,kswapd0,10,10,12,120,0,2,2,1,0,1,0,0,0,0,0,0,0,0,0,0,1,0,0,59,0,0,0,0,0
0,45,45,kswapd0,0,0,3,120,0,3,3,0,0,0,0,0,0,0,0,0,0,0,0,0,0,0,0,0,0,0,0,0,0
0,45,45,kswapd0,5226,5226,5229,120,0,3,3,1,13,1,0,0,0,0,0,13,0,0,0,2,3,0,0,28,0,0,0,0,0
0,45,45,kswapd0,3997,3997,3999,120,0,2,2,50,86,7,40,0,3,0,21,0,65,0,0,0,6,0,1,5,11,2,4,0,0
0,45,45,kswapd0,3962,3962,3965,120,1,3,3,92,262,2,38,52,0,0,15,247,0,0,0,11,42,0,0,0,170,0,43,2,0
0,45,45,kswapd0,0,0,3,120,0,3,3,0,0,0,0,0,0,0,0,0,0,0,0,0,0,0,0,0,0,0,0,0,0
0,45,45,kswapd0,5,5,7,120,0,2,2,0,0,0,0,0,0,0,0,0,0,0,0,27,0,0,0,2,0,0,0,0,0
0,45,45,kswapd0,0,0,3,120,0,3,3,0,0,0,0,0,0,0,0,0,0,0,0,0,0,0,0,0,0,0,0,0,0
0,45,45,kswapd0,133,133,135,120,0,2,2,2,38,2,0,0,0,0,1,0,37,0,0,0,16,0,0,0,4,0,0,0,0
0,45,45,kswapd0,1496,1496,1499,120,1,3,3,11,29,4,7,0,0,0,0,29,0,0,0,14,139,0,0,1,260,0,0,4,0
0,45,45,kswapd0,0,0,3,120,0,3,3,0,0,0,0,0,0,0,0,0,0,0,0,0,0,0,0,0,0,0,0,0,0
0,45,45,kswapd0,0,0,3,120,0,3,3,0,0,0,0,0,0,0,0,0,0,0,0,0,0,0,0,0,0,0,0,0,0
0,45,45,kswapd0,0,0,3,120,0,3,3,0,0,0,0,0,0,0,0,0,0,0,0,0,0,0,0,0,0,0,0,0,0
0,45,45,kswapd0,0,0,3,120,0,3,3,0,0,0,0,0,0,0,0,0,0,0,0,0,0,0,0,0,0,0,0,0,0
0,45,45,kswapd0,0,0,3,120,0,3,3,0,0,0,0,0,0,0,0,0,0,0,0,0,0,0,0,0,0,0,0,0,0
0,45,45,kswapd0,0,0,3,120,0,3,3,0,0,0,0,0,0,0,0,0,0,0,0,0,0,0,0,0,0,0,0,0,0
0,45,45,kswapd0,1097,1097,1098,120,0,1,1,0,25,0,0,0,0,25,0,0,0,0,0,4,31,0,0,0,0,0,0,0,0
0,45,45,kswapd0,0,0,3,120,0,3,3,0,0,0,0,0,0,0,0,0,0,0,0,0,0,0,0,0,0,0,0,0,0
0,45,45,kswapd0,10,10,12,120,0,2,2,1,0,1,0,0,0,0,0,0,0,0,0,0,1,0,0,59,0,0,0,0,0
0,127284,127354,file_anon_mix_p,1096,1096,1098,120,1,2,2,9,25,9,0,0,0,0,25,0,0,0,0,6,63,0,0,3,0,0,0,5,0
0,45,45,kswapd0,3621,3621,3624,120,9,3,3,332734,196642,68136,261431,3038,129,60554,134882,2,1204,0,0,1906,238,0,0,1,13,0,0,0,0
0,45,45,kswapd0,5254,5254,5257,120,1,3,3,157,315,51,8,81,17,0,131,142,42,0,17,0,155,1,31,10,39,0,0,31,0
0,45,45,kswapd0,5226,5226,5229,120,0,3,3,1,13,1,0,0,0,0,0,13,0,0,0,2,3,0,0,28,0,0,0,0,0
0,45,45,kswapd0,1133,1133,1135,120,1,2,2,165,22,120,41,0,4,19,3,0,0,0,0,14,159,0,0,10,0,0,0,0,0
0,45,45,kswapd0,36,36,38,120,0,2,2,0,0,0,0,0,0,0,0,0,0,0,0,9,4,0,0,2,0,0,0,0,0
0,127284,127354,file_anon_mix_p,3621,3621,3624,120,9,3,3,332734,196642,68136,261431,3038,129,60554,134882,2,1204,0,0,1906,238,0,0,1,13,0,0,0,0
0,127284,127354,file_anon_mix_p,5255,5255,5257,120,1,2,2,127,315,39,70,0,18,131,142,0,42,0,8,5,112,0,0,31,0,0,0,0,32
0,127284,127354,file_anon_mix_p,1133,1133,1135,120,0,2,2,165,22,120,41,0,4,0,4,0,18,0,0,14,159,0,0,10,0,0,0,0,0
0,127284,127354,file_anon_mix_p,3963,3963,3965,120,0,2,2,90,262,38,52,0,0,15,247,0,0,0,21,5,106,0,0,2,0,0,0,0,0
0,127284,127354,file_anon_mix_p,1497,1497,1499,120,0,2,2,7,29,7,0,0,0,0,29,0,0,0,0,7,199,0,0,4,0,0,0,0,0
0,127284,127354,file_anon_mix_p,1133,1133,1135,120,0,2,2,165,22,120,41,0,4,0,4,0,18,0,0,14,159,0,0,10,0,0,0,0,0
0,127284,127354,file_anon_mix_p,1497,1497,1499,120,0,2,2,7,29,7,0,0,0,0,29,0,0,0,0,7,199,0,0,4,0,0,0,0,0
0,394,394,sshd-session,3963,3963,3965,120,0,2,2,90,262,38,52,0,0,15,247,0,0,0,21,5,106,0,0,2,0,0,0,0,0
0,127284,127354,file_anon_mix_p,3621,3621,3624,120,3,3,3,334962,196608,68136,261431,3038,2357,55304,134850,2,6452,0,0,1906,238,0,0,1,13,0,0,0,0
0,127284,127354,file_anon_mix_p,5255,5255,5257,120,0,2,2,128,287,52,58,0,18,24,99,0,164,0,8,5,112,0,0,31,32,0,0,0,0
0,127284,127354,file_anon_mix_p,5255,5255,5257,120,0,2,2,128,287,52,58,0,18,24,99,0,164,0,8,5,112,0,0,31,32,0,0,0,0
0,127284,127354,file_anon_mix_p,3621,3621,3624,120,5,3,3,334962,196514,68136,261431,3038,2357,54954,134850,2,6708,0,0,1906,238,0,0,1,13,0,0,0,0
0,394,394,sshd-session,3621,3621,3624,120,3,3,3,334962,196578,68136,261431,3038,2357,55082,134850,2,6644,0,0,1906,238,0,0,1,13,0,0,0,0
0,127284,127354,file_anon_mix_p,3621,3621,3624,120,9,3,3,334962,196515,68136,261431,3038,2357,54314,134850,2,7349,0,0,1906,238,0,0,1,13,0,0,0,0
0,127384,127384,cat,3621,3621,3624,120,3,3,3,334962,196514,68136,261431,3038,2357,52970,134850,2,8692,0,0,1906,238,0,0,1,13,0,0,0,0
0,127384,127384,cat,3621,3621,3624,120,5,3,3,334962,196553,68136,261431,3038,2357,52202,134850,2,9499,0,0,1906,238,0,0,1,13,0,0,0,0
0,127284,127354,file_anon_mix_p,3621,3621,3624,120,16,3,3,334962,196578,68136,261431,3038,2357,53418,134850,2,8308,0,0,1906,238,0,0,1,13,0,0,0,0
0,394,394,sshd-session,3621,3621,3624,120,5,3,3,334962,196578,68136,261431,3038,2357,53418,134850,2,8308,0,0,1906,238,0,0,1,13,0,0,0,0
0,127384,127384,cat,3621,3621,3624,120,9,3,3,334962,196549,68136,261431,3038,2357,50666,134850,2,11031,0,0,1906,238,0,0,1,13,0,0,0,1
0,126930,126930,mglru_monitor,3621,3621,3624,120,3,3,3,334962,196386,68136,261431,3038,2357,45482,134850,2,16052,0,0,1906,238,0,0,1,14,0,0,0,0
0,394,394,sshd-session,3621,3621,3624,120,9,3,3,334962,196545,68136,261431,3038,2357,48810,134850,2,12883,0,0,1906,238,0,0,1,13,0,0,0,0
0,127284,127354,file_anon_mix_p,3621,3621,3624,120,33,3,3,334962,196455,68136,261431,3038,2357,50282,134850,2,11321,0,0,1906,238,0,0,1,13,0,0,0,0
0,126930,126930,mglru_monitor,3621,3621,3624,120,5,3,3,334962,196469,68136,261431,3038,2357,44222,134850,2,17395,0,0,1906,238,0,0,1,14,0,0,0,0
0,127384,127384,cat,3621,3621,3624,120,17,3,3,334962,196468,68136,261431,3038,2357,47549,134850,2,14067,0,0,1906,238,0,0,1,14,0,0,0,0
0,126930,126930,mglru_monitor,3621,3621,3624,120,9,3,3,334962,196449,68136,261431,3038,2357,40746,134850,2,20851,0,0,1906,238,0,0,1,14,0,0,0,0
0,394,394,sshd-session,3621,3621,3624,120,17,3,3,334962,196449,68136,261431,3038,2357,44138,134850,2,17459,0,0,1906,238,0,0,1,14,0,0,0,1
0,127384,127384,cat,3621,3621,3624,120,33,3,3,334962,196385,68136,261431,3038,2357,40426,134850,2,21107,0,0,1906,238,0,0,1,14,0,0,0,0
0,126930,126930,mglru_monitor,3621,3621,3624,120,17,3,3,334962,196513,68136,261431,3038,2357,34282,134850,2,27379,0,0,1906,238,0,0,1,14,0,0,0,0
0,127304,127304,file_anon_mix_p,3621,3621,3624,120,3,3,3,334962,196385,68136,261431,3038,2357,11242,134850,2,50291,0,0,1906,238,0,0,1,15,0,1,0,0
0,127384,127384,cat,3621,3621,3624,120,65,3,3,334962,196391,68136,261431,3038,2357,29553,134850,2,31986,0,0,1906,238,0,0,1,15,0,0,0,0
0,127284,127354,file_anon_mix_p,3621,3621,3624,120,65,3,3,334962,196513,68136,261431,3038,2357,41898,134850,2,19763,0,0,1906,238,0,0,1,14,0,0,0,0
0,127304,127304,file_anon_mix_p,3621,3621,3624,120,5,3,3,334962,196542,68136,261431,3038,2357,9066,134850,2,52624,0,0,1906,238,0,0,1,15,0,1,0,0
0,394,394,sshd-session,3621,3621,3624,120,33,3,3,334962,196404,68136,261431,3038,2357,31018,134850,2,30534,0,0,1906,238,0,0,1,15,0,0,0,0
0,127304,127304,file_anon_mix_p,3621,3621,3624,120,9,3,3,334962,196352,68136,261431,3038,2357,4394,134850,2,57106,0,0,1906,238,0,0,1,15,0,1,1,0
0,126930,126930,mglru_monitor,3621,3621,3624,120,33,3,3,334962,196512,68136,261431,3038,2357,23018,134850,2,38642,0,0,1906,238,0,0,1,15,0,0,0,0
0,127384,127384,cat,3621,3621,3624,120,31,3,3,334962,196435,68136,261431,3038,2357,5034,134850,2,56549,0,0,1906,238,0,0,1,15,0,1,71,0
0,394,394,sshd-session,3621,3621,3624,120,16,3,3,334962,196336,68136,261431,3038,2357,4089,134850,2,57395,0,0,1906,238,0,0,1,15,0,1,64,0
0,127304,127304,file_anon_mix_p,3621,3621,3624,120,6,3,3,334776,196641,64980,261431,3038,5327,0,134851,2,61788,0,0,1906,238,0,0,10,15,0,1,64,0
0,126930,126930,mglru_monitor,3621,3621,3624,120,4,3,3,334884,196641,63360,261431,3038,7055,0,134851,2,61788,0,0,1906,238,0,0,10,15,0,1,64,0
0,127284,127354,file_anon_mix_p,3621,3621,3624,120,16,3,3,334962,196398,68136,261431,3038,2357,4778,134850,2,56768,0,0,1906,238,0,0,1,15,0,1,64,0
0,127284,127354,file_anon_mix_p,3621,3621,3624,120,1,3,3,335186,196643,58990,261431,3038,11727,0,134851,2,61790,0,0,1906,238,0,0,1761,15,0,2,64,0
0,127284,127354,file_anon_mix_p,3621,3621,3624,120,1,3,3,335442,196643,58734,261431,3038,12239,0,134851,2,61790,0,0,1906,238,0,0,2021,15,0,2,64,0
0,126743,126743,kworker/u8:0,3621,3621,3624,120,2,3,3,335310,196643,58478,261431,3038,12363,0,134851,2,61790,0,0,1906,238,0,0,2304,15,0,2,1,0
0,127284,127354,file_anon_mix_p,3621,3621,3624,120,3,3,3,335295,196643,58414,261431,3038,12412,0,134851,2,61790,0,0,1906,238,0,0,2304,15,0,2,0,0
0,126743,126743,kworker/u8:0,3621,3621,3624,120,5,3,3,335294,196643,58286,261431,3039,12538,0,134851,2,61790,0,0,1906,238,0,0,2310,15,0,2,0,0
0,394,394,sshd-session,3621,3621,3624,120,1,3,3,335378,196643,58670,261431,3038,12239,0,134851,2,61790,0,0,1906,238,0,0,2115,15,0,2,64,0
0,126743,126743,kworker/u8:0,3621,3621,3624,120,9,3,3,335231,196643,57580,261431,3040,13180,0,134851,2,61790,0,0,1906,238,0,0,2335,15,0,2,0,0
0,127284,127354,file_anon_mix_p,3621,3621,3624,120,5,3,3,335244,196643,57708,261431,3040,13065,0,134851,2,61790,0,0,1906,238,0,0,2335,15,0,2,0,0
0,126743,126743,kworker/u8:0,3621,3621,3624,120,17,3,3,335231,196643,55788,261431,3040,14972,0,134851,2,61790,0,0,1906,238,0,0,2337,15,0,2,0,0
0,127284,127354,file_anon_mix_p,3621,3621,3624,120,9,3,3,335231,196643,54636,261431,3040,16124,0,134851,2,61790,0,0,1906,238,0,0,2337,15,0,2,0,0
0,127284,127354,file_anon_mix_p,3621,3621,3624,120,17,3,3,335327,196643,51148,261431,3040,19708,0,134851,2,61790,0,0,1906,238,0,0,2337,15,0,2,0,0
0,126743,126743,kworker/u8:0,3621,3621,3624,120,33,3,3,335295,196643,52204,261431,3040,18620,0,134851,2,61790,0,0,1906,238,0,0,2337,15,0,2,0,0
0,45,45,kswapd0,3621,3621,3624,120,727,3,3,332734,196642,68136,261431,3038,129,60554,134882,2,1204,0,0,1906,238,0,0,1,13,0,0,1815,0
0,127284,127354,file_anon_mix_p,3621,3621,3624,120,33,3,3,335231,196643,46444,261431,3040,24316,0,134851,2,61790,0,0,1906,238,0,0,2337,15,0,2,0,0
0,126743,126743,kworker/u8:0,3621,3621,3624,120,65,3,3,335295,196643,44076,261431,3040,26748,0,134851,2,61790,0,0,1906,238,0,0,2337,15,0,2,1,0
0,127284,127354,file_anon_mix_p,3621,3621,3624,120,65,3,3,335294,196643,37229,261431,3039,33595,0,134851,2,61790,0,0,1906,238,0,0,2338,15,0,2,1,0
0,126743,126743,kworker/u8:0,3621,3621,3624,120,130,3,3,335293,196643,27372,261431,3039,43451,0,134851,2,61790,0,0,1906,238,0,0,2339,15,0,2,0,0
0,127284,127354,file_anon_mix_p,3621,3621,3624,120,130,3,3,335229,196643,20140,261431,3039,50619,0,134851,2,61790,0,0,1906,238,0,0,2339,15,0,2,0,2
0,126743,126743,kworker/u8:0,3621,3621,3624,120,260,3,3,335229,196643,10284,261431,3039,60475,0,134851,2,61790,0,0,1906,238,0,0,2339,15,0,2,0,1
0,127284,127354,file_anon_mix_p,3622,3622,3624,120,260,2,2,335325,196573,261431,3039,0,70855,129853,2,0,66718,0,1,2122,126,0,0,32,2,0,0,0,1
0,126743,126743,kworker/u8:0,3622,3622,3624,120,520,2,2,335325,196601,261431,3039,0,70855,97793,2,0,98806,0,1,2122,126,0,0,32,4,0,0,0,0
0,45,45,kswapd0,3621,3621,3624,120,849,3,3,335234,196643,43823,261431,3040,26940,0,134851,2,61790,0,0,1906,238,0,0,2337,15,0,2,32,7
0,45,45,kswapd0,0,0,3,120,0,3,3,0,0,0,0,0,0,0,0,0,0,0,0,0,0,0,0,0,0,0,0,0,0
0,45,45,kswapd0,10,10,12,120,0,2,2,1,0,1,0,0,0,0,0,0,0,0,0,0,1,0,0,59,0,0,0,0,0
0,45,45,kswapd0,36,36,38,120,0,2,2,0,0,0,0,0,0,0,0,0,0,0,0,9,4,0,0,2,0,0,0,0,0
0,45,45,kswapd0,10,10,12,120,0,2,2,1,0,1,0,0,0,0,0,0,0,0,0,0,1,0,0,59,0,0,0,0,0
0,45,45,kswapd0,0,0,3,120,0,3,3,0,0,0,0,0,0,0,0,0,0,0,0,0,0,0,0,0,0,0,0,0,0
0,45,45,kswapd0,0,0,3,120,0,3,3,0,0,0,0,0,0,0,0,0,0,0,0,0,0,0,0,0,0,0,0,0,0
0,45,45,kswapd0,3963,3963,3965,120,0,2,2,95,262,38,52,0,5,15,247,0,0,0,21,5,106,0,0,2,0,0,0,0,0
0,45,45,kswapd0,5255,5255,5258,120,2,3,3,170,391,35,35,2,98,10,18,259,104,0,8,5,112,0,0,31,32,29,31,1,3
0,45,45,kswapd0,0,0,3,120,0,3,3,0,0,0,0,0,0,0,0,0,0,0,0,0,0,0,0,0,0,0,0,0,0
0,45,45,kswapd0,240,240,242,120,2,2,2,8,1,6,2,0,0,1,0,0,0,0,0,9,7,0,0,3,0,0,0,4,0
0,45,45,kswapd0,133,133,136,120,1,3,3,2,38,2,0,0,0,0,1,37,0,0,0,0,16,0,0,0,4,0,0,2,0
0,45,45,kswapd0,0,0,3,120,0,3,3,0,0,0,0,0,0,0,0,0,0,0,0,0,0,0,0,0,0,0,0,0,0
0,45,45,kswapd0,5226,5226,5229,120,1,3,3,1,15,1,0,0,0,0,2,13,0,0,0,2,3,0,0,28,0,0,0,1,0
0,45,45,kswapd0,0,0,3,120,0,3,3,0,0,0,0,0,0,0,0,0,0,0,0,0,0,0,0,0,0,0,0,0,0
0,45,45,kswapd0,0,0,3,120,0,3,3,0,0,0,0,0,0,0,0,0,0,0,0,0,0,0,0,0,0,0,0,0,0
0,45,45,kswapd0,0,0,3,120,0,3,3,0,0,0,0,0,0,0,0,0,0,0,0,0,0,0,0,0,0,0,0,0,0
0,45,45,kswapd0,0,0,3,120,0,3,3,0,0,0,0,0,0,0,0,0,0,0,0,0,0,0,0,0,0,0,0,0,0
0,45,45,kswapd0,0,0,3,120,0,3,3,0,0,0,0,0,0,0,0,0,0,0,0,0,0,0,0,0,0,0,0,0,0
0,45,45,kswapd0,5,5,7,120,0,2,2,0,0,0,0,0,0,0,0,0,0,0,0,27,0,0,0,2,0,0,0,0,0
0,127284,127354,file_anon_mix_p,3622,3622,3624,120,369,2,2,335325,196523,261431,3039,0,70855,85697,2,0,110824,0,1,2122,126,0,0,32,5,0,0,64,1
0,127284,127354,file_anon_mix_p,0,0,3,120,0,3,3,0,0,0,0,0,0,0,0,0,0,0,0,0,0,0,0,0,0,0,0,0,0
0,127284,127354,file_anon_mix_p,241,241,242,120,0,1,1,4,1,4,0,0,0,0,0,0,1,0,0,5,3,0,0,4,0,0,0,0,0
0,127284,127354,file_anon_mix_p,5,5,7,120,0,2,2,0,0,0,0,0,0,0,0,0,0,0,0,27,0,0,0,2,0,0,0,0,0
0,127284,127354,file_anon_mix_p,1133,1133,1135,120,0,2,2,101,22,56,41,0,4,0,4,0,18,0,0,14,159,0,0,19,0,0,0,0,0
0,127284,127354,file_anon_mix_p,241,241,242,120,0,1,1,4,1,4,0,0,0,0,0,0,1,0,0,5,3,0,0,4,0,0,0,0,0
0,127284,127354,file_anon_mix_p,14,14,16,120,0,2,2,0,0,0,0,0,0,0,0,0,0,0,0,96,0,0,0,3,0,0,0,0,0
0,127284,127354,file_anon_mix_p,6,6,8,120,0,2,2,1,1,1,0,0,0,1,0,0,0,0,0,15,0,0,0,0,12,0,0,0,0
0,127284,127354,file_anon_mix_p,0,0,3,120,0,3,3,0,0,0,0,0,0,0,0,0,0,0,0,0,0,0,0,0,0,0,0,0,0
0,127284,127354,file_anon_mix_p,6,7,9,120,0,3,2,0,0,0,0,0,0,0,0,0,0,0,0,0,1,0,0,0,22,0,0,0,0
0,127284,127354,file_anon_mix_p,3622,3622,3625,120,1,3,3,335600,196633,261367,3039,70855,339,0,9,195150,1474,0,1,2122,126,0,0,96,12,0,3,64,0
0,127284,127354,file_anon_mix_p,14,14,16,120,0,2,2,0,0,0,0,0,0,0,0,0,0,0,0,96,0,0,0,3,0,0,0,0,0
0,127284,127354,file_anon_mix_p,3622,3622,3625,120,1,3,3,336048,196633,261303,3039,70855,851,0,9,195150,1474,0,1,2122,126,0,0,160,12,0,3,64,0
0,127284,127354,file_anon_mix_p,3622,3622,3625,120,1,3,3,336496,196633,261239,3039,70855,1363,0,9,195150,1474,0,1,2122,126,0,0,224,12,0,3,64,0
0,127284,127354,file_anon_mix_p,0,0,3,120,0,3,3,0,0,0,0,0,0,0,0,0,0,0,0,0,0,0,0,0,0,0,0,0,0
0,127284,127354,file_anon_mix_p,0,0,3,120,0,3,3,0,0,0,0,0,0,0,0,0,0,0,0,0,0,0,0,0,0,0,0,0,0
0,127284,127354,file_anon_mix_p,0,0,3,120,0,3,3,0,0,0,0,0,0,0,0,0,0,0,0,0,0,0,0,0,0,0,0,0,0
0,127284,127354,file_anon_mix_p,0,0,3,120,0,3,3,0,0,0,0,0,0,0,0,0,0,0,0,0,0,0,0,0,0,0,0,0,0
0,127284,127354,file_anon_mix_p,0,0,3,120,0,3,3,0,0,0,0,0,0,0,0,0,0,0,0,0,0,0,0,0,0,0,0,0,0
0,127284,127354,file_anon_mix_p,36,36,38,120,0,2,2,0,0,0,0,0,0,0,0,0,0,0,0,9,4,0,0,2,0,0,0,0,0
0,127284,127354,file_anon_mix_p,1133,1133,1135,120,0,2,2,101,22,56,41,0,4,0,4,0,18,0,0,14,159,0,0,19,0,0,0,0,0
0,127284,127354,file_anon_mix_p,6,7,9,120,0,3,2,0,0,0,0,0,0,0,0,0,0,0,0,0,1,0,0,0,22,0,0,0,0
0,127284,127354,file_anon_mix_p,0,0,3,120,0,3,3,0,0,0,0,0,0,0,0,0,0,0,0,0,0,0,0,0,0,0,0,0,0
0,127284,127354,file_anon_mix_p,0,0,3,120,0,3,3,0,0,0,0,0,0,0,0,0,0,0,0,0,0,0,0,0,0,0,0,0,0
0,127284,127354,file_anon_mix_p,0,0,3,120,0,3,3,0,0,0,0,0,0,0,0,0,0,0,0,0,0,0,0,0,0,0,0,0,0
0,127284,127354,file_anon_mix_p,3622,3622,3625,120,1,3,3,336720,196633,261175,3039,70855,1651,0,9,195150,1474,0,1,2122,126,0,0,288,12,0,3,64,0
0,127284,127354,file_anon_mix_p,3622,3622,3625,120,1,3,3,336751,196633,261111,3039,70855,1746,0,9,195150,1474,0,1,2122,126,0,0,352,12,0,3,64,0
0,127284,127354,file_anon_mix_p,3622,3622,3625,120,1,3,3,336782,196633,261047,3039,70855,1841,0,9,195150,1474,0,1,2122,126,0,0,416,12,0,3,64,0
0,127387,127387,cat,3622,3622,3625,120,1,3,3,336591,196633,260855,3039,70855,1842,0,9,195150,1474,0,1,2122,126,0,0,496,12,0,3,64,0
0,127304,127304,file_anon_mix_p,3622,3622,3625,120,1,3,3,336719,196633,260983,3039,70855,1842,0,9,195150,1474,0,1,2122,126,0,0,480,12,0,3,64,0
0,127284,127354,file_anon_mix_p,3622,3622,3625,120,1,3,3,336655,196633,260919,3039,70855,1842,0,9,195150,1474,0,1,2122,126,0,0,484,12,0,3,64,0
0,126743,126743,kworker/u8:0,3622,3622,3624,120,121,2,2,335325,196505,261431,3039,0,70855,17281,2,0,179222,0,1,2122,126,0,0,32,10,0,0,0,0
0,127387,127387,cat,3622,3622,3625,120,1,3,3,336527,196634,260791,3039,70855,1842,0,9,195150,1475,0,1,2122,126,0,0,670,12,0,4,64,0
0,126743,126743,kworker/u8:0,3622,3622,3625,120,1,3,3,336336,196635,260599,3039,70855,1843,0,3,82609,114023,0,1,2122,126,0,0,728,12,0,4,64,0
0,127387,127387,cat,3622,3622,3625,120,1,3,3,336272,196635,260535,3039,70855,1843,0,3,82609,114023,0,1,2122,126,0,0,845,12,0,4,64,0
0,127284,127354,file_anon_mix_p,3622,3622,3625,120,1,3,3,336464,196634,260727,3039,70855,1843,0,9,195150,1475,0,1,2122,126,0,0,672,12,0,4,64,0
0,127304,127304,file_anon_mix_p,3622,3622,3625,120,1,3,3,336400,196634,260663,3039,70855,1843,0,9,195150,1475,0,1,2122,126,0,0,672,12,0,4,64,0
0,45,45,kswapd0,1133,1133,1135,120,2,2,2,165,22,120,41,0,4,0,4,0,18,0,0,14,159,0,0,10,0,0,0,118,0
0,126743,126743,kworker/u8:0,3622,3622,3625,120,1,3,3,336145,196635,260407,3039,70855,1844,0,3,82609,114023,0,1,2122,126,0,0,988,12,0,4,64,0
0,127387,127387,cat,3622,3622,3625,120,1,3,3,336081,196636,260343,3039,70855,1844,0,3,82609,114024,0,1,2122,126,0,0,999,12,0,5,64,0
0,127304,127304,file_anon_mix_p,3622,3622,3625,120,1,3,3,336017,196636,260279,3039,70855,1844,0,3,82609,114024,0,1,2122,126,0,0,1012,12,0,5,64,0
0,127284,127354,file_anon_mix_p,3622,3622,3625,120,1,3,3,336209,196635,260471,3039,70855,1844,0,3,82609,114023,0,1,2122,126,0,0,988,12,0,4,64,0
0,127387,127387,cat,3622,3622,3625,120,1,3,3,335889,196636,260151,3039,70855,1844,0,3,82609,114024,0,1,2122,126,0,0,1192,12,0,5,64,0
0,127284,127354,file_anon_mix_p,3622,3622,3625,120,1,3,3,335723,196641,259832,3038,70855,1998,0,3,82609,114029,0,1,2122,126,0,0,1611,12,0,10,64,0
0,394,394,sshd-session,3622,3622,3625,120,1,3,3,335659,196641,259768,3038,70855,1998,0,3,82609,114029,0,1,2122,126,0,0,1637,12,0,10,64,0
0,127284,127354,file_anon_mix_p,3622,3622,3625,120,1,3,3,335751,196641,259512,3038,70855,2346,0,3,82609,114029,0,1,2122,126,0,0,1940,12,0,10,64,0
0,394,394,sshd-session,3622,3622,3625,120,1,3,3,335559,196641,259320,3038,70855,2346,0,3,82609,114029,0,1,2122,126,0,0,2049,12,0,10,64,0
0,127387,127387,cat,3622,3622,3625,120,1,3,3,335623,196641,259384,3038,70855,2346,0,3,82609,114029,0,1,2122,126,0,0,2009,12,0,10,64,0
0,394,394,sshd-session,3622,3622,3625,120,1,3,3,335656,196641,259064,3038,70855,2699,0,3,82609,114029,0,1,2122,126,0,0,2337,12,0,10,64,0
0,127284,127354,file_anon_mix_p,3622,3622,3625,120,1,3,3,335620,196641,258936,3038,70855,2791,0,3,82609,114029,0,1,2122,126,0,0,2391,12,0,10,64,0
0,127387,127387,cat,3622,3622,3625,120,1,3,3,335654,196641,259000,3038,70855,2761,0,3,82609,114029,0,1,2122,126,0,0,2385,12,0,10,64,0
0,126930,126930,mglru_monitor,3622,3622,3625,120,1,3,3,335556,196641,258872,3038,70855,2791,0,3,82609,114029,0,1,2122,126,0,0,2397,12,0,10,64,0
0,127284,127354,file_anon_mix_p,3622,3622,3625,120,1,3,3,335358,196641,258552,3038,70855,2913,0,3,82609,114029,0,1,2122,126,0,0,2879,12,0,10,64,0
0,127387,127387,cat,3622,3622,3625,120,1,3,3,335230,196641,258424,3038,70855,2913,0,3,82609,114029,0,1,2122,126,0,0,2898,12,0,10,64,0
0,394,394,sshd-session,3622,3622,3625,120,1,3,3,335294,196641,258488,3038,70855,2913,0,3,82609,114029,0,1,2122,126,0,0,2890,12,0,10,64,0
0,126930,126930,mglru_monitor,3622,3622,3625,120,1,3,3,335102,196641,258296,3038,70855,2913,0,3,82609,114029,0,1,2122,126,0,0,2955,12,0,10,64,0
0,127284,127354,file_anon_mix_p,3622,3622,3625,120,1,3,3,334758,196641,257720,3038,70855,3145,0,3,82609,114029,0,1,2122,126,0,0,3686,12,0,10,64,0
0,127387,127387,cat,3622,3622,3625,120,1,3,3,334630,196641,257592,3038,70855,3145,0,3,82609,114029,0,1,2122,126,0,0,3789,12,0,10,64,0
0,127284,127354,file_anon_mix_p,3622,3622,3625,120,1,3,3,334382,196641,256568,3038,70855,3921,0,3,82609,114029,0,1,2122,126,0,0,4832,12,0,10,64,0
0,126930,126930,mglru_monitor,3622,3622,3625,120,1,3,3,334326,196641,256504,3038,70855,3929,0,3,82609,114029,0,1,2122,126,0,0,4896,12,0,10,64,0
0,127284,127354,file_anon_mix_p,3622,3622,3625,120,1,3,3,334477,196641,256184,3038,70855,4400,0,3,82609,114029,0,1,2122,126,0,0,5223,12,0,10,64,0
0,394,394,sshd-session,3622,3622,3625,120,1,3,3,334319,196641,255672,3038,70855,4754,0,3,82609,114029,0,1,2122,126,0,0,5758,12,0,10,64,0
0,127284,127354,file_anon_mix_p,3622,3622,3625,120,1,3,3,333936,196641,254584,3038,70855,5459,0,3,82609,114029,0,1,2122,126,0,0,6817,12,0,10,64,0
0,394,394,sshd-session,3622,3622,3625,120,1,3,3,333872,196641,254520,3038,70855,5459,0,3,82609,114029,0,1,2122,126,0,0,6863,12,0,10,64,0
0,127284,127354,file_anon_mix_p,3622,3622,3625,120,1,3,3,333275,196641,253304,3038,70855,6078,0,3,82609,114029,0,1,2122,126,0,0,8079,12,0,10,64,0
0,394,394,sshd-session,3622,3622,3625,120,1,3,3,333330,196641,253432,3038,70855,6005,0,3,82609,114029,0,1,2122,126,0,0,8016,12,0,10,64,0
0,127284,127354,file_anon_mix_p,3622,3622,3625,120,1,3,3,333044,196641,252150,3040,70858,6996,0,3,82609,114029,0,1,2122,126,2,0,9266,12,0,10,64,0
0,394,394,sshd-session,3622,3622,3625,120,1,3,3,332980,196641,252088,3040,70856,6996,0,3,82609,114029,0,1,2122,126,2,0,9279,12,0,10,64,0
0,127284,127354,file_anon_mix_p,0,0,3,120,0,3,3,0,0,0,0,0,0,0,0,0,0,0,0,0,0,0,0,0,0,0,0,0,0
0,127284,127354,file_anon_mix_p,110,110,112,120,0,2,2,25,0,25,0,0,0,0,0,0,0,0,0,0,0,0,0,11,0,0,0,0,0
0,127284,127354,file_anon_mix_p,132,132,134,120,0,2,2,5,0,5,0,0,0,0,0,0,0,0,0,20,0,0,0,2,0,0,0,0,0
0,127284,127354,file_anon_mix_p,151,151,154,120,0,3,3,21,5,2,19,0,0,0,5,0,0,0,0,79,17,0,0,6,0,0,0,0,0
0,127284,127354,file_anon_mix_p,3997,3997,4000,120,0,3,3,53,178,7,40,3,3,6,44,65,63,0,0,0,6,0,1,5,11,5,11,0,0
0,127284,127354,file_anon_mix_p,0,0,3,120,0,3,3,0,0,0,0,0,0,0,0,0,0,0,0,0,0,0,0,0,0,0,0,0,0
0,127284,127354,file_anon_mix_p,1097,1097,1099,120,0,2,2,4,25,4,0,0,0,25,0,0,0,0,0,4,31,0,0,5,0,0,0,0,0
0,127284,127354,file_anon_mix_p,0,0,3,120,0,3,3,0,0,0,0,0,0,0,0,0,0,0,0,0,0,0,0,0,0,0,0,0,0
0,127284,127354,file_anon_mix_p,1497,1497,1499,120,0,2,2,7,29,7,0,0,0,0,29,0,0,0,0,7,199,0,0,4,0,0,0,0,0
0,127284,127354,file_anon_mix_p,0,0,3,120,0,3,3,0,0,0,0,0,0,0,0,0,0,0,0,0,0,0,0,0,0,0,0,0,0
0,127284,127354,file_anon_mix_p,0,0,3,120,0,3,3,0,0,0,0,0,0,0,0,0,0,0,0,0,0,0,0,0,0,0,0,0,0
0,127284,127354,file_anon_mix_p,151,151,154,120,0,3,3,21,5,2,19,0,0,0,5,0,0,0,0,79,17,0,0,6,0,0,0,0,0
0,127284,127354,file_anon_mix_p,0,0,3,120,0,3,3,0,0,0,0,0,0,0,0,0,0,0,0,0,0,0,0,0,0,0,0,0,0
0,127284,127354,file_anon_mix_p,1097,1097,1099,120,0,2,2,4,25,4,0,0,0,25,0,0,0,0,0,4,31,0,0,5,0,0,0,0,0
0,127284,127354,file_anon_mix_p,1497,1497,1499,120,0,2,2,7,29,7,0,0,0,0,29,0,0,0,0,7,199,0,0,4,0,0,0,0,0
0,127284,127354,file_anon_mix_p,3997,3997,4000,120,0,3,3,53,178,7,40,3,3,6,44,65,63,0,0,0,6,0,1,5,11,5,11,0,0
0,127284,127354,file_anon_mix_p,110,110,112,120,0,2,2,25,0,25,0,0,0,0,0,0,0,0,0,0,0,0,0,11,0,0,0,0,0
0,127284,127354,file_anon_mix_p,132,132,134,120,0,2,2,5,0,5,0,0,0,0,0,0,0,0,0,20,0,0,0,2,0,0,0,0,0
0,127284,127354,file_anon_mix_p,3622,3622,3625,120,1,3,3,333025,196641,251064,3040,70856,8065,0,3,82609,114029,0,1,2122,126,2,0,10353,12,0,10,64,0
0,394,394,sshd-session,3622,3622,3625,120,1,3,3,332961,196641,251000,3040,70856,8065,0,3,82609,114029,0,1,2122,126,2,0,10372,12,0,10,64,0
0,127284,127354,file_anon_mix_p,3622,3622,3625,120,1,3,3,333196,196641,250168,3040,70856,9132,0,3,82609,114029,0,1,2122,126,2,0,11280,12,0,10,64,0
0,127284,127354,file_anon_mix_p,3622,3622,3625,120,1,3,3,333236,196641,249272,3040,70856,10068,0,3,82609,114029,0,1,2122,126,2,0,12173,12,0,10,64,0
0,127284,127354,file_anon_mix_p,3622,3622,3625,120,1,3,3,333300,196641,248824,3040,70856,10580,0,3,82609,114029,0,1,2122,126,2,0,12573,12,0,10,64,0
0,121783,121783,watch,3622,3622,3625,120,1,3,3,333114,196641,248568,3040,70856,10650,0,3,82609,114029,0,1,2122,126,2,0,12885,12,0,10,0,0
0,121783,121783,watch,0,0,3,120,0,3,3,0,0,0,0,0,0,0,0,0,0,0,0,0,0,0,0,0,0,0,0,0,0
0,121783,121783,watch,3622,3622,3625,120,1,3,3,333114,196641,248568,3040,70856,10650,0,3,82609,114029,0,1,2122,126,2,0,12890,12,0,10,0,0
0,121783,121783,watch,3622,3622,3625,120,1,3,3,333114,196641,248568,3040,70856,10650,0,3,82609,114029,0,1,2122,126,2,0,12892,12,0,10,0,0
0,121783,121783,watch,3622,3622,3625,120,1,3,3,333050,196641,248504,3040,70856,10650,0,3,82609,114029,0,1,2122,126,2,0,12894,12,0,10,0,0
0,121783,121783,watch,3622,3622,3625,120,1,3,3,333050,196641,248504,3040,70856,10650,0,3,82609,114029,0,1,2122,126,2,0,12897,12,0,10,0,0
0,121783,121783,watch,3622,3622,3625,120,1,3,3,333050,196641,248504,3040,70856,10650,0,3,82609,114029,0,1,2122,126,2,0,12900,12,0,10,0,0
0,121783,121783,watch,3622,3622,3625,120,1,3,3,333050,196641,248504,3040,70856,10650,0,3,82609,114029,0,1,2122,126,2,0,12903,12,0,10,0,0
0,121783,121783,watch,3622,3622,3625,120,1,3,3,333050,196641,248504,3040,70856,10650,0,3,82609,114029,0,1,2122,126,2,0,12905,12,0,10,0,0
0,121783,121783,watch,3622,3622,3625,120,1,3,3,333050,196641,248504,3040,70856,10650,0,3,82609,114029,0,1,2122,126,2,0,12908,12,0,10,0,0
0,121783,121783,watch,3622,3622,3625,120,1,3,3,333050,196641,248504,3040,70856,10650,0,3,82609,114029,0,1,2122,126,2,0,12911,12,0,10,0,0
0,121783,121783,watch,3622,3622,3625,120,1,3,3,333050,196641,248504,3040,70856,10650,0,3,82609,114029,0,1,2122,126,2,0,12914,12,0,10,0,0
0,121783,121783,watch,3622,3622,3625,120,1,3,3,333050,196641,248504,3040,70856,10650,0,3,82609,114029,0,1,2122,126,2,0,12917,12,0,10,0,0
0,121783,121783,watch,3622,3622,3625,120,1,3,3,333009,196641,248440,3040,70856,10673,0,3,82609,114029,0,1,2122,126,2,0,12971,12,0,10,0,0
0,121783,121783,watch,3622,3622,3625,120,1,3,3,333009,196641,248440,3040,70856,10673,0,3,82609,114029,0,1,2122,126,2,0,12971,12,0,10,0,0
0,121783,121783,watch,3622,3622,3625,120,1,3,3,333009,196641,248440,3040,70856,10673,0,3,82609,114029,0,1,2122,126,2,0,12971,12,0,10,0,0
0,121783,121783,watch,3622,3622,3625,120,1,3,3,333009,196641,248440,3040,70856,10673,0,3,82609,114029,0,1,2122,126,2,0,12971,12,0,10,0,0
0,121783,121783,watch,3622,3622,3625,120,1,3,3,333009,196641,248440,3040,70856,10673,0,3,82609,114029,0,1,2122,126,2,0,12971,12,0,10,0,0
0,121783,121783,watch,3622,3622,3625,120,1,3,3,333009,196641,248440,3040,70856,10673,0,3,82609,114029,0,1,2122,126,2,0,12972,12,0,10,0,0
0,121783,121783,watch,3622,3622,3625,120,1,3,3,333009,196641,248440,3040,70856,10673,0,3,82609,114029,0,1,2122,126,2,0,12975,12,0,10,0,0
0,121783,121783,watch,3622,3622,3625,120,1,3,3,333009,196641,248440,3040,70856,10673,0,3,82609,114029,0,1,2122,126,2,0,12978,12,0,10,0,0
0,121783,121783,watch,3622,3622,3625,120,1,3,3,333009,196641,248440,3040,70856,10673,0,3,82609,114029,0,1,2122,126,2,0,12981,12,0,10,0,0
0,121783,121783,watch,3622,3622,3625,120,1,3,3,333009,196641,248440,3040,70856,10673,0,3,82609,114029,0,1,2122,126,2,0,12984,12,0,10,0,0
0,121783,121783,watch,3622,3622,3625,120,1,3,3,333009,196641,248440,3040,70856,10673,0,3,82609,114029,0,1,2122,126,2,0,12987,12,0,10,0,0
0,121783,121783,watch,3622,3622,3625,120,1,3,3,333009,196641,248440,3040,70856,10673,0,3,82609,114029,0,1,2122,126,2,0,12989,12,0,10,0,0
0,121783,121783,watch,3622,3622,3625,120,1,3,3,333009,196641,248440,3040,70856,10673,0,3,82609,114029,0,1,2122,126,2,0,12992,12,0,10,0,0
0,121783,121783,watch,3622,3622,3625,120,1,3,3,332917,196641,248312,3040,70856,10709,0,3,82609,114029,0,1,2122,126,2,0,13060,12,0,10,0,0
0,394,394,sshd-session,3622,3622,3625,120,1,3,3,332981,196641,248376,3040,70856,10709,0,3,82609,114029,0,1,2122,126,2,0,13049,12,0,10,64,0
0,127284,127354,file_anon_mix_p,3622,3622,3625,120,1,3,3,332916,196641,247929,3040,70855,11092,0,3,82609,114029,0,1,2122,126,2,0,13486,12,0,10,64,0
0,127388,127388,watch,3622,3622,3625,120,1,3,3,332852,196641,247865,3040,70855,11092,0,3,82609,114029,0,1,2122,126,2,0,13501,12,0,10,64,0
0,127389,127389,watch,3622,3622,3625,120,1,3,3,333118,196641,247545,3040,70855,11678,0,3,82609,114029,0,1,2122,126,2,0,13886,12,0,10,0,0
0,127389,127389,watch,3622,3622,3625,120,1,3,3,333118,196641,247545,3040,70855,11678,0,3,82609,114029,0,1,2122,126,2,0,13886,12,0,10,0,0
0,127389,127389,watch,3622,3622,3625,120,1,3,3,333118,196641,247545,3040,70855,11678,0,3,82609,114029,0,1,2122,126,2,0,13886,12,0,10,0,0
0,127389,127389,watch,3622,3622,3625,120,1,3,3,333149,196641,247545,3040,70855,11709,0,3,82609,114029,0,1,2122,126,2,0,13886,12,0,10,0,0
0,127389,127389,watch,3622,3622,3625,120,1,3,3,333149,196641,247545,3040,70855,11709,0,3,82609,114029,0,1,2122,126,2,0,13886,12,0,10,0,0
0,127389,127389,watch,3622,3622,3625,120,1,3,3,333164,196641,247545,3040,70855,11724,0,3,82609,114029,0,1,2122,126,2,0,13886,12,0,10,0,0
0,127389,127389,watch,3622,3622,3625,120,1,3,3,333180,196641,247545,3040,70855,11740,0,3,82609,114029,0,1,2122,126,2,0,13886,12,0,10,0,0
0,127389,127389,watch,3622,3622,3625,120,1,3,3,333180,196641,247545,3040,70855,11740,0,3,82609,114029,0,1,2122,126,2,0,13886,12,0,10,0,0
0,127389,127389,watch,3622,3622,3625,120,1,3,3,333200,196641,247545,3040,70855,11760,0,3,82609,114029,0,1,2122,126,2,0,13886,12,0,10,0,0
0,127389,127389,watch,3622,3622,3625,120,1,3,3,333211,196641,247545,3040,70855,11771,0,3,82609,114029,0,1,2122,126,2,0,13886,12,0,10,0,0
0,127389,127389,watch,3622,3622,3625,120,1,3,3,333211,196641,247545,3040,70855,11771,0,3,82609,114029,0,1,2122,126,2,0,13886,12,0,10,0,0
0,127389,127389,watch,3622,3622,3625,120,1,3,3,333234,196641,247545,3040,70855,11794,0,3,82609,114029,0,1,2122,126,2,0,13886,12,0,10,0,0
0,127389,127389,watch,3622,3622,3625,120,1,3,3,333300,196641,247289,3040,70855,12116,0,3,82609,114029,0,1,2122,126,2,0,14082,12,0,10,0,0
0,127389,127389,watch,3622,3622,3625,120,1,3,3,333300,196641,247289,3040,70855,12116,0,3,82609,114029,0,1,2122,126,2,0,14082,12,0,10,0,0
0,127389,127389,watch,3622,3622,3625,120,1,3,3,333300,196641,247289,3040,70855,12116,0,3,82609,114029,0,1,2122,126,2,0,14082,12,0,10,0,0
0,127389,127389,watch,3622,3622,3625,120,1,3,3,333300,196641,247289,3040,70855,12116,0,3,82609,114029,0,1,2122,126,2,0,14082,12,0,10,0,0
0,127389,127389,watch,3622,3622,3625,120,1,3,3,333300,196641,247289,3040,70855,12116,0,3,82609,114029,0,1,2122,126,2,0,14084,12,0,10,0,0
0,127389,127389,watch,3622,3622,3625,120,1,3,3,333300,196641,247289,3040,70855,12116,0,3,82609,114029,0,1,2122,126,2,0,14086,12,0,10,0,0
0,127389,127389,watch,3622,3622,3625,120,1,3,3,333300,196641,247289,3040,70855,12116,0,3,82609,114029,0,1,2122,126,2,0,14088,12,0,10,0,0
0,127389,127389,watch,3622,3622,3625,120,1,3,3,333300,196641,247289,3040,70855,12116,0,3,82609,114029,0,1,2122,126,2,0,14089,12,0,10,0,0
0,127389,127389,watch,3622,3622,3625,120,1,3,3,333300,196641,247289,3040,70855,12116,0,3,82609,114029,0,1,2122,126,2,0,14092,12,0,10,0,0
0,127389,127389,watch,3622,3622,3625,120,1,3,3,333300,196641,247289,3040,70855,12116,0,3,82609,114029,0,1,2122,126,2,0,14094,12,0,10,0,0
0,127389,127389,watch,3622,3622,3625,120,1,3,3,333300,196641,247289,3040,70855,12116,0,3,82609,114029,0,1,2122,126,2,0,14096,12,0,10,0,0
0,127389,127389,watch,3622,3622,3625,120,1,3,3,333300,196641,247289,3040,70855,12116,0,3,82609,114029,0,1,2122,126,2,0,14097,12,0,10,0,0
0,127389,127389,watch,3622,3622,3625,120,1,3,3,333300,196641,247289,3040,70855,12116,0,3,82609,114029,0,1,2122,126,2,0,14098,12,0,10,0,0
0,127284,127354,file_anon_mix_p,3622,3622,3625,120,1,3,3,333428,196641,247417,3040,70855,12116,0,3,82609,114029,0,1,2122,126,2,0,13998,12,0,10,64,0
0,127389,127389,watch,3622,3622,3625,120,1,3,3,333260,196641,247161,3040,70855,12204,0,3,82609,114029,0,1,2122,126,2,0,14213,12,0,10,0,0
0,127389,127389,watch,3622,3622,3625,120,1,3,3,333227,196641,247097,3040,70855,12235,0,3,82609,114029,0,1,2122,126,2,0,14253,12,0,10,0,0
0,127389,127389,watch,3622,3622,3625,120,1,3,3,333227,196641,247097,3040,70855,12235,0,3,82609,114029,0,1,2122,126,2,0,14256,12,0,10,0,0
0,127389,127389,watch,3622,3622,3625,120,1,3,3,333227,196641,247097,3040,70855,12235,0,3,82609,114029,0,1,2122,126,2,0,14258,12,0,10,0,0
0,127389,127389,watch,3622,3622,3625,120,1,3,3,333227,196641,247097,3040,70855,12235,0,3,82609,114029,0,1,2122,126,2,0,14260,12,0,10,0,0
0,127389,127389,watch,3622,3622,3625,120,1,3,3,333227,196641,247097,3040,70855,12235,0,3,82609,114029,0,1,2122,126,2,0,14260,12,0,10,0,0
0,127389,127389,watch,3622,3622,3625,120,1,3,3,333247,196641,247097,3040,70855,12255,0,3,82609,114029,0,1,2122,126,2,0,14260,12,0,10,0,0
0,127389,127389,watch,3622,3622,3625,120,1,3,3,333258,196641,247097,3040,70855,12266,0,3,82609,114029,0,1,2122,126,2,0,14260,12,0,10,0,0
0,127389,127389,watch,3622,3622,3625,120,1,3,3,333258,196641,247097,3040,70855,12266,0,3,82609,114029,0,1,2122,126,2,0,14260,12,0,10,0,0
0,127389,127389,watch,3622,3622,3625,120,1,3,3,333258,196641,247097,3040,70855,12266,0,3,82609,114029,0,1,2122,126,2,0,14262,12,0,10,0,0
0,127389,127389,watch,3622,3622,3625,120,1,3,3,333258,196641,247097,3040,70855,12266,0,3,82609,114029,0,1,2122,126,2,0,14265,12,0,10,0,0
0,127389,127389,watch,3622,3622,3625,120,1,3,3,333258,196641,247097,3040,70855,12266,0,3,82609,114029,0,1,2122,126,2,0,14267,12,0,10,0,0
0,127389,127389,watch,3622,3622,3625,120,1,3,3,333258,196641,247097,3040,70855,12266,0,3,82609,114029,0,1,2122,126,2,0,14267,12,0,10,0,0
0,127389,127389,watch,3622,3622,3625,120,1,3,3,333320,196641,247097,3040,70855,12328,0,3,82609,114029,0,1,2122,126,2,0,14301,12,0,10,0,0
0,127389,127389,watch,3622,3622,3625,120,1,3,3,333320,196641,247097,3040,70855,12328,0,3,82609,114029,0,1,2122,126,2,0,14302,12,0,10,0,0
0,127389,127389,watch,3622,3622,3625,120,1,3,3,333320,196641,247097,3040,70855,12328,0,3,82609,114029,0,1,2122,126,2,0,14304,12,0,10,0,0
0,127389,127389,watch,3622,3622,3625,120,1,3,3,333320,196641,247097,3040,70855,12328,0,3,82609,114029,0,1,2122,126,2,0,14307,12,0,10,0,0
0,127389,127389,watch,3622,3622,3625,120,1,3,3,333320,196641,247097,3040,70855,12328,0,3,82609,114029,0,1,2122,126,2,0,14308,12,0,10,0,0
0,127389,127389,watch,3622,3622,3625,120,1,3,3,333344,196641,247097,3040,70855,12352,0,3,82609,114029,0,1,2122,126,2,0,14308,12,0,10,0,0
0,127389,127389,watch,3622,3622,3625,120,1,3,3,333351,196641,247097,3040,70855,12359,0,3,82609,114029,0,1,2122,126,2,0,14308,12,0,10,0,0
0,127389,127389,watch,3622,3622,3625,120,1,3,3,333351,196641,247097,3040,70855,12359,0,3,82609,114029,0,1,2122,126,2,0,14308,12,0,10,0,0
0,127389,127389,watch,3622,3622,3625,120,1,3,3,333351,196641,247097,3040,70855,12359,0,3,82609,114029,0,1,2122,126,2,0,14308,12,0,10,0,0
0,127389,127389,watch,3622,3622,3625,120,1,3,3,333351,196641,247097,3040,70855,12359,0,3,82609,114029,0,1,2122,126,2,0,14308,12,0,10,0,0
0,127389,127389,watch,3622,3622,3625,120,1,3,3,333351,196641,247097,3040,70855,12359,0,3,82609,114029,0,1,2122,126,2,0,14308,12,0,10,0,0
0,127389,127389,watch,3622,3622,3625,120,1,3,3,333351,196641,247097,3040,70855,12359,0,3,82609,114029,0,1,2122,126,2,0,14308,12,0,10,0,0
0,127389,127389,watch,3622,3622,3625,120,1,3,3,333351,196641,247097,3040,70855,12359,0,3,82609,114029,0,1,2122,126,2,0,14308,12,0,10,0,0
0,127389,127389,watch,3622,3622,3625,120,1,3,3,333298,196641,246969,3040,70855,12434,0,3,82609,114029,0,1,2122,126,2,0,14431,12,0,10,0,0
0,394,394,sshd-session,3622,3622,3625,120,1,3,3,333293,196641,247225,3040,70855,12173,0,3,82609,114029,0,1,2122,126,2,0,14190,12,0,10,64,0
0,126930,126930,mglru_monitor,3622,3622,3625,120,1,3,3,333362,196641,247033,3040,70855,12434,0,3,82609,114029,0,1,2122,126,2,0,14386,12,0,10,64,0
0,127284,127354,file_anon_mix_p,3622,3622,3625,120,1,3,3,333300,196641,246777,3040,70855,12628,0,3,82609,114029,0,1,2122,126,2,0,14613,12,0,10,64,0
0,127389,127389,watch,3622,3622,3625,120,1,3,3,333236,196641,246713,3040,70855,12628,0,3,82609,114029,0,1,2122,126,2,0,14630,12,0,10,64,0
0,127389,127389,sh,3622,3622,3625,120,1,3,3,332596,196641,245561,3040,70855,13140,0,3,82609,114029,0,1,2122,126,2,0,15810,12,0,10,64,0
0,127284,127354,file_anon_mix_p,3622,3622,3625,120,1,3,3,332724,196641,245689,3040,70855,13140,0,3,82609,114029,0,1,2122,126,2,0,15729,12,0,10,64,0
0,127284,127354,file_anon_mix_p,3622,3622,3625,120,1,3,3,333012,196641,243513,3040,70855,15604,0,3,82609,114029,0,1,2122,126,2,0,17929,12,0,10,64,0
0,127284,127354,file_anon_mix_p,3622,3622,3625,120,1,3,3,333172,196641,243065,3040,70855,16212,0,3,82609,114029,0,1,2122,126,2,0,18379,12,0,10,64,0
0,127284,127354,file_anon_mix_p,3622,3622,3625,120,1,3,3,333556,196641,242425,3040,70855,17236,0,3,82609,114029,0,1,2122,126,2,0,19010,12,0,10,64,0
0,127284,127354,file_anon_mix_p,3622,3622,3625,120,1,3,3,333615,196641,242105,3040,70855,17615,0,3,82609,114029,0,1,2122,126,2,0,19337,12,0,10,64,0
0,127284,127354,file_anon_mix_p,3622,3622,3625,120,1,3,3,333492,196641,241849,3040,70855,17748,0,3,82609,114029,0,1,2122,126,2,0,19548,12,0,10,64,0
0,127284,127354,file_anon_mix_p,3622,3622,3625,120,1,3,3,333551,196641,241529,3040,70855,18127,0,3,82609,114029,0,1,2122,126,2,0,19896,12,0,10,64,0
0,127284,127354,file_anon_mix_p,3622,3622,3625,120,1,3,3,333428,196641,241273,3040,70855,18260,0,3,82609,114029,0,1,2122,126,2,0,20124,12,0,10,64,0
0,127284,127354,file_anon_mix_p,3622,3622,3625,120,1,3,3,333556,196641,240889,3040,70855,18772,0,3,82609,114029,0,1,2122,126,2,0,20553,12,0,10,64,0
0,127284,127354,file_anon_mix_p,3622,3622,3625,120,1,3,3,333615,196641,240569,3040,70855,19151,0,3,82609,114029,0,1,2122,126,2,0,20872,12,0,10,64,0
0,127284,127354,file_anon_mix_p,3622,3622,3625,120,1,3,3,333556,196641,240377,3040,70855,19284,0,3,82609,114029,0,1,2122,126,2,0,21078,12,0,10,64,0
0,127284,127354,file_anon_mix_p,3622,3622,3625,120,1,3,3,333551,196641,239993,3040,70855,19663,0,3,82609,114029,0,1,2122,126,2,0,21412,12,0,10,64,0
0,127284,127354,file_anon_mix_p,3622,3622,3625,120,1,3,3,333492,196641,239801,3040,70855,19796,0,3,82609,114029,0,1,2122,126,2,0,21628,12,0,10,64,0
0,127284,127354,file_anon_mix_p,3622,3622,3625,120,1,3,3,333556,196641,238841,3040,70855,20820,0,3,82609,114029,0,1,2122,126,2,0,22581,12,0,10,64,0
0,127284,127354,file_anon_mix_p,3622,3622,3625,120,1,3,3,333551,196641,238457,3040,70855,21199,0,3,82609,114029,0,1,2122,126,2,0,22952,12,0,10,64,0
0,127284,127354,file_anon_mix_p,3622,3622,3625,120,1,3,3,333492,196641,238265,3040,70855,21332,0,3,82609,114029,0,1,2122,126,2,0,23177,12,0,10,64,0
0,127284,127354,file_anon_mix_p,3622,3622,3625,120,1,3,3,333487,196641,237881,3040,70855,21711,0,3,82609,114029,0,1,2122,126,2,0,23527,12,0,10,64,0
0,127284,127354,file_anon_mix_p,3622,3622,3625,120,1,3,3,333428,196641,237689,3040,70855,21844,0,3,82609,114029,0,1,2122,126,2,0,23756,12,0,10,64,0
0,127284,127354,file_anon_mix_p,3622,3622,3625,120,1,3,3,333556,196641,237305,3040,70855,22356,0,3,82609,114029,0,1,2122,126,2,0,24137,12,0,10,64,0
0,127284,127354,file_anon_mix_p,3622,3622,3625,120,1,3,3,333615,196641,236985,3040,70855,22735,0,3,82609,114029,0,1,2122,126,2,0,24459,12,0,10,64,0
0,127284,127354,file_anon_mix_p,3622,3622,3625,120,1,3,3,333492,196641,236729,3040,70855,22868,0,3,82609,114029,0,1,2122,126,2,0,24669,12,0,10,64,0
0,127284,127354,file_anon_mix_p,3622,3622,3625,120,1,3,3,333551,196641,236409,3040,70855,23247,0,3,82609,114029,0,1,2122,126,2,0,24996,12,0,10,64,0
0,127284,127354,file_anon_mix_p,3622,3622,3625,120,1,3,3,333492,196641,236217,3040,70855,23380,0,3,82609,114029,0,1,2122,126,2,0,25207,12,0,10,64,0
0,127284,127354,file_anon_mix_p,3622,3622,3625,120,1,3,3,333551,196641,235897,3040,70855,23759,0,3,82609,114029,0,1,2122,126,2,0,25538,12,0,10,64,0
0,121783,121783,watch,3622,3622,3625,120,1,3,3,333300,196641,235513,3040,70855,23892,0,3,82609,114029,0,1,2122,126,2,0,25890,12,0,10,64,0
0,127284,127354,file_anon_mix_p,3622,3622,3625,120,1,3,3,333364,196641,235577,3040,70855,23892,0,3,82609,114029,0,1,2122,126,2,0,25821,12,0,10,64,0
0,127284,127354,file_anon_mix_p,3622,3622,3625,120,1,3,3,333172,196641,234873,3040,70855,24404,0,3,82609,114029,0,1,2122,126,2,0,26582,12,0,10,64,0
0,127392,127392,sh,3622,3622,3625,120,1,3,3,332980,196641,234681,3040,70855,24404,0,3,82609,114029,0,1,2122,126,2,0,26740,12,0,10,64,0
0,127284,127354,file_anon_mix_p,3622,3622,3625,120,1,3,3,332800,196641,233849,3040,70855,25056,0,3,82609,114029,0,1,2122,126,2,0,27594,12,0,10,64,0
0,127284,127354,file_anon_mix_p,3622,3622,3625,120,1,3,3,332788,196641,233465,3040,70855,25428,0,3,82609,114029,0,1,2122,126,2,0,27910,12,0,10,64,0
0,127393,127393,cat,3622,3622,3625,120,1,3,3,332672,196641,233721,3040,70855,25056,0,3,82609,114029,0,1,2122,126,2,0,27698,12,0,10,64,0
0,127393,127393,cat,3622,3622,3625,120,1,3,3,332623,196641,232441,3040,70855,26287,0,3,82609,114029,0,1,2122,126,2,0,28938,12,0,10,64,0
0,127284,127354,file_anon_mix_p,3622,3622,3625,120,1,3,3,332751,196641,232569,3040,70855,26287,0,3,82609,114029,0,1,2122,126,2,0,28889,12,0,10,64,0
0,127284,127354,file_anon_mix_p,3622,3622,3625,120,1,3,3,332660,196641,231801,3040,70855,26964,0,3,82609,114029,0,1,2122,126,2,0,29643,12,0,10,64,0
0,127284,127354,file_anon_mix_p,3622,3622,3625,120,1,3,3,332980,196641,231609,3040,70855,27476,0,3,82609,114029,0,1,2122,126,2,0,29817,12,0,10,64,0
0,126677,126677,kworker/0:1,3622,3622,3625,120,1,3,3,333277,196641,231481,3040,70855,27901,0,3,82609,114029,0,1,2122,126,2,0,29970,12,0,10,0,0
0,126677,126677,kworker/0:1,3622,3622,3625,120,1,3,3,333277,196641,231481,3040,70855,27901,0,3,82609,114029,0,1,2122,126,2,0,29970,12,0,10,0,0
0,126677,126677,kworker/0:1,3622,3622,3625,120,1,3,3,333277,196641,231481,3040,70855,27901,0,3,82609,114029,0,1,2122,126,2,0,29970,12,0,10,0,0
0,126677,126677,kworker/0:1,3622,3622,3625,120,1,3,3,333277,196641,231481,3040,70855,27901,0,3,82609,114029,0,1,2122,126,2,0,29970,12,0,10,0,0
0,126677,126677,kworker/0:1,3622,3622,3625,120,1,3,3,333277,196641,231481,3040,70855,27901,0,3,82609,114029,0,1,2122,126,2,0,29970,12,0,10,0,0
0,126677,126677,kworker/0:1,3622,3622,3625,120,1,3,3,333277,196641,231481,3040,70855,27901,0,3,82609,114029,0,1,2122,126,2,0,29970,12,0,10,0,0
0,126677,126677,kworker/0:1,3622,3622,3625,120,1,3,3,333277,196641,231481,3040,70855,27901,0,3,82609,114029,0,1,2122,126,2,0,29970,12,0,10,0,0
0,126677,126677,kworker/0:1,3622,3622,3625,120,1,3,3,333277,196641,231481,3040,70855,27901,0,3,82609,114029,0,1,2122,126,2,0,29970,12,0,10,0,0
0,126677,126677,kworker/0:1,3622,3622,3625,120,1,3,3,333277,196641,231481,3040,70855,27901,0,3,82609,114029,0,1,2122,126,2,0,29970,12,0,10,0,0
0,126677,126677,kworker/0:1,3622,3622,3625,120,1,3,3,333277,196641,231481,3040,70855,27901,0,3,82609,114029,0,1,2122,126,2,0,29970,12,0,10,0,0
0,126677,126677,kworker/0:1,3622,3622,3625,120,1,3,3,333277,196641,231481,3040,70855,27901,0,3,82609,114029,0,1,2122,126,2,0,29970,12,0,10,0,0
0,126677,126677,kworker/0:1,3622,3622,3625,120,1,3,3,333277,196641,231481,3040,70855,27901,0,3,82609,114029,0,1,2122,126,2,0,29970,12,0,10,0,0
0,126677,126677,kworker/0:1,3622,3622,3625,120,1,3,3,333336,196641,231481,3040,70855,27960,0,3,82609,114029,0,1,2122,126,2,0,29971,12,0,10,0,0
0,126677,126677,kworker/0:1,3622,3622,3625,120,1,3,3,333336,196641,231481,3040,70855,27960,0,3,82609,114029,0,1,2122,126,2,0,29973,12,0,10,0,0
0,126677,126677,kworker/0:1,3622,3622,3625,120,1,3,3,333336,196641,231481,3040,70855,27960,0,3,82609,114029,0,1,2122,126,2,0,29976,12,0,10,0,0
0,126677,126677,kworker/0:1,3622,3622,3625,120,1,3,3,333336,196641,231481,3040,70855,27960,0,3,82609,114029,0,1,2122,126,2,0,29979,12,0,10,0,0
0,126677,126677,kworker/0:1,3622,3622,3625,120,1,3,3,333336,196641,231481,3040,70855,27960,0,3,82609,114029,0,1,2122,126,2,0,29980,12,0,10,0,0
0,126677,126677,kworker/0:1,3622,3622,3625,120,1,3,3,333272,196641,231417,3040,70855,27960,0,3,82609,114029,0,1,2122,126,2,0,29982,12,0,10,0,0
0,126677,126677,kworker/0:1,3622,3622,3625,120,1,3,3,333272,196641,231417,3040,70855,27960,0,3,82609,114029,0,1,2122,126,2,0,29982,12,0,10,0,0
0,126677,126677,kworker/0:1,3622,3622,3625,120,1,3,3,333272,196641,231417,3040,70855,27960,0,3,82609,114029,0,1,2122,126,2,0,29982,12,0,10,0,0
0,126677,126677,kworker/0:1,3622,3622,3625,120,1,3,3,333272,196641,231417,3040,70855,27960,0,3,82609,114029,0,1,2122,126,2,0,29982,12,0,10,0,0
0,126677,126677,kworker/0:1,3622,3622,3625,120,1,3,3,333272,196641,231417,3040,70855,27960,0,3,82609,114029,0,1,2122,126,2,0,29982,12,0,10,0,0
0,126677,126677,kworker/0:1,3622,3622,3625,120,1,3,3,333272,196641,231417,3040,70855,27960,0,3,82609,114029,0,1,2122,126,2,0,29982,12,0,10,0,0
0,126677,126677,kworker/0:1,3622,3622,3625,120,1,3,3,333272,196641,231417,3040,70855,27960,0,3,82609,114029,0,1,2122,126,2,0,29983,12,0,10,0,0
0,126677,126677,kworker/0:1,3622,3622,3625,120,1,3,3,333272,196641,231417,3040,70855,27960,0,3,82609,114029,0,1,2122,126,2,0,29985,12,0,10,0,0
0,126677,126677,kworker/0:1,3622,3622,3625,120,1,3,3,333236,196641,231353,3040,70855,27988,0,3,82609,114029,0,1,2122,126,2,0,29998,12,0,10,0,0
0,126677,126677,kworker/0:1,3622,3622,3625,120,1,3,3,333172,196641,231289,3040,70855,27988,0,3,82609,114029,0,1,2122,126,2,0,30020,12,0,10,0,0
0,126677,126677,kworker/0:1,3622,3622,3625,120,1,3,3,333149,196641,231266,3040,70855,27988,0,3,82609,114029,0,1,2122,126,2,0,30020,12,0,10,0,0
0,126677,126677,kworker/0:1,3622,3622,3625,120,1,3,3,333108,196641,231225,3040,70855,27988,0,3,82609,114029,0,1,2122,126,2,0,30020,12,0,10,0,0
0,126677,126677,kworker/0:1,3622,3622,3625,120,1,3,3,333108,196641,231225,3040,70855,27988,0,3,82609,114029,0,1,2122,126,2,0,30020,12,0,10,0,0
0,126677,126677,kworker/0:1,3622,3622,3625,120,1,3,3,333108,196641,231225,3040,70855,27988,0,3,82609,114029,0,1,2122,126,2,0,30022,12,0,10,0,0
0,126677,126677,kworker/0:1,3622,3622,3625,120,1,3,3,333108,196641,231225,3040,70855,27988,0,3,82609,114029,0,1,2122,126,2,0,30025,12,0,10,0,0
0,126677,126677,kworker/0:1,3622,3622,3625,120,1,3,3,333108,196641,231225,3040,70855,27988,0,3,82609,114029,0,1,2122,126,2,0,30027,12,0,10,0,0
0,126677,126677,kworker/0:1,3622,3622,3625,120,1,3,3,333108,196641,231225,3040,70855,27988,0,3,82609,114029,0,1,2122,126,2,0,30030,12,0,10,0,0
0,126677,126677,kworker/0:1,3622,3622,3625,120,1,3,3,333108,196641,231225,3040,70855,27988,0,3,82609,114029,0,1,2122,126,2,0,30032,12,0,10,0,0
0,126677,126677,kworker/0:1,3622,3622,3625,120,1,3,3,333108,196641,231225,3040,70855,27988,0,3,82609,114029,0,1,2122,126,2,0,30034,12,0,10,0,0
0,126677,126677,kworker/0:1,3622,3622,3625,120,1,3,3,333108,196641,231225,3040,70855,27988,0,3,82609,114029,0,1,2122,126,2,0,30037,12,0,10,0,0
0,126677,126677,kworker/0:1,3622,3622,3625,120,1,3,3,333108,196641,231225,3040,70855,27988,0,3,82609,114029,0,1,2122,126,2,0,30037,12,0,10,0,0
0,126677,126677,kworker/0:1,3622,3622,3625,120,1,3,3,333108,196641,231225,3040,70855,27988,0,3,82609,114029,0,1,2122,126,2,0,30051,12,0,10,0,0
0,126677,126677,kworker/0:1,3622,3622,3625,120,1,3,3,333108,196641,231225,3040,70855,27988,0,3,82609,114029,0,1,2122,126,2,0,30054,12,0,10,0,0
0,126677,126677,kworker/0:1,3622,3622,3625,120,1,3,3,333108,196641,231225,3040,70855,27988,0,3,82609,114029,0,1,2122,126,2,0,30057,12,0,10,0,0
0,126677,126677,kworker/0:1,3622,3622,3625,120,1,3,3,333108,196641,231225,3040,70855,27988,0,3,82609,114029,0,1,2122,126,2,0,30059,12,0,10,0,0
0,126677,126677,kworker/0:1,3622,3622,3625,120,1,3,3,333108,196641,231225,3040,70855,27988,0,3,82609,114029,0,1,2122,126,2,0,30062,12,0,10,0,0
0,126677,126677,kworker/0:1,3622,3622,3625,120,1,3,3,333108,196641,231225,3040,70855,27988,0,3,82609,114029,0,1,2122,126,2,0,30064,12,0,10,0,0
0,126677,126677,kworker/0:1,3622,3622,3625,120,1,3,3,333108,196641,231225,3040,70855,27988,0,3,82609,114029,0,1,2122,126,2,0,30067,12,0,10,0,0
0,126677,126677,kworker/0:1,3622,3622,3625,120,1,3,3,333108,196641,231225,3040,70855,27988,0,3,82609,114029,0,1,2122,126,2,0,30070,12,0,10,0,0
0,126677,126677,kworker/0:1,3622,3622,3625,120,1,3,3,333108,196641,231225,3040,70855,27988,0,3,82609,114029,0,1,2122,126,2,0,30072,12,0,10,0,0
0,126677,126677,kworker/0:1,3622,3622,3625,120,1,3,3,333108,196641,231225,3040,70855,27988,0,3,82609,114029,0,1,2122,126,2,0,30075,12,0,10,0,0
0,126677,126677,kworker/0:1,3622,3622,3625,120,1,3,3,333108,196641,231225,3040,70855,27988,0,3,82609,114029,0,1,2122,126,2,0,30077,12,0,10,0,0
0,126677,126677,kworker/0:1,3622,3622,3625,120,1,3,3,333108,196641,231225,3040,70855,27988,0,3,82609,114029,0,1,2122,126,2,0,30078,12,0,10,0,0
0,126677,126677,kworker/0:1,3622,3622,3625,120,1,3,3,333108,196641,231225,3040,70855,27988,0,3,82609,114029,0,1,2122,126,2,0,30081,12,0,10,0,0
0,126677,126677,kworker/0:1,3622,3622,3625,120,1,3,3,333044,196641,231161,3040,70855,27988,0,3,82609,114029,0,1,2122,126,2,0,30106,12,0,10,0,0
0,126677,126677,kworker/0:1,3622,3622,3625,120,1,3,3,333044,196641,231161,3040,70855,27988,0,3,82609,114029,0,1,2122,126,2,0,30129,12,0,10,0,0
0,126677,126677,kworker/0:1,3622,3622,3625,120,1,3,3,333043,196641,231160,3040,70855,27988,0,3,82609,114029,0,1,2122,126,2,0,30131,12,0,10,0,0
0,126677,126677,kworker/0:1,3622,3622,3625,120,1,3,3,332980,196641,231097,3040,70855,27988,0,3,82609,114029,0,1,2122,126,2,0,30133,12,0,10,0,0
0,126677,126677,kworker/0:1,3622,3622,3625,120,1,3,3,332980,196641,231097,3040,70855,27988,0,3,82609,114029,0,1,2122,126,2,0,30134,12,0,10,0,0
0,126677,126677,kworker/0:1,3622,3622,3625,120,1,3,3,332980,196641,231097,3040,70855,27988,0,3,82609,114029,0,1,2122,126,2,0,30136,12,0,10,0,0
0,126677,126677,kworker/0:1,3622,3622,3625,120,1,3,3,332980,196641,231097,3040,70855,27988,0,3,82609,114029,0,1,2122,126,2,0,30139,12,0,10,0,0
0,126677,126677,kworker/0:1,3622,3622,3625,120,1,3,3,332980,196641,231097,3040,70855,27988,0,3,82609,114029,0,1,2122,126,2,0,30141,12,0,10,0,0
0,126677,126677,kworker/0:1,3622,3622,3625,120,1,3,3,332980,196641,231097,3040,70855,27988,0,3,82609,114029,0,1,2122,126,2,0,30144,12,0,10,0,0
0,126677,126677,kworker/0:1,3622,3622,3625,120,1,3,3,332980,196641,231097,3040,70855,27988,0,3,82609,114029,0,1,2122,126,2,0,30147,12,0,10,0,0
0,126677,126677,kworker/0:1,3622,3622,3625,120,1,3,3,332980,196641,231097,3040,70855,27988,0,3,82609,114029,0,1,2122,126,2,0,30149,12,0,10,0,0
0,126677,126677,kworker/0:1,3622,3622,3625,120,1,3,3,332980,196641,231097,3040,70855,27988,0,3,82609,114029,0,1,2122,126,2,0,30151,12,0,10,0,0
0,126677,126677,kworker/0:1,3622,3622,3625,120,1,3,3,332980,196641,231097,3040,70855,27988,0,3,82609,114029,0,1,2122,126,2,0,30153,12,0,10,0,0
0,126677,126677,kworker/0:1,3622,3622,3625,120,1,3,3,332980,196641,231097,3040,70855,27988,0,3,82609,114029,0,1,2122,126,2,0,30178,12,0,10,0,0
0,126677,126677,kworker/0:1,3622,3622,3625,120,1,3,3,332980,196641,231097,3040,70855,27988,0,3,82609,114029,0,1,2122,126,2,0,30178,12,0,10,0,0
0,126677,126677,kworker/0:1,3622,3622,3625,120,1,3,3,332980,196641,231097,3040,70855,27988,0,3,82609,114029,0,1,2122,126,2,0,30178,12,0,10,0,0
0,126677,126677,kworker/0:1,3622,3622,3625,120,1,3,3,332980,196641,231097,3040,70855,27988,0,3,82609,114029,0,1,2122,126,2,0,30186,12,0,10,0,0
0,126677,126677,kworker/0:1,3622,3622,3625,120,1,3,3,332980,196641,231097,3040,70855,27988,0,3,82609,114029,0,1,2122,126,2,0,30189,12,0,10,0,0
0,126677,126677,kworker/0:1,3622,3622,3625,120,1,3,3,332980,196641,231097,3040,70855,27988,0,3,82609,114029,0,1,2122,126,2,0,30192,12,0,10,0,0
0,126677,126677,kworker/0:1,3622,3622,3625,120,1,3,3,332980,196641,231097,3040,70855,27988,0,3,82609,114029,0,1,2122,126,2,0,30195,12,0,10,0,0
0,126677,126677,kworker/0:1,3622,3622,3625,120,1,3,3,332980,196641,231097,3040,70855,27988,0,3,82609,114029,0,1,2122,126,2,0,30196,12,0,10,0,0
0,126677,126677,kworker/0:1,3622,3622,3625,120,1,3,3,332980,196641,231097,3040,70855,27988,0,3,82609,114029,0,1,2122,126,2,0,30199,12,0,10,0,0
0,126677,126677,kworker/0:1,3622,3622,3625,120,1,3,3,332980,196641,231097,3040,70855,27988,0,3,82609,114029,0,1,2122,126,2,0,30201,12,0,10,0,0
0,126677,126677,kworker/0:1,3622,3622,3625,120,1,3,3,332980,196641,231097,3040,70855,27988,0,3,82609,114029,0,1,2122,126,2,0,30204,12,0,10,0,0
0,126677,126677,kworker/0:1,3622,3622,3625,120,1,3,3,332980,196641,231097,3040,70855,27988,0,3,82609,114029,0,1,2122,126,2,0,30206,12,0,10,0,0
0,126677,126677,kworker/0:1,3622,3622,3625,120,1,3,3,332980,196641,231097,3040,70855,27988,0,3,82609,114029,0,1,2122,126,2,0,30209,12,0,10,0,0
0,126677,126677,kworker/0:1,3622,3622,3625,120,1,3,3,332980,196641,231097,3040,70855,27988,0,3,82609,114029,0,1,2122,126,2,0,30236,12,0,10,0,0
0,126677,126677,kworker/0:1,3622,3622,3625,120,1,3,3,332980,196641,231097,3040,70855,27988,0,3,82609,114029,0,1,2122,126,2,0,30252,12,0,10,0,0
0,1,1,systemd,3622,3622,3625,120,1,3,3,333236,196641,231353,3040,70855,27988,0,3,82609,114029,0,1,2122,126,2,0,29998,12,0,10,64,0
0,126677,126677,kworker/0:1,3622,3622,3625,120,1,3,3,332980,196641,231097,3040,70855,27988,0,3,82609,114029,0,1,2122,126,2,0,30254,12,0,10,0,0
0,126677,126677,kworker/0:1,3622,3622,3625,120,1,3,3,332980,196641,231097,3040,70855,27988,0,3,82609,114029,0,1,2122,126,2,0,30254,12,0,10,0,0
0,126677,126677,kworker/0:1,3622,3622,3625,120,1,3,3,332980,196641,231097,3040,70855,27988,0,3,82609,114029,0,1,2122,126,2,0,30255,12,0,10,0,0
0,126677,126677,kworker/0:1,3622,3622,3625,120,1,3,3,332980,196641,231097,3040,70855,27988,0,3,82609,114029,0,1,2122,126,2,0,30257,12,0,10,0,0
0,126677,126677,kworker/0:1,3622,3622,3625,120,1,3,3,332980,196641,231097,3040,70855,27988,0,3,82609,114029,0,1,2122,126,2,0,30260,12,0,10,0,0
0,126677,126677,kworker/0:1,3622,3622,3625,120,1,3,3,332980,196641,231097,3040,70855,27988,0,3,82609,114029,0,1,2122,126,2,0,30263,12,0,10,0,0
0,126677,126677,kworker/0:1,3622,3622,3625,120,1,3,3,332980,196641,231097,3040,70855,27988,0,3,82609,114029,0,1,2122,126,2,0,30265,12,0,10,0,0
0,126677,126677,kworker/0:1,3622,3622,3625,120,1,3,3,332980,196641,231097,3040,70855,27988,0,3,82609,114029,0,1,2122,126,2,0,30268,12,0,10,0,0
0,126677,126677,kworker/0:1,3622,3622,3625,120,1,3,3,332980,196641,231097,3040,70855,27988,0,3,82609,114029,0,1,2122,126,2,0,30269,12,0,10,0,0
0,126677,126677,kworker/0:1,3622,3622,3625,120,1,3,3,332980,196641,231097,3040,70855,27988,0,3,82609,114029,0,1,2122,126,2,0,30269,12,0,10,0,0
0,126677,126677,kworker/0:1,3622,3622,3625,120,1,3,3,332980,196641,231097,3040,70855,27988,0,3,82609,114029,0,1,2122,126,2,0,30269,12,0,10,0,0
0,126677,126677,kworker/0:1,3622,3622,3625,120,1,3,3,332980,196641,231097,3040,70855,27988,0,3,82609,114029,0,1,2122,126,2,0,30284,12,0,10,0,0
0,126677,126677,kworker/0:1,3622,3622,3625,120,1,3,3,332980,196641,231097,3040,70855,27988,0,3,82609,114029,0,1,2122,126,2,0,30284,12,0,10,0,0
0,126677,126677,kworker/0:1,3622,3622,3625,120,1,3,3,332980,196641,231097,3040,70855,27988,0,3,82609,114029,0,1,2122,126,2,0,30284,12,0,10,0,0
0,126677,126677,kworker/0:1,3622,3622,3625,120,1,3,3,332980,196641,231097,3040,70855,27988,0,3,82609,114029,0,1,2122,126,2,0,30284,12,0,10,0,0
0,126677,126677,kworker/0:1,3622,3622,3625,120,1,3,3,332980,196641,231097,3040,70855,27988,0,3,82609,114029,0,1,2122,126,2,0,30284,12,0,10,0,0
0,126677,126677,kworker/0:1,3622,3622,3625,120,1,3,3,332980,196641,231097,3040,70855,27988,0,3,82609,114029,0,1,2122,126,2,0,30284,12,0,10,0,0
0,126677,126677,kworker/0:1,3622,3622,3625,120,1,3,3,332980,196641,231097,3040,70855,27988,0,3,82609,114029,0,1,2122,126,2,0,30286,12,0,10,0,0
0,126677,126677,kworker/0:1,3622,3622,3625,120,1,3,3,332980,196641,231097,3040,70855,27988,0,3,82609,114029,0,1,2122,126,2,0,30288,12,0,10,0,0
0,126677,126677,kworker/0:1,3622,3622,3625,120,1,3,3,332980,196641,231097,3040,70855,27988,0,3,82609,114029,0,1,2122,126,2,0,30291,12,0,10,0,0
0,126677,126677,kworker/0:1,3622,3622,3625,120,1,3,3,332980,196641,231097,3040,70855,27988,0,3,82609,114029,0,1,2122,126,2,0,30293,12,0,10,0,0
0,126677,126677,kworker/0:1,3622,3622,3625,120,1,3,3,332980,196641,231097,3040,70855,27988,0,3,82609,114029,0,1,2122,126,2,0,30295,12,0,10,0,0
0,126677,126677,kworker/0:1,3622,3622,3625,120,1,3,3,332980,196641,231097,3040,70855,27988,0,3,82609,114029,0,1,2122,126,2,0,30298,12,0,10,0,0
0,126677,126677,kworker/0:1,3622,3622,3625,120,1,3,3,332980,196641,231097,3040,70855,27988,0,3,82609,114029,0,1,2122,126,2,0,30300,12,0,10,0,0
0,126677,126677,kworker/0:1,3622,3622,3625,120,1,3,3,332980,196641,231097,3040,70855,27988,0,3,82609,114029,0,1,2122,126,2,0,30312,12,0,10,0,0
0,127284,127354,file_anon_mix_p,3622,3622,3625,120,1,3,3,333300,196641,231417,3040,70855,27988,0,3,82609,114029,0,1,2122,126,2,0,29998,12,0,10,64,0
0,92,92,systemd-journal,3622,3622,3625,120,1,3,3,333172,196641,231289,3040,70855,27988,0,3,82609,114029,0,1,2122,126,2,0,30020,12,0,10,64,0
0,130,130,systemd-udevd,3622,3622,3625,120,1,3,3,333108,196641,231225,3040,70855,27988,0,3,82609,114029,0,1,2122,126,2,0,30102,12,0,10,64,0
0,1,1,systemd,3622,3622,3625,120,1,3,3,332915,196641,230905,3040,70855,28115,0,3,82609,114029,0,1,2122,126,2,0,30419,12,0,10,64,0
0,127284,127354,file_anon_mix_p,3622,3622,3625,120,1,3,3,333043,196641,231033,3040,70855,28115,0,3,82609,114029,0,1,2122,126,2,0,30408,12,0,10,64,0
0,92,92,systemd-journal,3622,3622,3625,120,1,3,3,333029,196641,231019,3040,70855,28115,0,3,82609,114029,0,1,2122,126,2,0,30408,12,0,10,64,0
0,1,1,systemd,3622,3622,3625,120,1,3,3,332578,196641,230393,3040,70855,28290,0,3,82609,114029,0,1,2122,126,2,0,30956,12,0,10,64,0
0,394,394,sshd-session,3622,3622,3625,120,1,3,3,332755,196641,230585,3040,70855,28275,0,3,82609,114029,0,1,2122,126,2,0,30863,12,0,10,64,0
0,127284,127354,file_anon_mix_p,3622,3622,3625,120,1,3,3,332642,196641,230457,3040,70855,28290,0,3,82609,114029,0,1,2122,126,2,0,30914,12,0,10,64,0
0,127284,127354,file_anon_mix_p,3622,3622,3625,120,1,3,3,332276,196641,229881,3040,70855,28500,0,3,82609,114029,0,1,2122,126,2,0,31538,12,0,10,64,0
0,127284,127354,file_anon_mix_p,3622,3622,3625,120,1,3,3,332362,196641,229561,3040,70855,28906,0,3,82609,114029,0,1,2122,126,2,0,31868,12,0,10,64,0
0,1,1,systemd,3622,3622,3625,120,1,3,3,332362,196641,229561,3040,70855,28906,0,3,82609,114029,0,1,2122,126,2,0,31868,12,0,10,64,0
0,127284,127354,file_anon_mix_p,3622,3622,3625,120,1,3,3,332256,196641,229049,3040,70855,29312,0,3,82609,114029,0,1,2122,126,2,0,32373,12,0,10,64,0
0,127284,127354,file_anon_mix_p,3622,3622,3625,120,1,3,3,332148,196641,228729,3040,70855,29524,0,3,82609,114029,0,1,2122,126,2,0,32670,12,0,10,64,0
0,127284,127354,file_anon_mix_p,3622,3622,3625,120,1,3,3,332276,196641,228345,3040,70855,30036,0,3,82609,114029,0,1,2122,126,2,0,33066,12,0,10,64,0
0,127284,127354,file_anon_mix_p,3622,3622,3625,120,1,3,3,332468,196641,228025,3040,70855,30548,0,3,82609,114029,0,1,2122,126,2,0,33408,12,0,10,64,0
0,127284,127354,file_anon_mix_p,3622,3622,3625,120,1,3,3,332527,196641,227705,3040,70855,30927,0,3,82609,114029,0,1,2122,126,2,0,33732,12,0,10,64,0
0,127284,127354,file_anon_mix_p,3622,3622,3625,120,1,3,3,332340,196641,227385,3040,70855,31060,0,3,82609,114029,0,1,2122,126,2,0,34012,12,0,10,64,0
0,127284,127354,file_anon_mix_p,3622,3622,3625,120,1,3,3,332392,196641,227065,3040,70855,31432,0,3,82609,114029,0,1,2122,126,2,0,34358,12,0,10,64,0
0,127284,127354,file_anon_mix_p,3622,3622,3625,120,1,3,3,332326,196641,226809,3040,70855,31622,0,3,82609,114029,0,1,2122,126,2,0,34609,12,0,10,64,0
0,127284,127354,file_anon_mix_p,3622,3622,3625,120,1,3,3,332439,196641,226425,3040,70855,32119,0,3,82609,114029,0,1,2122,126,2,0,35030,12,0,10,64,0
0,127284,127354,file_anon_mix_p,3622,3622,3625,120,1,3,3,332503,196641,226041,3040,70855,32567,0,3,82609,114029,0,1,2122,126,2,0,35377,12,0,10,64,0
0,127284,127354,file_anon_mix_p,3622,3622,3625,120,1,3,3,332276,196641,225785,3040,70855,32596,0,3,82609,114029,0,1,2122,126,2,0,35613,12,0,10,64,0
0,127284,127354,file_anon_mix_p,3622,3622,3625,120,1,3,3,332369,196641,225401,3040,70855,33073,0,3,82609,114029,0,1,2122,126,2,0,35996,12,0,10,64,0
0,127284,127354,file_anon_mix_p,3622,3622,3625,120,1,3,3,332429,196641,225145,3040,70855,33389,0,3,82609,114029,0,1,2122,126,2,0,36266,12,0,10,64,0
0,127284,127354,file_anon_mix_p,3622,3622,3625,120,1,3,3,332404,196641,224889,3040,70855,33620,0,3,82609,114029,0,1,2122,126,2,0,36522,12,0,10,64,0
0,127284,127354,file_anon_mix_p,3622,3622,3625,120,1,3,3,332527,196641,224633,3040,70855,33999,0,3,82609,114029,0,1,2122,126,2,0,36813,12,0,10,64,0
0,121783,121783,watch,3622,3622,3625,120,1,3,3,332502,196641,224313,3040,70855,34294,0,3,82609,114029,0,1,2122,126,2,0,37089,12,0,10,64,0
0,121783,121783,watch,3622,3622,3625,120,1,3,3,332497,196641,224121,3040,70855,34481,0,3,82609,114029,0,1,2122,126,2,0,37314,12,0,10,64,0
0,127395,127395,watch,3622,3622,3625,120,1,3,3,332394,196641,223801,3040,70855,34698,0,3,82609,114029,0,1,2122,126,2,0,37653,12,0,10,64,0
0,127395,127395,watch,3622,3622,3625,120,1,3,3,332096,196641,223417,3040,70855,34784,0,3,82609,114029,0,1,2122,126,2,0,37955,12,0,10,64,0
0,126930,126930,mglru_monitor,3622,3622,3625,120,1,3,3,332032,196641,223353,3040,70855,34784,0,3,82609,114029,0,1,2122,126,2,0,37997,12,0,10,64,0
0,127284,127354,file_anon_mix_p,3622,3622,3625,120,1,3,3,332288,196641,223609,3040,70855,34784,0,3,82609,114029,0,1,2122,126,2,0,37797,12,0,10,64,0
0,127396,127396,cat,3622,3622,3625,120,1,3,3,331589,196641,221817,3040,70855,35877,0,3,82609,114029,0,1,2122,126,2,0,39623,12,0,10,64,0
0,127284,127354,file_anon_mix_p,3622,3622,3625,120,1,3,3,331764,196641,220665,3040,70855,37204,0,3,82609,114029,0,1,2122,126,2,0,40783,12,0,10,64,0
0,127284,127354,file_anon_mix_p,3622,3622,3625,120,1,3,3,331800,196641,220217,3040,70855,37688,0,3,82609,114029,0,1,2122,126,2,0,41180,12,0,10,64,0
0,127284,127354,file_anon_mix_p,3622,3622,3625,120,1,3,3,331984,196641,219897,3040,70855,38192,0,3,82609,114029,0,1,2122,126,2,0,41547,12,0,10,64,0
0,127284,127354,file_anon_mix_p,3622,3622,3625,120,1,3,3,331828,196641,219705,3040,70855,38228,0,3,82609,114029,0,1,2122,126,2,0,41706,12,0,10,64,0
0,127284,127354,file_anon_mix_p,3622,3622,3625,120,1,3,3,331700,196641,219065,3040,70855,38740,0,3,82609,114029,0,1,2122,126,2,0,42388,12,0,10,64,0
0,127284,127354,file_anon_mix_p,3622,3622,3625,120,1,3,3,331715,196641,218617,3040,70855,39203,0,3,82609,114029,0,1,2122,126,2,0,42825,12,0,10,64,0
0,127284,127354,file_anon_mix_p,3622,3622,3625,120,1,3,3,331772,196641,218169,3040,70855,39708,0,3,82609,114029,0,1,2122,126,2,0,43242,12,0,10,64,0
0,127284,127354,file_anon_mix_p,3622,3622,3625,120,1,3,3,331957,196641,217849,3040,70855,40213,0,3,82609,114029,0,1,2122,126,2,0,43583,12,0,10,64,0
0,127284,127354,file_anon_mix_p,3622,3622,3625,120,1,3,3,331764,196641,217593,3040,70855,40276,0,3,82609,114029,0,1,2122,126,2,0,43807,12,0,10,64,0
0,127284,127354,file_anon_mix_p,3622,3622,3625,120,1,3,3,331886,196641,217209,3040,70855,40782,0,3,82609,114029,0,1,2122,126,2,0,44212,12,0,10,64,0
0,127284,127354,file_anon_mix_p,3622,3622,3625,120,1,3,3,332007,196641,216825,3040,70855,41287,0,3,82609,114029,0,1,2122,126,2,0,44573,12,0,10,64,0
0,127284,127354,file_anon_mix_p,3622,3622,3625,120,1,3,3,331892,196641,216697,3040,70855,41300,0,3,82609,114029,0,1,2122,126,2,0,44709,12,0,10,64,0
0,127284,127354,file_anon_mix_p,3622,3622,3625,120,1,3,3,332065,196641,216377,3040,70855,41793,0,3,82609,114029,0,1,2122,126,2,0,45077,12,0,10,64,0
0,127284,127354,file_anon_mix_p,3622,3622,3625,120,1,3,3,331892,196641,216185,3040,70855,41812,0,3,82609,114029,0,1,2122,126,2,0,45213,12,0,10,64,0
0,127284,127354,file_anon_mix_p,3622,3622,3625,120,1,3,3,332059,196641,215865,3040,70855,42299,0,3,82609,114029,0,1,2122,126,2,0,45570,12,0,10,64,0
0,127284,127354,file_anon_mix_p,3622,3622,3625,120,1,3,3,331956,196641,215737,3040,70855,42324,0,3,82609,114029,0,1,2122,126,2,0,45712,12,0,10,64,0
0,127284,127354,file_anon_mix_p,3622,3622,3625,120,1,3,3,332053,196641,215353,3040,70855,42805,0,3,82609,114029,0,1,2122,126,2,0,46061,12,0,10,64,0
0,127284,127354,file_anon_mix_p,3622,3622,3625,120,1,3,3,331956,196641,215225,3040,70855,42836,0,3,82609,114029,0,1,2122,126,2,0,46222,12,0,10,64,0
0,127284,127354,file_anon_mix_p,3622,3622,3625,120,1,3,3,332047,196641,214841,3040,70855,43311,0,3,82609,114029,0,1,2122,126,2,0,46568,12,0,10,64,0
0,126677,126677,kworker/0:1,3622,3622,3625,120,1,3,3,331828,196641,214585,3040,70855,43348,0,3,82609,114029,0,1,2122,126,2,0,46850,12,0,10,0,0
0,126677,126677,kworker/0:1,3622,3622,3625,120,1,3,3,331828,196641,214585,3040,70855,43348,0,3,82609,114029,0,1,2122,126,2,0,46855,12,0,10,0,0
0,126677,126677,kworker/0:1,3622,3622,3625,120,1,3,3,331828,196641,214585,3040,70855,43348,0,3,82609,114029,0,1,2122,126,2,0,46858,12,0,10,0,0
0,126677,126677,kworker/0:1,3622,3622,3625,120,1,3,3,331828,196641,214585,3040,70855,43348,0,3,82609,114029,0,1,2122,126,2,0,46861,12,0,10,0,0
0,126677,126677,kworker/0:1,3622,3622,3625,120,1,3,3,331828,196641,214585,3040,70855,43348,0,3,82609,114029,0,1,2122,126,2,0,46863,12,0,10,0,0
0,126677,126677,kworker/0:1,3622,3622,3625,120,1,3,3,331828,196641,214585,3040,70855,43348,0,3,82609,114029,0,1,2122,126,2,0,46866,12,0,10,0,0
0,126677,126677,kworker/0:1,3622,3622,3625,120,1,3,3,331828,196641,214585,3040,70855,43348,0,3,82609,114029,0,1,2122,126,2,0,46867,12,0,10,0,0
0,126677,126677,kworker/0:1,3622,3622,3625,120,1,3,3,331828,196641,214585,3040,70855,43348,0,3,82609,114029,0,1,2122,126,2,0,46868,12,0,10,0,0
0,126677,126677,kworker/0:1,3622,3622,3625,120,1,3,3,331764,196641,214521,3040,70855,43348,0,3,82609,114029,0,1,2122,126,2,0,46870,12,0,10,0,0
0,126677,126677,kworker/0:1,3622,3622,3625,120,1,3,3,331764,196641,214521,3040,70855,43348,0,3,82609,114029,0,1,2122,126,2,0,46872,12,0,10,0,0
0,126677,126677,kworker/0:1,3622,3622,3625,120,1,3,3,331764,196641,214521,3040,70855,43348,0,3,82609,114029,0,1,2122,126,2,0,46875,12,0,10,0,0
0,126677,126677,kworker/0:1,3622,3622,3625,120,1,3,3,331764,196641,214521,3040,70855,43348,0,3,82609,114029,0,1,2122,126,2,0,46877,12,0,10,0,0
0,126677,126677,kworker/0:1,3622,3622,3625,120,1,3,3,331764,196641,214521,3040,70855,43348,0,3,82609,114029,0,1,2122,126,2,0,46893,12,0,10,0,0
0,126677,126677,kworker/0:1,3622,3622,3625,120,1,3,3,331764,196641,214521,3040,70855,43348,0,3,82609,114029,0,1,2122,126,2,0,46897,12,0,10,0,0
0,126677,126677,kworker/0:1,3622,3622,3625,120,1,3,3,331764,196641,214521,3040,70855,43348,0,3,82609,114029,0,1,2122,126,2,0,46900,12,0,10,0,0
0,126677,126677,kworker/0:1,3622,3622,3625,120,1,3,3,331764,196641,214521,3040,70855,43348,0,3,82609,114029,0,1,2122,126,2,0,46903,12,0,10,0,0
0,126677,126677,kworker/0:1,3622,3622,3625,120,1,3,3,331764,196641,214521,3040,70855,43348,0,3,82609,114029,0,1,2122,126,2,0,46905,12,0,10,0,0
0,126677,126677,kworker/0:1,3622,3622,3625,120,1,3,3,331764,196641,214521,3040,70855,43348,0,3,82609,114029,0,1,2122,126,2,0,46908,12,0,10,0,0
0,126677,126677,kworker/0:1,3622,3622,3625,120,1,3,3,331764,196641,214521,3040,70855,43348,0,3,82609,114029,0,1,2122,126,2,0,46910,12,0,10,0,0
0,126677,126677,kworker/0:1,3622,3622,3625,120,1,3,3,331764,196641,214521,3040,70855,43348,0,3,82609,114029,0,1,2122,126,2,0,46913,12,0,10,0,0
0,126677,126677,kworker/0:1,3622,3622,3625,120,1,3,3,331764,196641,214521,3040,70855,43348,0,3,82609,114029,0,1,2122,126,2,0,46915,12,0,10,0,0
0,126677,126677,kworker/0:1,3622,3622,3625,120,1,3,3,331764,196641,214521,3040,70855,43348,0,3,82609,114029,0,1,2122,126,2,0,46918,12,0,10,0,0
0,126677,126677,kworker/0:1,3622,3622,3625,120,1,3,3,331764,196641,214521,3040,70855,43348,0,3,82609,114029,0,1,2122,126,2,0,46920,12,0,10,0,0
0,126677,126677,kworker/0:1,3622,3622,3625,120,1,3,3,331764,196641,214521,3040,70855,43348,0,3,82609,114029,0,1,2122,126,2,0,46924,12,0,10,0,0
0,126677,126677,kworker/0:1,3622,3622,3625,120,1,3,3,331764,196641,214521,3040,70855,43348,0,3,82609,114029,0,1,2122,126,2,0,46926,12,0,10,0,0
0,127284,127354,file_anon_mix_p,3622,3622,3625,120,1,3,3,331956,196641,214713,3040,70855,43348,0,3,82609,114029,0,1,2122,126,2,0,46720,12,0,10,64,0
0,126677,126677,kworker/0:1,3622,3622,3625,120,1,3,3,331709,196641,214457,3040,70855,43357,0,3,82609,114029,0,1,2122,126,2,0,46969,12,0,10,0,0
0,127284,127354,file_anon_mix_p,3622,3622,3625,120,1,3,3,331975,196641,214201,3040,70855,43879,0,3,82609,114029,0,1,2122,126,2,0,47232,12,0,10,64,0
0,127284,127354,file_anon_mix_p,3622,3622,3625,120,1,3,3,332148,196641,213881,3040,70855,44372,0,3,82609,114029,0,1,2122,126,2,0,47552,12,0,10,64,0
0,127284,127354,file_anon_mix_p,3622,3622,3625,120,1,3,3,332313,196641,213534,3040,70855,44884,0,3,82609,114029,0,1,2122,126,2,0,47900,12,0,10,64,0
0,127284,127354,file_anon_mix_p,3622,3622,3625,120,1,3,3,332399,196641,213241,3040,70855,45263,0,3,82609,114029,0,1,2122,126,2,0,48200,12,0,10,64,0
0,127284,127354,file_anon_mix_p,3622,3622,3625,120,1,3,3,332333,196641,212985,3040,70855,45453,0,3,82609,114029,0,1,2122,126,2,0,48417,12,0,10,64,0
0,121783,121783,watch,3622,3622,3625,120,1,3,3,332364,196641,212729,3040,70855,45740,0,3,82609,114029,0,1,2122,126,2,0,48682,12,0,10,64,0
0,127284,127354,file_anon_mix_p,3622,3622,3625,120,1,3,3,332340,196641,212537,3040,70855,45908,0,3,82609,114029,0,1,2122,126,2,0,48861,12,0,10,64,0
0,394,394,sshd-session,3622,3622,3625,120,1,3,3,332212,196641,212409,3040,70855,45908,0,3,82609,114029,0,1,2122,126,2,0,48982,12,0,10,64,0
0,263,466,clash-linux-amd,3622,3622,3625,120,1,3,3,331946,196641,211769,3040,70855,46282,0,3,82609,114029,0,1,2122,126,2,0,49647,12,0,10,64,0
0,263,466,clash-linux-amd,3622,3622,3625,120,1,3,3,331690,196641,211513,3040,70855,46282,0,3,82609,114029,0,1,2122,126,2,0,49853,12,0,10,64,0
0,127284,127354,file_anon_mix_p,3622,3622,3625,120,1,3,3,331882,196641,211705,3040,70855,46282,0,3,82609,114029,0,1,2122,126,2,0,49658,12,0,10,64,0
0,127284,127354,file_anon_mix_p,3622,3622,3625,120,1,3,3,331891,196641,210745,3040,70855,47251,0,3,82609,114029,0,1,2122,126,2,0,50694,12,0,10,64,0
0,127284,127354,file_anon_mix_p,3622,3622,3625,120,1,3,3,331580,196641,209977,3040,70855,47708,0,3,82609,114029,0,1,2122,126,2,0,51421,12,0,10,64,0
0,127398,127398,sh,3622,3622,3625,120,1,3,3,331516,196641,209913,3040,70855,47708,0,3,82609,114029,0,1,2122,126,2,0,51435,12,0,10,64,0
0,127284,127354,file_anon_mix_p,3622,3622,3625,120,1,3,3,331444,196641,207545,3040,70855,50004,0,3,82609,114029,0,1,2122,126,2,0,53915,12,0,10,64,0
0,127284,127354,file_anon_mix_p,3622,3622,3625,120,1,3,3,331572,196641,207161,3040,70855,50516,0,3,82609,114029,0,1,2122,126,2,0,54289,12,0,10,64,0
0,127284,127354,file_anon_mix_p,3622,3622,3625,120,1,3,3,331700,196641,206777,3040,70855,51028,0,3,82609,114029,0,1,2122,126,2,0,54659,12,0,10,64,0
0,127284,127354,file_anon_mix_p,3622,3622,3625,120,1,3,3,331787,196641,206457,3040,70855,51435,0,3,82609,114029,0,1,2122,126,2,0,54979,12,0,10,64,0
0,127284,127354,file_anon_mix_p,3622,3622,3625,120,1,3,3,331964,196641,206137,3040,70855,51932,0,3,82609,114029,0,1,2122,126,2,0,55321,12,0,10,64,0
0,394,394,sshd-session,3622,3622,3625,120,1,3,3,331785,196641,205945,3040,70855,51945,0,3,82609,114029,0,1,2122,126,2,0,55491,12,0,10,64,0
0,127284,127354,file_anon_mix_p,3622,3622,3625,120,1,3,3,331764,196641,205817,3040,70855,52052,0,3,82609,114029,0,1,2122,126,2,0,55563,12,0,10,64,0
0,127284,127354,file_anon_mix_p,3622,3622,3625,120,1,3,3,332070,196641,205113,3040,70855,53062,0,3,82609,114029,0,1,2122,126,2,0,56323,12,0,10,64,0
0,127284,127354,file_anon_mix_p,3622,3622,3625,120,1,3,3,331956,196641,204985,3040,70855,53076,0,3,82609,114029,0,1,2122,126,2,0,56468,12,0,10,64,0
0,127284,127354,file_anon_mix_p,3622,3622,3625,120,1,3,3,332084,196641,204601,3040,70855,53588,0,3,82609,114029,0,1,2122,126,2,0,56833,12,0,10,64,0
0,127284,127354,file_anon_mix_p,3622,3622,3625,120,1,3,3,332324,196641,204217,3040,70855,54212,0,3,82609,114029,0,1,2122,126,2,0,57209,12,0,10,64,0
0,127284,127354,file_anon_mix_p,3622,3622,3625,120,1,3,3,332404,196641,203897,3040,70855,54612,0,3,82609,114029,0,1,2122,126,2,0,57508,12,0,10,64,0
0,127284,127354,file_anon_mix_p,3622,3622,3625,120,1,3,3,332527,196641,203641,3040,70855,54991,0,3,82609,114029,0,1,2122,126,2,0,57805,12,0,10,64,0
0,127284,127354,file_anon_mix_p,3622,3622,3625,120,1,3,3,332586,196641,203321,3040,70855,55370,0,3,82609,114029,0,1,2122,126,2,0,58121,12,0,10,64,0
0,45,45,kswapd0,3622,3622,3625,120,1586,3,3,335953,196636,260215,3039,70855,1844,0,3,82609,114024,0,1,2122,126,0,0,1080,12,0,5,50095,0
0,45,45,kswapd0,0,0,3,120,0,3,3,0,0,0,0,0,0,0,0,0,0,0,0,0,0,0,0,0,0,0,0,0,0
0,45,45,kswapd0,6,7,9,120,0,3,2,0,0,0,0,0,0,0,0,0,0,0,0,0,1,0,0,0,22,0,0,0,0
0,45,45,kswapd0,0,0,3,120,0,3,3,0,0,0,0,0,0,0,0,0,0,0,0,0,0,0,0,0,0,0,0,0,0
0,45,45,kswapd0,0,0,3,120,0,3,3,0,0,0,0,0,0,0,0,0,0,0,0,0,0,0,0,0,0,0,0,0,0
0,45,45,kswapd0,0,0,3,120,0,3,3,0,0,0,0,0,0,0,0,0,0,0,0,0,0,0,0,0,0,0,0,0,0
0,45,45,kswapd0,0,0,3,120,0,3,3,0,0,0,0,0,0,0,0,0,0,0,0,0,0,0,0,0,0,0,0,0,0
0,45,45,kswapd0,3963,3963,3966,120,1,3,3,114,470,38,52,5,19,15,186,61,208,0,21,5,106,0,0,2,0,1,0,0,0
0,45,45,kswapd0,5227,5227,5230,120,0,3,3,30,23,0,0,0,30,2,21,0,0,0,0,15,1,0,0,1,0,1,0,0,0
0,45,45,kswapd0,5,5,7,120,0,2,2,0,0,0,0,0,0,0,0,0,0,0,0,27,0,0,0,2,0,0,0,0,0
0,45,45,kswapd0,0,0,3,120,0,3,3,0,0,0,0,0,0,0,0,0,0,0,0,0,0,0,0,0,0,0,0,0,0
0,45,45,kswapd0,1097,1097,1099,120,0,2,2,64,417,4,0,0,60,25,0,0,392,0,0,4,31,0,0,5,0,5,0,0,0
0,45,45,kswapd0,10,10,12,120,0,2,2,1,0,1,0,0,0,0,0,0,0,0,0,0,1,0,0,59,0,0,0,0,0
0,45,45,kswapd0,0,0,3,120,0,3,3,0,0,0,0,0,0,0,0,0,0,0,0,0,0,0,0,0,0,0,0,0,0
0,45,45,kswapd0,134,134,137,120,0,3,3,0,38,0,0,0,0,1,37,0,0,0,0,0,10,0,0,2,0,0,0,0,0
0,45,45,kswapd0,0,0,3,120,0,3,3,0,0,0,0,0,0,0,0,0,0,0,0,0,0,0,0,0,0,0,0,0,0
0,45,45,kswapd0,1497,1497,1499,120,0,2,2,29,244,7,0,0,22,0,29,0,215,0,0,7,199,0,0,4,0,0,0,0,0
0,45,45,kswapd0,3623,3623,3626,120,2,3,3,261716,196700,7,3,28,261678,3,81426,115225,46,3,5,31789,68,0,0,0,0,0,0,0,0
0,45,45,kswapd0,14,14,16,120,0,2,2,0,0,0,0,0,0,0,0,0,0,0,0,96,0,0,0,3,0,0,0,0,0
0,45,45,kswapd0,36,36,38,120,0,2,2,0,0,0,0,0,0,0,0,0,0,0,0,9,4,0,0,2,0,0,0,0,0
0,45,45,kswapd0,0,0,3,120,0,3,3,0,0,0,0,0,0,0,0,0,0,0,0,0,0,0,0,0,0,0,0,0,0
0,45,45,kswapd0,132,132,134,120,0,2,2,32,141,5,0,0,27,0,0,0,141,0,0,20,0,0,0,2,0,0,0,0,0
0,45,45,kswapd0,6,7,9,120,0,3,2,0,0,0,0,0,0,0,0,0,0,0,0,0,1,0,0,0,22,0,0,0,0
0,45,45,kswapd0,0,0,3,120,0,3,3,0,0,0,0,0,0,0,0,0,0,0,0,0,0,0,0,0,0,0,0,0,0
0,45,45,kswapd0,0,0,3,120,0,3,3,0,0,0,0,0,0,0,0,0,0,0,0,0,0,0,0,0,0,0,0,0,0
0,45,45,kswapd0,1134,1134,1135,120,0,1,1,47,22,43,0,0,4,4,0,0,18,0,0,43,78,0,0,55,0,0,0,0,0
0,45,45,kswapd0,0,0,3,120,0,3,3,0,0,0,0,0,0,0,0,0,0,0,0,0,0,0,0,0,0,0,0,0,0
0,45,45,kswapd0,151,151,154,120,0,3,3,21,5,2,19,0,0,0,5,0,0,0,0,79,17,0,0,6,0,0,0,0,0
0,45,45,kswapd0,110,110,112,120,0,2,2,37,0,25,0,0,12,0,0,0,0,0,0,0,0,0,0,11,0,11,0,0,0
0,45,45,kswapd0,0,0,3,120,0,3,3,0,0,0,0,0,0,0,0,0,0,0,0,0,0,0,0,0,0,0,0,0,0
0,45,45,kswapd0,0,0,3,120,0,3,3,0,0,0,0,0,0,0,0,0,0,0,0,0,0,0,0,0,0,0,0,0,0
0,45,45,kswapd0,0,0,3,120,0,3,3,0,0,0,0,0,0,0,0,0,0,0,0,0,0,0,0,0,0,0,0,0,0
0,45,45,kswapd0,241,241,242,120,0,1,1,4,1,4,0,0,0,0,0,0,1,0,0,5,3,0,0,4,0,0,0,0,0
0,45,45,kswapd0,6,6,8,120,0,2,2,1,1,1,0,0,0,1,0,0,0,0,0,15,0,0,0,0,12,0,0,0,0
0,45,45,kswapd0,0,0,3,120,0,3,3,0,0,0,0,0,0,0,0,0,0,0,0,0,0,0,0,0,0,0,0,0,0
0,45,45,kswapd0,0,0,3,120,0,3,3,0,0,0,0,0,0,0,0,0,0,0,0,0,0,0,0,0,0,0,0,0,0
0,45,45,kswapd0,3997,3997,4000,120,1,3,3,53,190,7,40,3,3,6,56,65,63,0,0,0,6,0,1,5,11,5,11,0,6
0,45,45,kswapd0,0,0,3,120,0,3,3,0,0,0,0,0,0,0,0,0,0,0,0,0,0,0,0,0,0,0,0,0,0
0,45,45,kswapd0,5,5,7,120,0,2,2,0,0,0,0,0,0,0,0,0,0,0,0,27,0,0,0,2,0,0,0,0,0
0,45,45,kswapd0,0,0,3,120,0,3,3,0,0,0,0,0,0,0,0,0,0,0,0,0,0,0,0,0,0,0,0,0,0
0,45,45,kswapd0,0,0,3,120,0,3,3,0,0,0,0,0,0,0,0,0,0,0,0,0,0,0,0,0,0,0,0,0,0
0,45,45,kswapd0,5256,5256,5259,120,1,3,3,132,530,17,0,76,39,1,169,358,2,14,19,18,72,0,0,1,0,1,0,0,0
0,45,45,kswapd0,0,0,3,120,0,3,3,0,0,0,0,0,0,0,0,0,0,0,0,0,0,0,0,0,0,0,0,0,0
0,45,45,kswapd0,0,0,3,120,0,3,3,0,0,0,0,0,0,0,0,0,0,0,0,0,0,0,0,0,0,0,0,0,0
0,45,45,kswapd0,3997,3997,4000,120,1,3,3,53,184,7,40,3,3,0,56,65,63,0,0,0,6,0,1,5,17,5,11,0,0
0,45,45,kswapd0,5257,5257,5259,120,1,2,2,132,530,0,72,0,60,170,358,0,2,7,9,9,35,0,0,0,0,0,0,0,60
0,45,45,kswapd0,10,10,12,120,0,2,2,1,0,1,0,0,0,0,0,0,0,0,0,0,1,0,0,59,0,0,0,0,0
0,45,45,kswapd0,0,0,3,120,0,3,3,0,0,0,0,0,0,0,0,0,0,0,0,0,0,0,0,0,0,0,0,0,0
0,45,45,kswapd0,0,0,3,120,0,3,3,0,0,0,0,0,0,0,0,0,0,0,0,0,0,0,0,0,0,0,0,0,0
0,45,45,kswapd0,5227,5227,5230,120,1,3,3,30,23,0,0,0,30,2,21,0,0,0,0,15,1,0,0,1,0,1,0,0,2
0,45,45,kswapd0,134,134,137,120,1,3,3,0,38,0,0,0,0,1,37,0,0,0,0,0,10,0,0,2,0,0,0,0,0
0,45,45,kswapd0,0,0,3,120,0,3,3,0,0,0,0,0,0,0,0,0,0,0,0,0,0,0,0,0,0,0,0,0,0
0,45,45,kswapd0,14,14,16,120,0,2,2,0,0,0,0,0,0,0,0,0,0,0,0,96,0,0,0,3,0,0,0,0,0
0,45,45,kswapd0,0,0,3,120,0,3,3,0,0,0,0,0,0,0,0,0,0,0,0,0,0,0,0,0,0,0,0,0,0
0,45,45,kswapd0,0,0,3,120,0,3,3,0,0,0,0,0,0,0,0,0,0,0,0,0,0,0,0,0,0,0,0,0,0
0,45,45,kswapd0,6,6,8,120,0,2,2,1,1,1,0,0,0,1,0,0,0,0,0,15,0,0,0,0,12,0,0,0,0
0,45,45,kswapd0,3963,3963,3966,120,1,3,3,114,470,38,52,5,19,0,186,61,223,0,21,5,106,0,0,2,0,1,0,0,0
0,45,45,kswapd0,110,110,112,120,1,2,2,37,0,25,0,0,12,0,0,0,0,0,0,0,0,0,0,11,0,11,0,0,0
0,45,45,kswapd0,36,36,38,120,0,2,2,0,0,0,0,0,0,0,0,0,0,0,0,9,4,0,0,2,0,0,0,0,0
0,45,45,kswapd0,151,151,154,120,0,3,3,21,5,2,19,0,0,0,5,0,0,0,0,79,17,0,0,6,0,0,0,0,0
0,45,45,kswapd0,0,0,3,120,0,3,3,0,0,0,0,0,0,0,0,0,0,0,0,0,0,0,0,0,0,0,0,0,0
0,45,45,kswapd0,0,0,3,120,0,3,3,0,0,0,0,0,0,0,0,0,0,0,0,0,0,0,0,0,0,0,0,0,0
0,45,45,kswapd0,0,0,3,120,0,3,3,0,0,0,0,0,0,0,0,0,0,0,0,0,0,0,0,0,0,0,0,0,0
0,45,45,kswapd0,5257,5257,5259,120,0,2,2,132,470,0,72,0,60,95,369,0,6,7,9,9,35,0,11,0,60,0,0,0,0
0,45,45,kswapd0,5228,5228,5230,120,0,2,2,30,21,0,0,0,30,21,0,0,0,0,0,8,0,0,0,0,2,0,0,0,0
0,45,45,kswapd0,135,135,137,120,1,2,2,0,38,0,0,0,0,38,0,0,0,0,0,1,5,0,0,0,0,0,0,0,0
0,45,45,kswapd0,3964,3964,3966,120,1,2,2,114,470,53,5,0,56,186,61,0,223,0,10,3,53,0,0,0,0,0,0,0,61
0,45,45,kswapd0,111,111,112,120,0,1,1,37,0,0,0,0,37,0,0,0,0,5,0,5,0,0,0,0,0,0,0,0,0
0,45,45,kswapd0,3998,3998,4000,120,1,2,2,53,185,36,3,0,14,57,65,0,63,2,5,2,11,0,0,0,0,0,0,0,10
0,45,45,kswapd0,136,136,137,120,0,1,1,0,38,0,0,0,0,25,0,0,13,0,0,0,14,0,0,0,0,0,0,0,0
0,45,45,kswapd0,3964,3964,3966,120,0,2,2,114,409,53,5,0,56,122,61,0,226,0,10,3,53,0,0,0,61,0,0,0,0
0,45,45,kswapd0,3998,3998,4000,120,0,2,2,53,175,36,3,0,14,0,112,0,63,2,5,2,11,0,14,0,10,0,0,0,0
0,45,45,kswapd0,241,241,243,120,1,2,2,4,1,4,0,0,0,0,1,0,0,0,0,5,3,0,0,4,0,0,0,4,0
0,45,45,kswapd0,5,5,7,120,0,2,2,0,0,0,0,0,0,0,0,0,0,0,0,27,0,0,0,2,0,0,0,0,0
0,45,45,kswapd0,0,0,3,120,0,3,3,0,0,0,0,0,0,0,0,0,0,0,0,0,0,0,0,0,0,0,0,0,0
0,45,45,kswapd0,0,0,3,120,0,3,3,0,0,0,0,0,0,0,0,0,0,0,0,0,0,0,0,0,0,0,0,0,0
0,45,45,kswapd0,136,136,138,120,1,2,2,0,38,0,0,0,0,25,13,0,0,0,0,0,14,0,0,0,0,0,0,0,5
0,45,45,kswapd0,5,5,7,120,0,2,2,0,0,0,0,0,0,0,0,0,0,0,0,27,0,0,0,2,0,0,0,0,0
0,45,45,kswapd0,0,0,3,120,0,3,3,0,0,0,0,0,0,0,0,0,0,0,0,0,0,0,0,0,0,0,0,0,0
0,45,45,kswapd0,3624,3624,3627,120,193,3,3,269279,196700,3,21,268822,433,81425,42,115233,0,1,2,15894,33,0,0,0,0,0,0,0,1
0,45,45,kswapd0,10,10,12,120,0,2,2,1,0,1,0,0,0,0,0,0,0,0,0,0,1,0,0,59,0,0,0,0,0
0,45,45,kswapd0,0,0,3,120,0,3,3,0,0,0,0,0,0,0,0,0,0,0,0,0,0,0,0,0,0,0,0,0,0
0,45,45,kswapd0,0,0,3,120,0,3,3,0,0,0,0,0,0,0,0,0,0,0,0,0,0,0,0,0,0,0,0,0,0
0,45,45,kswapd0,111,111,113,120,0,2,2,37,0,0,37,0,0,0,0,0,0,5,0,5,0,0,0,0,0,0,0,0,0
0,45,45,kswapd0,242,242,243,120,0,1,1,0,1,0,0,0,0,1,0,0,0,0,0,4,1,0,0,4,0,0,0,0,0
0,45,45,kswapd0,0,0,3,120,0,3,3,0,0,0,0,0,0,0,0,0,0,0,0,0,0,0,0,0,0,0,0,0,0
0,45,45,kswapd0,0,0,3,120,0,3,3,0,0,0,0,0,0,0,0,0,0,0,0,0,0,0,0,0,0,0,0,0,0
0,45,45,kswapd0,151,151,154,120,2,3,3,21,5,2,19,0,0,0,5,0,0,0,0,79,17,0,0,6,0,0,0,2,0
0,45,45,kswapd0,0,0,3,120,0,3,3,0,0,0,0,0,0,0,0,0,0,0,0,0,0,0,0,0,0,0,0,0,0
0,45,45,kswapd0,0,0,3,120,0,3,3,0,0,0,0,0,0,0,0,0,0,0,0,0,0,0,0,0,0,0,0,0,0
0,45,45,kswapd0,0,0,3,120,0,3,3,0,0,0,0,0,0,0,0,0,0,0,0,0,0,0,0,0,0,0,0,0,0
0,45,45,kswapd0,0,0,3,120,0,3,3,0,0,0,0,0,0,0,0,0,0,0,0,0,0,0,0,0,0,0,0,0,0
0,45,45,kswapd0,6,7,9,120,0,3,2,0,0,0,0,0,0,0,0,0,0,0,0,0,1,0,0,0,22,0,0,0,0
0,45,45,kswapd0,0,0,3,120,0,3,3,0,0,0,0,0,0,0,0,0,0,0,0,0,0,0,0,0,0,0,0,0,0
0,45,45,kswapd0,0,0,3,120,0,3,3,0,0,0,0,0,0,0,0,0,0,0,0,0,0,0,0,0,0,0,0,0,0
0,45,45,kswapd0,0,0,3,120,0,3,3,0,0,0,0,0,0,0,0,0,0,0,0,0,0,0,0,0,0,0,0,0,0
0,45,45,kswapd0,5257,5257,5260,120,1,3,3,173,471,0,71,63,39,95,345,30,1,7,9,9,35,0,11,0,60,0,0,0,59
0,45,45,kswapd0,0,0,3,120,0,3,3,0,0,0,0,0,0,0,0,0,0,0,0,0,0,0,0,0,0,0,0,0,0
0,45,45,kswapd0,0,0,3,120,0,3,3,0,0,0,0,0,0,0,0,0,0,0,0,0,0,0,0,0,0,0,0,0,0
0,45,45,kswapd0,0,0,3,120,0,3,3,0,0,0,0,0,0,0,0,0,0,0,0,0,0,0,0,0,0,0,0,0,0
0,45,45,kswapd0,1134,1134,1136,120,2,2,2,47,22,43,4,0,0,4,18,0,0,0,0,43,78,0,0,55,0,0,0,42,3
0,45,45,kswapd0,0,0,3,120,0,3,3,0,0,0,0,0,0,0,0,0,0,0,0,0,0,0,0,0,0,0,0,0,0
0,45,45,kswapd0,14,14,16,120,0,2,2,0,0,0,0,0,0,0,0,0,0,0,0,96,0,0,0,3,0,0,0,0,0
0,45,45,kswapd0,36,36,38,120,0,2,2,0,0,0,0,0,0,0,0,0,0,0,0,9,4,0,0,2,0,0,0,0,0
0,45,45,kswapd0,3998,3998,4001,120,2,3,3,53,176,36,3,14,0,0,82,94,0,2,5,2,11,0,14,0,10,0,0,0,12
0,45,45,kswapd0,0,0,3,120,0,3,3,0,0,0,0,0,0,0,0,0,0,0,0,0,0,0,0,0,0,0,0,0,0
0,45,45,kswapd0,10,10,12,120,0,2,2,1,0,1,0,0,0,0,0,0,0,0,0,0,1,0,0,59,0,0,0,0,0
0,45,45,kswapd0,0,0,3,120,0,3,3,0,0,0,0,0,0,0,0,0,0,0,0,0,0,0,0,0,0,0,0,0,0
0,45,45,kswapd0,0,0,3,120,0,3,3,0,0,0,0,0,0,0,0,0,0,0,0,0,0,0,0,0,0,0,0,0,0
0,45,45,kswapd0,1497,1497,1500,120,1,3,3,29,244,5,0,24,0,0,29,215,0,0,0,7,199,0,0,4,0,0,0,5,0
0,45,45,kswapd0,132,132,135,120,1,3,3,32,141,5,0,27,0,0,0,141,0,0,0,20,0,0,0,2,0,0,0,5,0
0,45,45,kswapd0,0,0,3,120,0,3,3,0,0,0,0,0,0,0,0,0,0,0,0,0,0,0,0,0,0,0,0,0,0
0,45,45,kswapd0,0,0,3,120,0,3,3,0,0,0,0,0,0,0,0,0,0,0,0,0,0,0,0,0,0,0,0,0,0
0,45,45,kswapd0,0,0,3,120,0,3,3,0,0,0,0,0,0,0,0,0,0,0,0,0,0,0,0,0,0,0,0,0,0
0,45,45,kswapd0,6,6,8,120,0,2,2,1,1,1,0,0,0,1,0,0,0,0,0,15,0,0,0,0,12,0,0,0,0
0,45,45,kswapd0,36,36,38,120,0,2,2,0,0,0,0,0,0,0,0,0,0,0,0,9,4,0,0,2,0,0,0,0,0
0,45,45,kswapd0,1097,1097,1100,120,1,3,3,64,417,4,0,60,0,11,0,406,0,0,0,4,31,0,0,5,0,5,0,0,0
0,45,45,kswapd0,5228,5228,5231,120,1,3,3,30,21,0,0,30,0,21,0,0,0,0,0,8,0,0,0,0,2,0,0,0,4
0,45,45,kswapd0,3964,3964,3967,120,2,3,3,114,409,53,5,56,0,122,61,226,0,0,10,3,53,0,0,0,61,0,0,0,58
0,45,45,kswapd0,6,7,9,120,0,3,2,0,0,0,0,0,0,0,0,0,0,0,0,0,1,0,0,0,22,0,0,0,0
0,45,45,kswapd0,152,152,154,120,1,2,2,19,5,19,0,0,0,0,0,0,5,0,0,42,8,0,0,2,0,0,0,17,0
0,45,45,kswapd0,5257,5257,5260,120,2,3,3,182,412,0,71,63,48,17,321,30,44,7,9,9,35,0,25,0,119,0,0,0,22
0,45,45,kswapd0,0,0,3,120,0,3,3,0,0,0,0,0,0,0,0,0,0,0,0,0,0,0,0,0,0,0,0,0,0
0,45,45,kswapd0,1135,1135,1136,120,0,1,1,5,19,5,0,0,0,19,0,0,0,0,0,49,40,0,0,42,0,0,0,0,0
0,45,45,kswapd0,3999,3999,4001,120,0,2,2,53,164,1,12,0,40,0,112,0,52,1,2,1,17,0,1,0,12,0,0,0,0
0,45,45,kswapd0,134,134,135,120,0,1,1,27,141,27,0,0,0,141,0,0,0,0,0,11,0,0,0,5,0,0,0,0,0
0,45,45,kswapd0,5229,5229,5231,120,0,2,2,30,17,0,30,0,0,3,0,0,14,0,0,4,1,0,0,0,4,0,0,0,0
0,45,45,kswapd0,3964,3964,3967,120,1,3,3,114,351,53,5,56,0,0,40,214,97,0,10,3,53,0,28,0,119,0,0,1,0
0,45,45,kswapd0,137,137,138,120,0,1,1,0,33,0,0,0,0,14,0,0,19,0,0,0,7,0,0,0,5,0,0,0,0
0,45,45,kswapd0,0,0,3,120,0,3,3,0,0,0,0,0,0,0,0,0,0,0,0,0,0,0,0,0,0,0,0,0,0
0,45,45,kswapd0,3624,3624,3627,120,986,3,3,274476,196699,3,21,268822,5630,69109,69,115233,12288,1,2,15894,33,0,27,0,1,0,0,0,0
0,45,45,kswapd0,0,0,3,120,0,3,3,0,0,0,0,0,0,0,0,0,0,0,0,0,0,0,0,0,0,0,0,0,0
0,45,45,kswapd0,0,0,3,120,0,3,3,0,0,0,0,0,0,0,0,0,0,0,0,0,0,0,0,0,0,0,0,0,0
0,45,45,kswapd0,14,14,16,120,0,2,2,0,0,0,0,0,0,0,0,0,0,0,0,96,0,0,0,3,0,0,0,0,0
0,45,45,kswapd0,0,0,3,120,0,3,3,0,0,0,0,0,0,0,0,0,0,0,0,0,0,0,0,0,0,0,0,0,0
0,45,45,kswapd0,0,0,3,120,0,3,3,0,0,0,0,0,0,0,0,0,0,0,0,0,0,0,0,0,0,0,0,0,0
0,45,45,kswapd0,6,6,8,120,1,2,2,1,1,1,0,0,0,1,0,0,0,0,0,15,0,0,0,0,12,0,0,1,0
0,45,45,kswapd0,153,153,154,120,0,1,1,2,5,2,0,0,0,0,0,0,5,0,0,22,4,0,0,17,0,0,0,0,0
0,45,45,kswapd0,5258,5258,5260,120,0,2,2,132,426,71,28,0,33,36,294,0,96,3,4,4,89,0,284,0,22,0,1,0,0
0,45,45,kswapd0,0,0,3,120,0,3,3,0,0,0,0,0,0,0,0,0,0,0,0,0,0,0,0,0,0,0,0,0,0
0,45,45,kswapd0,1135,1135,1137,120,0,2,2,5,19,5,0,0,0,19,0,0,0,0,0,49,40,0,0,42,0,0,0,0,0
0,45,45,kswapd0,0,0,3,120,0,3,3,0,0,0,0,0,0,0,0,0,0,0,0,0,0,0,0,0,0,0,0,0,0
0,45,45,kswapd0,14,14,16,120,0,2,2,0,0,0,0,0,0,0,0,0,0,0,0,96,0,0,0,3,0,0,0,0,0
0,45,45,kswapd0,5258,5258,5261,120,1,3,3,132,426,65,27,40,0,36,294,96,0,3,4,4,89,0,284,0,22,0,1,0,19
0,45,45,kswapd0,134,134,136,120,1,2,2,27,141,27,0,0,0,141,0,0,0,0,0,11,0,0,0,5,0,0,0,0,19
0,45,45,kswapd0,0,0,3,120,0,3,3,0,0,0,0,0,0,0,0,0,0,0,0,0,0,0,0,0,0,0,0,0,0
0,45,45,kswapd0,1498,1498,1501,120,1,3,3,24,244,0,24,0,0,29,215,0,0,0,0,5,99,0,0,5,0,0,0,0,3
0,45,45,kswapd0,6,7,9,120,0,3,2,0,0,0,0,0,0,0,0,0,0,0,0,0,1,0,0,0,22,0,0,0,0
0,45,45,kswapd0,3965,3965,3968,120,1,3,3,113,351,5,54,54,0,26,201,124,0,0,5,1,100,0,0,1,0,0,0,0,26
0,45,45,kswapd0,0,0,3,120,0,3,3,0,0,0,0,0,0,0,0,0,0,0,0,0,0,0,0,0,0,0,0,0,0
0,45,45,kswapd0,0,0,3,120,0,3,3,0,0,0,0,0,0,0,0,0,0,0,0,0,0,0,0,0,0,0,0,0,0
0,45,45,kswapd0,14,14,16,120,0,2,2,0,0,0,0,0,0,0,0,0,0,0,0,96,0,0,0,3,0,0,0,0,0
0,45,45,kswapd0,10,10,12,120,0,2,2,1,0,1,0,0,0,0,0,0,0,0,0,0,1,0,0,59,0,0,0,0,0
0,45,45,kswapd0,0,0,3,120,0,3,3,0,0,0,0,0,0,0,0,0,0,0,0,0,0,0,0,0,0,0,0,0,0
0,45,45,kswapd0,1098,1098,1101,120,2,3,3,64,417,0,57,7,0,11,406,0,0,2,0,4,21,0,0,0,0,0,0,0,64
0,45,45,kswapd0,137,137,139,120,1,2,2,0,33,0,0,0,0,14,19,0,0,0,0,0,7,0,0,0,5,0,0,0,0
0,45,45,kswapd0,0,0,3,120,0,3,3,0,0,0,0,0,0,0,0,0,0,0,0,0,0,0,0,0,0,0,0,0,0
0,45,45,kswapd0,0,0,3,120,0,3,3,0,0,0,0,0,0,0,0,0,0,0,0,0,0,0,0,0,0,0,0,0,0
0,45,45,kswapd0,153,153,155,120,0,2,2,2,5,2,0,0,0,0,5,0,0,0,0,22,4,0,0,17,0,0,0,0,0
0,45,45,kswapd0,1135,1135,1137,120,0,2,2,5,19,5,0,0,0,19,0,0,0,0,0,49,40,0,0,42,0,0,0,0,0
0,45,45,kswapd0,0,0,3,120,0,3,3,0,0,0,0,0,0,0,0,0,0,0,0,0,0,0,0,0,0,0,0,0,0
0,45,45,kswapd0,153,153,155,120,0,2,2,2,5,2,0,0,0,0,5,0,0,0,0,22,4,0,0,17,0,0,0,0,0
0,45,45,kswapd0,0,0,3,120,0,3,3,0,0,0,0,0,0,0,0,0,0,0,0,0,0,0,0,0,0,0,0,0,0
0,45,45,kswapd0,0,0,3,120,0,3,3,0,0,0,0,0,0,0,0,0,0,0,0,0,0,0,0,0,0,0,0,0,0
0,45,45,kswapd0,36,36,38,120,0,2,2,0,0,0,0,0,0,0,0,0,0,0,0,9,4,0,0,2,0,0,0,0,0
0,45,45,kswapd0,7,7,8,120,0,1,1,0,1,0,0,0,0,1,0,0,0,0,0,7,6,0,0,1,0,0,0,0,0
0,45,45,kswapd0,0,0,3,120,0,3,3,0,0,0,0,0,0,0,0,0,0,0,0,0,0,0,0,0,0,0,0,0,0
0,45,45,kswapd0,10,10,12,120,0,2,2,1,0,1,0,0,0,0,0,0,0,0,0,0,1,0,0,59,0,0,0,0,0
0,45,45,kswapd0,0,0,3,120,0,3,3,0,0,0,0,0,0,0,0,0,0,0,0,0,0,0,0,0,0,0,0,0,0
0,45,45,kswapd0,242,242,244,120,0,2,2,0,1,0,0,0,0,1,0,0,0,0,0,4,1,0,0,4,0,0,0,0,0
0,45,45,kswapd0,0,0,3,120,0,3,3,0,0,0,0,0,0,0,0,0,0,0,0,0,0,0,0,0,0,0,0,0,0
0,45,45,kswapd0,0,0,3,120,0,3,3,0,0,0,0,0,0,0,0,0,0,0,0,0,0,0,0,0,0,0,0,0,0
0,45,45,kswapd0,0,0,3,120,0,3,3,0,0,0,0,0,0,0,0,0,0,0,0,0,0,0,0,0,0,0,0,0,0
0,45,45,kswapd0,0,0,3,120,0,3,3,0,0,0,0,0,0,0,0,0,0,0,0,0,0,0,0,0,0,0,0,0,0
0,45,45,kswapd0,0,0,3,120,0,3,3,0,0,0,0,0,0,0,0,0,0,0,0,0,0,0,0,0,0,0,0,0,0
0,45,45,kswapd0,3999,3999,4002,120,2,3,3,53,165,1,0,52,0,0,93,72,0,1,2,1,17,0,1,0,12,0,0,1,57
0,45,45,kswapd0,3625,3625,3628,120,6,3,3,308770,196699,21,268821,39742,186,58,32,196609,0,0,1,7947,29,0,0,0,0,0,0,0,56
0,45,45,kswapd0,0,0,3,120,0,3,3,0,0,0,0,0,0,0,0,0,0,0,0,0,0,0,0,0,0,0,0,0,0
0,45,45,kswapd0,36,36,38,120,0,2,2,0,0,0,0,0,0,0,0,0,0,0,0,9,4,0,0,2,0,0,0,0,0
0,45,45,kswapd0,5,5,7,120,0,2,2,0,0,0,0,0,0,0,0,0,0,0,0,27,0,0,0,2,0,0,0,0,0
0,45,45,kswapd0,111,111,114,120,1,3,3,37,0,0,37,0,0,0,0,0,0,5,0,5,0,0,0,0,0,0,0,0,0
0,45,45,kswapd0,0,0,3,120,0,3,3,0,0,0,0,0,0,0,0,0,0,0,0,0,0,0,0,0,0,0,0,0,0
0,45,45,kswapd0,0,0,3,120,0,3,3,0,0,0,0,0,0,0,0,0,0,0,0,0,0,0,0,0,0,0,0,0,0
0,45,45,kswapd0,5229,5229,5232,120,1,3,3,30,17,0,30,0,0,3,0,14,0,0,0,4,1,0,0,0,4,0,0,0,0
0,45,45,kswapd0,0,0,3,120,0,3,3,0,0,0,0,0,0,0,0,0,0,0,0,0,0,0,0,0,0,0,0,0,0
0,45,45,kswapd0,242,242,244,120,0,2,2,0,1,0,0,0,0,1,0,0,0,0,0,4,1,0,0,4,0,0,0,0,0
0,45,45,kswapd0,134,134,136,120,1,2,2,27,122,27,0,0,0,63,0,0,59,0,0,11,0,0,0,5,19,0,0,0,2
0,45,45,kswapd0,0,0,3,120,0,3,3,0,0,0,0,0,0,0,0,0,0,0,0,0,0,0,0,0,0,0,0,0,0
0,45,45,kswapd0,0,0,3,120,0,3,3,0,0,0,0,0,0,0,0,0,0,0,0,0,0,0,0,0,0,0,0,0,0
0,45,45,kswapd0,1499,1499,1501,120,1,2,2,24,241,24,0,0,0,203,0,0,38,0,0,5,59,0,0,0,3,0,0,0,7
0,45,45,kswapd0,3965,3965,3968,120,2,3,3,115,338,6,53,54,2,0,201,124,13,0,5,1,100,0,0,1,26,0,0,6,64
0,45,45,kswapd0,0,0,3,120,0,3,3,0,0,0,0,0,0,0,0,0,0,0,0,0,0,0,0,0,0,0,0,0,0
0,45,45,kswapd0,0,0,3,120,0,3,3,0,0,0,0,0,0,0,0,0,0,0,0,0,0,0,0,0,0,0,0,0,0
0,45,45,kswapd0,1099,1099,1101,120,1,2,2,64,353,57,7,0,0,331,0,0,22,1,0,2,10,0,0,0,64,0,0,0,64
0,45,45,kswapd0,138,138,139,120,0,1,1,0,33,0,0,0,0,20,0,0,13,0,0,0,5,0,0,0,0,0,0,0,0
0,45,45,kswapd0,0,0,3,120,0,3,3,0,0,0,0,0,0,0,0,0,0,0,0,0,0,0,0,0,0,0,0,0,0
0,45,45,kswapd0,5,5,7,120,0,2,2,0,0,0,0,0,0,0,0,0,0,0,0,27,0,0,0,2,0,0,0,0,0
0,45,45,kswapd0,4000,4000,4002,120,0,2,2,52,108,0,52,0,0,0,108,0,0,0,1,0,15,0,1,1,57,0,0,0,0
0,45,45,kswapd0,3626,3626,3628,120,8,2,2,308961,196643,268823,39742,0,396,29,196609,0,5,0,0,3974,40,0,0,0,4,0,0,0,2
0,45,45,kswapd0,0,0,3,120,0,3,3,0,0,0,0,0,0,0,0,0,0,0,0,0,0,0,0,0,0,0,0,0,0
0,45,45,kswapd0,112,112,114,120,1,2,2,37,0,37,0,0,0,0,0,0,0,2,0,2,0,0,0,0,0,0,0,1,0
0,45,45,kswapd0,5230,5230,5232,120,1,2,2,30,17,30,0,0,0,3,14,0,0,0,0,2,2,0,0,0,0,0,0,0,0
0,45,45,kswapd0,5258,5258,5261,120,1,3,3,132,407,65,27,40,0,0,295,96,16,3,4,4,89,0,285,0,41,0,1,8,0
0,45,45,kswapd0,6,7,9,120,0,3,2,0,0,0,0,0,0,0,0,0,0,0,0,0,1,0,0,0,22,0,0,0,0
0,45,45,kswapd0,0,0,3,120,0,3,3,0,0,0,0,0,0,0,0,0,0,0,0,0,0,0,0,0,0,0,0,0,0
0,45,45,kswapd0,0,0,3,120,0,3,3,0,0,0,0,0,0,0,0,0,0,0,0,0,0,0,0,0,0,0,0,0,0
0,45,45,kswapd0,5259,5259,5261,120,1,2,2,124,407,30,10,0,84,295,96,0,16,1,2,3,206,0,0,8,0,0,0,0,60
0,45,45,kswapd0,134,134,136,120,0,2,2,27,120,27,0,0,0,0,0,0,120,0,0,11,0,0,0,5,21,0,0,0,0
0,45,45,kswapd0,1499,1499,1501,120,1,2,2,24,234,24,0,0,0,135,0,0,99,0,0,5,59,0,0,0,10,0,0,0,20
0,45,45,kswapd0,3966,3966,3968,120,1,2,2,120,307,53,54,0,13,137,124,0,46,0,2,1,63,0,0,6,64,0,0,0,44
0,45,45,kswapd0,1099,1099,1101,120,1,2,2,64,289,57,7,0,0,267,0,0,22,1,0,2,10,0,0,0,128,0,0,0,64
0,45,45,kswapd0,3626,3626,3628,120,16,2,2,309156,196641,268823,39742,0,591,26,196608,0,7,0,0,3974,40,0,0,0,6,0,0,0,25
0,45,45,kswapd0,113,113,114,120,0,1,1,36,0,11,0,0,25,0,0,0,0,1,0,6,0,0,0,1,0,0,0,0,0
0,45,45,kswapd0,5231,5231,5232,120,0,1,1,30,17,1,0,0,29,17,0,0,0,0,0,1,0,0,0,0,0,0,0,0,0
0,45,45,kswapd0,1099,1099,1101,120,2,2,2,64,225,57,7,0,0,203,0,0,22,1,0,2,10,0,0,0,192,0,0,0,128
0,45,45,kswapd0,3626,3626,3628,120,2023,2,2,309461,196616,268823,39742,0,896,0,196609,0,7,0,0,3974,40,0,0,0,31,0,0,16,0
0,45,45,kswapd0,5259,5259,5261,120,2,2,2,129,444,30,8,0,91,268,95,0,81,1,2,3,206,0,0,8,60,5,57,0,102
0,45,45,kswapd0,1499,1499,1501,120,0,2,2,24,214,24,0,0,0,71,0,0,143,0,0,5,59,0,0,0,30,0,0,0,0
0,45,45,kswapd0,3966,3966,3968,120,0,2,2,1361,1796,53,54,0,1254,73,106,0,1617,0,2,1,63,0,0,6,108,2,95,0,0
0,127284,127409,file_anon_mix_p,1099,1099,1101,120,0,2,2,64,97,57,7,0,0,75,0,0,22,1,0,2,10,0,0,0,320,0,0,0,0
0,127284,127409,file_anon_mix_p,3626,3626,3628,120,2,2,2,329414,196616,130825,39714,0,158875,0,196609,0,7,0,0,3974,40,0,0,17,31,0,0,0,0
0,127284,127409,file_anon_mix_p,5259,5259,5261,120,0,2,2,129,342,30,8,0,91,106,113,0,123,1,2,3,206,0,19,8,162,5,57,0,0
0,127284,127409,file_anon_mix_p,5259,5259,5261,120,0,2,2,129,342,30,8,0,91,106,113,0,123,1,2,3,206,0,19,8,162,5,57,0,0
0,127284,127409,file_anon_mix_p,1099,1099,1101,120,0,2,2,64,97,57,7,0,0,75,0,0,22,1,0,2,10,0,0,0,320,0,0,0,0
0,127284,127409,file_anon_mix_p,3626,3626,3628,120,0,2,2,329414,196616,130697,39714,0,159003,0,196609,0,7,0,0,3974,40,0,0,17,31,0,0,0,0
0,127284,127409,file_anon_mix_p,14,14,16,120,0,2,2,1,0,0,0,0,1,0,0,0,0,0,0,96,0,0,0,3,0,0,0,0,0
0,127284,127409,file_anon_mix_p,153,153,155,120,0,2,2,2,5,2,0,0,0,0,5,0,0,0,0,22,4,0,0,17,0,0,0,0,0
0,127284,127409,file_anon_mix_p,242,242,244,120,0,2,2,0,1,0,0,0,0,1,0,0,0,0,0,4,1,0,0,4,0,0,0,0,0
0,127284,127409,file_anon_mix_p,0,0,3,120,0,3,3,0,0,0,0,0,0,0,0,0,0,0,0,0,0,0,0,0,0,0,0,0,0
0,127284,127409,file_anon_mix_p,10,10,12,120,0,2,2,1,0,1,0,0,0,0,0,0,0,0,0,0,1,0,0,59,0,0,0,0,0
0,127284,127409,file_anon_mix_p,6,7,9,120,0,3,2,0,0,0,0,0,0,0,0,0,0,0,0,0,1,0,0,0,22,0,0,0,0
0,127284,127409,file_anon_mix_p,113,113,115,120,0,2,2,36,0,11,25,0,0,0,0,0,0,1,0,6,0,0,0,1,0,0,0,0,0
0,127284,127409,file_anon_mix_p,5231,5231,5233,120,0,2,2,30,17,1,29,0,0,17,0,0,0,0,0,1,0,0,0,0,0,0,0,0,0
0,127284,127409,file_anon_mix_p,10,10,12,120,0,2,2,1,0,1,0,0,0,0,0,0,0,0,0,0,1,0,0,59,0,0,0,0,0
0,127284,127409,file_anon_mix_p,0,0,3,120,0,3,3,0,0,0,0,0,0,0,0,0,0,0,0,0,0,0,0,0,0,0,0,0,0
0,127284,127409,file_anon_mix_p,0,0,3,120,0,3,3,0,0,0,0,0,0,0,0,0,0,0,0,0,0,0,0,0,0,0,0,0,0
0,127284,127409,file_anon_mix_p,3966,3966,3969,120,1,3,3,1452,1820,53,54,1264,81,70,41,1685,24,0,2,1,63,0,0,6,108,2,95,3,0
0,127284,127409,file_anon_mix_p,5231,5231,5233,120,0,2,2,30,17,1,29,0,0,17,0,0,0,0,0,1,0,0,0,0,0,0,0,0,0
0,127284,127409,file_anon_mix_p,0,0,3,120,0,3,3,0,0,0,0,0,0,0,0,0,0,0,0,0,0,0,0,0,0,0,0,0,0
0,127284,127409,file_anon_mix_p,0,0,3,120,0,3,3,0,0,0,0,0,0,0,0,0,0,0,0,0,0,0,0,0,0,0,0,0,0
0,127284,127409,file_anon_mix_p,134,134,137,120,0,3,3,27,120,27,0,0,0,0,0,120,0,0,0,11,0,0,0,5,21,0,0,0,0
0,127284,127409,file_anon_mix_p,5259,5259,5261,120,0,2,2,129,342,30,8,0,91,106,113,0,123,1,2,3,206,0,19,8,162,5,57,0,0
0,127284,127409,file_anon_mix_p,1099,1099,1101,120,0,2,2,64,97,57,7,0,0,75,0,0,22,1,0,2,10,0,0,0,320,0,0,0,0
0,127284,127409,file_anon_mix_p,0,0,3,120,0,3,3,0,0,0,0,0,0,0,0,0,0,0,0,0,0,0,0,0,0,0,0,0,0
0,127284,127409,file_anon_mix_p,134,134,137,120,0,3,3,27,120,27,0,0,0,0,0,120,0,0,0,11,0,0,0,5,21,0,0,0,0
0,127284,127409,file_anon_mix_p,7,7,9,120,0,2,2,0,1,0,0,0,0,1,0,0,0,0,0,7,6,0,0,1,0,0,0,0,0
0,127284,127409,file_anon_mix_p,0,0,3,120,0,3,3,0,0,0,0,0,0,0,0,0,0,0,0,0,0,0,0,0,0,0,0,0,0
0,127284,127409,file_anon_mix_p,0,0,3,120,0,3,3,0,0,0,0,0,0,0,0,0,0,0,0,0,0,0,0,0,0,0,0,0,0
0,127284,127409,file_anon_mix_p,0,0,3,120,0,3,3,0,0,0,0,0,0,0,0,0,0,0,0,0,0,0,0,0,0,0,0,0,0
0,127284,127409,file_anon_mix_p,138,138,140,120,0,2,2,0,33,0,0,0,0,20,13,0,0,0,0,0,5,0,0,0,0,0,0,0,0
0,127284,127409,file_anon_mix_p,0,0,3,120,0,3,3,0,0,0,0,0,0,0,0,0,0,0,0,0,0,0,0,0,0,0,0,0,0
0,127284,127409,file_anon_mix_p,0,0,3,120,0,3,3,0,0,0,0,0,0,0,0,0,0,0,0,0,0,0,0,0,0,0,0,0,0
0,127284,127409,file_anon_mix_p,138,138,140,120,0,2,2,0,33,0,0,0,0,20,13,0,0,0,0,0,5,0,0,0,0,0,0,0,0
0,127284,127409,file_anon_mix_p,0,0,3,120,0,3,3,0,0,0,0,0,0,0,0,0,0,0,0,0,0,0,0,0,0,0,0,0,0
0,127284,127409,file_anon_mix_p,0,0,3,120,0,3,3,0,0,0,0,0,0,0,0,0,0,0,0,0,0,0,0,0,0,0,0,0,0
0,127284,127409,file_anon_mix_p,0,0,3,120,0,3,3,0,0,0,0,0,0,0,0,0,0,0,0,0,0,0,0,0,0,0,0,0,0
0,127284,127409,file_anon_mix_p,5,5,7,120,0,2,2,0,0,0,0,0,0,0,0,0,0,0,0,27,0,0,0,2,0,0,0,0,0
0,127284,127409,file_anon_mix_p,1499,1499,1502,120,0,3,3,24,214,24,0,0,0,71,0,143,0,0,0,5,59,0,0,0,30,0,0,0,0
0,127284,127409,file_anon_mix_p,242,242,244,120,0,2,2,0,1,0,0,0,0,1,0,0,0,0,0,4,1,0,0,4,0,0,0,0,0
0,127284,127409,file_anon_mix_p,0,0,3,120,0,3,3,0,0,0,0,0,0,0,0,0,0,0,0,0,0,0,0,0,0,0,0,0,0
0,127284,127409,file_anon_mix_p,0,0,3,120,0,3,3,0,0,0,0,0,0,0,0,0,0,0,0,0,0,0,0,0,0,0,0,0,0
0,127284,127409,file_anon_mix_p,36,36,38,120,0,2,2,4,0,0,0,0,4,0,0,0,0,0,0,9,4,0,0,2,0,0,0,0,0
0,127284,127409,file_anon_mix_p,4000,4000,4003,120,0,3,3,53,110,0,47,5,1,0,110,0,0,0,1,0,15,0,1,1,57,0,0,0,0
0,263,470,clash-linux-amd,3966,3966,3969,120,0,3,3,1473,1820,0,51,858,564,70,41,1685,24,0,2,1,63,0,0,9,108,3,95,0,0
0,263,470,clash-linux-amd,0,0,3,120,0,3,3,0,0,0,0,0,0,0,0,0,0,0,0,0,0,0,0,0,0,0,0,0,0
0,263,470,clash-linux-amd,4000,4000,4003,120,0,3,3,53,111,0,47,5,1,0,111,0,0,0,1,0,15,0,1,1,57,0,0,0,0
0,263,470,clash-linux-amd,3966,3966,3969,120,0,3,3,1473,1820,0,51,858,564,70,41,1685,24,0,2,1,63,0,0,9,108,3,95,0,0
0,263,470,clash-linux-amd,0,0,3,120,0,3,3,0,0,0,0,0,0,0,0,0,0,0,0,0,0,0,0,0,0,0,0,0,0
0,263,470,clash-linux-amd,3626,3626,3629,120,2,3,3,329414,196616,130377,39714,159003,320,0,196609,7,0,0,0,3974,40,0,0,17,31,0,0,0,0
0,263,470,clash-linux-amd,113,113,115,120,0,2,2,36,0,11,25,0,0,0,0,0,0,1,0,6,0,0,0,1,0,0,0,0,0
0,263,470,clash-linux-amd,0,0,3,120,0,3,3,0,0,0,0,0,0,0,0,0,0,0,0,0,0,0,0,0,0,0,0,0,0
0,263,470,clash-linux-amd,1135,1135,1137,120,0,2,2,5,19,5,0,0,0,19,0,0,0,0,0,49,40,0,0,42,0,0,0,0,0
0,263,470,clash-linux-amd,0,0,3,120,0,3,3,0,0,0,0,0,0,0,0,0,0,0,0,0,0,0,0,0,0,0,0,0,0
0,263,470,clash-linux-amd,0,0,3,120,0,3,3,0,0,0,0,0,0,0,0,0,0,0,0,0,0,0,0,0,0,0,0,0,0
0,263,470,clash-linux-amd,0,0,3,120,0,3,3,0,0,0,0,0,0,0,0,0,0,0,0,0,0,0,0,0,0,0,0,0,0
0,263,470,clash-linux-amd,0,0,3,120,0,3,3,0,0,0,0,0,0,0,0,0,0,0,0,0,0,0,0,0,0,0,0,0,0
0,263,470,clash-linux-amd,153,153,155,120,0,2,2,2,5,2,0,0,0,0,5,0,0,0,0,22,4,0,0,17,0,0,0,0,0
0,263,470,clash-linux-amd,6,7,9,120,0,3,2,0,0,0,0,0,0,0,0,0,0,0,0,0,1,0,0,0,22,0,0,0,0
0,263,470,clash-linux-amd,5,5,7,120,0,2,2,0,0,0,0,0,0,0,0,0,0,0,0,27,0,0,0,2,0,0,0,0,0
0,263,470,clash-linux-amd,1099,1099,1101,120,0,2,2,64,97,57,7,0,0,75,0,0,22,1,0,2,10,0,0,0,320,0,0,0,0
0,263,470,clash-linux-amd,0,0,3,120,0,3,3,0,0,0,0,0,0,0,0,0,0,0,0,0,0,0,0,0,0,0,0,0,0
0,263,470,clash-linux-amd,0,0,3,120,0,3,3,0,0,0,0,0,0,0,0,0,0,0,0,0,0,0,0,0,0,0,0,0,0
0,263,470,clash-linux-amd,5259,5259,5261,120,0,2,2,129,342,30,8,0,91,106,113,0,123,1,2,3,206,0,19,8,162,5,57,0,0
0,263,470,clash-linux-amd,7,7,9,120,0,2,2,0,1,0,0,0,0,1,0,0,0,0,0,7,6,0,0,1,0,0,0,0,0
0,263,470,clash-linux-amd,0,0,3,120,0,3,3,0,0,0,0,0,0,0,0,0,0,0,0,0,0,0,0,0,0,0,0,0,0
0,263,470,clash-linux-amd,1499,1499,1502,120,0,3,3,24,214,24,0,0,0,71,0,143,0,0,0,5,59,0,0,0,30,0,0,0,0
0,263,470,clash-linux-amd,3626,3626,3629,120,4,3,3,329414,196616,130249,39714,159003,448,0,196609,7,0,0,0,3974,40,0,0,17,31,0,0,0,0
0,263,470,clash-linux-amd,0,0,3,120,0,3,3,0,0,0,0,0,0,0,0,0,0,0,0,0,0,0,0,0,0,0,0,0,0
0,263,470,clash-linux-amd,0,0,3,120,0,3,3,0,0,0,0,0,0,0,0,0,0,0,0,0,0,0,0,0,0,0,0,0,0
0,263,470,clash-linux-amd,0,0,3,120,0,3,3,0,0,0,0,0,0,0,0,0,0,0,0,0,0,0,0,0,0,0,0,0,0
0,263,470,clash-linux-amd,1135,1135,1137,120,0,2,2,5,19,5,0,0,0,19,0,0,0,0,0,49,40,0,0,42,0,0,0,0,0
0,263,470,clash-linux-amd,0,0,3,120,0,3,3,0,0,0,0,0,0,0,0,0,0,0,0,0,0,0,0,0,0,0,0,0,0
0,263,470,clash-linux-amd,3626,3626,3629,120,9,3,3,329414,196616,129993,39714,159003,704,0,196609,7,0,0,0,3974,40,0,0,17,31,0,0,0,0
0,263,470,clash-linux-amd,3626,3626,3629,120,17,3,3,329414,196616,129417,39714,159003,1280,0,196609,7,0,0,0,3974,40,0,0,17,31,0,0,0,0
0,263,470,clash-linux-amd,3626,3626,3629,120,33,3,3,329414,196616,128329,39714,159003,2368,0,196609,7,0,0,0,3974,40,0,0,17,31,0,0,0,0
0,263,470,clash-linux-amd,3626,3626,3629,120,65,3,3,329414,196616,126217,39714,159003,4480,0,196609,7,0,0,0,3974,40,0,0,17,31,0,0,0,0
0,127284,127409,file_anon_mix_p,3626,3626,3629,120,9,3,3,329414,196616,130697,39714,159003,0,0,196609,7,0,0,0,3974,40,0,0,17,31,0,0,0,0
0,394,394,sshd-session,3626,3626,3629,120,2,3,3,329286,196616,115657,39714,159003,14912,0,40298,44190,112128,0,0,3974,40,0,0,17,31,0,0,0,0
0,394,394,sshd-session,3626,3626,3629,120,4,3,3,329361,196616,114505,39714,159003,16139,0,40298,44190,112128,0,0,3974,40,0,0,17,31,0,0,0,0
0,127284,127409,file_anon_mix_p,3626,3626,3629,120,17,3,3,329350,196616,116553,39714,159003,14080,0,40298,44190,112128,0,0,3974,40,0,0,17,31,0,0,0,0
0,263,470,clash-linux-amd,3626,3626,3629,120,129,3,3,329414,196616,122057,39714,159003,8640,0,196609,7,0,0,0,3974,40,0,0,17,31,0,0,0,0
0,394,394,sshd-session,3626,3626,3629,120,9,3,3,329330,196616,113161,39714,159003,17452,0,40298,44190,112128,0,0,3974,40,0,0,17,31,0,0,0,0
0,45,45,kswapd0,3626,3626,3628,120,126,2,2,323666,196616,138890,39715,0,145061,0,196609,0,7,0,0,3974,40,0,0,16,31,0,0,1,0
0,394,394,sshd-session,3626,3626,3629,120,17,3,3,329313,196616,110793,39714,159003,19803,0,40298,44190,112128,0,0,3974,40,0,0,17,31,0,0,0,0
0,127284,127409,file_anon_mix_p,3626,3626,3629,120,33,3,3,329349,196616,112969,39714,159003,17663,0,40298,44190,112128,0,0,3974,40,0,0,17,31,0,0,0,0
0,394,394,sshd-session,3626,3626,3629,120,33,3,3,329221,196616,104329,39714,159003,26175,0,40298,44190,112128,0,0,3974,40,0,0,18,31,0,0,0,0
0,45,45,kswapd0,3626,3626,3629,120,129,3,3,329286,196616,110217,39714,159003,20352,0,40298,44190,112128,0,0,3974,40,0,0,17,31,0,0,0,0
0,263,470,clash-linux-amd,3626,3626,3629,120,257,3,3,329340,196616,110911,39714,159003,19712,0,40298,44190,112128,0,0,3974,40,0,0,17,31,0,0,1,0
0,127284,127409,file_anon_mix_p,3626,3626,3629,120,65,3,3,329221,196616,97801,39714,159003,32703,0,40298,44190,112128,0,0,3974,40,0,0,18,31,0,0,2,0
0,394,394,sshd-session,3626,3626,3629,120,65,3,3,329284,196616,90505,39714,159003,40062,0,40298,44190,112128,0,0,3974,40,0,0,19,31,0,0,0,0
0,127431,127431,watch,3626,3626,3629,120,2,3,3,329219,196616,61833,39714,159003,68669,0,40298,44190,112128,0,0,3974,40,0,0,20,31,0,0,0,0
0,127431,127431,watch,3626,3626,3629,120,4,3,3,329155,196616,60745,39714,159003,69693,0,40298,44190,112128,0,0,3974,40,0,0,20,31,0,0,0,0
0,127431,127431,watch,3626,3626,3629,120,9,3,3,329284,196616,57930,39714,159003,72637,0,40298,44190,112128,0,0,3974,40,0,0,20,31,0,0,0,0
0,127431,127431,watch,3626,3626,3629,120,17,3,3,329295,196616,53193,39714,159003,77385,0,40298,44190,112128,0,0,3974,40,0,0,20,31,0,0,0,0
0,45,45,kswapd0,3626,3626,3629,120,257,3,3,329220,196616,85769,39714,159003,44734,0,40298,44190,112128,0,0,3974,40,0,0,20,31,0,0,0,0
0,127431,127431,watch,3626,3626,3629,120,33,3,3,329322,196616,42953,39715,159003,87651,0,40298,44190,112128,0,0,3974,40,0,0,45,31,0,0,0,0
0,127431,127431,watch,3626,3626,3629,120,45,3,3,329254,196616,22918,39715,159003,107618,0,40298,44190,112128,0,0,3974,40,0,0,46,31,0,0,0,0
0,263,470,clash-linux-amd,3626,3626,3629,120,367,3,3,329339,196616,67593,39714,159003,63029,0,40298,44190,112128,0,0,3974,40,0,0,20,31,0,0,14,0
0,127431,127431,watch,0,0,3,120,0,3,3,0,0,0,0,0,0,0,0,0,0,0,0,0,0,0,0,0,0,0,0,0,0
0,263,470,clash-linux-amd,0,0,3,120,0,3,3,0,0,0,0,0,0,0,0,0,0,0,0,0,0,0,0,0,0,0,0,0,0
0,127431,127431,watch,0,0,3,120,0,3,3,0,0,0,0,0,0,0,0,0,0,0,0,0,0,0,0,0,0,0,0,0,0
0,263,470,clash-linux-amd,0,0,3,120,0,3,3,0,0,0,0,0,0,0,0,0,0,0,0,0,0,0,0,0,0,0,0,0,0
0,127431,127431,watch,0,0,3,120,0,3,3,0,0,0,0,0,0,0,0,0,0,0,0,0,0,0,0,0,0,0,0,0,0
0,127431,127431,watch,0,0,3,120,0,3,3,0,0,0,0,0,0,0,0,0,0,0,0,0,0,0,0,0,0,0,0,0,0
0,127431,127431,watch,242,242,244,120,0,2,2,0,1,0,0,0,0,1,0,0,0,0,0,4,1,0,0,4,0,0,0,0,0
0,127284,127409,file_anon_mix_p,3626,3626,3629,120,115,3,3,329219,196616,64713,39714,159003,65789,0,40298,44190,112128,0,0,3974,40,0,0,20,31,0,0,18,0
0,263,470,clash-linux-amd,1099,1099,1101,120,1,2,2,64,97,57,7,0,0,75,0,0,22,1,0,2,10,0,0,0,320,0,0,0,64
0,394,394,sshd-session,3626,3626,3629,120,82,3,3,329219,196616,62345,39714,159003,68157,0,40298,44190,112128,0,0,3974,40,0,0,20,31,0,0,0,0
0,127431,127431,watch,3966,3966,3969,120,2,3,3,1473,1841,1,51,857,564,70,41,1685,45,0,2,1,63,0,0,9,108,3,95,1,1
0,127431,127431,watch,113,113,115,120,0,2,2,36,0,11,25,0,0,0,0,0,0,1,0,6,0,0,0,1,0,0,0,0,0
0,127431,127431,watch,0,0,3,120,0,3,3,0,0,0,0,0,0,0,0,0,0,0,0,0,0,0,0,0,0,0,0,0,0
0,127431,127431,watch,0,0,3,120,0,3,3,0,0,0,0,0,0,0,0,0,0,0,0,0,0,0,0,0,0,0,0,0,0
0,127431,127431,watch,0,0,3,120,0,3,3,0,0,0,0,0,0,0,0,0,0,0,0,0,0,0,0,0,0,0,0,0,0
0,127431,127431,watch,0,0,3,120,0,3,3,0,0,0,0,0,0,0,0,0,0,0,0,0,0,0,0,0,0,0,0,0,0
0,127431,127431,watch,1499,1499,1502,120,1,3,3,24,214,24,0,0,0,71,0,143,0,0,0,5,59,0,0,0,30,0,0,0,48
0,127284,127409,file_anon_mix_p,3966,3966,3969,120,1,3,3,1472,1841,0,51,857,564,70,41,1685,45,0,2,1,63,0,0,9,108,3,95,0,36
0,394,394,sshd-session,1099,1099,1101,120,1,2,2,64,33,57,7,0,0,11,0,0,22,1,0,2,10,0,0,0,384,0,0,0,8
0,394,394,sshd-session,7,7,9,120,0,2,2,0,1,0,0,0,0,1,0,0,0,0,0,7,6,0,0,1,0,0,0,0,0
0,394,394,sshd-session,0,0,3,120,0,3,3,0,0,0,0,0,0,0,0,0,0,0,0,0,0,0,0,0,0,0,0,0,0
0,394,394,sshd-session,1499,1499,1502,120,1,3,3,24,166,24,0,0,0,7,0,143,16,0,0,5,59,0,0,0,78,0,0,0,7
0,394,394,sshd-session,0,0,3,120,0,3,3,0,0,0,0,0,0,0,0,0,0,0,0,0,0,0,0,0,0,0,0,0,0
0,394,394,sshd-session,0,0,3,120,0,3,3,0,0,0,0,0,0,0,0,0,0,0,0,0,0,0,0,0,0,0,0,0,0
0,394,394,sshd-session,0,0,3,120,0,3,3,0,0,0,0,0,0,0,0,0,0,0,0,0,0,0,0,0,0,0,0,0,0
0,394,394,sshd-session,7,7,9,120,0,2,2,0,1,0,0,0,0,1,0,0,0,0,0,7,6,0,0,1,0,0,0,0,0
0,394,394,sshd-session,5231,5231,5233,120,1,2,2,30,17,1,29,0,0,17,0,0,0,0,0,1,0,0,0,0,0,0,0,0,6
0,394,394,sshd-session,0,0,3,120,0,3,3,0,0,0,0,0,0,0,0,0,0,0,0,0,0,0,0,0,0,0,0,0,0
0,394,394,sshd-session,134,134,137,120,1,3,3,27,120,27,0,0,0,0,0,120,0,0,0,11,0,0,0,5,21,0,0,4,0
0,394,394,sshd-session,0,0,3,120,0,3,3,0,0,0,0,0,0,0,0,0,0,0,0,0,0,0,0,0,0,0,0,0,0
0,45,45,kswapd0,3626,3626,3629,120,335,3,3,329181,196616,38857,39715,159003,91606,0,40298,44190,112128,0,0,3974,40,0,0,45,31,0,0,2,1
0,394,394,sshd-session,3627,3627,3630,120,55,3,3,329593,196552,39716,159003,130529,345,36938,44188,112130,3296,0,0,2013,34,0,0,0,0,0,0,0,0
0,394,394,sshd-session,242,242,244,120,0,2,2,0,1,0,0,0,0,1,0,0,0,0,0,4,1,0,0,4,0,0,0,0,0
0,394,394,sshd-session,10,10,12,120,0,2,2,1,0,1,0,0,0,0,0,0,0,0,0,0,1,0,0,59,0,0,0,0,0
0,394,394,sshd-session,138,138,140,120,1,2,2,0,33,0,0,0,0,20,13,0,0,0,0,0,5,0,0,0,0,0,0,0,2
0,394,394,sshd-session,0,0,3,120,0,3,3,0,0,0,0,0,0,0,0,0,0,0,0,0,0,0,0,0,0,0,0,0,0
0,394,394,sshd-session,153,153,155,120,0,2,2,2,5,2,0,0,0,0,5,0,0,0,0,22,4,0,0,17,0,0,0,0,0
0,45,45,kswapd0,10,10,12,120,0,2,2,1,0,1,0,0,0,0,0,0,0,0,0,0,1,0,0,59,0,0,0,0,0
0,394,394,sshd-session,6,7,9,120,0,3,2,0,0,0,0,0,0,0,0,0,0,0,0,0,1,0,0,0,22,0,0,0,0
0,394,394,sshd-session,5,5,7,120,0,2,2,0,0,0,0,0,0,0,0,0,0,0,0,27,0,0,0,2,0,0,0,0,0
0,45,45,kswapd0,153,153,155,120,0,2,2,2,5,2,0,0,0,0,5,0,0,0,0,22,4,0,0,17,0,0,0,0,0
0,394,394,sshd-session,113,113,115,120,1,2,2,36,0,11,25,0,0,0,0,0,0,1,0,6,0,0,0,1,0,0,0,0,0
0,394,394,sshd-session,0,0,3,120,0,3,3,0,0,0,0,0,0,0,0,0,0,0,0,0,0,0,0,0,0,0,0,0,0
0,394,394,sshd-session,5,5,7,120,0,2,2,0,0,0,0,0,0,0,0,0,0,0,0,27,0,0,0,2,0,0,0,0,0
0,394,394,sshd-session,0,0,3,120,0,3,3,0,0,0,0,0,0,0,0,0,0,0,0,0,0,0,0,0,0,0,0,0,0
0,394,394,sshd-session,36,36,39,120,0,3,3,4,0,0,0,4,0,0,0,0,0,0,0,9,4,0,0,2,0,0,0,0,0
0,394,394,sshd-session,0,0,3,120,0,3,3,0,0,0,0,0,0,0,0,0,0,0,0,0,0,0,0,0,0,0,0,0,0
0,45,45,kswapd0,1499,1499,1502,120,1,3,3,24,159,24,0,0,0,0,0,143,16,0,0,5,59,0,0,0,85,0,0,2,0
0,45,45,kswapd0,139,139,140,120,0,1,1,0,31,0,0,0,0,16,0,0,15,0,0,0,3,0,0,0,2,0,0,0,0
0,45,45,kswapd0,5231,5231,5233,120,0,2,2,37,11,1,29,0,7,0,3,0,8,0,0,1,0,0,0,0,6,0,0,0,0
0,45,45,kswapd0,136,136,137,120,0,1,1,23,120,0,0,0,23,120,0,0,0,0,0,8,10,0,0,4,0,0,0,0,0
0,127284,127409,file_anon_mix_p,14,14,17,120,0,3,3,1,0,0,0,1,0,0,0,0,0,0,0,96,0,0,0,3,0,0,0,0,0
0,127284,127409,file_anon_mix_p,4000,4000,4003,120,0,3,3,53,113,0,47,5,1,0,113,0,0,0,1,0,15,0,1,1,57,0,0,0,0
0,127284,127409,file_anon_mix_p,0,0,3,120,0,3,3,0,0,0,0,0,0,0,0,0,0,0,0,0,0,0,0,0,0,0,0,0,0
0,127284,127409,file_anon_mix_p,0,0,3,120,0,3,3,0,0,0,0,0,0,0,0,0,0,0,0,0,0,0,0,0,0,0,0,0,0
0,127284,127409,file_anon_mix_p,1135,1135,1137,120,0,2,2,5,19,5,0,0,0,19,0,0,0,0,0,49,40,0,0,42,0,0,0,0,0
0,127284,127409,file_anon_mix_p,0,0,3,120,0,3,3,0,0,0,0,0,0,0,0,0,0,0,0,0,0,0,0,0,0,0,0,0,0
0,127284,127409,file_anon_mix_p,0,0,3,120,0,3,3,0,0,0,0,0,0,0,0,0,0,0,0,0,0,0,0,0,0,0,0,0,0
0,127284,127409,file_anon_mix_p,0,0,3,120,0,3,3,0,0,0,0,0,0,0,0,0,0,0,0,0,0,0,0,0,0,0,0,0,0
0,127284,127409,file_anon_mix_p,1099,1099,1101,120,0,2,2,64,25,57,7,0,0,0,0,0,25,1,0,2,10,0,0,0,392,0,0,0,0
0,127284,127409,file_anon_mix_p,36,36,39,120,0,3,3,4,0,0,0,4,0,0,0,0,0,0,0,9,4,0,0,2,0,0,0,0,0
0,127284,127409,file_anon_mix_p,0,0,3,120,0,3,3,0,0,0,0,0,0,0,0,0,0,0,0,0,0,0,0,0,0,0,0,0,0
0,127284,127409,file_anon_mix_p,1135,1135,1137,120,0,2,2,5,19,5,0,0,0,19,0,0,0,0,0,49,40,0,0,42,0,0,0,0,0
0,127284,127409,file_anon_mix_p,1501,1501,1502,120,0,1,1,22,159,0,0,0,22,143,0,0,16,0,0,2,71,0,0,2,0,0,0,0,0
0,127284,127409,file_anon_mix_p,1099,1099,1101,120,0,2,2,64,25,57,7,0,0,0,0,0,25,1,0,2,10,0,0,0,392,0,0,0,0
0,127284,127409,file_anon_mix_p,3627,3627,3630,120,1,3,3,330401,196615,39716,159003,130529,1153,27946,44188,112130,12351,0,0,2013,34,0,0,0,1,0,0,0,0
0,127284,127409,file_anon_mix_p,6,7,9,120,0,3,2,0,0,0,0,0,0,0,0,0,0,0,0,0,1,0,0,0,22,0,0,0,0
0,127284,127409,file_anon_mix_p,4000,4000,4003,120,0,3,3,53,113,0,47,5,1,0,113,0,0,0,1,0,15,0,1,1,57,0,0,0,0
0,127284,127409,file_anon_mix_p,114,114,115,120,0,1,1,36,0,25,0,0,11,0,0,0,0,0,0,3,0,0,0,0,0,0,0,0,0
0,127284,127409,file_anon_mix_p,0,0,3,120,0,3,3,0,0,0,0,0,0,0,0,0,0,0,0,0,0,0,0,0,0,0,0,0,0
0,127284,127409,file_anon_mix_p,14,14,17,120,0,3,3,1,0,0,0,1,0,0,0,0,0,0,0,96,0,0,0,3,0,0,0,0,0
0,127284,127409,file_anon_mix_p,0,0,3,120,0,3,3,0,0,0,0,0,0,0,0,0,0,0,0,0,0,0,0,0,0,0,0,0,0
0,127284,127409,file_anon_mix_p,5259,5259,5261,120,0,2,2,152,300,30,8,0,114,0,172,0,128,1,2,3,206,0,77,8,170,5,86,0,0
0,127284,127409,file_anon_mix_p,0,0,3,120,0,3,3,0,0,0,0,0,0,0,0,0,0,0,0,0,0,0,0,0,0,0,0,0,0
0,127284,127409,file_anon_mix_p,0,0,3,120,0,3,3,0,0,0,0,0,0,0,0,0,0,0,0,0,0,0,0,0,0,0,0,0,0
0,127284,127409,file_anon_mix_p,1501,1501,1502,120,0,1,1,22,159,0,0,0,22,143,0,0,16,0,0,2,71,0,0,2,0,0,0,0,0
0,127284,127409,file_anon_mix_p,3627,3627,3630,120,1,3,3,330401,196615,39716,159003,130529,1153,27946,44188,112130,12351,0,0,2013,34,0,0,0,1,0,0,0,0
0,394,394,sshd-session,5259,5259,5261,120,1,2,2,152,347,30,8,0,114,106,113,0,128,1,2,3,206,0,19,8,162,5,62,0,18
0,127284,127409,file_anon_mix_p,5259,5259,5261,120,0,2,2,154,326,30,8,0,116,0,172,0,154,1,2,3,206,0,77,8,173,5,86,0,0
0,127432,127432,sh,3627,3627,3630,120,1,3,3,330401,196615,39717,159002,130529,1153,27946,44188,112130,12351,0,0,2013,34,0,0,0,1,0,0,0,0
0,127432,127432,sh,3627,3627,3630,120,5,3,3,330401,196550,39717,159002,130529,1153,26762,44188,112130,13470,0,0,2013,34,0,0,0,1,0,0,0,0
0,127284,127409,file_anon_mix_p,3627,3627,3630,120,7,3,3,330401,196487,39717,159002,130529,1153,27146,44188,112130,13023,0,0,2013,34,0,0,0,1,0,0,0,0
0,127432,127432,sh,3627,3627,3630,120,7,3,3,330401,196487,39717,159002,130529,1153,25260,44188,112130,14909,0,0,2013,34,0,0,0,1,0,0,0,0
0,127432,127432,sh,3627,3627,3630,120,16,3,3,330401,196484,39717,159002,130529,1153,23147,44188,112130,17019,0,0,2013,34,0,0,0,4,0,0,0,0
0,127284,127409,file_anon_mix_p,3627,3627,3630,120,16,3,3,330401,196484,39717,159002,130529,1153,24305,44199,112130,15850,0,0,2013,34,0,0,0,4,0,0,0,0
0,127432,127432,sh,3627,3627,3630,120,32,3,3,330401,196546,39717,159002,130529,1153,18952,44191,112130,21273,0,0,2013,34,0,0,0,4,0,0,0,1
0,127284,127409,file_anon_mix_p,3627,3627,3630,120,29,3,3,330401,196481,39717,159002,130529,1153,17226,44189,112130,22936,0,0,2013,34,0,0,0,7,0,0,0,9
0,127284,127409,file_anon_mix_p,3627,3627,3630,120,19,3,3,330401,196451,39717,159002,130529,1153,6003,44189,112130,34129,0,0,2013,34,0,0,0,37,0,0,0,0
0,127432,127432,sh,3627,3627,3630,120,57,3,3,330401,196553,39717,159002,130529,1153,13994,44188,112130,26241,0,0,2013,34,0,0,0,15,0,0,0,8
0,127432,127432,sh,3627,3627,3630,120,3,3,3,330401,196579,39717,159002,130529,1153,362,44189,112130,39898,0,0,2013,34,0,0,0,37,0,0,0,2
0,45,45,kswapd0,3627,3627,3630,120,223,3,3,330210,196615,39716,159003,130529,962,27946,44188,112130,12351,0,0,2013,34,0,0,0,1,0,0,0,18
0,127284,127409,file_anon_mix_p,3627,3627,3630,120,3,3,3,330401,196579,39717,159002,130529,1153,362,44189,112130,39898,0,0,2013,34,0,0,0,37,0,0,0,0
0,127284,127409,file_anon_mix_p,3627,3627,3630,120,191,3,3,330401,196577,39717,159002,130529,1153,1,44188,112130,40258,0,0,2013,34,0,0,0,39,0,0,14,0
0,127432,127432,sh,3627,3627,3630,120,186,3,3,330401,196577,39717,159002,130529,1153,1,44189,112130,40257,0,0,2013,34,0,0,0,39,0,0,5,1
0,127284,127409,file_anon_mix_p,3628,3628,3630,120,56,2,2,330371,196485,159000,130529,0,40842,33190,112130,0,51165,0,15,1021,35,0,0,0,3,0,0,0,10
0,127284,127409,file_anon_mix_p,3628,3628,3630,120,2,2,2,330883,196528,159000,130529,0,41354,9409,112130,0,74989,0,15,1021,35,0,0,0,24,0,0,0,0
0,60,60,jbd2/sda-8,3628,3628,3630,120,2,2,2,330883,196400,159000,130529,0,41354,8545,112130,0,75725,0,15,1021,35,0,0,0,24,0,0,0,0
0,60,60,jbd2/sda-8,3628,3628,3630,120,5,2,2,330883,196440,159000,130529,0,41354,7946,112130,0,76364,0,15,1021,35,0,0,0,25,0,0,0,0
0,126930,126930,mglru_monitor,3628,3628,3630,120,2,2,2,330883,196424,159000,130529,0,41354,6721,112130,0,77573,0,15,1021,35,0,0,0,25,0,0,0,0
0,127284,127409,file_anon_mix_p,3628,3628,3630,120,5,2,2,330883,196526,159000,130529,0,41354,8833,112130,0,75563,0,15,1021,35,0,0,0,24,0,0,0,0
0,60,60,jbd2/sda-8,3628,3628,3630,120,8,2,2,330883,196399,159000,130529,0,41354,6433,112130,0,77836,0,15,1021,35,0,0,0,25,0,0,0,1
0,127284,127409,file_anon_mix_p,3628,3628,3630,120,8,2,2,330883,196412,159000,130529,0,41354,4833,112130,0,79449,0,15,1021,35,0,0,0,25,0,0,0,0
0,60,60,jbd2/sda-8,3628,3628,3630,120,15,2,2,330883,196343,159000,130529,0,41354,4097,112130,0,80116,0,15,1021,35,0,0,0,26,0,0,0,12
0,60,60,jbd2/sda-8,3628,3628,3630,120,2,2,2,330691,196513,158374,130529,0,41788,0,112131,0,84382,0,15,1021,35,0,0,0,39,0,0,45,0
0,127432,127432,sh,3628,3628,3630,120,81,2,2,330371,196549,159000,130529,0,40842,29062,112130,0,55357,0,15,1021,35,0,0,0,3,0,0,64,9
0,126930,126930,mglru_monitor,3628,3628,3630,120,2,2,2,330883,196399,159000,130529,0,41354,5729,112130,0,78540,0,15,1021,35,0,0,0,25,0,0,64,0
0,127284,127409,file_anon_mix_p,3628,3628,3630,120,2,2,2,330721,196513,158502,130529,0,41690,0,112131,0,84382,0,15,1021,35,0,0,0,39,0,0,64,0
0,127284,127409,file_anon_mix_p,3628,3628,3630,120,1,2,2,331040,196577,157313,130531,0,43196,0,112131,0,84446,0,15,1021,35,0,0,821,39,0,0,64,0
0,127284,127409,file_anon_mix_p,3628,3628,3630,120,1,2,2,331232,196577,156995,130529,0,43708,0,112131,0,84446,0,15,1021,35,0,0,1073,39,0,0,64,0
0,127432,127432,sh,3628,3628,3630,120,1,2,2,331218,196577,157059,130529,0,43630,0,112131,0,84446,0,15,1021,35,0,0,1060,39,0,0,64,0
0,127433,127433,cat,3628,3628,3630,120,1,2,2,331097,196577,156099,130529,0,44469,0,112131,0,84446,0,15,1021,35,0,0,2044,39,0,0,64,0
0,127284,127409,file_anon_mix_p,3628,3628,3630,120,1,2,2,331168,196577,154883,130529,0,45756,0,112131,0,84446,0,15,1021,35,0,0,3270,39,0,0,64,0
0,127284,127409,file_anon_mix_p,3628,3628,3630,120,1,2,2,331296,196577,154499,130529,0,46268,0,112131,0,84446,0,15,1021,35,0,0,3680,39,0,0,64,0
0,127284,127409,file_anon_mix_p,3628,3628,3630,120,1,2,2,331360,196577,154051,130529,0,46780,0,112131,0,84446,0,15,1021,35,0,0,4069,39,0,0,64,0
0,127284,127409,file_anon_mix_p,3628,3628,3630,120,1,2,2,331488,196577,153667,130529,0,47292,0,112131,0,84446,0,15,1021,35,0,0,4472,39,0,0,64,0
0,127284,127409,file_anon_mix_p,3628,3628,3630,120,1,2,2,331778,196577,153155,130529,0,48094,0,112131,0,84446,0,15,1021,35,0,0,4964,39,0,0,64,0
0,127284,127409,file_anon_mix_p,3628,3628,3630,120,1,2,2,331813,196577,152963,130529,0,48321,0,112131,0,84446,0,15,1021,35,0,0,5213,39,0,0,64,0
0,127284,127409,file_anon_mix_p,3628,3628,3630,120,1,2,2,331902,196577,152579,130529,0,48794,0,112131,0,84446,0,15,1021,35,0,0,5581,39,0,0,64,0
0,127284,127409,file_anon_mix_p,3628,3628,3630,120,1,2,2,331990,196577,152195,130529,0,49266,0,112131,0,84446,0,15,1021,35,0,0,5971,39,0,0,64,0
0,127284,127409,file_anon_mix_p,3628,3628,3630,120,1,2,2,331956,196577,151939,130529,0,49488,0,112131,0,84446,0,15,1021,35,0,0,6227,39,0,0,64,0
0,127284,127409,file_anon_mix_p,3628,3628,3630,120,1,2,2,331920,196577,151683,130529,0,49708,0,112131,0,84446,0,15,1021,35,0,0,6483,39,0,0,64,0
0,127284,127409,file_anon_mix_p,3628,3628,3630,120,1,2,2,331943,196577,151427,130529,0,49987,0,112131,0,84446,0,15,1021,35,0,0,6754,39,0,0,64,0
0,127284,127409,file_anon_mix_p,3628,3628,3630,120,1,2,2,331900,196577,151107,130529,0,50264,0,112131,0,84446,0,15,1021,35,0,0,7023,39,0,0,64,0
0,127284,127409,file_anon_mix_p,3628,3628,3630,120,1,2,2,331922,196577,150851,130529,0,50542,0,112131,0,84446,0,15,1021,35,0,0,7300,39,0,0,64,0
0,127284,127409,file_anon_mix_p,3628,3628,3630,120,1,2,2,331906,196577,150595,130529,0,50782,0,112131,0,84446,0,15,1021,35,0,0,7556,39,0,0,64,0
0,127284,127409,file_anon_mix_p,3628,3628,3630,120,1,2,2,331886,196577,150339,130529,0,51018,0,112131,0,84446,0,15,1021,35,0,0,7815,39,0,0,64,0
0,127284,127409,file_anon_mix_p,3628,3628,3630,120,1,2,2,331981,196577,149955,130529,0,51497,0,112131,0,84446,0,15,1021,35,0,0,8188,39,0,0,64,0
0,127284,127409,file_anon_mix_p,3628,3628,3630,120,1,2,2,331785,196615,149571,130529,0,51685,0,112131,0,84484,0,15,1021,35,0,0,8558,39,0,38,64,0
0,127284,127409,file_anon_mix_p,3628,3628,3630,120,1,2,2,331707,196615,148995,130529,0,52183,0,112131,0,84484,0,15,1021,35,0,0,9166,39,0,38,64,0
0,127284,127409,file_anon_mix_p,3628,3628,3630,120,1,2,2,331775,196615,148536,130529,0,52710,0,112131,0,84484,0,15,1021,35,0,0,9575,39,0,38,64,0
0,127284,127409,file_anon_mix_p,3628,3628,3630,120,1,2,2,331883,196615,148152,130529,0,53202,0,112131,0,84484,0,15,1021,35,0,0,9952,39,0,38,64,0
0,127284,127409,file_anon_mix_p,3628,3628,3630,120,1,2,2,331868,196615,147896,130529,0,53443,0,112131,0,84484,0,15,1021,35,0,0,10253,39,0,38,64,0
0,127284,127409,file_anon_mix_p,3628,3628,3630,120,1,2,2,331787,196615,147576,130529,0,53682,0,112131,0,84484,0,15,1021,35,0,0,10568,39,0,38,64,0
0,178,178,cron,3628,3628,3630,120,1,2,2,331725,196615,147064,130529,0,54132,0,112131,0,84484,0,15,1021,35,0,0,10988,39,0,38,64,0
0,127284,127409,file_anon_mix_p,3628,3628,3630,120,1,2,2,331789,196615,147128,130529,0,54132,0,112131,0,84484,0,15,1021,35,0,0,10981,39,0,38,64,0
0,127435,127435,watch,3628,3628,3630,120,1,2,2,331495,196615,146552,130529,0,54414,0,112131,0,84484,0,15,1021,35,0,0,11565,39,0,38,64,0
0,127284,127409,file_anon_mix_p,3628,3628,3630,120,1,2,2,331431,196615,146488,130529,0,54414,0,112131,0,84484,0,15,1021,35,0,0,11573,39,0,38,64,0
0,127284,127409,file_anon_mix_p,3628,3628,3630,120,1,2,2,331061,196615,145016,130529,0,55516,0,112131,0,84484,0,15,1021,35,0,0,13109,39,0,38,64,0
0,127284,127409,file_anon_mix_p,3628,3628,3630,120,1,2,2,331371,196615,143864,130529,0,56978,0,112131,0,84484,0,15,1021,35,0,0,14247,39,0,38,64,0
0,127284,127409,file_anon_mix_p,3628,3628,3630,120,1,2,2,331739,196615,143224,130529,0,57986,0,112131,0,84484,0,15,1021,35,0,0,14869,39,0,38,64,0
0,127284,127409,file_anon_mix_p,3628,3628,3630,120,1,2,2,331929,196615,142904,130529,0,58496,0,112131,0,84484,0,15,1021,35,0,0,15229,39,0,38,64,0
0,127284,127409,file_anon_mix_p,3628,3628,3630,120,1,2,2,331870,196615,142584,130529,0,58757,0,112131,0,84484,0,15,1021,35,0,0,15504,39,0,38,64,0
0,127284,127409,file_anon_mix_p,3628,3628,3630,120,1,2,2,331874,196615,142328,130529,0,59017,0,112131,0,84484,0,15,1021,35,0,0,15798,39,0,38,64,0
0,127284,127409,file_anon_mix_p,3628,3628,3630,120,1,2,2,331934,196615,141880,130529,0,59525,0,112131,0,84484,0,15,1021,35,0,0,16208,39,0,38,64,0
0,127284,127409,file_anon_mix_p,3628,3628,3630,120,1,2,2,331937,196615,141624,130529,0,59784,0,112131,0,84484,0,15,1021,35,0,0,16472,39,0,38,64,0
0,127284,127409,file_anon_mix_p,3628,3628,3630,120,1,2,2,331917,196615,141368,130529,0,60020,0,112131,0,84484,0,15,1021,35,0,0,16718,39,0,38,64,0
0,127284,127409,file_anon_mix_p,3628,3628,3630,120,1,2,2,331946,196615,141176,130529,0,60241,0,112131,0,84484,0,15,1021,35,0,0,16963,39,0,38,64,0
0,127284,127409,file_anon_mix_p,3628,3628,3630,120,1,2,2,331905,196615,140856,130529,0,60520,0,112131,0,84484,0,15,1021,35,0,0,17232,39,0,38,64,0
0,127284,127409,file_anon_mix_p,3628,3628,3630,120,1,2,2,331928,196615,140600,130529,0,60799,0,112131,0,84484,0,15,1021,35,0,0,17504,39,0,38,64,0
0,127284,127409,file_anon_mix_p,3628,3628,3630,120,1,2,2,331950,196615,140344,130529,0,61077,0,112131,0,84484,0,15,1021,35,0,0,17772,39,0,38,64,0
0,127284,127409,file_anon_mix_p,3628,3628,3630,120,1,2,2,331971,196615,140088,130529,0,61354,0,112131,0,84484,0,15,1021,35,0,0,18039,39,0,38,64,0
0,127284,127409,file_anon_mix_p,3628,3628,3630,120,1,2,2,331992,196615,139832,130529,0,61631,0,112131,0,84484,0,15,1021,35,0,0,18307,39,0,38,64,0
0,127284,127409,file_anon_mix_p,3628,3628,3630,120,1,2,2,331889,196615,139576,130529,0,61784,0,112131,0,84484,0,15,1021,35,0,0,18528,39,0,38,64,0
0,127284,127409,file_anon_mix_p,3628,3628,3630,120,2,2,2,331909,196615,139320,130529,0,62060,0,112131,0,84484,0,15,1021,35,0,0,18798,39,0,38,10,0
0,178,178,cron,3628,3628,3630,120,1,2,2,331806,196615,139128,130529,0,62149,0,112131,0,84484,0,15,1021,35,0,0,18818,39,0,38,64,0
0,127284,127409,file_anon_mix_p,3628,3628,3630,120,1,2,2,331732,196615,139000,130530,0,62202,0,112131,0,84484,0,15,1021,35,0,0,18910,39,0,38,64,0
0,127284,127409,file_anon_mix_p,3628,3628,3630,120,1,2,2,331406,196615,138168,130530,0,62708,0,112131,0,84484,0,15,1021,35,0,0,19804,39,0,38,64,0
0,127284,127409,file_anon_mix_p,3628,3628,3630,120,1,2,2,331268,196615,137912,130530,0,62826,0,112131,0,84484,0,15,1021,35,0,0,20050,39,0,38,64,0
0,127284,127409,file_anon_mix_p,3628,3628,3630,120,1,2,2,331264,196615,137592,130530,0,63142,0,112131,0,84484,0,15,1021,35,0,0,20399,39,0,38,64,0
0,127284,127409,file_anon_mix_p,3628,3628,3630,120,1,2,2,331140,196615,137272,130530,0,63338,0,112131,0,84484,0,15,1021,35,0,0,20672,39,0,38,64,0
0,127284,127409,file_anon_mix_p,3628,3628,3630,120,1,2,2,331255,196615,136888,130530,0,63837,0,112131,0,84484,0,15,1021,35,0,0,21083,39,0,38,64,0
0,127284,127409,file_anon_mix_p,3628,3628,3630,120,1,2,2,331376,196615,136504,130530,0,64342,0,112131,0,84484,0,15,1021,35,0,0,21468,39,0,38,64,0
0,127284,127409,file_anon_mix_p,3628,3628,3630,120,1,2,2,331497,196615,136120,130530,0,64847,0,112131,0,84484,0,15,1021,35,0,0,21864,39,0,38,64,0
0,127284,127409,file_anon_mix_p,3628,3628,3630,120,1,2,2,331332,196615,135928,130530,0,64874,0,112131,0,84484,0,15,1021,35,0,0,22019,39,0,38,64,0
0,121783,121783,watch,3628,3628,3630,120,1,2,2,331188,196615,135736,130530,0,64922,0,112131,0,84484,0,15,1021,35,0,0,22233,39,0,38,64,0
0,127438,127438,sh,3628,3628,3630,120,1,2,2,331071,196615,135032,130530,0,65509,0,112131,0,84484,0,15,1021,35,0,0,22927,39,0,38,64,0
0,127438,127438,sh,3628,3628,3630,120,1,2,2,330948,196615,134520,130530,0,65898,0,112131,0,84484,0,15,1021,35,0,0,23380,39,0,38,64,0
0,127284,127409,file_anon_mix_p,3628,3628,3630,120,1,2,2,331012,196615,134584,130530,0,65898,0,112131,0,84484,0,15,1021,35,0,0,23364,39,0,38,64,0
0,127284,127409,file_anon_mix_p,3628,3628,3630,120,1,2,2,331235,196615,132536,130530,0,68169,0,112131,0,84484,0,15,1021,35,0,0,25444,39,0,38,64,0
0,127284,127409,file_anon_mix_p,3628,3628,3630,120,1,2,2,331268,196615,132280,130530,0,68458,0,112131,0,84484,0,15,1021,35,0,0,25718,39,0,38,64,0
0,127284,127409,file_anon_mix_p,3628,3628,3630,120,1,2,2,331460,196615,131960,130529,0,68971,0,112129,0,84486,0,15,1021,35,0,0,26047,39,0,38,64,0
0,127284,127409,file_anon_mix_p,3628,3628,3630,120,1,2,2,331839,196615,131896,130529,0,69414,0,112129,0,84486,0,15,1021,35,0,0,26111,39,0,38,64,0
0,394,394,sshd-session,3628,3628,3630,120,1,2,2,331775,196615,131832,130529,0,69414,0,112129,0,84486,0,15,1021,35,0,0,26175,39,0,38,64,0
0,127284,127409,file_anon_mix_p,3628,3628,3630,120,1,2,2,331780,196615,131768,130529,0,69483,0,112129,0,84486,0,15,1021,35,0,0,26181,39,0,38,64,0
0,127284,127409,file_anon_mix_p,3628,3628,3630,120,1,2,2,332228,196615,131704,130529,0,69995,0,112129,0,84486,0,15,1021,35,0,0,26303,39,0,38,64,0
0,127284,127409,file_anon_mix_p,3628,3628,3630,120,1,2,2,332676,196615,131640,130529,0,70507,0,112129,0,84486,0,15,1021,35,0,0,26367,39,0,38,64,0
0,45,45,kswapd0,3627,3627,3630,120,1035,3,3,330401,196577,39717,159002,130529,1153,1,44188,112130,40258,0,0,2013,34,0,0,0,39,0,0,21843,6
0,45,45,kswapd0,0,0,3,120,0,3,3,0,0,0,0,0,0,0,0,0,0,0,0,0,0,0,0,0,0,0,0,0,0
0,45,45,kswapd0,242,242,244,120,1,2,2,18,67,0,0,0,18,52,0,0,15,0,0,4,1,0,0,4,0,4,0,0,49
0,45,45,kswapd0,5,5,7,120,0,2,2,0,0,0,0,0,0,0,0,0,0,0,0,27,0,0,0,2,0,0,0,0,0
0,45,45,kswapd0,139,139,141,120,1,2,2,6,31,0,0,0,6,16,15,0,0,0,0,0,3,0,0,0,2,0,0,0,0
0,45,45,kswapd0,0,0,3,120,0,3,3,0,0,0,0,0,0,0,0,0,0,0,0,0,0,0,0,0,0,0,0,0,0
0,45,45,kswapd0,0,0,3,120,0,3,3,0,0,0,0,0,0,0,0,0,0,0,0,0,0,0,0,0,0,0,0,0,0
0,45,45,kswapd0,36,36,39,120,1,3,3,4,0,0,0,4,0,0,0,0,0,0,0,9,4,0,0,2,0,0,0,0,0
0,45,45,kswapd0,4000,4000,4003,120,2,3,3,53,117,0,47,5,1,0,117,0,0,0,1,0,15,0,1,1,57,0,0,0,15
0,127284,127409,file_anon_mix_p,0,0,3,120,0,3,3,0,0,0,0,0,0,0,0,0,0,0,0,0,0,0,0,0,0,0,0,0,0
0,127284,127409,file_anon_mix_p,0,0,3,120,0,3,3,0,0,0,0,0,0,0,0,0,0,0,0,0,0,0,0,0,0,0,0,0,0
0,127284,127409,file_anon_mix_p,114,114,115,120,0,1,1,36,0,25,0,0,11,0,0,0,0,0,0,3,0,0,0,0,0,0,0,0,0
0,127284,127409,file_anon_mix_p,0,0,3,120,0,3,3,0,0,0,0,0,0,0,0,0,0,0,0,0,0,0,0,0,0,0,0,0,0
0,127284,127409,file_anon_mix_p,10,10,12,120,0,2,2,1,0,1,0,0,0,0,0,0,0,0,0,0,1,0,0,59,0,0,0,0,0
0,127284,127409,file_anon_mix_p,153,153,155,120,0,2,2,2,5,2,0,0,0,0,5,0,0,0,0,22,4,0,0,17,0,0,0,0,0
0,127284,127409,file_anon_mix_p,136,136,138,120,0,2,2,23,120,0,23,0,0,120,0,0,0,0,0,8,10,0,0,4,0,0,0,0,0
0,127284,127409,file_anon_mix_p,0,0,3,120,0,3,3,0,0,0,0,0,0,0,0,0,0,0,0,0,0,0,0,0,0,0,0,0,0
0,127284,127409,file_anon_mix_p,1099,1099,1101,120,0,2,2,64,25,57,7,0,0,0,0,0,25,1,0,2,10,0,0,0,392,0,0,0,0
0,127284,127409,file_anon_mix_p,0,0,3,120,0,3,3,0,0,0,0,0,0,0,0,0,0,0,0,0,0,0,0,0,0,0,0,0,0
0,127284,127409,file_anon_mix_p,1501,1501,1503,120,0,2,2,22,159,0,22,0,0,143,16,0,0,0,0,2,71,0,0,2,0,0,0,0,0
0,127284,127409,file_anon_mix_p,0,0,3,120,0,3,3,0,0,0,0,0,0,0,0,0,0,0,0,0,0,0,0,0,0,0,0,0,0
0,127284,127409,file_anon_mix_p,0,0,3,120,0,3,3,0,0,0,0,0,0,0,0,0,0,0,0,0,0,0,0,0,0,0,0,0,0
0,127284,127409,file_anon_mix_p,0,0,3,120,0,3,3,0,0,0,0,0,0,0,0,0,0,0,0,0,0,0,0,0,0,0,0,0,0
0,127284,127409,file_anon_mix_p,6,7,9,120,0,3,2,0,0,0,0,0,0,0,0,0,0,0,0,0,1,0,0,0,22,0,0,0,0
0,127284,127409,file_anon_mix_p,14,14,17,120,0,3,3,1,0,0,0,1,0,0,0,0,0,0,0,96,0,0,0,3,0,0,0,0,0
0,127284,127409,file_anon_mix_p,0,0,3,120,0,3,3,0,0,0,0,0,0,0,0,0,0,0,0,0,0,0,0,0,0,0,0,0,0
0,127284,127409,file_anon_mix_p,0,0,3,120,0,3,3,0,0,0,0,0,0,0,0,0,0,0,0,0,0,0,0,0,0,0,0,0,0
0,127284,127409,file_anon_mix_p,0,0,3,120,0,3,3,0,0,0,0,0,0,0,0,0,0,0,0,0,0,0,0,0,0,0,0,0,0
0,127284,127409,file_anon_mix_p,6,7,9,120,0,3,2,0,0,0,0,0,0,0,0,0,0,0,0,0,1,0,0,0,22,0,0,0,0
0,127284,127409,file_anon_mix_p,0,0,3,120,0,3,3,0,0,0,0,0,0,0,0,0,0,0,0,0,0,0,0,0,0,0,0,0,0
0,127284,127409,file_anon_mix_p,0,0,3,120,0,3,3,0,0,0,0,0,0,0,0,0,0,0,0,0,0,0,0,0,0,0,0,0,0
0,127284,127409,file_anon_mix_p,0,0,3,120,0,3,3,0,0,0,0,0,0,0,0,0,0,0,0,0,0,0,0,0,0,0,0,0,0
0,127284,127409,file_anon_mix_p,1135,1135,1137,120,0,2,2,5,19,5,0,0,0,19,0,0,0,0,0,49,40,0,0,42,0,0,0,0,0
0,127284,127409,file_anon_mix_p,0,0,3,120,0,3,3,0,0,0,0,0,0,0,0,0,0,0,0,0,0,0,0,0,0,0,0,0,0
0,127284,127409,file_anon_mix_p,5259,5259,5262,120,0,3,3,129,392,23,0,71,35,0,101,256,35,1,2,3,206,0,77,8,180,5,121,0,0
0,127284,127409,file_anon_mix_p,0,0,3,120,0,3,3,0,0,0,0,0,0,0,0,0,0,0,0,0,0,0,0,0,0,0,0,0,0
0,127284,127409,file_anon_mix_p,1501,1501,1503,120,0,2,2,22,159,0,22,0,0,143,16,0,0,0,0,2,71,0,0,2,0,0,0,0,0
0,127284,127409,file_anon_mix_p,14,14,17,120,0,3,3,1,0,0,0,1,0,0,0,0,0,0,0,96,0,0,0,3,0,0,0,0,0
0,127284,127409,file_anon_mix_p,243,243,244,120,0,1,1,18,18,0,0,0,18,2,0,0,16,2,0,4,1,0,0,0,49,0,0,0,0
0,127284,127409,file_anon_mix_p,140,140,141,120,0,1,1,6,31,0,0,0,6,18,0,0,13,0,0,0,3,0,0,0,0,0,0,0,0
0,127284,127409,file_anon_mix_p,5259,5259,5262,120,0,3,3,129,392,23,0,71,35,0,101,256,35,1,2,3,206,0,77,8,180,5,121,0,0
0,127284,127409,file_anon_mix_p,38,38,39,120,0,1,1,4,0,4,0,0,0,0,0,0,0,0,0,5,2,0,0,0,0,0,0,0,0
0,127284,127409,file_anon_mix_p,4001,4001,4003,120,0,2,2,53,103,47,5,0,1,1,53,0,49,0,0,0,36,0,15,0,15,0,0,0,0
0,127284,127409,file_anon_mix_p,3968,3968,3970,120,0,2,2,1624,1248,311,879,0,434,381,302,0,565,0,24,2,74,0,13,0,486,0,0,0,0
0,127284,127409,file_anon_mix_p,7,7,9,120,0,2,2,0,1,0,0,0,0,1,0,0,0,0,0,7,6,0,0,1,0,0,0,0,0
0,127284,127409,file_anon_mix_p,5231,5231,5234,120,0,3,3,37,13,1,29,7,0,0,5,8,0,0,0,1,0,0,0,0,6,0,0,0,0
0,45,45,kswapd0,3967,3967,3970,120,13,3,3,1624,1804,47,525,902,150,31,1284,346,143,1,48,5,86,0,0,0,36,0,0,0,525
0,45,45,kswapd0,0,0,3,120,0,3,3,0,0,0,0,0,0,0,0,0,0,0,0,0,0,0,0,0,0,0,0,0,0
0,45,45,kswapd0,5,5,7,120,0,2,2,0,0,0,0,0,0,0,0,0,0,0,0,27,0,0,0,2,0,0,0,0,0
0,45,45,kswapd0,0,0,3,120,0,3,3,0,0,0,0,0,0,0,0,0,0,0,0,0,0,0,0,0,0,0,0,0,0
0,45,45,kswapd0,0,0,3,120,0,3,3,0,0,0,0,0,0,0,0,0,0,0,0,0,0,0,0,0,0,0,0,0,0
0,45,45,kswapd0,0,0,3,120,0,3,3,0,0,0,0,0,0,0,0,0,0,0,0,0,0,0,0,0,0,0,0,0,0
0,45,45,kswapd0,1135,1135,1137,120,1,2,2,5,19,5,0,0,0,19,0,0,0,0,0,49,40,0,0,42,0,0,0,0,3
0,45,45,kswapd0,38,38,39,120,0,1,1,4,0,4,0,0,0,0,0,0,0,0,0,5,2,0,0,0,0,0,0,0,0
0,45,45,kswapd0,136,136,138,120,2,2,2,23,120,0,23,0,0,120,0,0,0,0,0,8,10,0,0,4,0,0,0,0,65
0,178,178,cron,137,137,138,120,0,1,1,23,55,23,0,0,0,0,0,0,55,0,0,6,29,0,0,0,16,0,0,0,0
0,178,178,cron,1100,1100,1101,120,0,1,1,9,25,9,0,0,0,0,0,0,25,0,0,2,200,0,0,0,0,0,0,0,0
0,178,178,cron,0,0,3,120,0,3,3,0,0,0,0,0,0,0,0,0,0,0,0,0,0,0,0,0,0,0,0,0,0
0,178,178,cron,0,0,3,120,0,3,3,0,0,0,0,0,0,0,0,0,0,0,0,0,0,0,0,0,0,0,0,0,0
0,178,178,cron,0,0,3,120,0,3,3,0,0,0,0,0,0,0,0,0,0,0,0,0,0,0,0,0,0,0,0,0,0
0,178,178,cron,140,140,141,120,0,1,1,6,31,0,0,0,6,18,0,0,13,0,0,0,3,0,0,0,0,0,0,0,0
0,178,178,cron,0,0,3,120,0,3,3,0,0,0,0,0,0,0,0,0,0,0,0,0,0,0,0,0,0,0,0,0,0
0,178,178,cron,0,0,3,120,0,3,3,0,0,0,0,0,0,0,0,0,0,0,0,0,0,0,0,0,0,0,0,0,0
0,178,178,cron,5231,5231,5234,120,0,3,3,37,13,1,29,7,0,0,5,8,0,0,0,1,0,0,0,0,6,0,0,0,0
0,127284,127409,file_anon_mix_p,0,0,3,120,0,3,3,0,0,0,0,0,0,0,0,0,0,0,0,0,0,0,0,0,0,0,0,0,0
0,178,178,cron,1135,1135,1137,120,0,2,2,5,16,5,0,0,0,0,1,0,15,0,0,49,40,0,0,42,3,0,0,0,0
0,178,178,cron,0,0,3,120,0,3,3,0,0,0,0,0,0,0,0,0,0,0,0,0,0,0,0,0,0,0,0,0,0
0,45,45,kswapd0,1099,1099,1101,120,1,2,2,64,25,57,7,0,0,0,0,0,25,1,0,2,10,0,0,0,392,0,0,54,0
0,127284,127409,file_anon_mix_p,3628,3628,3631,120,1,3,3,333124,196615,131577,130528,70600,419,0,112129,84486,0,0,15,1021,35,0,0,26431,39,0,38,64,0
0,178,178,cron,3628,3628,3631,120,1,3,3,333060,196615,131513,130528,70600,419,0,112129,84486,0,0,15,1021,35,0,0,26431,39,0,38,64,0
0,127284,127409,file_anon_mix_p,3628,3628,3631,120,1,3,3,333380,196615,131321,130528,70600,931,0,112129,84486,0,0,15,1021,35,0,0,26637,39,0,38,64,0
0,127284,127409,file_anon_mix_p,3628,3628,3631,120,1,3,3,333572,196615,131065,130528,70600,1379,0,112129,84486,0,0,15,1021,35,0,0,26756,39,0,38,64,0
0,127284,127409,file_anon_mix_p,3628,3628,3631,120,1,3,3,333508,196615,130937,130528,70600,1443,0,112129,84486,0,0,15,1021,35,0,0,26932,39,0,38,64,0
0,178,178,cron,3628,3628,3631,120,1,3,3,333529,196615,131129,130528,70600,1272,0,112129,84486,0,0,15,1021,35,0,0,26756,39,0,38,64,0
0,394,394,sshd-session,3628,3628,3631,120,1,3,3,333316,196615,131257,130528,70600,931,0,112129,84486,0,0,15,1021,35,0,0,26724,39,0,38,64,0
0,127284,127409,file_anon_mix_p,3628,3628,3631,120,1,3,3,333764,196615,130681,130528,70600,1955,0,112129,84486,0,0,15,1021,35,0,0,27223,39,0,38,64,0
0,126930,126930,mglru_monitor,3628,3628,3631,120,1,3,3,333508,196615,131001,130528,70600,1379,0,112129,84486,0,0,15,1021,35,0,0,26850,39,0,38,64,0
0,127284,127409,file_anon_mix_p,3628,3628,3631,120,1,3,3,333950,196615,130425,130528,70600,2397,0,112129,84486,0,0,15,1021,35,0,0,27519,39,0,38,64,0
0,127284,127409,file_anon_mix_p,3628,3628,3631,120,1,3,3,333892,196615,130297,130528,70600,2467,0,112129,84486,0,0,15,1021,35,0,0,27615,39,0,38,64,0
0,394,394,sshd-session,3628,3628,3631,120,1,3,3,333904,196615,130361,130528,70600,2415,0,112129,84486,0,0,15,1021,35,0,0,27604,39,0,38,64,0
0,127284,127409,file_anon_mix_p,3628,3628,3631,120,1,3,3,334137,196615,130105,130528,70600,2904,0,112129,84486,0,0,15,1021,35,0,0,27881,39,0,38,64,0
0,127284,127409,file_anon_mix_p,3628,3628,3631,120,1,3,3,334020,196615,129913,130528,70600,2979,0,112129,84486,0,0,15,1021,35,0,0,28052,39,0,38,64,0
0,127209,127209,kworker/1:0,3628,3628,3631,120,1,3,3,334012,196615,129657,130528,70600,3227,0,112129,84486,0,0,15,1021,35,0,0,28307,39,0,38,0,0
0,127209,127209,kworker/1:0,114,114,115,120,0,1,1,36,0,25,0,0,11,0,0,0,0,0,0,3,0,0,0,0,0,0,0,0,0
0,127209,127209,kworker/1:0,10,10,12,120,0,2,2,1,0,1,0,0,0,0,0,0,0,0,0,0,1,0,0,59,0,0,0,0,0
0,127209,127209,kworker/1:0,153,153,155,120,0,2,2,2,5,2,0,0,0,0,5,0,0,0,0,22,4,0,0,17,0,0,0,0,0
0,127209,127209,kworker/1:0,243,243,244,120,0,1,1,26,69,0,0,0,26,53,0,0,16,2,0,4,1,0,0,0,49,0,17,0,0
0,127209,127209,kworker/1:0,4001,4001,4003,120,0,2,2,53,104,47,5,0,1,2,53,0,49,0,0,0,36,0,15,0,15,0,0,0,0
0,127209,127209,kworker/1:0,7,7,9,120,0,2,2,0,1,0,0,0,0,1,0,0,0,0,0,7,6,0,0,1,0,0,0,0,0
0,127209,127209,kworker/1:0,3628,3628,3631,120,1,3,3,334043,196615,129657,130528,70600,3258,0,112129,84486,0,0,15,1021,35,0,0,28307,39,0,38,0,0
0,127209,127209,kworker/1:0,3628,3628,3631,120,1,3,3,334043,196615,129657,130528,70600,3258,0,112129,84486,0,0,15,1021,35,0,0,28307,39,0,38,0,0
0,127209,127209,kworker/1:0,3628,3628,3631,120,1,3,3,334043,196615,129657,130528,70600,3258,0,112129,84486,0,0,15,1021,35,0,0,28307,39,0,38,0,0
0,127209,127209,kworker/1:0,3628,3628,3631,120,1,3,3,334043,196615,129657,130528,70600,3258,0,112129,84486,0,0,15,1021,35,0,0,28307,39,0,38,0,0
0,127209,127209,kworker/1:0,3628,3628,3631,120,1,3,3,334043,196615,129657,130528,70600,3258,0,112129,84486,0,0,15,1021,35,0,0,28307,39,0,38,0,0
0,127209,127209,kworker/1:0,3628,3628,3631,120,1,3,3,334043,196615,129657,130528,70600,3258,0,112129,84486,0,0,15,1021,35,0,0,28307,39,0,38,0,0
0,127209,127209,kworker/1:0,3628,3628,3631,120,1,3,3,334069,196615,129657,130528,70600,3284,0,112129,84486,0,0,15,1021,35,0,0,28307,39,0,38,0,0
0,127209,127209,kworker/1:0,3628,3628,3631,120,1,3,3,334074,196615,129657,130528,70600,3289,0,112129,84486,0,0,15,1021,35,0,0,28307,39,0,38,0,0
0,127209,127209,kworker/1:0,3628,3628,3631,120,1,3,3,334074,196615,129657,130528,70600,3289,0,112129,84486,0,0,15,1021,35,0,0,28307,39,0,38,0,0
0,127209,127209,kworker/1:0,3628,3628,3631,120,1,3,3,334074,196615,129657,130528,70600,3289,0,112129,84486,0,0,15,1021,35,0,0,28307,39,0,38,0,0
0,127209,127209,kworker/1:0,3628,3628,3631,120,1,3,3,334074,196615,129657,130528,70600,3289,0,112129,84486,0,0,15,1021,35,0,0,28307,39,0,38,0,0
0,127209,127209,kworker/1:0,3628,3628,3631,120,1,3,3,334105,196615,129657,130528,70600,3320,0,112129,84486,0,0,15,1021,35,0,0,28314,39,0,38,0,0
0,127209,127209,kworker/1:0,3628,3628,3631,120,1,3,3,334105,196615,129657,130528,70600,3320,0,112129,84486,0,0,15,1021,35,0,0,28314,39,0,38,0,0
0,127209,127209,kworker/1:0,3628,3628,3631,120,1,3,3,334105,196615,129657,130528,70600,3320,0,112129,84486,0,0,15,1021,35,0,0,28314,39,0,38,0,0
0,127209,127209,kworker/1:0,3628,3628,3631,120,1,3,3,334105,196615,129657,130528,70600,3320,0,112129,84486,0,0,15,1021,35,0,0,28314,39,0,38,0,0
0,127209,127209,kworker/1:0,3628,3628,3631,120,1,3,3,334105,196615,129657,130528,70600,3320,0,112129,84486,0,0,15,1021,35,0,0,28314,39,0,38,0,0
0,127209,127209,kworker/1:0,3628,3628,3631,120,1,3,3,334105,196615,129657,130528,70600,3320,0,112129,84486,0,0,15,1021,35,0,0,28314,39,0,38,0,0
0,127209,127209,kworker/1:0,3628,3628,3631,120,1,3,3,334128,196615,129657,130528,70600,3343,0,112129,84486,0,0,15,1021,35,0,0,28314,39,0,38,0,0
0,127209,127209,kworker/1:0,3628,3628,3631,120,1,3,3,334136,196615,129657,130528,70600,3351,0,112129,84486,0,0,15,1021,35,0,0,28314,39,0,38,0,0
0,127209,127209,kworker/1:0,3628,3628,3631,120,1,3,3,334136,196615,129657,130528,70600,3351,0,112129,84486,0,0,15,1021,35,0,0,28314,39,0,38,0,0
0,127209,127209,kworker/1:0,3628,3628,3631,120,1,3,3,334136,196615,129657,130528,70600,3351,0,112129,84486,0,0,15,1021,35,0,0,28314,39,0,38,0,0
0,127209,127209,kworker/1:0,3628,3628,3631,120,1,3,3,334136,196615,129657,130528,70600,3351,0,112129,84486,0,0,15,1021,35,0,0,28314,39,0,38,0,0
0,127209,127209,kworker/1:0,3628,3628,3631,120,1,3,3,334136,196615,129657,130528,70600,3351,0,112129,84486,0,0,15,1021,35,0,0,28314,39,0,38,0,0
0,127209,127209,kworker/1:0,3628,3628,3631,120,1,3,3,334136,196615,129657,130528,70600,3351,0,112129,84486,0,0,15,1021,35,0,0,28314,39,0,38,0,0
0,127209,127209,kworker/1:0,3628,3628,3631,120,1,3,3,334136,196615,129657,130528,70600,3351,0,112129,84486,0,0,15,1021,35,0,0,28339,39,0,38,0,0
0,127209,127209,kworker/1:0,3628,3628,3631,120,1,3,3,334167,196615,129657,130528,70600,3382,0,112129,84486,0,0,15,1021,35,0,0,28351,39,0,38,0,0
0,127209,127209,kworker/1:0,3628,3628,3631,120,1,3,3,334167,196615,129657,130528,70600,3382,0,112129,84486,0,0,15,1021,35,0,0,28351,39,0,38,0,0
0,127209,127209,kworker/1:0,3628,3628,3631,120,1,3,3,334189,196615,129657,130528,70600,3404,0,112129,84486,0,0,15,1021,35,0,0,28351,39,0,38,0,0
0,127209,127209,kworker/1:0,3628,3628,3631,120,1,3,3,334198,196615,129657,130528,70600,3413,0,112129,84486,0,0,15,1021,35,0,0,28351,39,0,38,0,0
0,127209,127209,kworker/1:0,3628,3628,3631,120,1,3,3,334198,196615,129657,130528,70600,3413,0,112129,84486,0,0,15,1021,35,0,0,28351,39,0,38,0,0
0,127209,127209,kworker/1:0,3628,3628,3631,120,1,3,3,334198,196615,129657,130528,70600,3413,0,112129,84486,0,0,15,1021,35,0,0,28351,39,0,38,0,0
0,127209,127209,kworker/1:0,3628,3628,3631,120,1,3,3,334198,196615,129657,130528,70600,3413,0,112129,84486,0,0,15,1021,35,0,0,28351,39,0,38,0,0
0,127209,127209,kworker/1:0,3628,3628,3631,120,1,3,3,334198,196615,129657,130528,70600,3413,0,112129,84486,0,0,15,1021,35,0,0,28351,39,0,38,0,0
0,127209,127209,kworker/1:0,3628,3628,3631,120,1,3,3,334199,196615,129650,130528,70600,3421,0,112129,84486,0,0,15,1021,35,0,0,28351,39,0,38,0,0
0,127209,127209,kworker/1:0,3628,3628,3631,120,1,3,3,334142,196615,129593,130528,70600,3421,0,112129,84486,0,0,15,1021,35,0,0,28351,39,0,38,0,0
0,127209,127209,kworker/1:0,3628,3628,3631,120,1,3,3,334142,196615,129593,130528,70600,3421,0,112129,84486,0,0,15,1021,35,0,0,28352,39,0,38,0,0
0,127209,127209,kworker/1:0,3628,3628,3631,120,1,3,3,334142,196615,129593,130528,70600,3421,0,112129,84486,0,0,15,1021,35,0,0,28352,39,0,38,0,0
0,127209,127209,kworker/1:0,3628,3628,3631,120,1,3,3,334078,196615,129529,130528,70600,3421,0,112129,84486,0,0,15,1021,35,0,0,28362,39,0,38,0,0
0,127209,127209,kworker/1:0,3628,3628,3631,120,1,3,3,334078,196615,129529,130528,70600,3421,0,112129,84486,0,0,15,1021,35,0,0,28362,39,0,38,0,0
0,127209,127209,kworker/1:0,3628,3628,3631,120,1,3,3,334078,196615,129529,130528,70600,3421,0,112129,84486,0,0,15,1021,35,0,0,28362,39,0,38,0,0
0,127209,127209,kworker/1:0,3628,3628,3631,120,1,3,3,334078,196615,129529,130528,70600,3421,0,112129,84486,0,0,15,1021,35,0,0,28362,39,0,38,0,0
0,127209,127209,kworker/1:0,3628,3628,3631,120,1,3,3,334078,196615,129529,130528,70600,3421,0,112129,84486,0,0,15,1021,35,0,0,28362,39,0,38,0,0
0,127209,127209,kworker/1:0,3628,3628,3631,120,1,3,3,334078,196615,129529,130528,70600,3421,0,112129,84486,0,0,15,1021,35,0,0,28362,39,0,38,0,0
0,127209,127209,kworker/1:0,3628,3628,3631,120,1,3,3,334071,196615,129522,130528,70600,3421,0,112129,84486,0,0,15,1021,35,0,0,28362,39,0,38,0,0
0,127209,127209,kworker/1:0,3628,3628,3631,120,1,3,3,334014,196615,129465,130528,70600,3421,0,112129,84486,0,0,15,1021,35,0,0,28363,39,0,38,0,0
0,127209,127209,kworker/1:0,3628,3628,3631,120,1,3,3,334014,196615,129465,130528,70600,3421,0,112129,84486,0,0,15,1021,35,0,0,28363,39,0,38,0,0
0,127209,127209,kworker/1:0,3628,3628,3631,120,1,3,3,334014,196615,129465,130528,70600,3421,0,112129,84486,0,0,15,1021,35,0,0,28366,39,0,38,0,0
0,127209,127209,kworker/1:0,3628,3628,3631,120,1,3,3,334014,196615,129465,130528,70600,3421,0,112129,84486,0,0,15,1021,35,0,0,28368,39,0,38,0,0
0,127209,127209,kworker/1:0,3628,3628,3631,120,1,3,3,334014,196615,129465,130528,70600,3421,0,112129,84486,0,0,15,1021,35,0,0,28369,39,0,38,0,0
0,127209,127209,kworker/1:0,3628,3628,3631,120,1,3,3,334014,196615,129465,130528,70600,3421,0,112129,84486,0,0,15,1021,35,0,0,28369,39,0,38,0,0
0,127209,127209,kworker/1:0,3628,3628,3631,120,1,3,3,334014,196615,129465,130528,70600,3421,0,112129,84486,0,0,15,1021,35,0,0,28407,39,0,38,0,0
0,127209,127209,kworker/1:0,3628,3628,3631,120,1,3,3,334014,196615,129465,130528,70600,3421,0,112129,84486,0,0,15,1021,35,0,0,28423,39,0,38,0,0
0,127209,127209,kworker/1:0,3628,3628,3631,120,1,3,3,334014,196615,129465,130528,70600,3421,0,112129,84486,0,0,15,1021,35,0,0,28425,39,0,38,0,0
0,127209,127209,kworker/1:0,3628,3628,3631,120,1,3,3,334014,196615,129465,130528,70600,3421,0,112129,84486,0,0,15,1021,35,0,0,28428,39,0,38,0,0
0,127209,127209,kworker/1:0,3628,3628,3631,120,1,3,3,334014,196615,129465,130528,70600,3421,0,112129,84486,0,0,15,1021,35,0,0,28430,39,0,38,0,0
0,127209,127209,kworker/1:0,3628,3628,3631,120,1,3,3,334014,196615,129465,130528,70600,3421,0,112129,84486,0,0,15,1021,35,0,0,28431,39,0,38,0,0
0,127209,127209,kworker/1:0,3628,3628,3631,120,1,3,3,334014,196615,129465,130528,70600,3421,0,112129,84486,0,0,15,1021,35,0,0,28431,39,0,38,0,0
0,127209,127209,kworker/1:0,3628,3628,3631,120,1,3,3,334014,196615,129465,130528,70600,3421,0,112129,84486,0,0,15,1021,35,0,0,28431,39,0,38,0,0
0,127209,127209,kworker/1:0,3628,3628,3631,120,1,3,3,334014,196615,129465,130528,70600,3421,0,112129,84486,0,0,15,1021,35,0,0,28431,39,0,38,0,0
0,127209,127209,kworker/1:0,3628,3628,3631,120,1,3,3,334014,196615,129465,130528,70600,3421,0,112129,84486,0,0,15,1021,35,0,0,28431,39,0,38,0,0
0,127209,127209,kworker/1:0,3628,3628,3631,120,1,3,3,334014,196615,129465,130528,70600,3421,0,112129,84486,0,0,15,1021,35,0,0,28431,39,0,38,0,0
0,127209,127209,kworker/1:0,3628,3628,3631,120,1,3,3,334014,196615,129465,130528,70600,3421,0,112129,84486,0,0,15,1021,35,0,0,28431,39,0,38,0,0
0,127209,127209,kworker/1:0,3628,3628,3631,120,1,3,3,334014,196615,129465,130528,70600,3421,0,112129,84486,0,0,15,1021,35,0,0,28431,39,0,38,0,0
0,127209,127209,kworker/1:0,3628,3628,3631,120,1,3,3,333950,196615,129401,130528,70600,3421,0,112129,84486,0,0,15,1021,35,0,0,28468,39,0,38,0,0
0,127209,127209,kworker/1:0,3628,3628,3631,120,1,3,3,333950,196615,129401,130528,70600,3421,0,112129,84486,0,0,15,1021,35,0,0,28469,39,0,38,0,0
0,127209,127209,kworker/1:0,3628,3628,3631,120,1,3,3,333950,196615,129401,130528,70600,3421,0,112129,84486,0,0,15,1021,35,0,0,28472,39,0,38,0,0
0,127209,127209,kworker/1:0,3628,3628,3631,120,1,3,3,333950,196615,129401,130528,70600,3421,0,112129,84486,0,0,15,1021,35,0,0,28475,39,0,38,0,0
0,127209,127209,kworker/1:0,3628,3628,3631,120,1,3,3,333950,196615,129401,130528,70600,3421,0,112129,84486,0,0,15,1021,35,0,0,28476,39,0,38,0,0
0,127209,127209,kworker/1:0,3628,3628,3631,120,1,3,3,333950,196615,129401,130528,70600,3421,0,112129,84486,0,0,15,1021,35,0,0,28479,39,0,38,0,0
0,127209,127209,kworker/1:0,3628,3628,3631,120,1,3,3,333950,196615,129401,130528,70600,3421,0,112129,84486,0,0,15,1021,35,0,0,28481,39,0,38,0,0
0,127209,127209,kworker/1:0,3628,3628,3631,120,1,3,3,333950,196615,129401,130528,70600,3421,0,112129,84486,0,0,15,1021,35,0,0,28483,39,0,38,0,0
0,127209,127209,kworker/1:0,3628,3628,3631,120,1,3,3,333950,196615,129401,130528,70600,3421,0,112129,84486,0,0,15,1021,35,0,0,28483,39,0,38,0,0
0,127209,127209,kworker/1:0,3628,3628,3631,120,1,3,3,333950,196615,129401,130528,70600,3421,0,112129,84486,0,0,15,1021,35,0,0,28483,39,0,38,0,0
0,127209,127209,kworker/1:0,3628,3628,3631,120,1,3,3,333950,196615,129401,130528,70600,3421,0,112129,84486,0,0,15,1021,35,0,0,28483,39,0,38,0,0
0,127209,127209,kworker/1:0,3628,3628,3631,120,1,3,3,333950,196615,129401,130528,70600,3421,0,112129,84486,0,0,15,1021,35,0,0,28483,39,0,38,0,0
0,127209,127209,kworker/1:0,3628,3628,3631,120,1,3,3,333950,196615,129401,130528,70600,3421,0,112129,84486,0,0,15,1021,35,0,0,28483,39,0,38,0,0
0,127209,127209,kworker/1:0,3628,3628,3631,120,1,3,3,333950,196615,129401,130528,70600,3421,0,112129,84486,0,0,15,1021,35,0,0,28521,39,0,38,0,0
0,127209,127209,kworker/1:0,3628,3628,3631,120,1,3,3,333950,196615,129401,130528,70600,3421,0,112129,84486,0,0,15,1021,35,0,0,28536,39,0,38,0,0
0,127209,127209,kworker/1:0,3628,3628,3631,120,1,3,3,333950,196615,129401,130528,70600,3421,0,112129,84486,0,0,15,1021,35,0,0,28536,39,0,38,0,0
0,127209,127209,kworker/1:0,3628,3628,3631,120,1,3,3,333950,196615,129401,130528,70600,3421,0,112129,84486,0,0,15,1021,35,0,0,28536,39,0,38,0,0
0,127209,127209,kworker/1:0,3628,3628,3631,120,1,3,3,333950,196615,129401,130528,70600,3421,0,112129,84486,0,0,15,1021,35,0,0,28538,39,0,38,0,0
0,127209,127209,kworker/1:0,3628,3628,3631,120,1,3,3,333950,196615,129401,130528,70600,3421,0,112129,84486,0,0,15,1021,35,0,0,28539,39,0,38,0,0
0,127209,127209,kworker/1:0,3628,3628,3631,120,1,3,3,333950,196615,129401,130528,70600,3421,0,112129,84486,0,0,15,1021,35,0,0,28541,39,0,38,0,0
0,127209,127209,kworker/1:0,3628,3628,3631,120,1,3,3,333950,196615,129401,130528,70600,3421,0,112129,84486,0,0,15,1021,35,0,0,28543,39,0,38,0,0
0,127209,127209,kworker/1:0,3628,3628,3631,120,1,3,3,333950,196615,129401,130528,70600,3421,0,112129,84486,0,0,15,1021,35,0,0,28545,39,0,38,0,0
0,127209,127209,kworker/1:0,3628,3628,3631,120,1,3,3,333950,196615,129401,130528,70600,3421,0,112129,84486,0,0,15,1021,35,0,0,28545,39,0,38,0,0
0,127209,127209,kworker/1:0,3628,3628,3631,120,1,3,3,333950,196615,129401,130528,70600,3421,0,112129,84486,0,0,15,1021,35,0,0,28545,39,0,38,0,0
0,127209,127209,kworker/1:0,3628,3628,3631,120,1,3,3,333950,196615,129401,130528,70600,3421,0,112129,84486,0,0,15,1021,35,0,0,28545,39,0,38,0,0
0,127209,127209,kworker/1:0,3628,3628,3631,120,1,3,3,333950,196615,129401,130528,70600,3421,0,112129,84486,0,0,15,1021,35,0,0,28547,39,0,38,0,0
0,127209,127209,kworker/1:0,3628,3628,3631,120,1,3,3,333886,196615,129337,130528,70600,3421,0,112129,84486,0,0,15,1021,35,0,0,28586,39,0,38,0,0
0,127209,127209,kworker/1:0,3628,3628,3631,120,1,3,3,333886,196615,129337,130528,70600,3421,0,112129,84486,0,0,15,1021,35,0,0,28587,39,0,38,0,0
0,127209,127209,kworker/1:0,3628,3628,3631,120,1,3,3,333886,196615,129337,130528,70600,3421,0,112129,84486,0,0,15,1021,35,0,0,28590,39,0,38,0,0
0,127209,127209,kworker/1:0,3628,3628,3631,120,1,3,3,333886,196615,129337,130528,70600,3421,0,112129,84486,0,0,15,1021,35,0,0,28592,39,0,38,0,0
0,127209,127209,kworker/1:0,3628,3628,3631,120,1,3,3,333886,196615,129337,130528,70600,3421,0,112129,84486,0,0,15,1021,35,0,0,28593,39,0,38,0,0
0,127209,127209,kworker/1:0,3628,3628,3631,120,1,3,3,333886,196615,129337,130528,70600,3421,0,112129,84486,0,0,15,1021,35,0,0,28593,39,0,38,0,0
0,127209,127209,kworker/1:0,3628,3628,3631,120,1,3,3,333886,196615,129337,130528,70600,3421,0,112129,84486,0,0,15,1021,35,0,0,28593,39,0,38,0,0
0,127209,127209,kworker/1:0,3628,3628,3631,120,1,3,3,333886,196615,129337,130528,70600,3421,0,112129,84486,0,0,15,1021,35,0,0,28594,39,0,38,0,0
0,127209,127209,kworker/1:0,3628,3628,3631,120,1,3,3,333886,196615,129337,130528,70600,3421,0,112129,84486,0,0,15,1021,35,0,0,28594,39,0,38,0,0
0,127209,127209,kworker/1:0,3628,3628,3631,120,1,3,3,333886,196615,129337,130528,70600,3421,0,112129,84486,0,0,15,1021,35,0,0,28596,39,0,38,0,0
0,127209,127209,kworker/1:0,3628,3628,3631,120,1,3,3,333886,196615,129337,130528,70600,3421,0,112129,84486,0,0,15,1021,35,0,0,28599,39,0,38,0,0
0,127209,127209,kworker/1:0,3628,3628,3631,120,1,3,3,333886,196615,129337,130528,70600,3421,0,112129,84486,0,0,15,1021,35,0,0,28602,39,0,38,0,0
0,127209,127209,kworker/1:0,3628,3628,3631,120,1,3,3,333886,196615,129337,130528,70600,3421,0,112129,84486,0,0,15,1021,35,0,0,28604,39,0,38,0,0
0,127284,127409,file_anon_mix_p,3628,3628,3631,120,1,3,3,334206,196615,129657,130528,70600,3421,0,112129,84486,0,0,15,1021,35,0,0,28351,39,0,38,64,0
0,127209,127209,kworker/1:0,3628,3628,3631,120,1,3,3,333886,196615,129337,130528,70600,3421,0,112129,84486,0,0,15,1021,35,0,0,28653,39,0,38,0,0
0,127209,127209,kworker/1:0,3628,3628,3631,120,1,3,3,333886,196615,129337,130528,70600,3421,0,112129,84486,0,0,15,1021,35,0,0,28666,39,0,38,0,0
0,127209,127209,kworker/1:0,3628,3628,3631,120,1,3,3,333886,196615,129337,130528,70600,3421,0,112129,84486,0,0,15,1021,35,0,0,28666,39,0,38,0,0
0,127209,127209,kworker/1:0,3628,3628,3631,120,1,3,3,333886,196615,129337,130528,70600,3421,0,112129,84486,0,0,15,1021,35,0,0,28666,39,0,38,0,0
0,127209,127209,kworker/1:0,3628,3628,3631,120,1,3,3,333886,196615,129337,130528,70600,3421,0,112129,84486,0,0,15,1021,35,0,0,28667,39,0,38,0,0
0,127209,127209,kworker/1:0,3628,3628,3631,120,1,3,3,333886,196615,129337,130528,70600,3421,0,112129,84486,0,0,15,1021,35,0,0,28667,39,0,38,0,0
0,127209,127209,kworker/1:0,3628,3628,3631,120,1,3,3,333911,196615,129337,130528,70600,3446,0,112129,84486,0,0,15,1021,35,0,0,28667,39,0,38,0,0
0,127209,127209,kworker/1:0,3628,3628,3631,120,1,3,3,333917,196615,129337,130528,70600,3452,0,112129,84486,0,0,15,1021,35,0,0,28667,39,0,38,0,0
0,127209,127209,kworker/1:0,3628,3628,3631,120,1,3,3,333917,196615,129337,130528,70600,3452,0,112129,84486,0,0,15,1021,35,0,0,28667,39,0,38,0,0
0,127209,127209,kworker/1:0,3628,3628,3631,120,1,3,3,333917,196615,129337,130528,70600,3452,0,112129,84486,0,0,15,1021,35,0,0,28667,39,0,38,0,0
0,394,394,sshd-session,3628,3628,3631,120,1,3,3,334078,196615,129529,130528,70600,3421,0,112129,84486,0,0,15,1021,35,0,0,28362,39,0,38,64,0
0,127209,127209,kworker/1:0,3628,3628,3631,120,1,3,3,333917,196615,129337,130528,70600,3452,0,112129,84486,0,0,15,1021,35,0,0,28669,39,0,38,0,0
0,127209,127209,kworker/1:0,3628,3628,3631,120,1,3,3,333917,196615,129337,130528,70600,3452,0,112129,84486,0,0,15,1021,35,0,0,28669,39,0,38,0,0
0,127209,127209,kworker/1:0,3628,3628,3631,120,1,3,3,333917,196615,129337,130528,70600,3452,0,112129,84486,0,0,15,1021,35,0,0,28669,39,0,38,0,0
0,127209,127209,kworker/1:0,3628,3628,3631,120,1,3,3,333883,196615,129273,130528,70600,3482,0,112129,84486,0,0,15,1021,35,0,0,28692,39,0,38,0,0
0,127209,127209,kworker/1:0,3628,3628,3631,120,1,3,3,333883,196615,129273,130528,70600,3482,0,112129,84486,0,0,15,1021,35,0,0,28692,39,0,38,0,0
0,127209,127209,kworker/1:0,3628,3628,3631,120,1,3,3,333883,196615,129273,130528,70600,3482,0,112129,84486,0,0,15,1021,35,0,0,28692,39,0,38,0,0
0,127209,127209,kworker/1:0,3628,3628,3631,120,1,3,3,333883,196615,129273,130528,70600,3482,0,112129,84486,0,0,15,1021,35,0,0,28692,39,0,38,0,0
0,127209,127209,kworker/1:0,3628,3628,3631,120,1,3,3,333883,196615,129273,130528,70600,3482,0,112129,84486,0,0,15,1021,35,0,0,28692,39,0,38,0,0
0,127209,127209,kworker/1:0,3628,3628,3631,120,1,3,3,333883,196615,129273,130528,70600,3482,0,112129,84486,0,0,15,1021,35,0,0,28692,39,0,38,0,0
0,127209,127209,kworker/1:0,3628,3628,3631,120,1,3,3,333883,196615,129273,130528,70600,3482,0,112129,84486,0,0,15,1021,35,0,0,28692,39,0,38,0,0
0,127209,127209,kworker/1:0,3628,3628,3631,120,1,3,3,333883,196615,129273,130528,70600,3482,0,112129,84486,0,0,15,1021,35,0,0,28692,39,0,38,0,0
0,127209,127209,kworker/1:0,3628,3628,3631,120,1,3,3,333883,196615,129273,130528,70600,3482,0,112129,84486,0,0,15,1021,35,0,0,28692,39,0,38,0,0
0,127209,127209,kworker/1:0,3628,3628,3631,120,1,3,3,333883,196615,129273,130528,70600,3482,0,112129,84486,0,0,15,1021,35,0,0,28692,39,0,38,0,0
0,127209,127209,kworker/1:0,3628,3628,3631,120,1,3,3,333883,196615,129273,130528,70600,3482,0,112129,84486,0,0,15,1021,35,0,0,28692,39,0,38,0,0
0,127209,127209,kworker/1:0,3628,3628,3631,120,1,3,3,333883,196615,129273,130528,70600,3482,0,112129,84486,0,0,15,1021,35,0,0,28692,39,0,38,0,0
0,127209,127209,kworker/1:0,3628,3628,3631,120,1,3,3,333883,196615,129273,130528,70600,3482,0,112129,84486,0,0,15,1021,35,0,0,28692,39,0,38,0,0
0,127209,127209,kworker/1:0,3628,3628,3631,120,1,3,3,333914,196615,129273,130528,70600,3513,0,112129,84486,0,0,15,1021,35,0,0,28701,39,0,38,0,0
0,127209,127209,kworker/1:0,3628,3628,3631,120,1,3,3,333945,196615,129273,130528,70600,3544,0,112129,84486,0,0,15,1021,35,0,0,28710,39,0,38,0,0
0,127209,127209,kworker/1:0,3628,3628,3631,120,1,3,3,333945,196615,129273,130528,70600,3544,0,112129,84486,0,0,15,1021,35,0,0,28710,39,0,38,0,0
0,127209,127209,kworker/1:0,3628,3628,3631,120,1,3,3,333945,196615,129273,130528,70600,3544,0,112129,84486,0,0,15,1021,35,0,0,28710,39,0,38,0,0
0,127209,127209,kworker/1:0,3628,3628,3631,120,1,3,3,333945,196615,129273,130528,70600,3544,0,112129,84486,0,0,15,1021,35,0,0,28710,39,0,38,0,0
0,127209,127209,kworker/1:0,3628,3628,3631,120,1,3,3,333945,196615,129273,130528,70600,3544,0,112129,84486,0,0,15,1021,35,0,0,28710,39,0,38,0,0
0,127209,127209,kworker/1:0,3628,3628,3631,120,1,3,3,333945,196615,129273,130528,70600,3544,0,112129,84486,0,0,15,1021,35,0,0,28710,39,0,38,0,0
0,127209,127209,kworker/1:0,3628,3628,3631,120,1,3,3,333970,196615,129273,130528,70600,3569,0,112129,84486,0,0,15,1021,35,0,0,28710,39,0,38,0,0
0,127209,127209,kworker/1:0,3628,3628,3631,120,1,3,3,333976,196615,129273,130528,70600,3575,0,112129,84486,0,0,15,1021,35,0,0,28710,39,0,38,0,0
0,127209,127209,kworker/1:0,3628,3628,3631,120,1,3,3,333976,196615,129273,130528,70600,3575,0,112129,84486,0,0,15,1021,35,0,0,28710,39,0,38,0,0
0,127209,127209,kworker/1:0,3628,3628,3631,120,1,3,3,333976,196615,129273,130528,70600,3575,0,112129,84486,0,0,15,1021,35,0,0,28710,39,0,38,0,0
0,127209,127209,kworker/1:0,3628,3628,3631,120,1,3,3,333976,196615,129273,130528,70600,3575,0,112129,84486,0,0,15,1021,35,0,0,28710,39,0,38,0,0
0,127209,127209,kworker/1:0,3628,3628,3631,120,1,3,3,333976,196615,129273,130528,70600,3575,0,112129,84486,0,0,15,1021,35,0,0,28710,39,0,38,0,0
0,127209,127209,kworker/1:0,3628,3628,3631,120,1,3,3,333930,196615,129209,130528,70600,3593,0,112129,84486,0,0,15,1021,35,0,0,28730,39,0,38,0,0
0,127209,127209,kworker/1:0,3628,3628,3631,120,1,3,3,333930,196615,129209,130528,70600,3593,0,112129,84486,0,0,15,1021,35,0,0,28730,39,0,38,0,0
0,127209,127209,kworker/1:0,3628,3628,3631,120,1,3,3,333930,196615,129209,130528,70600,3593,0,112129,84486,0,0,15,1021,35,0,0,28730,39,0,38,0,0
0,127209,127209,kworker/1:0,3628,3628,3631,120,1,3,3,333930,196615,129209,130528,70600,3593,0,112129,84486,0,0,15,1021,35,0,0,28730,39,0,38,0,0
0,127209,127209,kworker/1:0,3628,3628,3631,120,1,3,3,333930,196615,129209,130528,70600,3593,0,112129,84486,0,0,15,1021,35,0,0,28730,39,0,38,0,0
0,127209,127209,kworker/1:0,3628,3628,3631,120,1,3,3,333930,196615,129209,130528,70600,3593,0,112129,84486,0,0,15,1021,35,0,0,28732,39,0,38,0,0
0,127209,127209,kworker/1:0,3628,3628,3631,120,1,3,3,333930,196615,129209,130528,70600,3593,0,112129,84486,0,0,15,1021,35,0,0,28735,39,0,38,0,0
0,127209,127209,kworker/1:0,3628,3628,3631,120,1,3,3,333930,196615,129209,130528,70600,3593,0,112129,84486,0,0,15,1021,35,0,0,28736,39,0,38,0,0
0,127209,127209,kworker/1:0,3628,3628,3631,120,1,3,3,333930,196615,129209,130528,70600,3593,0,112129,84486,0,0,15,1021,35,0,0,28737,39,0,38,0,0
0,127209,127209,kworker/1:0,3628,3628,3631,120,1,3,3,333930,196615,129209,130528,70600,3593,0,112129,84486,0,0,15,1021,35,0,0,28737,39,0,38,0,0
0,127209,127209,kworker/1:0,3628,3628,3631,120,1,3,3,333930,196615,129209,130528,70600,3593,0,112129,84486,0,0,15,1021,35,0,0,28737,39,0,38,0,0
0,127209,127209,kworker/1:0,3628,3628,3631,120,1,3,3,333930,196615,129209,130528,70600,3593,0,112129,84486,0,0,15,1021,35,0,0,28737,39,0,38,0,0
0,127209,127209,kworker/1:0,3628,3628,3631,120,1,3,3,333930,196615,129209,130528,70600,3593,0,112129,84486,0,0,15,1021,35,0,0,28737,39,0,38,0,0
0,127209,127209,kworker/1:0,3628,3628,3631,120,1,3,3,333866,196615,129145,130528,70600,3593,0,112129,84486,0,0,15,1021,35,0,0,28771,39,0,38,0,0
0,127209,127209,kworker/1:0,3628,3628,3631,120,1,3,3,333866,196615,129145,130528,70600,3593,0,112129,84486,0,0,15,1021,35,0,0,28789,39,0,38,0,0
0,127209,127209,kworker/1:0,3628,3628,3631,120,1,3,3,333866,196615,129145,130528,70600,3593,0,112129,84486,0,0,15,1021,35,0,0,28789,39,0,38,0,0
0,127209,127209,kworker/1:0,3628,3628,3631,120,1,3,3,333866,196615,129145,130528,70600,3593,0,112129,84486,0,0,15,1021,35,0,0,28789,39,0,38,0,0
0,127209,127209,kworker/1:0,3628,3628,3631,120,1,3,3,333866,196615,129145,130528,70600,3593,0,112129,84486,0,0,15,1021,35,0,0,28791,39,0,38,0,0
0,127209,127209,kworker/1:0,3628,3628,3631,120,1,3,3,333866,196615,129145,130528,70600,3593,0,112129,84486,0,0,15,1021,35,0,0,28793,39,0,38,0,0
0,127209,127209,kworker/1:0,3628,3628,3631,120,1,3,3,333866,196615,129145,130528,70600,3593,0,112129,84486,0,0,15,1021,35,0,0,28795,39,0,38,0,0
0,127209,127209,kworker/1:0,3628,3628,3631,120,1,3,3,333866,196615,129145,130528,70600,3593,0,112129,84486,0,0,15,1021,35,0,0,28797,39,0,38,0,0
0,127209,127209,kworker/1:0,3628,3628,3631,120,1,3,3,333866,196615,129145,130528,70600,3593,0,112129,84486,0,0,15,1021,35,0,0,28799,39,0,38,0,0
0,127209,127209,kworker/1:0,3628,3628,3631,120,1,3,3,333866,196615,129145,130528,70600,3593,0,112129,84486,0,0,15,1021,35,0,0,28799,39,0,38,0,0
0,127209,127209,kworker/1:0,3628,3628,3631,120,1,3,3,333866,196615,129145,130528,70600,3593,0,112129,84486,0,0,15,1021,35,0,0,28799,39,0,38,0,0
0,127209,127209,kworker/1:0,3628,3628,3631,120,1,3,3,333866,196615,129145,130528,70600,3593,0,112129,84486,0,0,15,1021,35,0,0,28799,39,0,38,0,0
0,127209,127209,kworker/1:0,3628,3628,3631,120,1,3,3,333866,196615,129145,130528,70600,3593,0,112129,84486,0,0,15,1021,35,0,0,28799,39,0,38,0,0
0,127209,127209,kworker/1:0,3628,3628,3631,120,1,3,3,333802,196615,129081,130528,70600,3593,0,112129,84486,0,0,15,1021,35,0,0,28838,39,0,38,0,0
0,127209,127209,kworker/1:0,3628,3628,3631,120,1,3,3,333802,196615,129081,130528,70600,3593,0,112129,84486,0,0,15,1021,35,0,0,28839,39,0,38,0,0
0,127209,127209,kworker/1:0,3628,3628,3631,120,1,3,3,333802,196615,129081,130528,70600,3593,0,112129,84486,0,0,15,1021,35,0,0,28842,39,0,38,0,0
0,127209,127209,kworker/1:0,3628,3628,3631,120,1,3,3,333802,196615,129081,130528,70600,3593,0,112129,84486,0,0,15,1021,35,0,0,28845,39,0,38,0,0
0,127209,127209,kworker/1:0,3628,3628,3631,120,1,3,3,333802,196615,129081,130528,70600,3593,0,112129,84486,0,0,15,1021,35,0,0,28846,39,0,38,0,0
0,127209,127209,kworker/1:0,3628,3628,3631,120,1,3,3,333802,196615,129081,130528,70600,3593,0,112129,84486,0,0,15,1021,35,0,0,28849,39,0,38,0,0
0,127209,127209,kworker/1:0,3628,3628,3631,120,1,3,3,333802,196615,129081,130528,70600,3593,0,112129,84486,0,0,15,1021,35,0,0,28851,39,0,38,0,0
0,127209,127209,kworker/1:0,3628,3628,3631,120,1,3,3,333802,196615,129081,130528,70600,3593,0,112129,84486,0,0,15,1021,35,0,0,28853,39,0,38,0,0
0,127209,127209,kworker/1:0,3628,3628,3631,120,1,3,3,333802,196615,129081,130528,70600,3593,0,112129,84486,0,0,15,1021,35,0,0,28854,39,0,38,0,0
0,127209,127209,kworker/1:0,3628,3628,3631,120,1,3,3,333802,196615,129081,130528,70600,3593,0,112129,84486,0,0,15,1021,35,0,0,28854,39,0,38,0,0
0,127209,127209,kworker/1:0,3628,3628,3631,120,1,3,3,333802,196615,129081,130528,70600,3593,0,112129,84486,0,0,15,1021,35,0,0,28854,39,0,38,0,0
0,127209,127209,kworker/1:0,3628,3628,3631,120,1,3,3,333802,196615,129081,130528,70600,3593,0,112129,84486,0,0,15,1021,35,0,0,28856,39,0,38,0,0
0,127209,127209,kworker/1:0,3628,3628,3631,120,1,3,3,333802,196615,129081,130528,70600,3593,0,112129,84486,0,0,15,1021,35,0,0,28856,39,0,38,0,0
0,127209,127209,kworker/1:0,3628,3628,3631,120,1,3,3,333738,196615,129017,130528,70600,3593,0,112129,84486,0,0,15,1021,35,0,0,28893,39,0,38,0,0
0,127284,127409,file_anon_mix_p,3628,3628,3631,120,1,3,3,333994,196615,129273,130528,70600,3593,0,112129,84486,0,0,15,1021,35,0,0,28712,39,0,38,64,0
0,127209,127209,kworker/1:0,3628,3628,3631,120,1,3,3,333738,196615,129017,130528,70600,3593,0,112129,84486,0,0,15,1021,35,0,0,28914,39,0,38,0,0
0,127209,127209,kworker/1:0,3628,3628,3631,120,1,3,3,333738,196615,129017,130528,70600,3593,0,112129,84486,0,0,15,1021,35,0,0,28914,39,0,38,0,0
0,127209,127209,kworker/1:0,3628,3628,3631,120,1,3,3,333738,196615,129017,130528,70600,3593,0,112129,84486,0,0,15,1021,35,0,0,28914,39,0,38,0,0
0,127209,127209,kworker/1:0,3628,3628,3631,120,1,3,3,333738,196615,129017,130528,70600,3593,0,112129,84486,0,0,15,1021,35,0,0,28914,39,0,38,0,0
0,127209,127209,kworker/1:0,3628,3628,3631,120,1,3,3,333738,196615,129017,130528,70600,3593,0,112129,84486,0,0,15,1021,35,0,0,28914,39,0,38,0,0
0,127209,127209,kworker/1:0,3628,3628,3631,120,1,3,3,333738,196615,129017,130528,70600,3593,0,112129,84486,0,0,15,1021,35,0,0,28914,39,0,38,0,0
0,127209,127209,kworker/1:0,3628,3628,3631,120,1,3,3,333738,196615,129017,130528,70600,3593,0,112129,84486,0,0,15,1021,35,0,0,28914,39,0,38,0,0
0,127209,127209,kworker/1:0,3628,3628,3631,120,1,3,3,333738,196615,129017,130528,70600,3593,0,112129,84486,0,0,15,1021,35,0,0,28914,39,0,38,0,0
0,127209,127209,kworker/1:0,3628,3628,3631,120,1,3,3,333738,196615,129017,130528,70600,3593,0,112129,84486,0,0,15,1021,35,0,0,28914,39,0,38,0,0
0,127209,127209,kworker/1:0,3628,3628,3631,120,1,3,3,333738,196615,129017,130528,70600,3593,0,112129,84486,0,0,15,1021,35,0,0,28914,39,0,38,0,0
0,127209,127209,kworker/1:0,3628,3628,3631,120,1,3,3,333757,196615,129017,130528,70600,3612,0,112129,84486,0,0,15,1021,35,0,0,28914,39,0,38,0,0
0,127209,127209,kworker/1:0,3628,3628,3631,120,1,3,3,333768,196615,129017,130528,70600,3623,0,112129,84486,0,0,15,1021,35,0,0,28914,39,0,38,0,0
0,127209,127209,kworker/1:0,3628,3628,3631,120,1,3,3,333768,196615,129017,130528,70600,3623,0,112129,84486,0,0,15,1021,35,0,0,28914,39,0,38,0,0
0,127209,127209,kworker/1:0,3628,3628,3631,120,1,3,3,333768,196615,129017,130528,70600,3623,0,112129,84486,0,0,15,1021,35,0,0,28914,39,0,38,0,0
0,127209,127209,kworker/1:0,3628,3628,3631,120,1,3,3,333768,196615,129017,130528,70600,3623,0,112129,84486,0,0,15,1021,35,0,0,28914,39,0,38,0,0
0,127209,127209,kworker/1:0,3628,3628,3631,120,1,3,3,333768,196615,129017,130528,70600,3623,0,112129,84486,0,0,15,1021,35,0,0,28914,39,0,38,0,0
0,127209,127209,kworker/1:0,3628,3628,3631,120,1,3,3,333768,196615,129017,130528,70600,3623,0,112129,84486,0,0,15,1021,35,0,0,28916,39,0,38,0,0
0,127209,127209,kworker/1:0,3628,3628,3631,120,1,3,3,333768,196615,129017,130528,70600,3623,0,112129,84486,0,0,15,1021,35,0,0,28919,39,0,38,0,0
0,127209,127209,kworker/1:0,3628,3628,3631,120,1,3,3,333768,196615,129017,130528,70600,3623,0,112129,84486,0,0,15,1021,35,0,0,28922,39,0,38,0,0
0,127209,127209,kworker/1:0,3628,3628,3631,120,1,3,3,333768,196615,129017,130528,70600,3623,0,112129,84486,0,0,15,1021,35,0,0,28922,39,0,38,0,0
0,127209,127209,kworker/1:0,3628,3628,3631,120,1,3,3,333768,196615,129017,130528,70600,3623,0,112129,84486,0,0,15,1021,35,0,0,28924,39,0,38,0,0
0,127209,127209,kworker/1:0,3628,3628,3631,120,1,3,3,333768,196615,129017,130528,70600,3623,0,112129,84486,0,0,15,1021,35,0,0,28927,39,0,38,0,0
0,127209,127209,kworker/1:0,3628,3628,3631,120,1,3,3,333768,196615,129017,130528,70600,3623,0,112129,84486,0,0,15,1021,35,0,0,28929,39,0,38,0,0
0,127209,127209,kworker/1:0,3628,3628,3631,120,1,3,3,333768,196615,129017,130528,70600,3623,0,112129,84486,0,0,15,1021,35,0,0,28929,39,0,38,0,0
0,127209,127209,kworker/1:0,3628,3628,3631,120,1,3,3,333768,196615,129017,130528,70600,3623,0,112129,84486,0,0,15,1021,35,0,0,28929,39,0,38,0,0
0,127209,127209,kworker/1:0,3628,3628,3631,120,1,3,3,333794,196615,129017,130528,70600,3649,0,112129,84486,0,0,15,1021,35,0,0,28929,39,0,38,0,0
0,127209,127209,kworker/1:0,3628,3628,3631,120,1,3,3,333807,196615,129017,130528,70600,3662,0,112129,84486,0,0,15,1021,35,0,0,28944,39,0,38,0,0
0,127209,127209,kworker/1:0,3628,3628,3631,120,1,3,3,333807,196615,129017,130528,70600,3662,0,112129,84486,0,0,15,1021,35,0,0,28948,39,0,38,0,0
0,127209,127209,kworker/1:0,3628,3628,3631,120,1,3,3,333807,196615,129017,130528,70600,3662,0,112129,84486,0,0,15,1021,35,0,0,28950,39,0,38,0,0
0,127209,127209,kworker/1:0,3628,3628,3631,120,1,3,3,333807,196615,129017,130528,70600,3662,0,112129,84486,0,0,15,1021,35,0,0,28953,39,0,38,0,0
0,127209,127209,kworker/1:0,3628,3628,3631,120,1,3,3,333807,196615,129017,130528,70600,3662,0,112129,84486,0,0,15,1021,35,0,0,28956,39,0,38,0,0
0,127209,127209,kworker/1:0,3628,3628,3631,120,1,3,3,333807,196615,129017,130528,70600,3662,0,112129,84486,0,0,15,1021,35,0,0,28959,39,0,38,0,0
0,127209,127209,kworker/1:0,3628,3628,3631,120,1,3,3,333807,196615,129017,130528,70600,3662,0,112129,84486,0,0,15,1021,35,0,0,28961,39,0,38,0,0
0,127209,127209,kworker/1:0,3628,3628,3631,120,1,3,3,333807,196615,129017,130528,70600,3662,0,112129,84486,0,0,15,1021,35,0,0,28964,39,0,38,0,0
0,127209,127209,kworker/1:0,3628,3628,3631,120,1,3,3,333807,196615,129017,130528,70600,3662,0,112129,84486,0,0,15,1021,35,0,0,28966,39,0,38,0,0
0,127209,127209,kworker/1:0,3628,3628,3631,120,1,3,3,333807,196615,129017,130528,70600,3662,0,112129,84486,0,0,15,1021,35,0,0,28968,39,0,38,0,0
0,127209,127209,kworker/1:0,3628,3628,3631,120,1,3,3,333807,196615,129017,130528,70600,3662,0,112129,84486,0,0,15,1021,35,0,0,28970,39,0,38,0,0
0,127209,127209,kworker/1:0,3628,3628,3631,120,1,3,3,333807,196615,129017,130528,70600,3662,0,112129,84486,0,0,15,1021,35,0,0,28973,39,0,38,0,0
0,127209,127209,kworker/1:0,3628,3628,3631,120,1,3,3,333757,196615,128953,130528,70600,3676,0,112129,84486,0,0,15,1021,35,0,0,28997,39,0,38,0,0
0,127209,127209,kworker/1:0,3628,3628,3631,120,1,3,3,333757,196615,128953,130528,70600,3676,0,112129,84486,0,0,15,1021,35,0,0,29001,39,0,38,0,0
0,127209,127209,kworker/1:0,3628,3628,3631,120,1,3,3,333757,196615,128953,130528,70600,3676,0,112129,84486,0,0,15,1021,35,0,0,29003,39,0,38,0,0
0,127209,127209,kworker/1:0,3628,3628,3631,120,1,3,3,333757,196615,128953,130528,70600,3676,0,112129,84486,0,0,15,1021,35,0,0,29006,39,0,38,0,0
0,127209,127209,kworker/1:0,3628,3628,3631,120,1,3,3,333757,196615,128953,130528,70600,3676,0,112129,84486,0,0,15,1021,35,0,0,29008,39,0,38,0,0
0,127209,127209,kworker/1:0,3628,3628,3631,120,1,3,3,333757,196615,128953,130528,70600,3676,0,112129,84486,0,0,15,1021,35,0,0,29011,39,0,38,0,0
0,127209,127209,kworker/1:0,3628,3628,3631,120,1,3,3,333757,196615,128953,130528,70600,3676,0,112129,84486,0,0,15,1021,35,0,0,29014,39,0,38,0,0
0,127209,127209,kworker/1:0,3628,3628,3631,120,1,3,3,333757,196615,128953,130528,70600,3676,0,112129,84486,0,0,15,1021,35,0,0,29016,39,0,38,0,0
0,127209,127209,kworker/1:0,3628,3628,3631,120,1,3,3,333757,196615,128953,130528,70600,3676,0,112129,84486,0,0,15,1021,35,0,0,29019,39,0,38,0,0
0,127209,127209,kworker/1:0,3628,3628,3631,120,1,3,3,333757,196615,128953,130528,70600,3676,0,112129,84486,0,0,15,1021,35,0,0,29021,39,0,38,0,0
0,127209,127209,kworker/1:0,3628,3628,3631,120,1,3,3,333757,196615,128953,130528,70600,3676,0,112129,84486,0,0,15,1021,35,0,0,29024,39,0,38,0,0
0,127209,127209,kworker/1:0,3628,3628,3631,120,1,3,3,333757,196615,128953,130528,70600,3676,0,112129,84486,0,0,15,1021,35,0,0,29027,39,0,38,0,0
0,127209,127209,kworker/1:0,3628,3628,3631,120,1,3,3,333757,196615,128953,130528,70600,3676,0,112129,84486,0,0,15,1021,35,0,0,29029,39,0,38,0,0
0,394,394,sshd-session,3628,3628,3631,120,1,3,3,333866,196615,129145,130528,70600,3593,0,112129,84486,0,0,15,1021,35,0,0,28800,39,0,38,64,0
0,127209,127209,kworker/1:0,3628,3628,3631,120,1,3,3,333744,196615,128836,130528,70600,3780,0,112129,84486,0,0,15,1021,35,0,0,29046,39,0,38,0,0
0,127284,127409,file_anon_mix_p,3628,3628,3631,120,1,3,3,333773,196615,128580,130528,70600,4065,0,112129,84486,0,0,15,1021,35,0,0,29271,39,0,38,64,0
0,394,394,sshd-session,3628,3628,3631,120,1,3,3,333778,196615,128772,130528,70600,3878,0,112129,84486,0,0,15,1021,35,0,0,29140,39,0,38,64,0
0,127284,127409,file_anon_mix_p,3628,3628,3631,120,1,3,3,333743,196615,128015,130528,70600,4600,0,112129,84486,0,0,15,1021,35,0,0,29764,39,0,38,64,0
0,394,394,sshd-session,3628,3628,3631,120,1,3,3,333723,196615,128143,130528,70600,4452,0,112129,84486,0,0,15,1021,35,0,0,29684,39,0,38,64,0
0,127284,127409,file_anon_mix_p,3628,3628,3631,120,1,3,3,333543,196615,127759,130528,70600,4656,0,112129,84486,0,0,15,1021,35,0,0,30036,39,0,38,64,0
0,127284,127409,file_anon_mix_p,3628,3628,3631,120,1,3,3,333627,196615,127299,130528,70600,5200,0,112129,84486,0,0,15,1021,35,0,0,30487,39,0,38,64,0
0,394,394,sshd-session,3628,3628,3631,120,1,3,3,333563,196615,127235,130528,70600,5200,0,112129,84486,0,0,15,1021,35,0,0,30489,39,0,38,64,0
0,127284,127409,file_anon_mix_p,3628,3628,3631,120,1,3,3,333856,196615,126708,130528,70600,6020,0,112129,84486,0,0,15,1021,35,0,0,31092,39,0,38,48,0
0,121783,121783,watch,3628,3628,3631,120,1,3,3,333726,196615,126436,130528,70600,6162,0,112129,84486,0,0,15,1021,35,0,0,31285,39,0,38,64,0
0,127284,127409,file_anon_mix_p,3628,3628,3631,120,1,3,3,333724,196615,126308,130528,70600,6288,0,112129,84486,0,0,15,1021,35,0,0,31395,39,0,38,64,0
0,121783,121783,watch,3628,3628,3631,120,1,3,3,333596,196615,126180,130528,70600,6288,0,112129,84486,0,0,15,1021,35,0,0,31550,39,0,38,64,0
0,127284,127409,file_anon_mix_p,3628,3628,3631,120,1,3,3,333596,196615,125668,130528,70600,6800,0,112129,84486,0,0,15,1021,35,0,0,32054,39,0,38,64,0
0,127440,127440,watch,3628,3628,3631,120,1,3,3,333724,196615,125284,130528,70600,7312,0,112129,84486,0,0,15,1021,35,0,0,32419,39,0,38,64,0
0,127284,127409,file_anon_mix_p,3628,3628,3631,120,1,3,3,333788,196615,125348,130528,70600,7312,0,112129,84486,0,0,15,1021,35,0,0,32386,39,0,38,64,0
0,127441,127441,sh,3628,3628,3631,120,1,3,3,333462,196615,124708,130528,70600,7626,0,112129,84486,0,0,15,1021,35,0,0,33055,39,0,38,64,0
0,127441,127441,sh,3628,3628,3631,120,1,3,3,333412,196615,124324,130528,70600,7960,0,112129,84486,0,0,15,1021,35,0,0,33408,39,0,38,64,0
0,127284,127409,file_anon_mix_p,3628,3628,3631,120,1,3,3,333442,196615,124260,130528,70600,8054,0,112129,84486,0,0,15,1021,35,0,0,33466,39,0,38,64,0
0,127442,127442,cat,3628,3628,3631,120,1,3,3,332781,196615,123172,130528,70600,8481,0,112129,84486,0,0,15,1021,35,0,0,34535,39,0,38,64,0
0,209,209,dhcpcd,3628,3628,3631,120,1,3,3,332709,196615,123044,130528,70600,8537,0,112129,84486,0,0,15,1021,35,0,0,34611,39,0,38,64,0
0,210,210,dhcpcd,3628,3628,3631,120,1,3,3,332581,196615,122916,130528,70600,8537,0,112129,84486,0,0,15,1021,35,0,0,34636,39,0,38,64,0
0,127284,127409,file_anon_mix_p,3628,3628,3631,120,1,3,3,332517,196615,122852,130528,70600,8537,0,112129,84486,0,0,15,1021,35,0,0,34707,39,0,38,64,0
0,209,209,dhcpcd,3628,3628,3631,120,1,3,3,332133,196615,122468,130528,70600,8537,0,112129,84486,0,0,15,1021,35,0,0,35183,39,0,38,64,0
0,127442,127442,cat,3628,3628,3631,120,1,3,3,332325,196615,122660,130528,70600,8537,0,112129,84486,0,0,15,1021,35,0,0,34985,39,0,38,64,0
0,394,394,sshd-session,3628,3628,3631,120,1,3,3,333186,196615,124004,130528,70600,8054,0,112129,84486,0,0,15,1021,35,0,0,33705,39,0,38,64,0
0,127284,127409,file_anon_mix_p,3628,3628,3631,120,1,3,3,332060,196615,121060,130528,70600,9872,0,112129,84486,0,0,15,1021,35,0,0,36677,39,0,38,64,0
0,127284,127409,file_anon_mix_p,3628,3628,3631,120,1,3,3,332188,196615,120676,130528,70600,10384,0,112129,84486,0,0,15,1021,35,0,0,37040,39,0,38,64,0
0,45,45,kswapd0,3628,3628,3631,120,129,3,3,332996,196615,131449,130528,70600,419,0,112129,84486,0,0,15,1021,35,0,0,26476,39,0,38,8184,0
0,127284,127409,file_anon_mix_p,3628,3628,3631,120,1,3,3,332700,196615,120164,130528,70600,11408,0,112129,84486,0,0,15,1021,35,0,0,37595,39,0,38,64,0
0,127284,127409,file_anon_mix_p,3628,3628,3631,120,1,3,3,332828,196615,119780,130528,70600,11920,0,112129,84486,0,0,15,1021,35,0,0,37967,39,0,38,64,0
0,127284,127409,file_anon_mix_p,3628,3628,3631,120,1,3,3,332759,196615,119332,130528,70600,12299,0,112129,84486,0,0,15,1021,35,0,0,38432,39,0,38,64,0
0,127284,127409,file_anon_mix_p,3628,3628,3631,120,1,3,3,332572,196615,119012,130528,70600,12432,0,112129,84486,0,0,15,1021,35,0,0,38710,39,0,38,64,0
0,127284,127409,file_anon_mix_p,3628,3628,3631,120,1,3,3,332764,196615,118692,130528,70600,12944,0,112129,84486,0,0,15,1021,35,0,0,39063,39,0,38,64,0
0,127284,127409,file_anon_mix_p,3628,3628,3631,120,1,3,3,333118,196615,118180,130528,70600,13810,0,112129,84486,0,0,15,1021,35,0,0,39570,39,0,38,64,0
0,127284,127409,file_anon_mix_p,3628,3628,3631,120,1,3,3,333052,196615,117924,130528,70600,14000,0,112129,84486,0,0,15,1021,35,0,0,39798,39,0,38,64,0
0,127284,127409,file_anon_mix_p,3628,3628,3631,120,1,3,3,333212,196615,117604,130528,70600,14480,0,112129,84486,0,0,15,1021,35,0,0,40122,39,0,38,64,0
0,127284,127409,file_anon_mix_p,3628,3628,3631,120,1,3,3,333647,196615,117156,130528,70600,15363,0,112129,84486,0,0,15,1021,35,0,0,40592,39,0,38,64,0
0,127284,127409,file_anon_mix_p,3628,3628,3631,120,1,3,3,333596,196615,116964,130528,70600,15504,0,112129,84486,0,0,15,1021,35,0,0,40766,39,0,38,64,0
0,127284,127409,file_anon_mix_p,3628,3628,3631,120,1,3,3,333719,196615,116708,130528,70600,15883,0,112129,84486,0,0,15,1021,35,0,0,41035,39,0,38,64,0
0,127284,127409,file_anon_mix_p,3628,3628,3631,120,1,3,3,333589,196615,116516,130528,70600,15945,0,112129,84486,0,0,15,1021,35,0,0,41234,39,0,38,64,0
0,127284,127409,file_anon_mix_p,3628,3628,3631,120,1,3,3,333459,196615,116196,130528,70600,16135,0,112129,84486,0,0,15,1021,35,0,0,41530,39,0,38,64,0
0,127284,127409,file_anon_mix_p,3628,3628,3631,120,1,3,3,333532,196615,115876,130528,70600,16528,0,112129,84486,0,0,15,1021,35,0,0,41856,39,0,38,64,0
0,127284,127409,file_anon_mix_p,3628,3628,3631,120,1,3,3,333655,196615,115620,130528,70600,16907,0,112129,84486,0,0,15,1021,35,0,0,42117,39,0,38,64,0
0,127284,127409,file_anon_mix_p,3628,3628,3631,120,1,3,3,333532,196615,115364,130528,70600,17040,0,112129,84486,0,0,15,1021,35,0,0,42351,39,0,38,64,0
0,127284,127409,file_anon_mix_p,3628,3628,3631,120,1,3,3,333655,196615,115108,130528,70600,17419,0,112129,84486,0,0,15,1021,35,0,0,42654,39,0,38,64,0
0,127284,127409,file_anon_mix_p,3628,3628,3631,120,1,3,3,333468,196615,114788,130528,70600,17552,0,112129,84486,0,0,15,1021,35,0,0,42919,39,0,38,64,0
0,127284,127409,file_anon_mix_p,3628,3628,3631,120,1,3,3,333527,196615,114468,130528,70600,17931,0,112129,84486,0,0,15,1021,35,0,0,43264,39,0,38,64,0
0,127284,127409,file_anon_mix_p,3628,3628,3631,120,1,3,3,333461,196615,114212,130528,70600,18121,0,112129,84486,0,0,15,1021,35,0,0,43501,39,0,38,64,0
0,127284,127409,file_anon_mix_p,3628,3628,3631,120,1,3,3,333596,196615,113892,130528,70600,18576,0,112129,84486,0,0,15,1021,35,0,0,43831,39,0,38,64,0
0,127284,127409,file_anon_mix_p,3628,3628,3631,120,1,3,3,333719,196615,113636,130528,70600,18955,0,112129,84486,0,0,15,1021,35,0,0,44125,39,0,38,64,0
0,127284,127409,file_anon_mix_p,3628,3628,3631,120,1,3,3,333532,196615,113316,130528,70600,19088,0,112129,84486,0,0,15,1021,35,0,0,44391,39,0,38,64,0
0,121783,121783,watch,3628,3628,3631,120,1,3,3,333578,196615,113060,130528,70600,19390,0,112129,84486,0,0,15,1021,35,0,0,44665,39,0,38,64,0
0,127284,127409,file_anon_mix_p,3628,3628,3631,120,1,3,3,333531,196615,112868,130528,70600,19535,0,112129,84486,0,0,15,1021,35,0,0,44868,39,0,38,64,0
0,127444,127444,sh,3628,3628,3631,120,1,3,3,333230,196615,111908,130528,70600,20194,0,112129,84486,0,0,15,1021,35,0,0,45817,39,0,38,64,0
0,127284,127409,file_anon_mix_p,3628,3628,3631,120,1,3,3,333212,196615,111460,130528,70600,20624,0,112129,84486,0,0,15,1021,35,0,0,46253,39,0,38,64,0
0,127445,127445,cat,3628,3628,3631,120,1,3,3,332864,196615,110948,130528,70600,20788,0,112129,84486,0,0,15,1021,35,0,0,46776,39,0,38,64,0
0,127284,127409,file_anon_mix_p,3628,3628,3631,120,1,3,3,332956,196615,110180,130528,70600,21648,0,112129,84486,0,0,15,1021,35,0,0,47546,39,0,38,64,0
0,127284,127409,file_anon_mix_p,3628,3628,3631,120,1,3,3,333148,196615,109860,130528,70600,22160,0,112129,84486,0,0,15,1021,35,0,0,47871,39,0,38,64,0
0,127284,127409,file_anon_mix_p,3628,3628,3631,120,1,3,3,333340,196615,109540,130528,70600,22672,0,112129,84486,0,0,15,1021,35,0,0,48228,39,0,38,64,0
0,127284,127409,file_anon_mix_p,3628,3628,3631,120,1,3,3,333212,196615,108900,130528,70600,23184,0,112129,84486,0,0,15,1021,35,0,0,48843,39,0,38,64,0
0,127284,127409,file_anon_mix_p,3628,3628,3631,120,1,3,3,333404,196615,108580,130528,70600,23696,0,112129,84486,0,0,15,1021,35,0,0,49180,39,0,38,64,0
0,127284,127409,file_anon_mix_p,3628,3628,3631,120,1,3,3,333852,196615,108004,130528,70600,24720,0,112129,84486,0,0,15,1021,35,0,0,49705,39,0,38,64,0
0,127284,127409,file_anon_mix_p,3628,3628,3631,120,1,3,3,333885,196615,107812,130528,70600,24945,0,112129,84486,0,0,15,1021,35,0,0,49919,39,0,38,64,0
0,127284,127409,file_anon_mix_p,3628,3628,3631,120,1,3,3,333980,196615,107620,130528,70600,25232,0,112129,84486,0,0,15,1021,35,0,0,50145,39,0,38,64,0
0,127284,127409,file_anon_mix_p,3628,3628,3631,120,1,3,3,334039,196615,107300,130528,70600,25611,0,112129,84486,0,0,15,1021,35,0,0,50423,39,0,38,64,0
0,127284,127409,file_anon_mix_p,3628,3628,3631,120,1,3,3,333980,196615,107108,130528,70600,25744,0,112129,84486,0,0,15,1021,35,0,0,50642,39,0,38,64,0
0,127284,127409,file_anon_mix_p,3628,3628,3631,120,1,3,3,334103,196615,106852,130528,70600,26123,0,112129,84486,0,0,15,1021,35,0,0,50899,39,0,38,64,0
0,127284,127409,file_anon_mix_p,3628,3628,3631,120,1,3,3,333980,196615,106596,130528,70600,26256,0,112129,84486,0,0,15,1021,35,0,0,51133,39,0,38,64,0
0,127284,127409,file_anon_mix_p,3628,3628,3631,120,1,3,3,334103,196615,106340,130528,70600,26635,0,112129,84486,0,0,15,1021,35,0,0,51413,39,0,38,64,0
0,127284,127409,file_anon_mix_p,3628,3628,3631,120,1,3,3,334044,196615,106148,130528,70600,26768,0,112129,84486,0,0,15,1021,35,0,0,51613,39,0,38,64,0
0,127284,127409,file_anon_mix_p,3628,3628,3631,120,1,3,3,333916,196615,106020,130528,70600,26768,0,112129,84486,0,0,15,1021,35,0,0,51734,39,0,38,64,0
0,127284,127409,file_anon_mix_p,3628,3628,3631,120,1,3,3,333724,196615,105828,130528,70600,26768,0,112129,84486,0,0,15,1021,35,0,0,51893,39,0,38,64,0
0,127284,127409,file_anon_mix_p,3628,3628,3631,120,1,3,3,333718,196615,105444,130528,70600,27146,0,112129,84486,0,0,15,1021,35,0,0,52288,39,0,38,64,0
0,126930,126930,mglru_monitor,3628,3628,3631,120,1,3,3,333601,196615,105316,130528,70600,27157,0,112129,84486,0,0,15,1021,35,0,0,52404,39,0,38,64,0
0,127284,127409,file_anon_mix_p,3628,3628,3631,120,1,3,3,333532,196615,105124,130528,70600,27280,0,112129,84486,0,0,15,1021,35,0,0,52569,39,0,38,64,0
0,127284,127409,file_anon_mix_p,3628,3628,3631,120,1,3,3,333660,196615,104740,130528,70600,27792,0,112129,84486,0,0,15,1021,35,0,0,53007,39,0,38,64,0
0,127284,127409,file_anon_mix_p,3628,3628,3631,120,1,3,3,333655,196615,104356,130528,70600,28171,0,112129,84486,0,0,15,1021,35,0,0,53398,39,0,38,64,0
0,127284,127409,file_anon_mix_p,3628,3628,3631,120,1,3,3,333560,196615,104164,130528,70600,28268,0,112129,84486,0,0,15,1021,35,0,0,53568,39,0,38,64,0
0,127284,127409,file_anon_mix_p,3628,3628,3631,120,1,3,3,333340,196615,103908,130528,70600,28304,0,112129,84486,0,0,15,1021,35,0,0,53799,39,0,38,64,0
0,127284,127409,file_anon_mix_p,3628,3628,3631,120,1,3,3,333532,196615,103588,130528,70600,28816,0,112129,84486,0,0,15,1021,35,0,0,54129,39,0,38,64,0
0,127284,127409,file_anon_mix_p,3628,3628,3631,120,1,3,3,333724,196615,103268,130528,70600,29328,0,112129,84486,0,0,15,1021,35,0,0,54464,39,0,38,64,0
0,127284,127409,file_anon_mix_p,3628,3628,3631,120,1,3,3,333916,196615,102948,130528,70600,29840,0,112129,84486,0,0,15,1021,35,0,0,54809,39,0,38,64,0
0,127284,127409,file_anon_mix_p,3628,3628,3631,120,1,3,3,333975,196615,102628,130528,70600,30219,0,112129,84486,0,0,15,1021,35,0,0,55120,39,0,38,64,0
0,127284,127409,file_anon_mix_p,3628,3628,3631,120,1,3,3,333788,196615,102308,130528,70600,30352,0,112129,84486,0,0,15,1021,35,0,0,55400,39,0,38,64,0
0,121783,121783,watch,3628,3628,3631,120,1,3,3,333772,196615,101967,130528,70600,30677,0,112129,84486,0,0,15,1021,35,0,0,55768,39,0,38,54,0
0,121783,121783,watch,3628,3628,3631,120,1,3,3,333692,196615,101689,130528,70600,30875,0,112129,84486,0,0,15,1021,35,0,0,55955,39,0,38,33,0
0,127284,127409,file_anon_mix_p,3628,3628,3631,120,1,3,3,333626,196615,101537,130528,70600,30961,0,112129,84486,0,0,15,1021,35,0,0,56036,39,0,38,57,0
0,127447,127447,watch,3628,3628,3631,120,1,3,3,333472,196615,101320,130528,70600,31024,0,112129,84486,0,0,15,1021,35,0,0,56216,39,0,38,64,0
0,127447,127447,sh,3628,3628,3631,120,1,3,3,333472,196615,100700,130528,70600,31644,0,112129,84486,0,0,15,1021,35,0,0,56695,39,0,38,51,0
0,127447,127447,sh,3628,3628,3631,120,1,3,3,333259,196615,100320,130528,70600,31811,0,112129,84486,0,0,15,1021,35,0,0,56953,39,0,38,54,0
0,127284,127409,file_anon_mix_p,3628,3628,3631,120,1,3,3,333415,196615,100553,130528,70600,31734,0,112129,84486,0,0,15,1021,35,0,0,56802,39,0,38,64,0
0,127447,127447,sh,3628,3628,3631,120,1,3,3,333077,196615,100106,130528,70600,31843,0,112129,84486,0,0,15,1021,35,0,0,57165,39,0,38,55,0
0,45,45,kswapd0,3628,3628,3631,120,255,3,3,332519,196615,120356,130528,70600,11035,0,112129,84486,0,0,15,1021,35,0,0,37415,39,0,38,16167,0
0,127448,127448,cat,3628,3628,3631,120,1,3,3,333178,196615,98780,130528,70600,33270,0,112129,84486,0,0,15,1021,35,0,0,58193,39,0,38,64,0
0,127284,127409,file_anon_mix_p,3628,3628,3631,120,1,3,3,333148,196615,98161,130528,70600,33859,0,112129,84486,0,0,15,1021,35,0,0,58637,39,0,38,50,0
0,127284,127409,file_anon_mix_p,3628,3628,3631,120,1,3,3,332975,196615,97241,130528,70600,34606,0,112129,84486,0,0,15,1021,35,0,0,59329,39,0,38,64,0
0,127284,127409,file_anon_mix_p,3628,3628,3631,120,1,3,3,333147,196615,96779,130528,70600,35240,0,112129,84486,0,0,15,1021,35,0,0,59647,39,0,38,64,0
0,45,45,kswapd0,3628,3628,3631,120,407,3,3,333038,196615,99514,130528,70600,32396,0,112129,84486,0,0,15,1021,35,0,0,57598,39,0,38,3544,0
0,45,45,kswapd0,3628,3628,3631,120,718,3,3,262034,196684,11808,130528,70600,49098,0,112129,84486,69,0,15,1021,35,0,0,61384,39,3,38,63,0
0,45,45,kswapd0,3629,3629,3631,120,0,2,2,248016,196688,0,5,0,248011,73313,84486,0,38889,1,26,31202,36,0,0,63,0,0,0,0,0
0,45,45,kswapd0,0,0,3,120,0,3,3,0,0,0,0,0,0,0,0,0,0,0,0,0,0,0,0,0,0,0,0,0,0
0,45,45,kswapd0,1100,1100,1101,120,0,1,1,10,25,10,0,0,0,0,0,0,25,0,0,2,200,0,0,54,0,0,0,0,0
0,45,45,kswapd0,0,0,3,120,0,3,3,0,0,0,0,0,0,0,0,0,0,0,0,0,0,0,0,0,0,0,0,0,0
0,45,45,kswapd0,3968,3968,3971,120,2,3,3,1624,1376,222,678,724,0,246,252,781,97,0,24,2,74,0,13,0,499,0,11,0,88
0,45,45,kswapd0,0,0,3,120,0,3,3,0,0,0,0,0,0,0,0,0,0,0,0,0,0,0,0,0,0,0,0,0,0
0,45,45,kswapd0,0,0,3,120,0,3,3,0,0,0,0,0,0,0,0,0,0,0,0,0,0,0,0,0,0,0,0,0,0
0,45,45,kswapd0,114,114,115,120,0,1,1,38,0,25,0,0,13,0,0,0,0,0,0,3,0,0,0,0,0,0,0,0,0
0,45,45,kswapd0,3629,3629,3632,120,203,3,3,253596,196688,0,3,253500,93,71681,4,125003,0,1,26,31202,36,0,0,63,0,0,0,0,0
0,45,45,kswapd0,0,0,3,120,0,3,3,0,0,0,0,0,0,0,0,0,0,0,0,0,0,0,0,0,0,0,0,0,0
0,45,45,kswapd0,6,7,9,120,0,3,2,0,0,0,0,0,0,0,0,0,0,0,0,0,1,0,0,0,22,0,0,0,0
0,45,45,kswapd0,10,10,12,120,0,2,2,1,0,1,0,0,0,0,0,0,0,0,0,0,1,0,0,59,0,0,0,0,0
0,45,45,kswapd0,4001,4001,4003,120,1,2,2,53,116,47,5,0,1,57,10,0,49,0,0,0,36,0,15,0,15,0,0,0,56
0,45,45,kswapd0,0,0,3,120,0,3,3,0,0,0,0,0,0,0,0,0,0,0,0,0,0,0,0,0,0,0,0,0,0
0,45,45,kswapd0,0,0,3,120,0,3,3,0,0,0,0,0,0,0,0,0,0,0,0,0,0,0,0,0,0,0,0,0,0
0,45,45,kswapd0,0,0,3,120,0,3,3,0,0,0,0,0,0,0,0,0,0,0,0,0,0,0,0,0,0,0,0,0,0
0,45,45,kswapd0,0,0,3,120,0,3,3,0,0,0,0,0,0,0,0,0,0,0,0,0,0,0,0,0,0,0,0,0,0
0,45,45,kswapd0,5231,5231,5234,120,1,3,3,37,17,1,29,7,0,3,6,8,0,0,0,1,0,0,0,0,6,0,0,0,0
0,45,45,kswapd0,1501,1501,1503,120,1,2,2,22,159,0,22,0,0,143,16,0,0,0,0,2,71,0,0,2,0,0,0,0,23
0,45,45,kswapd0,5259,5259,5262,120,1,3,3,129,392,23,0,71,35,0,101,256,35,1,2,3,206,0,77,8,180,5,121,3,0
0,45,45,kswapd0,0,0,3,120,0,3,3,0,0,0,0,0,0,0,0,0,0,0,0,0,0,0,0,0,0,0,0,0,0
0,45,45,kswapd0,38,38,40,120,0,2,2,6,0,4,0,0,2,0,0,0,0,0,0,5,2,0,0,0,0,0,0,0,0
0,45,45,kswapd0,1135,1135,1137,120,0,2,2,80,124,5,0,0,75,0,1,0,123,0,0,49,40,0,0,42,3,0,0,0,0
0,45,45,kswapd0,243,243,244,120,0,1,1,26,69,0,0,0,26,53,0,0,16,2,0,4,1,0,0,0,49,0,17,0,0
0,45,45,kswapd0,0,0,3,120,0,3,3,0,0,0,0,0,0,0,0,0,0,0,0,0,0,0,0,0,0,0,0,0,0
0,45,45,kswapd0,5,5,7,120,0,2,2,0,0,0,0,0,0,0,0,0,0,0,0,27,0,0,0,2,0,0,0,0,0
0,45,45,kswapd0,137,137,138,120,0,1,1,28,55,23,0,0,5,0,0,0,55,0,0,6,29,0,0,0,16,0,0,0,0
0,45,45,kswapd0,0,0,3,120,0,3,3,0,0,0,0,0,0,0,0,0,0,0,0,0,0,0,0,0,0,0,0,0,0
0,45,45,kswapd0,0,0,3,120,0,3,3,0,0,0,0,0,0,0,0,0,0,0,0,0,0,0,0,0,0,0,0,0,0
0,45,45,kswapd0,0,0,3,120,0,3,3,0,0,0,0,0,0,0,0,0,0,0,0,0,0,0,0,0,0,0,0,0,0
0,45,45,kswapd0,0,0,3,120,0,3,3,0,0,0,0,0,0,0,0,0,0,0,0,0,0,0,0,0,0,0,0,0,0
0,45,45,kswapd0,0,0,3,120,0,3,3,0,0,0,0,0,0,0,0,0,0,0,0,0,0,0,0,0,0,0,0,0,0
0,45,45,kswapd0,153,153,155,120,0,2,2,2,5,2,0,0,0,0,5,0,0,0,0,22,4,0,0,17,0,0,0,0,0
0,45,45,kswapd0,7,7,9,120,0,2,2,0,1,0,0,0,0,1,0,0,0,0,0,7,6,0,0,1,0,0,0,0,0
0,45,45,kswapd0,6,7,9,120,0,3,2,0,0,0,0,0,0,0,0,0,0,0,0,0,1,0,0,0,22,0,0,0,0
0,45,45,kswapd0,0,0,3,120,0,3,3,0,0,0,0,0,0,0,0,0,0,0,0,0,0,0,0,0,0,0,0,0,0
0,45,45,kswapd0,14,14,17,120,0,3,3,1,0,0,0,1,0,0,0,0,0,0,0,96,0,0,0,3,0,0,0,0,0
0,45,45,kswapd0,140,140,141,120,0,1,1,6,31,0,0,0,6,18,0,0,13,0,0,0,3,0,0,0,0,0,0,0,0
0,45,45,kswapd0,0,0,3,120,0,3,3,0,0,0,0,0,0,0,0,0,0,0,0,0,0,0,0,0,0,0,0,0,0
0,45,45,kswapd0,0,0,3,120,0,3,3,0,0,0,0,0,0,0,0,0,0,0,0,0,0,0,0,0,0,0,0,0,0
0,45,45,kswapd0,0,0,3,120,0,3,3,0,0,0,0,0,0,0,0,0,0,0,0,0,0,0,0,0,0,0,0,0,0
0,45,45,kswapd0,38,38,40,120,0,2,2,6,0,4,0,0,2,0,0,0,0,0,0,5,2,0,0,0,0,0,0,0,0
0,45,45,kswapd0,0,0,3,120,0,3,3,0,0,0,0,0,0,0,0,0,0,0,0,0,0,0,0,0,0,0,0,0,0
0,45,45,kswapd0,153,153,155,120,0,2,2,2,5,2,0,0,0,0,5,0,0,0,0,22,4,0,0,17,0,0,0,0,0
0,45,45,kswapd0,0,0,3,120,0,3,3,0,0,0,0,0,0,0,0,0,0,0,0,0,0,0,0,0,0,0,0,0,0
0,45,45,kswapd0,0,0,3,120,0,3,3,0,0,0,0,0,0,0,0,0,0,0,0,0,0,0,0,0,0,0,0,0,0
0,45,45,kswapd0,10,10,12,120,0,2,2,1,0,1,0,0,0,0,0,0,0,0,0,0,1,0,0,59,0,0,0,0,0
0,45,45,kswapd0,0,0,3,120,0,3,3,0,0,0,0,0,0,0,0,0,0,0,0,0,0,0,0,0,0,0,0,0,0
0,45,45,kswapd0,0,0,3,120,0,3,3,0,0,0,0,0,0,0,0,0,0,0,0,0,0,0,0,0,0,0,0,0,0
0,45,45,kswapd0,3968,3968,3971,120,2,3,3,1624,1288,222,678,724,0,106,258,781,143,0,24,2,74,0,19,0,587,0,11,0,100
0,45,45,kswapd0,3629,3629,3632,120,383,3,3,258711,196688,0,3,253500,5208,57601,4,125003,14080,1,26,31202,36,0,0,63,0,0,0,0,0
0,45,45,kswapd0,0,0,3,120,0,3,3,0,0,0,0,0,0,0,0,0,0,0,0,0,0,0,0,0,0,0,0,0,0
0,45,45,kswapd0,0,0,3,120,0,3,3,0,0,0,0,0,0,0,0,0,0,0,0,0,0,0,0,0,0,0,0,0,0
0,45,45,kswapd0,0,0,3,120,0,3,3,0,0,0,0,0,0,0,0,0,0,0,0,0,0,0,0,0,0,0,0,0,0
0,45,45,kswapd0,14,14,17,120,0,3,3,1,0,0,0,1,0,0,0,0,0,0,0,96,0,0,0,3,0,0,0,0,0
0,45,45,kswapd0,4001,4001,4003,120,1,2,2,53,61,47,5,0,1,1,11,0,49,0,0,0,36,0,15,0,71,0,0,0,0
0,45,45,kswapd0,5,5,7,120,0,2,2,0,0,0,0,0,0,0,0,0,0,0,0,27,0,0,0,2,0,0,0,0,0
0,45,45,kswapd0,5231,5231,5234,120,2,3,3,37,17,1,29,7,0,0,6,8,3,0,0,1,0,0,0,0,6,0,0,0,0
0,45,45,kswapd0,1501,1501,1503,120,1,2,2,22,136,0,22,0,0,51,32,0,53,0,0,2,71,0,16,2,23,0,0,0,51
0,45,45,kswapd0,5260,5260,5262,120,0,2,2,186,392,1,73,0,112,101,256,0,35,3,61,6,230,0,0,3,0,0,0,0,0
0,45,45,kswapd0,0,0,3,120,0,3,3,0,0,0,0,0,0,0,0,0,0,0,0,0,0,0,0,0,0,0,0,0,0
0,45,45,kswapd0,0,0,3,120,0,3,3,0,0,0,0,0,0,0,0,0,0,0,0,0,0,0,0,0,0,0,0,0,0
0,45,45,kswapd0,7,7,9,120,0,2,2,0,1,0,0,0,0,1,0,0,0,0,0,7,6,0,0,1,0,0,0,0,0
0,45,45,kswapd0,3968,3968,3971,120,1,3,3,1624,1188,222,678,724,0,0,259,781,148,0,24,2,74,0,20,0,687,0,11,24,0
0,45,45,kswapd0,3629,3629,3632,120,421,3,3,265672,196688,0,3,253500,12169,29281,4,125003,42400,1,26,31202,36,0,0,63,0,0,0,0,0
0,45,45,kswapd0,4002,4002,4003,120,0,1,1,53,62,5,0,0,48,13,0,0,49,0,0,0,60,0,0,0,0,0,0,0,0
0,45,45,kswapd0,5232,5232,5234,120,1,2,2,37,17,29,7,0,1,0,8,0,9,0,0,0,3,0,0,0,0,0,0,29,0
0,45,45,kswapd0,1502,1502,1503,120,0,1,1,22,85,22,0,0,0,32,0,0,53,0,0,2,54,0,0,0,51,0,0,0,0
0,45,45,kswapd0,3968,3968,3971,120,2,3,3,1600,1188,146,661,711,82,0,259,781,148,0,24,2,74,0,20,24,687,0,11,127,0
0,45,45,kswapd0,5233,5233,5234,120,0,1,1,8,17,7,0,0,1,8,0,0,9,0,0,0,1,0,0,29,0,0,0,0,0
0,45,45,kswapd0,3968,3968,3971,120,6,3,3,1473,1188,18,655,711,89,0,259,781,148,0,24,2,74,0,20,151,687,0,11,56,247
0,45,45,kswapd0,6,7,9,120,0,3,2,0,0,0,0,0,0,0,0,0,0,0,0,0,1,0,0,0,22,0,0,0,0
0,45,45,kswapd0,153,153,155,120,0,2,2,2,5,2,0,0,0,0,5,0,0,0,0,22,4,0,0,17,0,0,0,0,0
0,45,45,kswapd0,0,0,3,120,0,3,3,0,0,0,0,0,0,0,0,0,0,0,0,0,0,0,0,0,0,0,0,0,0
0,45,45,kswapd0,0,0,3,120,0,3,3,0,0,0,0,0,0,0,0,0,0,0,0,0,0,0,0,0,0,0,0,0,0
0,45,45,kswapd0,10,10,12,120,0,2,2,1,0,1,0,0,0,0,0,0,0,0,0,0,1,0,0,59,0,0,0,0,0
0,45,45,kswapd0,1502,1502,1504,120,1,2,2,22,85,22,0,0,0,32,53,0,0,0,0,2,54,0,0,0,51,0,0,0,18
0,45,45,kswapd0,153,153,155,120,0,2,2,2,5,2,0,0,0,0,5,0,0,0,0,22,4,0,0,17,0,0,0,0,0
0,45,45,kswapd0,5,5,7,120,0,2,2,0,0,0,0,0,0,0,0,0,0,0,0,27,0,0,0,2,0,0,0,0,0
0,45,45,kswapd0,5260,5260,5263,120,1,3,3,126,392,1,11,97,17,53,48,291,0,3,61,6,230,0,0,3,0,0,0,0,26
0,45,45,kswapd0,0,0,3,120,0,3,3,0,0,0,0,0,0,0,0,0,0,0,0,0,0,0,0,0,0,0,0,0,0
0,45,45,kswapd0,7,7,9,120,0,2,2,0,1,0,0,0,0,1,0,0,0,0,0,7,6,0,0,1,0,0,0,0,0
0,45,45,kswapd0,137,137,139,120,1,2,2,28,55,23,5,0,0,0,55,0,0,0,0,6,29,0,0,0,16,0,0,22,0
0,45,45,kswapd0,0,0,3,120,0,3,3,0,0,0,0,0,0,0,0,0,0,0,0,0,0,0,0,0,0,0,0,0,0
0,45,45,kswapd0,3969,3969,3972,120,1,3,3,1417,941,587,676,154,0,0,704,237,0,0,17,76,390,0,5,56,247,0,0,63,0
0,45,45,kswapd0,0,0,3,120,0,3,3,0,0,0,0,0,0,0,0,0,0,0,0,0,0,0,0,0,0,0,0,0,0
0,45,45,kswapd0,138,138,139,120,0,1,1,6,55,6,0,0,0,55,0,0,0,0,0,3,22,0,0,22,0,0,0,0,0
0,45,45,kswapd0,114,114,116,120,0,2,2,38,0,25,13,0,0,0,0,0,0,0,0,3,0,0,0,0,0,0,0,0,0
0,45,45,kswapd0,0,0,3,120,0,3,3,0,0,0,0,0,0,0,0,0,0,0,0,0,0,0,0,0,0,0,0,0,0
0,45,45,kswapd0,0,0,3,120,0,3,3,0,0,0,0,0,0,0,0,0,0,0,0,0,0,0,0,0,0,0,0,0,0
0,45,45,kswapd0,0,0,3,120,0,3,3,0,0,0,0,0,0,0,0,0,0,0,0,0,0,0,0,0,0,0,0,0,0
0,45,45,kswapd0,0,0,3,120,0,3,3,0,0,0,0,0,0,0,0,0,0,0,0,0,0,0,0,0,0,0,0,0,0
0,45,45,kswapd0,0,0,3,120,0,3,3,0,0,0,0,0,0,0,0,0,0,0,0,0,0,0,0,0,0,0,0,0,0
0,45,45,kswapd0,5233,5233,5235,120,0,2,2,8,17,7,1,0,0,8,9,0,0,0,0,0,1,0,0,29,0,0,0,0,0
0,45,45,kswapd0,0,0,3,120,0,3,3,0,0,0,0,0,0,0,0,0,0,0,0,0,0,0,0,0,0,0,0,0,0
0,45,45,kswapd0,0,0,3,120,0,3,3,0,0,0,0,0,0,0,0,0,0,0,0,0,0,0,0,0,0,0,0,0,0
0,45,45,kswapd0,243,243,245,120,1,2,2,26,69,0,26,0,0,53,16,0,0,2,0,4,1,0,0,0,49,0,17,0,42
0,45,45,kswapd0,0,0,3,120,0,3,3,0,0,0,0,0,0,0,0,0,0,0,0,0,0,0,0,0,0,0,0,0,0
0,45,45,kswapd0,5,5,7,120,0,2,2,0,0,0,0,0,0,0,0,0,0,0,0,27,0,0,0,2,0,0,0,0,0
0,45,45,kswapd0,114,114,116,120,0,2,2,38,0,25,13,0,0,0,0,0,0,0,0,3,0,0,0,0,0,0,0,0,0
0,45,45,kswapd0,1135,1135,1138,120,1,3,3,80,124,5,0,75,0,0,0,124,0,0,0,49,40,0,0,42,3,0,0,4,0
0,45,45,kswapd0,0,0,3,120,0,3,3,0,0,0,0,0,0,0,0,0,0,0,0,0,0,0,0,0,0,0,0,0,0
0,45,45,kswapd0,140,140,142,120,0,2,2,6,31,0,6,0,0,18,13,0,0,0,0,0,3,0,0,0,0,0,0,0,0
0,45,45,kswapd0,0,0,3,120,0,3,3,0,0,0,0,0,0,0,0,0,0,0,0,0,0,0,0,0,0,0,0,0,0
0,45,45,kswapd0,7,7,9,120,0,2,2,0,1,0,0,0,0,1,0,0,0,0,0,7,6,0,0,1,0,0,0,0,0
0,45,45,kswapd0,0,0,3,120,0,3,3,0,0,0,0,0,0,0,0,0,0,0,0,0,0,0,0,0,0,0,0,0,0
0,45,45,kswapd0,0,0,3,120,0,3,3,0,0,0,0,0,0,0,0,0,0,0,0,0,0,0,0,0,0,0,0,0,0
0,45,45,kswapd0,0,0,3,120,0,3,3,0,0,0,0,0,0,0,0,0,0,0,0,0,0,0,0,0,0,0,0,0,0
0,45,45,kswapd0,3630,3630,3633,120,2,3,3,274923,196688,3,253499,19930,1491,5,125001,71682,0,0,13,15632,18,0,0,0,0,0,0,0,0
0,45,45,kswapd0,4002,4002,4004,120,0,2,2,53,62,0,53,0,0,10,52,0,0,0,0,0,60,0,0,0,0,0,0,0,0
0,45,45,kswapd0,0,0,3,120,0,3,3,0,0,0,0,0,0,0,0,0,0,0,0,0,0,0,0,0,0,0,0,0,0
0,45,45,kswapd0,5233,5233,5235,120,0,2,2,8,17,7,1,0,0,8,9,0,0,0,0,0,1,0,0,29,0,0,0,0,0
0,45,45,kswapd0,0,0,3,120,0,3,3,0,0,0,0,0,0,0,0,0,0,0,0,0,0,0,0,0,0,0,0,0,0
0,45,45,kswapd0,1100,1100,1102,120,0,2,2,10,25,10,0,0,0,0,25,0,0,0,0,2,200,0,0,54,0,0,0,0,0
0,45,45,kswapd0,38,38,40,120,0,2,2,6,0,4,0,0,2,0,0,0,0,0,0,5,2,0,0,0,0,0,0,0,0
0,45,45,kswapd0,0,0,3,120,0,3,3,0,0,0,0,0,0,0,0,0,0,0,0,0,0,0,0,0,0,0,0,0,0
0,45,45,kswapd0,14,14,17,120,0,3,3,1,0,0,0,1,0,0,0,0,0,0,0,96,0,0,0,3,0,0,0,0,0
0,45,45,kswapd0,6,7,9,120,0,3,2,0,0,0,0,0,0,0,0,0,0,0,0,0,1,0,0,0,22,0,0,0,0
0,45,45,kswapd0,0,0,3,120,0,3,3,0,0,0,0,0,0,0,0,0,0,0,0,0,0,0,0,0,0,0,0,0,0
0,45,45,kswapd0,10,10,12,120,0,2,2,1,0,1,0,0,0,0,0,0,0,0,0,0,1,0,0,59,0,0,0,0,0
0,45,45,kswapd0,0,0,3,120,0,3,3,0,0,0,0,0,0,0,0,0,0,0,0,0,0,0,0,0,0,0,0,0,0
0,45,45,kswapd0,0,0,3,120,0,3,3,0,0,0,0,0,0,0,0,0,0,0,0,0,0,0,0,0,0,0,0,0,0
0,45,45,kswapd0,1136,1136,1138,120,0,2,2,76,124,1,75,0,0,0,124,0,0,0,0,45,21,0,0,4,0,0,0,0,0
0,45,45,kswapd0,38,38,40,120,0,2,2,6,0,4,0,0,2,0,0,0,0,0,0,5,2,0,0,0,0,0,0,0,0
0,45,45,kswapd0,3630,3630,3633,120,4,3,3,275016,196688,3,253499,19930,1584,5,125001,71682,0,0,13,15632,18,0,0,0,0,0,0,0,0
0,45,45,kswapd0,1502,1502,1504,120,0,2,2,22,67,22,0,0,0,0,53,0,14,0,0,2,54,0,0,0,69,0,0,0,0
0,45,45,kswapd0,0,0,3,120,0,3,3,0,0,0,0,0,0,0,0,0,0,0,0,0,0,0,0,0,0,0,0,0,0
0,45,45,kswapd0,0,0,3,120,0,3,3,0,0,0,0,0,0,0,0,0,0,0,0,0,0,0,0,0,0,0,0,0,0
0,45,45,kswapd0,5260,5260,5263,120,1,3,3,126,366,1,11,97,17,0,72,291,3,3,61,6,230,0,23,3,26,0,0,1,0
0,45,45,kswapd0,0,0,3,120,0,3,3,0,0,0,0,0,0,0,0,0,0,0,0,0,0,0,0,0,0,0,0,0,0
0,45,45,kswapd0,0,0,3,120,0,3,3,0,0,0,0,0,0,0,0,0,0,0,0,0,0,0,0,0,0,0,0,0,0
0,45,45,kswapd0,14,14,17,120,0,3,3,1,0,0,0,1,0,0,0,0,0,0,0,96,0,0,0,3,0,0,0,0,0
0,45,45,kswapd0,3969,3969,3972,120,1,3,3,1354,941,524,676,154,0,0,704,237,0,0,17,76,390,0,5,119,247,0,0,60,0
0,45,45,kswapd0,0,0,3,120,0,3,3,0,0,0,0,0,0,0,0,0,0,0,0,0,0,0,0,0,0,0,0,0,0
0,45,45,kswapd0,244,244,245,120,0,1,1,26,27,26,0,0,0,17,0,0,10,1,8,2,25,0,0,0,42,0,0,0,0
0,45,45,kswapd0,140,140,142,120,1,2,2,6,31,0,6,0,0,18,13,0,0,0,0,0,3,0,0,0,0,0,0,0,0
0,45,45,kswapd0,0,0,3,120,0,3,3,0,0,0,0,0,0,0,0,0,0,0,0,0,0,0,0,0,0,0,0,0,0
0,45,45,kswapd0,1100,1100,1102,120,1,2,2,10,25,10,0,0,0,0,25,0,0,0,0,2,200,0,0,54,0,0,0,3,0
0,45,45,kswapd0,3969,3969,3972,120,3,3,3,1294,941,462,676,154,2,0,704,237,0,0,17,76,390,0,5,179,247,0,0,191,0
0,45,45,kswapd0,141,141,142,120,0,1,1,6,31,6,0,0,0,31,0,0,0,0,0,0,9,0,0,0,0,0,0,0,0
0,45,45,kswapd0,1101,1101,1102,120,0,1,1,7,25,5,0,0,2,25,0,0,0,0,0,27,99,0,0,3,0,0,0,0,0
0,45,45,kswapd0,3630,3630,3633,120,8,3,3,276286,196688,3,253499,19930,2854,5,125001,71682,0,0,13,15632,18,0,0,0,0,0,0,0,0
0,45,45,kswapd0,3630,3630,3633,120,505,3,3,276596,196688,3,253499,19930,3164,5,125001,71682,0,0,13,15632,18,0,0,0,0,0,0,14,4871
0,45,45,kswapd0,3969,3969,3972,120,4,3,3,1103,941,271,676,154,2,0,704,237,0,0,17,76,390,0,5,370,247,0,0,256,0
0,127284,127458,file_anon_mix_p,3631,3631,3633,120,2,2,2,330420,196656,115991,19931,0,194498,102407,71703,0,22546,0,6,7816,10,2,23,14,4871,0,4839,0,0
0,127284,127458,file_anon_mix_p,3969,3969,3972,120,0,3,3,847,941,15,676,154,2,0,704,237,0,0,17,76,390,0,5,626,247,0,0,0,0
0,127284,127458,file_anon_mix_p,3631,3631,3633,120,5,2,2,330375,196656,115626,19931,0,194818,102407,71703,0,22546,0,6,7816,10,2,23,14,4871,0,4839,0,0
0,127284,127458,file_anon_mix_p,3969,3969,3972,120,0,3,3,847,941,15,676,154,2,0,704,237,0,0,17,76,390,0,5,626,247,0,0,0,0
0,127284,127458,file_anon_mix_p,3631,3631,3633,120,9,2,2,330421,196656,114648,19931,0,195842,102407,71703,0,22546,0,6,7816,10,2,23,14,4871,0,4839,0,0
0,127284,127458,file_anon_mix_p,3631,3631,3633,120,17,2,2,330398,196656,113130,19931,0,197337,102407,71703,0,22546,0,6,7816,10,2,23,14,4871,0,4839,0,0
0,127284,127458,file_anon_mix_p,3631,3631,3633,120,33,2,2,330408,196656,110762,19931,0,199715,102407,71703,0,22546,0,6,7816,10,2,23,14,4871,0,4839,0,0
0,45,45,kswapd0,3631,3631,3633,120,2059,2,2,292054,193667,239850,19931,0,32273,102407,71703,0,19557,0,6,7816,10,2,23,14,4871,0,1869,0,0
0,127284,127458,file_anon_mix_p,3631,3631,3633,120,65,2,2,330435,196656,106342,19931,0,204162,102407,71703,0,22546,0,6,7816,10,2,23,14,4871,0,4839,0,0
0,394,394,sshd-session,3631,3631,3633,120,2,2,2,330311,196656,97578,19931,0,212802,102407,71703,0,22546,0,6,7816,10,2,23,14,4871,0,4839,0,0
0,394,394,sshd-session,3631,3631,3633,120,5,2,2,330424,196656,96938,19931,0,213555,102407,71703,0,22546,0,6,7816,10,2,23,14,4871,0,4839,0,0
0,394,394,sshd-session,3631,3631,3633,120,9,2,2,330410,196656,95530,19931,0,214949,102407,71703,0,22546,0,6,7816,10,2,23,14,4871,0,4839,0,0
0,394,394,sshd-session,3631,3631,3633,120,17,2,2,330325,196656,92842,19931,0,217552,102407,71703,0,22546,0,6,7816,10,2,23,14,4871,0,4839,0,0
0,394,394,sshd-session,3631,3631,3633,120,33,2,2,330346,196656,88362,19931,0,222053,102407,71703,0,22546,0,6,7816,10,2,23,14,4871,0,4839,0,0
0,126930,126930,mglru_monitor,3631,3631,3633,120,2,2,2,330375,196656,78954,19931,0,231490,102407,71703,0,22546,0,6,7816,10,2,23,14,4871,0,4839,0,0
0,126930,126930,mglru_monitor,3631,3631,3633,120,5,2,2,330375,196656,78698,19931,0,231746,102407,71703,0,22546,0,6,7816,10,2,23,14,4871,0,4839,0,0
0,126930,126930,mglru_monitor,3631,3631,3633,120,9,2,2,330247,196656,75498,19931,0,234818,102407,71703,0,22546,0,6,7816,10,2,23,14,4871,0,4839,0,0
0,45,45,kswapd0,3631,3631,3633,120,259,2,2,330375,196656,101482,19931,0,208962,102407,71703,0,22546,0,6,7816,10,2,23,14,4871,0,4839,0,0
0,45,45,kswapd0,6,7,9,120,0,3,2,0,0,0,0,0,0,0,0,0,0,0,0,0,1,0,0,0,22,0,0,0,0
0,126930,126930,mglru_monitor,3631,3631,3633,120,17,2,2,330376,196656,70570,19931,0,239875,102407,71703,0,22546,0,6,7816,10,2,23,14,4871,0,4839,0,0
0,126930,126930,mglru_monitor,5,5,7,120,0,2,2,0,0,0,0,0,0,0,0,0,0,0,0,27,0,0,0,2,0,0,0,0,0
0,126930,126930,mglru_monitor,4002,4002,4005,120,0,3,3,53,64,0,48,5,0,10,54,0,0,0,0,0,60,0,0,0,0,0,0,0,0
0,126930,126930,mglru_monitor,0,0,3,120,0,3,3,0,0,0,0,0,0,0,0,0,0,0,0,0,0,0,0,0,0,0,0,0,0
0,126930,126930,mglru_monitor,244,244,246,120,0,2,2,26,27,26,0,0,0,17,10,0,0,1,8,2,25,0,0,0,42,0,0,0,0
0,126930,126930,mglru_monitor,1101,1101,1103,120,0,2,2,7,25,5,2,0,0,25,0,0,0,0,0,27,99,0,0,3,0,0,0,0,0
0,126930,126930,mglru_monitor,6,7,9,120,0,3,2,0,0,0,0,0,0,0,0,0,0,0,0,0,1,0,0,0,22,0,0,0,0
0,126930,126930,mglru_monitor,138,138,140,120,0,2,2,6,55,6,0,0,0,55,0,0,0,0,0,3,22,0,0,22,0,0,0,0,0
0,126930,126930,mglru_monitor,0,0,3,120,0,3,3,0,0,0,0,0,0,0,0,0,0,0,0,0,0,0,0,0,0,0,0,0,0
0,126930,126930,mglru_monitor,0,0,3,120,0,3,3,0,0,0,0,0,0,0,0,0,0,0,0,0,0,0,0,0,0,0,0,0,0
0,126930,126930,mglru_monitor,0,0,3,120,0,3,3,0,0,0,0,0,0,0,0,0,0,0,0,0,0,0,0,0,0,0,0,0,0
0,126930,126930,mglru_monitor,0,0,3,120,0,3,3,0,0,0,0,0,0,0,0,0,0,0,0,0,0,0,0,0,0,0,0,0,0
0,126930,126930,mglru_monitor,38,38,40,120,0,2,2,6,0,4,0,0,2,0,0,0,0,0,0,5,2,0,0,0,0,0,0,0,0
0,126930,126930,mglru_monitor,1502,1502,1505,120,0,3,3,22,67,22,0,0,0,0,53,14,0,0,0,2,54,0,0,0,69,0,0,0,0
0,126930,126930,mglru_monitor,14,14,17,120,0,3,3,1,0,0,0,1,0,0,0,0,0,0,0,96,0,0,0,3,0,0,0,0,0
0,126930,126930,mglru_monitor,5,5,7,120,0,2,2,0,0,0,0,0,0,0,0,0,0,0,0,27,0,0,0,2,0,0,0,0,0
0,126930,126930,mglru_monitor,0,0,3,120,0,3,3,0,0,0,0,0,0,0,0,0,0,0,0,0,0,0,0,0,0,0,0,0,0
0,126930,126930,mglru_monitor,0,0,3,120,0,3,3,0,0,0,0,0,0,0,0,0,0,0,0,0,0,0,0,0,0,0,0,0,0
0,126930,126930,mglru_monitor,38,38,40,120,0,2,2,6,0,4,0,0,2,0,0,0,0,0,0,5,2,0,0,0,0,0,0,0,0
0,126930,126930,mglru_monitor,14,14,17,120,0,3,3,1,0,0,0,1,0,0,0,0,0,0,0,96,0,0,0,3,0,0,0,0,0
0,126930,126930,mglru_monitor,153,153,155,120,0,2,2,2,5,2,0,0,0,0,5,0,0,0,0,22,4,0,0,17,0,0,0,0,0
0,126930,126930,mglru_monitor,1136,1136,1139,120,0,3,3,76,124,1,75,0,0,0,124,0,0,0,0,45,21,0,0,4,0,0,0,0,0
0,126930,126930,mglru_monitor,0,0,3,120,0,3,3,0,0,0,0,0,0,0,0,0,0,0,0,0,0,0,0,0,0,0,0,0,0
0,126930,126930,mglru_monitor,244,244,246,120,0,2,2,26,27,26,0,0,0,17,10,0,0,1,8,2,25,0,0,0,42,0,0,0,0
0,126930,126930,mglru_monitor,1101,1101,1103,120,0,2,2,7,25,5,2,0,0,25,0,0,0,0,0,27,99,0,0,3,0,0,0,0,0
0,126930,126930,mglru_monitor,0,0,3,120,0,3,3,0,0,0,0,0,0,0,0,0,0,0,0,0,0,0,0,0,0,0,0,0,0
0,126930,126930,mglru_monitor,0,0,3,120,0,3,3,0,0,0,0,0,0,0,0,0,0,0,0,0,0,0,0,0,0,0,0,0,0
0,126930,126930,mglru_monitor,114,114,116,120,0,2,2,38,0,25,13,0,0,0,0,0,0,0,0,3,0,0,0,0,0,0,0,0,0
0,126930,126930,mglru_monitor,0,0,3,120,0,3,3,0,0,0,0,0,0,0,0,0,0,0,0,0,0,0,0,0,0,0,0,0,0
0,126930,126930,mglru_monitor,0,0,3,120,0,3,3,0,0,0,0,0,0,0,0,0,0,0,0,0,0,0,0,0,0,0,0,0,0
0,126930,126930,mglru_monitor,3969,3969,3972,120,1,3,3,847,941,15,676,154,2,0,704,237,0,0,17,76,390,0,5,626,247,0,0,13,0
0,126930,126930,mglru_monitor,0,0,3,120,0,3,3,0,0,0,0,0,0,0,0,0,0,0,0,0,0,0,0,0,0,0,0,0,0
0,126930,126930,mglru_monitor,7,7,9,120,0,2,2,0,1,0,0,0,0,1,0,0,0,0,0,7,6,0,0,1,0,0,0,0,0
0,126930,126930,mglru_monitor,0,0,3,120,0,3,3,0,0,0,0,0,0,0,0,0,0,0,0,0,0,0,0,0,0,0,0,0,0
0,126930,126930,mglru_monitor,0,0,3,120,0,3,3,0,0,0,0,0,0,0,0,0,0,0,0,0,0,0,0,0,0,0,0,0,0
0,126930,126930,mglru_monitor,5233,5233,5235,120,0,2,2,8,17,7,1,0,0,8,9,0,0,0,0,0,1,0,0,29,0,0,0,0,0
0,126930,126930,mglru_monitor,0,0,3,120,0,3,3,0,0,0,0,0,0,0,0,0,0,0,0,0,0,0,0,0,0,0,0,0,0
0,126930,126930,mglru_monitor,4002,4002,4005,120,0,3,3,53,64,0,48,5,0,10,54,0,0,0,0,0,60,0,0,0,0,0,0,0,0
0,126930,126930,mglru_monitor,7,7,9,120,0,2,2,0,1,0,0,0,0,1,0,0,0,0,0,7,6,0,0,1,0,0,0,0,0
0,121783,121783,watch,0,0,3,120,0,3,3,0,0,0,0,0,0,0,0,0,0,0,0,0,0,0,0,0,0,0,0,0,0
0,121783,121783,watch,1502,1502,1505,120,0,3,3,22,67,22,0,0,0,0,53,14,0,0,0,2,54,0,0,0,69,0,0,0,0
0,121783,121783,watch,0,0,3,120,0,3,3,0,0,0,0,0,0,0,0,0,0,0,0,0,0,0,0,0,0,0,0,0,0
0,121783,121783,watch,0,0,3,120,0,3,3,0,0,0,0,0,0,0,0,0,0,0,0,0,0,0,0,0,0,0,0,0,0
0,121783,121783,watch,5233,5233,5235,120,0,2,2,8,17,7,1,0,0,8,9,0,0,0,0,0,1,0,0,29,0,0,0,0,0
0,121783,121783,watch,0,0,3,120,0,3,3,0,0,0,0,0,0,0,0,0,0,0,0,0,0,0,0,0,0,0,0,0,0
0,121783,121783,watch,0,0,3,120,0,3,3,0,0,0,0,0,0,0,0,0,0,0,0,0,0,0,0,0,0,0,0,0,0
0,121783,121783,watch,3970,3970,3972,120,0,2,2,834,941,676,156,0,2,704,237,0,0,0,8,351,321,0,0,13,0,0,0,0,0
0,121783,121783,watch,3970,3970,3972,120,0,2,2,834,941,676,156,0,2,704,237,0,0,0,8,351,321,0,0,13,0,0,0,0,0
0,121783,121783,watch,3631,3631,3634,120,2,3,3,330322,196656,60330,19930,241091,8971,101511,71701,5012,18432,0,6,7816,10,2,23,14,4871,0,4839,0,0
0,121783,121783,watch,0,0,3,120,0,3,3,0,0,0,0,0,0,0,0,0,0,0,0,0,0,0,0,0,0,0,0,0,0
0,121783,121783,watch,0,0,3,120,0,3,3,0,0,0,0,0,0,0,0,0,0,0,0,0,0,0,0,0,0,0,0,0,0
0,121783,121783,watch,10,10,12,120,0,2,2,1,0,1,0,0,0,0,0,0,0,0,0,0,1,0,0,59,0,0,0,0,0
0,121783,121783,watch,0,0,3,120,0,3,3,0,0,0,0,0,0,0,0,0,0,0,0,0,0,0,0,0,0,0,0,0,0
0,121783,121783,watch,5261,5261,5264,120,0,3,3,129,372,11,27,53,38,72,256,38,6,1,29,4,138,0,0,1,0,1,0,0,0
0,121783,121783,watch,141,141,143,120,0,2,2,6,31,6,0,0,0,31,0,0,0,0,0,0,9,0,0,0,0,0,0,0,0
0,121783,121783,watch,0,0,3,120,0,3,3,0,0,0,0,0,0,0,0,0,0,0,0,0,0,0,0,0,0,0,0,0,0
0,121783,121783,watch,1136,1136,1139,120,0,3,3,76,124,1,75,0,0,0,124,0,0,0,0,45,21,0,0,4,0,0,0,0,0
0,121783,121783,watch,0,0,3,120,0,3,3,0,0,0,0,0,0,0,0,0,0,0,0,0,0,0,0,0,0,0,0,0,0
0,121783,121783,watch,0,0,3,120,0,3,3,0,0,0,0,0,0,0,0,0,0,0,0,0,0,0,0,0,0,0,0,0,0
0,121783,121783,watch,10,10,12,120,0,2,2,1,0,1,0,0,0,0,0,0,0,0,0,0,1,0,0,59,0,0,0,0,0
0,121783,121783,watch,141,141,143,120,0,2,2,6,31,6,0,0,0,31,0,0,0,0,0,0,9,0,0,0,0,0,0,0,0
0,121783,121783,watch,138,138,140,120,0,2,2,6,55,6,0,0,0,55,0,0,0,0,0,3,22,0,0,22,0,0,0,0,0
0,121783,121783,watch,0,0,3,120,0,3,3,0,0,0,0,0,0,0,0,0,0,0,0,0,0,0,0,0,0,0,0,0,0
0,121783,121783,watch,153,153,155,120,0,2,2,2,5,2,0,0,0,0,5,0,0,0,0,22,4,0,0,17,0,0,0,0,0
0,121783,121783,watch,0,0,3,120,0,3,3,0,0,0,0,0,0,0,0,0,0,0,0,0,0,0,0,0,0,0,0,0,0
0,121783,121783,watch,114,114,116,120,0,2,2,38,0,25,13,0,0,0,0,0,0,0,0,3,0,0,0,0,0,0,0,0,0
0,121783,121783,watch,0,0,3,120,0,3,3,0,0,0,0,0,0,0,0,0,0,0,0,0,0,0,0,0,0,0,0,0,0
0,121783,121783,watch,5261,5261,5264,120,0,3,3,129,372,11,27,53,38,72,256,38,6,1,29,4,138,0,0,1,0,1,0,0,0
0,45,45,kswapd0,3631,3631,3634,120,129,3,3,330439,196656,69418,19930,241091,0,102407,71701,22548,0,0,6,7816,10,2,23,14,4871,0,4839,0,0
0,121783,121783,watch,3631,3631,3634,120,5,3,3,330342,196656,59337,19930,241091,9984,101511,71701,5012,18432,0,6,7816,10,2,23,14,4871,0,4839,0,0
0,121783,121783,watch,3631,3631,3634,120,9,3,3,330311,196656,57322,19930,241091,11968,101511,71701,5012,18432,0,6,7816,10,2,23,14,4871,0,4839,0,0
0,121783,121783,watch,3631,3631,3634,120,17,3,3,330304,196656,54378,19930,241091,14905,101511,71701,5012,18432,0,6,7816,10,2,23,14,4871,0,4839,0,0
0,127284,127458,file_anon_mix_p,3631,3631,3633,120,111,2,2,330401,196656,97770,19931,0,212700,102407,71703,0,22546,0,6,7816,10,2,23,14,4871,0,4839,0,0
0,394,394,sshd-session,3631,3631,3633,120,65,2,2,330375,196656,79530,19931,0,230914,102407,71703,0,22546,0,6,7816,10,2,23,14,4871,0,4839,0,0
0,126930,126930,mglru_monitor,3631,3631,3634,120,33,3,3,330421,196656,61208,19930,241091,8192,101511,71701,5012,18432,0,6,7816,10,2,23,14,4871,0,4839,0,0
0,121783,121783,watch,3631,3631,3634,120,32,3,3,330315,196656,48298,19930,241091,20996,101511,71701,5012,18432,0,6,7816,10,2,23,14,4871,0,4839,0,0
0,127209,127209,kworker/1:0,3631,3631,3634,120,2,3,3,330303,196656,35240,19930,241091,34042,101511,71701,5012,18432,0,6,7816,10,2,23,20,4871,0,4839,0,0
0,127209,127209,kworker/1:0,3631,3631,3634,120,4,3,3,330241,196656,35050,19930,241091,34170,101383,71701,4980,18592,0,6,7816,10,2,23,20,4871,0,4839,0,0
0,127209,127209,kworker/1:0,3631,3631,3634,120,9,3,3,330319,196656,33962,19930,241091,35336,101067,71701,4980,18908,0,6,7816,10,2,23,20,4871,0,4839,0,0
0,45,45,kswapd0,3631,3631,3634,120,257,3,3,330311,196656,57706,19930,241091,11584,101511,71701,5012,18432,0,6,7816,10,2,23,14,4871,0,4839,5,0
0,127209,127209,kworker/1:0,3631,3631,3634,120,17,3,3,330369,196656,32234,19930,241091,37114,100491,71701,4980,19484,0,6,7816,10,2,23,20,4871,0,4839,0,0
0,127209,127209,kworker/1:0,3631,3631,3634,120,32,3,3,330305,196656,28778,19930,241091,40506,99403,71701,4980,20572,0,6,7816,10,2,23,20,4871,0,4839,0,0
0,127209,127209,kworker/1:0,3631,3631,3634,120,64,3,3,330127,196656,21482,19930,241091,47624,96910,71701,4977,23068,0,6,7816,10,2,23,20,4871,0,4839,0,0
0,121783,121783,watch,3631,3631,3634,120,65,3,3,330177,196656,36458,19930,241091,32698,101511,71701,5012,18432,0,6,7816,10,2,23,20,4871,0,4839,0,0
0,127209,127209,kworker/1:0,3631,3631,3634,120,123,3,3,330192,196656,8682,19930,241091,60489,92526,71701,4977,27452,0,6,7816,10,2,23,20,4871,0,4839,0,9
0,45,45,kswapd0,3631,3631,3634,120,503,3,3,330433,196656,30122,19930,241091,39290,99851,71701,4980,20124,0,6,7816,10,2,23,20,4871,0,4839,6,36
0,127209,127209,kworker/1:0,3631,3631,3634,120,40,3,3,330427,196433,0,19908,241091,69428,67306,71701,4977,52449,0,6,7816,10,2,23,26,4917,0,4839,0,29
0,127284,127458,file_anon_mix_p,3631,3631,3634,120,133,3,3,330309,196656,47336,19930,241091,21952,101511,71701,5012,18432,0,6,7816,10,2,23,14,4871,0,4839,1,31
0,126930,126930,mglru_monitor,3631,3631,3634,120,61,3,3,330306,196656,38378,19930,241091,30907,101511,71701,5012,18432,0,6,7816,10,2,23,19,4871,0,4839,0,0
0,121783,121783,watch,3631,3631,3634,120,104,3,3,330267,196542,0,19908,241091,69268,88974,71701,4977,30890,0,6,7816,10,2,23,26,4871,0,4839,0,40
0,126930,126930,mglru_monitor,3631,3631,3634,120,25,3,3,330467,196463,0,19908,241091,69468,47277,71701,4974,72511,0,6,7816,10,2,23,26,5000,0,4839,0,19
0,394,394,sshd-session,3631,3631,3634,120,112,3,3,330201,196656,45354,19930,241091,23826,101511,71701,5012,18432,0,6,7816,10,2,23,14,4871,0,4839,0,10
0,127284,127458,file_anon_mix_p,3631,3631,3634,120,2,3,3,332987,196435,0,19908,241091,71988,11590,71701,4960,108184,0,6,7816,10,2,23,26,5080,0,4839,0,0
0,127478,127478,sh,3631,3631,3634,120,2,3,3,332987,196255,0,19908,241091,71988,10865,71701,4960,108729,0,6,7816,10,2,23,26,5080,0,4839,0,0
0,127478,127478,sh,3631,3631,3634,120,4,3,3,332987,196341,0,19908,241091,71988,10034,71701,4960,109646,0,6,7816,10,2,23,26,5080,0,4839,0,0
0,127284,127458,file_anon_mix_p,3631,3631,3634,120,5,3,3,332987,196272,0,19908,241091,71988,10577,71701,4960,109034,0,6,7816,10,2,23,26,5080,0,4839,0,0
0,394,394,sshd-session,3631,3631,3634,120,8,3,3,332858,196383,0,19908,241091,71859,13361,71701,4961,106360,0,6,7816,10,2,23,26,5080,0,4839,0,24
0,127284,127458,file_anon_mix_p,3631,3631,3634,120,8,3,3,332987,196263,0,19908,241091,71988,8083,71701,4959,111520,0,6,7816,10,2,23,26,5080,0,4839,0,1
0,127478,127478,sh,3631,3631,3634,120,9,3,3,332987,196255,0,19908,241091,71988,8850,71701,4960,110744,0,6,7816,10,2,23,26,5080,0,4839,0,1
0,127478,127478,sh,3631,3631,3634,120,11,3,3,332987,196320,0,19908,241091,71988,4502,71701,4958,115159,0,6,7816,10,2,23,26,5107,0,4839,0,9
0,127478,127478,sh,6,7,9,120,0,3,2,0,0,0,0,0,0,0,0,0,0,0,0,0,1,0,0,0,22,0,0,0,0
0,127478,127478,sh,0,0,3,120,0,3,3,0,0,0,0,0,0,0,0,0,0,0,0,0,0,0,0,0,0,0,0,0,0
0,127478,127478,sh,1101,1101,1103,120,0,2,2,7,25,5,2,0,0,25,0,0,0,0,0,27,99,0,0,3,0,0,0,0,0
0,127478,127478,sh,4002,4002,4005,120,0,3,3,53,66,0,48,5,0,10,56,0,0,0,0,0,60,0,0,0,0,0,0,0,0
0,127478,127478,sh,0,0,3,120,0,3,3,0,0,0,0,0,0,0,0,0,0,0,0,0,0,0,0,0,0,0,0,0,0
0,127478,127478,sh,0,0,3,120,0,3,3,0,0,0,0,0,0,0,0,0,0,0,0,0,0,0,0,0,0,0,0,0,0
0,127478,127478,sh,0,0,3,120,0,3,3,0,0,0,0,0,0,0,0,0,0,0,0,0,0,0,0,0,0,0,0,0,0
0,127478,127478,sh,0,0,3,120,0,3,3,0,0,0,0,0,0,0,0,0,0,0,0,0,0,0,0,0,0,0,0,0,0
0,127478,127478,sh,5,5,7,120,0,2,2,0,0,0,0,0,0,0,0,0,0,0,0,27,0,0,0,2,0,0,0,0,0
0,127478,127478,sh,244,244,246,120,0,2,2,26,27,26,0,0,0,17,10,0,0,1,8,2,25,0,0,0,42,0,0,0,0
0,127478,127478,sh,5233,5233,5235,120,0,2,2,8,17,7,1,0,0,8,9,0,0,0,0,0,1,0,0,29,0,0,0,0,0
0,127284,127458,file_anon_mix_p,3631,3631,3634,120,15,3,3,332987,196353,0,19908,241091,71988,4786,71701,4959,114907,0,6,7816,10,2,23,26,5107,0,4839,0,0
0,127284,127458,file_anon_mix_p,5233,5233,5235,120,0,2,2,8,17,7,1,0,0,8,9,0,0,0,0,0,1,0,0,29,0,0,0,0,0
0,127284,127458,file_anon_mix_p,0,0,3,120,0,3,3,0,0,0,0,0,0,0,0,0,0,0,0,0,0,0,0,0,0,0,0,0,0
0,127478,127478,sh,38,38,40,120,0,2,2,6,0,4,0,0,2,0,0,0,0,0,0,5,2,0,0,0,0,0,0,0,0
0,127478,127478,sh,0,0,3,120,0,3,3,0,0,0,0,0,0,0,0,0,0,0,0,0,0,0,0,0,0,0,0,0,0
0,127478,127478,sh,0,0,3,120,0,3,3,0,0,0,0,0,0,0,0,0,0,0,0,0,0,0,0,0,0,0,0,0,0
0,127478,127478,sh,0,0,3,120,0,3,3,0,0,0,0,0,0,0,0,0,0,0,0,0,0,0,0,0,0,0,0,0,0
0,127478,127478,sh,0,0,3,120,0,3,3,0,0,0,0,0,0,0,0,0,0,0,0,0,0,0,0,0,0,0,0,0,0
0,127478,127478,sh,1101,1101,1103,120,0,2,2,7,25,5,2,0,0,25,0,0,0,0,0,27,99,0,0,3,0,0,0,0,0
0,127478,127478,sh,0,0,3,120,0,3,3,0,0,0,0,0,0,0,0,0,0,0,0,0,0,0,0,0,0,0,0,0,0
0,127478,127478,sh,0,0,3,120,0,3,3,0,0,0,0,0,0,0,0,0,0,0,0,0,0,0,0,0,0,0,0,0,0
0,127478,127478,sh,0,0,3,120,0,3,3,0,0,0,0,0,0,0,0,0,0,0,0,0,0,0,0,0,0,0,0,0,0
0,127478,127478,sh,1502,1502,1505,120,0,3,3,22,67,22,0,0,0,0,53,14,0,0,0,2,54,0,0,0,69,0,0,0,0
0,127478,127478,sh,0,0,3,120,0,3,3,0,0,0,0,0,0,0,0,0,0,0,0,0,0,0,0,0,0,0,0,0,0
0,127478,127478,sh,0,0,3,120,0,3,3,0,0,0,0,0,0,0,0,0,0,0,0,0,0,0,0,0,0,0,0,0,0
0,127478,127478,sh,1136,1136,1139,120,0,3,3,76,124,1,75,0,0,0,124,0,0,0,0,45,21,0,0,4,0,0,0,0,0
0,127284,127458,file_anon_mix_p,3970,3970,3972,120,1,2,2,834,941,677,155,0,2,704,237,0,0,0,8,351,321,0,0,13,0,0,0,0,63
0,45,45,kswapd0,3631,3631,3634,120,531,3,3,330427,196366,0,19908,241091,69428,63729,71701,4974,55962,0,6,7816,10,2,23,26,4944,0,4839,0,41
0,127478,127478,sh,3632,3632,3635,120,32,3,3,332987,196406,19748,241090,71989,160,71702,4943,119692,69,0,2422,3922,2572,0,0,0,9,0,0,1,0
0,127478,127478,sh,38,38,40,120,0,2,2,6,0,4,0,0,2,0,0,0,0,0,0,5,2,0,0,0,0,0,0,0,0
0,127478,127478,sh,138,138,140,120,0,2,2,6,55,6,0,0,0,55,0,0,0,0,0,3,22,0,0,22,0,0,0,0,0
0,127478,127478,sh,153,153,155,120,0,2,2,2,5,2,0,0,0,0,5,0,0,0,0,22,4,0,0,17,0,0,0,0,0
0,127478,127478,sh,114,114,116,120,0,2,2,38,0,25,13,0,0,0,0,0,0,0,0,3,0,0,0,0,0,0,0,0,0
0,127478,127478,sh,6,7,9,120,0,3,2,0,0,0,0,0,0,0,0,0,0,0,0,0,1,0,0,0,22,0,0,0,0
0,127478,127478,sh,4002,4002,4005,120,0,3,3,53,67,0,48,5,0,10,57,0,0,0,0,0,60,0,0,0,0,0,0,0,0
0,127478,127478,sh,14,14,17,120,0,3,3,1,0,0,0,1,0,0,0,0,0,0,0,96,0,0,0,3,0,0,0,0,0
0,127478,127478,sh,7,7,9,120,0,2,2,0,1,0,0,0,0,1,0,0,0,0,0,7,6,0,0,1,0,0,0,0,0
0,127478,127478,sh,0,0,3,120,0,3,3,0,0,0,0,0,0,0,0,0,0,0,0,0,0,0,0,0,0,0,0,0,0
0,127478,127478,sh,0,0,3,120,0,3,3,0,0,0,0,0,0,0,0,0,0,0,0,0,0,0,0,0,0,0,0,0,0
0,127478,127478,sh,10,10,12,120,0,2,2,1,0,1,0,0,0,0,0,0,0,0,0,0,1,0,0,59,0,0,0,0,0
0,127478,127478,sh,0,0,3,120,0,3,3,0,0,0,0,0,0,0,0,0,0,0,0,0,0,0,0,0,0,0,0,0,0
0,127478,127478,sh,5,5,7,120,0,2,2,0,0,0,0,0,0,0,0,0,0,0,0,27,0,0,0,2,0,0,0,0,0
0,127478,127478,sh,0,0,3,120,0,3,3,0,0,0,0,0,0,0,0,0,0,0,0,0,0,0,0,0,0,0,0,0,0
0,127478,127478,sh,0,0,3,120,0,3,3,0,0,0,0,0,0,0,0,0,0,0,0,0,0,0,0,0,0,0,0,0,0
0,127478,127478,sh,0,0,3,120,0,3,3,0,0,0,0,0,0,0,0,0,0,0,0,0,0,0,0,0,0,0,0,0,0
0,127478,127478,sh,141,141,143,120,0,2,2,6,31,6,0,0,0,31,0,0,0,0,0,0,9,0,0,0,0,0,0,0,0
0,127478,127478,sh,5261,5261,5264,120,1,3,3,155,372,11,27,54,63,72,256,38,6,1,29,4,138,0,0,1,0,1,0,0,41
0,127284,127458,file_anon_mix_p,3632,3632,3635,120,3,3,3,333996,196406,11410,241090,71989,9507,71702,4628,101411,18665,0,2422,3922,2572,0,0,1,9,0,0,0,0
0,127284,127458,file_anon_mix_p,114,114,116,120,0,2,2,38,0,25,13,0,0,0,0,0,0,0,0,3,0,0,0,0,0,0,0,0,0
0,127284,127458,file_anon_mix_p,0,0,3,120,0,3,3,0,0,0,0,0,0,0,0,0,0,0,0,0,0,0,0,0,0,0,0,0,0
0,127284,127458,file_anon_mix_p,7,7,9,120,0,2,2,0,1,0,0,0,0,1,0,0,0,0,0,7,6,0,0,1,0,0,0,0,0
0,127284,127458,file_anon_mix_p,141,141,143,120,0,2,2,6,31,6,0,0,0,31,0,0,0,0,0,0,9,0,0,0,0,0,0,0,0
0,127284,127458,file_anon_mix_p,5261,5261,5264,120,0,3,3,164,331,11,27,54,72,0,275,38,18,1,29,4,138,0,18,1,41,1,0,0,0
0,127284,127458,file_anon_mix_p,0,0,3,120,0,3,3,0,0,0,0,0,0,0,0,0,0,0,0,0,0,0,0,0,0,0,0,0,0
0,127284,127458,file_anon_mix_p,1136,1136,1139,120,0,3,3,76,124,1,75,0,0,0,124,0,0,0,0,45,21,0,0,4,0,0,0,0,0
0,127284,127458,file_anon_mix_p,138,138,140,120,0,2,2,6,55,6,0,0,0,55,0,0,0,0,0,3,22,0,0,22,0,0,0,0,0
0,127284,127458,file_anon_mix_p,14,14,17,120,0,3,3,1,0,0,0,1,0,0,0,0,0,0,0,96,0,0,0,3,0,0,0,0,0
0,127284,127458,file_anon_mix_p,10,10,12,120,0,2,2,1,0,1,0,0,0,0,0,0,0,0,0,0,1,0,0,59,0,0,0,0,0
0,127284,127458,file_anon_mix_p,0,0,3,120,0,3,3,0,0,0,0,0,0,0,0,0,0,0,0,0,0,0,0,0,0,0,0,0,0
0,127284,127458,file_anon_mix_p,5261,5261,5264,120,0,3,3,164,331,11,27,54,72,0,275,38,18,1,29,4,138,0,18,1,41,1,0,0,0
0,127284,127458,file_anon_mix_p,0,0,3,120,0,3,3,0,0,0,0,0,0,0,0,0,0,0,0,0,0,0,0,0,0,0,0,0,0
0,127284,127458,file_anon_mix_p,0,0,3,120,0,3,3,0,0,0,0,0,0,0,0,0,0,0,0,0,0,0,0,0,0,0,0,0,0
0,127284,127458,file_anon_mix_p,153,153,155,120,0,2,2,2,5,2,0,0,0,0,5,0,0,0,0,22,4,0,0,17,0,0,0,0,0
0,127284,127458,file_anon_mix_p,0,0,3,120,0,3,3,0,0,0,0,0,0,0,0,0,0,0,0,0,0,0,0,0,0,0,0,0,0
0,127284,127458,file_anon_mix_p,0,0,3,120,0,3,3,0,0,0,0,0,0,0,0,0,0,0,0,0,0,0,0,0,0,0,0,0,0
0,127284,127458,file_anon_mix_p,3970,3970,3972,120,0,2,2,834,878,677,155,0,2,639,237,0,2,0,8,351,321,0,0,13,63,0,0,0,0
0,127284,127458,file_anon_mix_p,244,244,246,120,0,2,2,26,27,26,0,0,0,17,10,0,0,1,8,2,25,0,0,0,42,0,0,0,0
0,127284,127458,file_anon_mix_p,1502,1502,1505,120,0,3,3,22,67,22,0,0,0,0,53,14,0,0,0,2,54,0,0,0,69,0,0,0,0
0,127284,127458,file_anon_mix_p,0,0,3,120,0,3,3,0,0,0,0,0,0,0,0,0,0,0,0,0,0,0,0,0,0,0,0,0,0
0,127284,127458,file_anon_mix_p,0,0,3,120,0,3,3,0,0,0,0,0,0,0,0,0,0,0,0,0,0,0,0,0,0,0,0,0,0
0,394,394,sshd-session,3632,3632,3635,120,3,3,3,333895,196406,11168,241090,71989,9648,71702,4628,101411,18665,0,2422,3922,2572,0,0,1,9,0,0,0,0
0,394,394,sshd-session,3970,3970,3972,120,0,2,2,834,878,677,155,0,2,639,237,0,2,0,8,351,321,0,0,13,63,0,0,0,0
0,127284,127458,file_anon_mix_p,3632,3632,3635,120,5,3,3,333946,196406,10208,241090,71989,10659,71702,4628,101411,18665,0,2422,3922,2572,0,0,1,9,0,0,0,0
0,127478,127478,sh,3632,3632,3635,120,3,3,3,333902,196406,8608,241090,71989,12215,71702,4628,101411,18665,0,2422,3922,2572,0,0,1,9,0,0,0,0
0,394,394,sshd-session,3632,3632,3635,120,5,3,3,333946,196406,8800,241090,71989,12067,71702,4628,101411,18665,0,2422,3922,2572,0,0,1,9,0,0,0,0
0,127284,127458,file_anon_mix_p,3632,3632,3635,120,8,3,3,333820,196406,7968,241090,71989,12773,71702,4628,101411,18665,0,2422,3922,2572,0,0,1,9,0,0,0,0
0,127478,127478,sh,3632,3632,3635,120,5,3,3,333818,196406,7392,241090,71989,13347,71702,4628,101411,18665,0,2422,3922,2572,0,0,1,9,0,0,0,0
0,127478,127478,sh,3632,3632,3635,120,9,3,3,333818,196406,5059,241090,71989,15680,71702,4628,101411,18665,0,2422,3922,2572,0,0,1,9,0,0,0,0
0,127284,127458,file_anon_mix_p,3632,3632,3635,120,17,3,3,333864,196406,5315,241090,71989,15470,71702,4628,101411,18665,0,2422,3922,2572,0,0,1,9,0,0,0,0
0,394,394,sshd-session,3632,3632,3635,120,10,3,3,333882,196406,6112,241090,71989,14691,71702,4628,101411,18665,0,2422,3922,2572,0,0,1,9,0,0,0,0
0,127478,127478,sh,3632,3632,3635,120,16,3,3,333884,196406,2371,241090,71989,18434,71702,4628,101411,18665,0,2422,3922,2572,0,0,1,9,0,0,0,0
0,126930,126930,mglru_monitor,3632,3632,3635,120,2,3,3,334010,196147,0,241061,71989,20960,67393,4628,101411,22715,0,2422,3922,2572,0,0,1,12,0,0,0,0
0,126930,126930,mglru_monitor,3632,3632,3635,120,5,3,3,334010,196153,0,241061,71989,20960,65953,4628,101411,24161,0,2422,3922,2572,0,0,1,12,0,0,0,0
0,127284,127458,file_anon_mix_p,3632,3632,3635,120,32,3,3,334010,196336,0,241061,71989,20960,70014,4628,101411,20283,0,2422,3922,2572,0,0,1,12,0,0,0,0
0,394,394,sshd-session,3632,3632,3635,120,16,3,3,334010,196231,0,241061,71989,20960,68449,4628,101411,21743,0,2422,3922,2572,0,0,1,12,0,0,0,0
0,126930,126930,mglru_monitor,3632,3632,3635,120,8,3,3,334010,196154,0,241061,71989,20960,63393,4628,101411,26722,0,2422,3922,2572,0,0,1,12,0,0,0,0
0,127478,127478,sh,3632,3632,3635,120,31,3,3,334010,196211,0,241061,71989,20960,67553,4628,101411,22619,0,2422,3922,2572,0,0,1,12,0,0,0,0
0,126930,126930,mglru_monitor,3632,3632,3635,120,14,3,3,334010,196336,0,241061,71989,20960,54815,4628,101411,35482,0,2422,3922,2572,0,0,1,13,0,0,0,7
0,394,394,sshd-session,3632,3632,3635,120,30,3,3,334010,196274,0,241061,71989,20960,55841,4628,101411,34394,0,2422,3922,2572,0,0,1,13,0,0,0,0
0,127478,127478,sh,3632,3632,3635,120,60,3,3,334010,196211,0,241061,71989,20960,53825,4628,101411,36347,0,2422,3922,2572,0,0,1,20,0,0,0,1
0,127284,127458,file_anon_mix_p,3632,3632,3635,120,60,3,3,334010,196272,0,241061,71989,20960,56191,4628,101411,34042,0,2422,3922,2572,0,0,1,13,0,0,0,8
0,126930,126930,mglru_monitor,3632,3632,3635,120,30,3,3,334010,196198,0,241061,71989,20960,42271,4628,101411,47888,0,2422,3922,2572,0,0,1,23,0,0,0,17
0,127478,127478,sh,3632,3632,3635,120,111,3,3,334010,196176,0,241061,71989,20960,27745,4628,101411,62392,0,2422,3922,2572,0,0,1,59,0,0,65,9
0,126930,126930,mglru_monitor,3632,3632,3635,120,40,3,3,334010,196348,0,241061,71989,20960,15745,4628,101411,74564,0,2422,3922,2572,0,0,1,67,0,9,63,0
0,394,394,sshd-session,3632,3632,3635,120,59,3,3,334010,196136,0,241061,71989,20960,29227,4628,101411,60870,0,2422,3922,2572,0,0,1,54,0,0,64,1
0,127284,127458,file_anon_mix_p,3632,3632,3635,120,54,3,3,334010,196136,0,241061,71989,20960,23777,4628,101411,66320,0,2422,3922,2572,0,0,1,59,0,0,64,4
0,127284,127458,file_anon_mix_p,3633,3633,3635,120,1,2,2,332960,196626,221015,71991,0,39954,4629,101411,0,90586,0,1215,1961,1331,0,0,2525,1,0,1,64,0
0,127284,127458,file_anon_mix_p,3633,3633,3635,120,1,2,2,333107,196626,220586,71991,0,40530,4629,101411,0,90586,0,1215,1961,1331,0,0,2919,1,0,1,55,0
0,127284,127458,file_anon_mix_p,3633,3633,3635,120,1,2,2,333252,196626,220155,71991,0,41106,4629,101411,0,90586,0,1215,1961,1331,0,0,3274,1,0,1,64,0
0,127284,127458,file_anon_mix_p,3633,3633,3635,120,1,2,2,333679,196626,219462,71991,0,42226,4629,101411,0,90586,0,1215,1961,1331,0,0,3892,1,0,1,64,0
0,127284,127458,file_anon_mix_p,3633,3633,3635,120,1,2,2,333739,196626,218984,71991,0,42764,4629,101411,0,90586,0,1215,1961,1331,0,0,4280,1,0,1,64,0
0,60,60,jbd2/sda-8,3633,3633,3635,120,1,2,2,333512,196626,218728,71991,0,42793,4629,101411,0,90586,0,1215,1961,1331,0,0,4468,1,0,1,59,0
0,394,394,sshd-session,3633,3633,3635,120,1,2,2,333611,196626,218856,71991,0,42764,4629,101411,0,90586,0,1215,1961,1331,0,0,4432,1,0,1,64,0
0,127284,127458,file_anon_mix_p,3633,3633,3635,120,1,2,2,333422,196626,218600,71991,0,42831,4629,101411,0,90586,0,1215,1961,1331,0,0,4521,1,0,1,64,0
0,127284,127458,file_anon_mix_p,3633,3633,3635,120,1,2,2,333427,196626,217962,71991,0,43474,4629,101411,0,90586,0,1215,1961,1331,0,0,5175,1,0,1,64,0
0,127284,127458,file_anon_mix_p,3633,3633,3635,120,1,2,2,333512,196626,217471,71991,0,44050,4629,101411,0,90586,0,1215,1961,1331,0,0,5564,1,0,1,64,0
0,127284,127458,file_anon_mix_p,3633,3633,3635,120,1,2,2,333669,196626,217084,71991,0,44594,4629,101411,0,90586,0,1215,1961,1331,0,0,5946,1,0,1,50,0
0,127284,127458,file_anon_mix_p,3633,3633,3635,120,1,2,2,333755,196626,216682,71991,0,45082,4629,101411,0,90586,0,1215,1961,1331,0,0,6272,1,0,1,35,0
0,127284,127458,file_anon_mix_p,3633,3633,3635,120,1,2,2,333726,196626,216551,71991,0,45184,4629,101411,0,90586,0,1215,1961,1331,0,0,6417,1,0,1,45,0
0,126930,126930,mglru_monitor,3633,3633,3635,120,1,2,2,333617,196626,216410,71991,0,45216,4629,101411,0,90586,0,1215,1961,1331,0,0,6526,1,0,1,64,0
0,127284,127458,file_anon_mix_p,3633,3633,3635,120,1,2,2,333707,196626,215924,71991,0,45792,4629,101411,0,90586,0,1215,1961,1331,0,0,6916,1,0,1,64,0
0,127284,127458,file_anon_mix_p,3633,3633,3635,120,1,2,2,333798,196626,215452,71991,0,46355,4629,101411,0,90586,0,1215,1961,1331,0,0,7307,1,0,1,64,0
0,127284,127458,file_anon_mix_p,3633,3633,3635,120,1,2,2,333683,196626,215324,71991,0,46368,4629,101411,0,90586,0,1215,1961,1331,0,0,7478,1,0,1,64,0
0,127284,127458,file_anon_mix_p,3633,3633,3635,120,1,2,2,333850,196626,214883,71991,0,46976,4629,101411,0,90586,0,1215,1961,1331,0,0,7837,1,0,1,64,0
0,127284,127458,file_anon_mix_p,3633,3633,3635,120,1,2,2,333932,196626,214389,71991,0,47552,4629,101411,0,90586,0,1215,1961,1331,0,0,8214,1,0,1,64,0
0,127284,127458,file_anon_mix_p,3633,3633,3635,120,1,2,2,334054,196626,214069,71991,0,47994,4629,101411,0,90586,0,1215,1961,1331,0,0,8577,1,0,1,62,0
0,127209,127209,kworker/1:0,3633,3633,3635,120,1,2,2,333817,196626,213680,71991,0,48146,4629,101411,0,90586,0,1215,1961,1331,0,0,8773,1,0,1,0,0
0,127209,127209,kworker/1:0,3633,3633,3635,120,1,2,2,333817,196626,213680,71991,0,48146,4629,101411,0,90586,0,1215,1961,1331,0,0,8804,1,0,1,0,0
0,127209,127209,kworker/1:0,3633,3633,3635,120,1,2,2,333817,196626,213680,71991,0,48146,4629,101411,0,90586,0,1215,1961,1331,0,0,8831,1,0,1,0,0
0,127209,127209,kworker/1:0,3633,3633,3635,120,1,2,2,333782,196626,213645,71991,0,48146,4629,101411,0,90586,0,1215,1961,1331,0,0,8833,1,0,1,0,0
0,127284,127458,file_anon_mix_p,3633,3633,3635,120,1,2,2,333881,196626,213744,71991,0,48146,4629,101411,0,90586,0,1215,1961,1331,0,0,8770,1,0,1,64,0
0,127209,127209,kworker/1:0,3633,3633,3635,120,1,2,2,333753,196626,213616,71991,0,48146,4629,101411,0,90586,0,1215,1961,1331,0,0,8861,1,0,1,0,14
0,127209,127209,kworker/1:0,3633,3633,3635,120,2,2,2,333612,196612,213360,71991,0,48261,1752,104271,0,90589,0,1215,1961,1331,0,2860,9161,15,0,1,0,2
0,127209,127209,kworker/1:0,3633,3633,3635,120,1,2,2,333598,196610,213282,71991,0,48325,0,106021,0,90589,0,1215,1961,1331,0,4609,9232,17,0,1,0,0
0,127209,127209,kworker/1:0,3633,3633,3635,120,1,2,2,333598,196610,213282,71991,0,48325,0,106021,0,90589,0,1215,1961,1331,0,4609,9235,17,0,1,0,0
0,127209,127209,kworker/1:0,3633,3633,3635,120,1,2,2,333598,196610,213282,71991,0,48325,0,106021,0,90589,0,1215,1961,1331,0,4609,9238,17,0,1,0,0
0,127209,127209,kworker/1:0,3633,3633,3635,120,1,2,2,333598,196610,213282,71991,0,48325,0,106021,0,90589,0,1215,1961,1331,0,4609,9240,17,0,1,0,0
0,127209,127209,kworker/1:0,3633,3633,3635,120,1,2,2,333598,196610,213282,71991,0,48325,0,106021,0,90589,0,1215,1961,1331,0,4609,9243,17,0,1,0,0
0,127209,127209,kworker/1:0,3633,3633,3635,120,1,2,2,333598,196610,213282,71991,0,48325,0,106021,0,90589,0,1215,1961,1331,0,4609,9246,17,0,1,0,0
0,127209,127209,kworker/1:0,3633,3633,3635,120,1,2,2,333598,196610,213282,71991,0,48325,0,106021,0,90589,0,1215,1961,1331,0,4609,9249,17,0,1,0,0
0,127284,127458,file_anon_mix_p,3633,3633,3635,120,1,2,2,333990,196610,212733,71991,0,49266,0,106021,0,90589,0,1215,1961,1331,0,4609,9690,17,0,1,64,0
0,127284,127458,file_anon_mix_p,3633,3633,3635,120,1,2,2,334089,196610,212326,71991,0,49772,0,106021,0,90589,0,1215,1961,1331,0,4609,10050,17,0,1,51,0
0,127284,127458,file_anon_mix_p,3633,3633,3635,120,1,2,2,333998,196610,212101,71991,0,49906,0,106021,0,90589,0,1215,1961,1331,0,4609,10250,17,0,1,64,0
0,127284,127458,file_anon_mix_p,3633,3633,3635,120,1,2,2,334098,196610,211625,71991,0,50482,0,106021,0,90589,0,1215,1961,1331,0,4609,10646,17,0,1,64,0
0,121783,121783,watch,3633,3633,3635,120,1,2,2,333959,196610,211369,71991,0,50599,0,106021,0,90589,0,1215,1961,1331,0,4609,10866,17,0,1,47,0
0,127480,127480,watch,3633,3633,3635,120,1,2,2,333960,196610,211085,71991,0,50884,0,106021,0,90589,0,1215,1961,1331,0,4609,11135,17,0,1,64,0
0,127481,127481,sh,3633,3633,3635,120,1,2,2,333833,196610,210659,71991,0,51183,0,106021,0,90589,0,1215,1961,1331,0,4609,11459,17,0,1,60,0
0,127284,127458,file_anon_mix_p,3633,3633,3635,120,1,2,2,333897,196633,206989,71991,0,54917,0,106021,0,90612,0,1215,1961,1331,0,4609,14396,17,0,1,64,0
0,127284,127458,file_anon_mix_p,3633,3633,3635,120,1,2,2,334039,196633,206570,71991,0,55478,0,106021,0,90612,0,1215,1961,1331,0,4609,14743,17,0,1,64,0
0,127284,127458,file_anon_mix_p,3633,3633,3635,120,1,2,2,334186,196633,206207,71991,0,55988,0,106021,0,90612,0,1215,1961,1331,0,4609,15088,17,0,1,64,0
0,127284,127458,file_anon_mix_p,3633,3633,3635,120,1,2,2,334023,196633,205931,71991,0,56101,0,106021,0,90612,0,1215,1961,1331,0,4609,15318,17,0,1,64,0
0,127284,127458,file_anon_mix_p,3633,3633,3635,120,1,2,2,334021,196633,205518,71991,0,56512,0,106021,0,90612,0,1215,1961,1331,0,4609,15696,17,0,1,38,0
0,127284,127458,file_anon_mix_p,3633,3633,3635,120,1,2,2,333991,196633,205291,71991,0,56709,0,106021,0,90612,0,1215,1961,1331,0,4609,15849,17,0,1,64,0
0,127284,127458,file_anon_mix_p,3633,3633,3635,120,1,2,2,334348,196633,204669,71991,0,57688,0,106021,0,90612,0,1215,1961,1331,0,4609,16363,17,0,1,64,0
0,127284,127458,file_anon_mix_p,3633,3633,3635,120,1,2,2,334608,196633,204266,71991,0,58351,0,106021,0,90612,0,1215,1961,1331,0,4609,16771,17,0,1,64,0
0,127284,127458,file_anon_mix_p,3633,3633,3635,120,1,2,2,334438,196633,204074,71991,0,58373,0,106021,0,90612,0,1215,1961,1331,0,4609,16961,17,0,1,57,0
0,127284,127458,file_anon_mix_p,3633,3633,3635,120,1,2,2,334579,196633,203639,71991,0,58949,0,106021,0,90612,0,1215,1961,1331,0,4609,17340,17,0,1,45,0
0,127284,127458,file_anon_mix_p,3633,3633,3635,120,1,2,2,334749,196633,203201,71991,0,59557,0,106021,0,90612,0,1215,1961,1331,0,4609,17671,17,0,1,64,0
0,127284,127458,file_anon_mix_p,3633,3633,3635,120,1,2,2,334561,196633,202981,71991,0,59589,0,106021,0,90612,0,1215,1961,1331,0,4609,17862,17,0,1,61,0
0,127284,127458,file_anon_mix_p,3633,3633,3635,120,1,2,2,334561,196633,202567,71991,0,60003,0,106021,0,90612,0,1215,1961,1331,0,4609,18202,17,0,1,55,0
0,394,394,sshd-session,3633,3633,3635,120,1,2,2,334417,196633,202328,71991,0,60098,0,106021,0,90612,0,1215,1961,1331,0,4609,18386,17,0,1,61,0
0,127284,127458,file_anon_mix_p,3633,3633,3635,120,1,2,2,334327,196633,202107,71991,0,60229,0,106021,0,90612,0,1215,1961,1331,0,4609,18571,17,0,1,64,0
0,127284,127458,file_anon_mix_p,3633,3633,3635,120,1,2,2,334727,196633,201416,71991,0,61320,0,106021,0,90612,0,1215,1961,1331,0,4609,19196,17,0,1,48,0
0,127284,127458,file_anon_mix_p,3633,3633,3635,120,1,2,2,334936,196633,201049,71991,0,61896,0,106021,0,90612,0,1215,1961,1331,0,4609,19523,17,0,1,64,0
0,127284,127458,file_anon_mix_p,3633,3633,3635,120,1,2,2,334773,196633,200857,71991,0,61925,0,106021,0,90612,0,1215,1961,1331,0,4609,19688,17,0,1,64,0
0,394,394,sshd-session,3633,3633,3635,120,1,2,2,334591,196633,200643,71991,0,61957,0,106021,0,90612,0,1215,1961,1331,0,4609,19856,17,0,1,64,0
0,127284,127458,file_anon_mix_p,3633,3633,3635,120,1,2,2,334992,196633,199956,71991,0,63045,0,106021,0,90612,0,1215,1961,1331,0,4609,20491,17,0,1,62,0
0,127284,127458,file_anon_mix_p,3633,3633,3635,120,1,2,2,335145,196633,199511,71991,0,63643,0,106021,0,90612,0,1215,1961,1331,0,4609,20844,17,0,1,64,0
0,394,394,sshd-session,3633,3633,3635,120,1,2,2,335017,196633,199383,71991,0,63643,0,106021,0,90612,0,1215,1961,1331,0,4609,21003,17,0,1,35,0
0,127284,127458,file_anon_mix_p,3633,3633,3635,120,1,2,2,335242,196633,199032,71991,0,64219,0,106021,0,90612,0,1215,1961,1331,0,4609,21295,17,0,1,64,0
0,394,394,sshd-session,3633,3633,3635,120,1,2,2,335050,196633,198840,71991,0,64219,0,106021,0,90612,0,1215,1961,1331,0,4609,21460,17,0,1,64,0
0,127284,127458,file_anon_mix_p,3633,3633,3635,120,1,2,2,335142,196633,198356,71991,0,64795,0,106021,0,90612,0,1215,1961,1331,0,4609,21872,17,0,1,64,0
0,127284,127458,file_anon_mix_p,3633,3633,3635,120,1,2,2,335324,196633,197898,71991,0,65435,0,106021,0,90612,0,1215,1961,1331,0,4609,22228,17,0,1,64,0
0,127284,127458,file_anon_mix_p,3633,3633,3635,120,1,2,2,334775,196633,194907,71991,0,67877,0,106021,0,90612,0,1215,1961,1331,0,4609,24804,17,0,1,50,0
0,127284,127458,file_anon_mix_p,3633,3633,3635,120,1,2,2,334905,196633,194488,71991,0,68426,0,106021,0,90612,0,1215,1961,1331,0,4609,25157,17,0,1,57,0
0,127284,127458,file_anon_mix_p,3633,3633,3635,120,1,2,2,335056,196633,194013,71991,0,69052,0,106021,0,90612,0,1215,1961,1331,0,4609,25499,17,0,1,64,0
0,127284,127458,file_anon_mix_p,3633,3633,3635,120,1,2,2,334905,196633,193821,71991,0,69093,0,106021,0,90612,0,1215,1961,1331,0,4609,25679,17,0,1,57,0
0,127284,127458,file_anon_mix_p,3633,3633,3635,120,1,2,2,334986,196633,193412,71991,0,69583,0,106021,0,90612,0,1215,1961,1331,0,4609,26067,17,0,1,48,0
0,127209,127209,kworker/1:0,3633,3633,3635,120,1,2,2,334851,196633,193187,71991,0,69673,0,106021,0,90612,0,1215,1961,1331,0,4609,26227,17,0,1,0,0
0,127209,127209,kworker/1:0,3633,3633,3635,120,1,2,2,334851,196633,193187,71991,0,69673,0,106021,0,90612,0,1215,1961,1331,0,4609,26232,17,0,1,0,0
0,127209,127209,kworker/1:0,3633,3633,3635,120,1,2,2,334851,196633,193187,71991,0,69673,0,106021,0,90612,0,1215,1961,1331,0,4609,26235,17,0,1,0,0
0,127209,127209,kworker/1:0,3633,3633,3635,120,1,2,2,334851,196633,193187,71991,0,69673,0,106021,0,90612,0,1215,1961,1331,0,4609,26237,17,0,1,0,0
0,127209,127209,kworker/1:0,3633,3633,3635,120,1,2,2,334851,196633,193187,71991,0,69673,0,106021,0,90612,0,1215,1961,1331,0,4609,26240,17,0,1,0,0
0,127209,127209,kworker/1:0,3633,3633,3635,120,1,2,2,334851,196633,193187,71991,0,69673,0,106021,0,90612,0,1215,1961,1331,0,4609,26243,17,0,1,0,0
0,127209,127209,kworker/1:0,3633,3633,3635,120,1,2,2,334851,196633,193187,71991,0,69673,0,106021,0,90612,0,1215,1961,1331,0,4609,26245,17,0,1,0,0
0,127209,127209,kworker/1:0,3633,3633,3635,120,1,2,2,334851,196633,193187,71991,0,69673,0,106021,0,90612,0,1215,1961,1331,0,4609,26248,17,0,1,0,0
0,127209,127209,kworker/1:0,3633,3633,3635,120,1,2,2,334851,196633,193187,71991,0,69673,0,106021,0,90612,0,1215,1961,1331,0,4609,26251,17,0,1,0,0
0,127209,127209,kworker/1:0,3633,3633,3635,120,1,2,2,334851,196633,193187,71991,0,69673,0,106021,0,90612,0,1215,1961,1331,0,4609,26253,17,0,1,0,0
0,127209,127209,kworker/1:0,3633,3633,3635,120,1,2,2,334851,196633,193187,71991,0,69673,0,106021,0,90612,0,1215,1961,1331,0,4609,26256,17,0,1,0,0
0,127209,127209,kworker/1:0,3633,3633,3635,120,1,2,2,334851,196633,193187,71991,0,69673,0,106021,0,90612,0,1215,1961,1331,0,4609,26258,17,0,1,0,0
0,127209,127209,kworker/1:0,3633,3633,3635,120,1,2,2,334795,196633,193123,71991,0,69681,0,106021,0,90612,0,1215,1961,1331,0,4609,26295,17,0,1,0,0
0,127209,127209,kworker/1:0,3633,3633,3635,120,1,2,2,334795,196633,193123,71991,0,69681,0,106021,0,90612,0,1215,1961,1331,0,4609,26298,17,0,1,0,0
0,127209,127209,kworker/1:0,3633,3633,3635,120,1,2,2,334795,196633,193123,71991,0,69681,0,106021,0,90612,0,1215,1961,1331,0,4609,26301,17,0,1,0,0
0,127209,127209,kworker/1:0,3633,3633,3635,120,1,2,2,334795,196633,193123,71991,0,69681,0,106021,0,90612,0,1215,1961,1331,0,4609,26304,17,0,1,0,0
0,127209,127209,kworker/1:0,3633,3633,3635,120,1,2,2,334795,196633,193123,71991,0,69681,0,106021,0,90612,0,1215,1961,1331,0,4609,26307,17,0,1,0,0
0,127209,127209,kworker/1:0,3633,3633,3635,120,1,2,2,334795,196633,193123,71991,0,69681,0,106021,0,90612,0,1215,1961,1331,0,4609,26309,17,0,1,0,0
0,127209,127209,kworker/1:0,3633,3633,3635,120,1,2,2,334795,196633,193123,71991,0,69681,0,106021,0,90612,0,1215,1961,1331,0,4609,26312,17,0,1,0,0
0,127209,127209,kworker/1:0,3633,3633,3635,120,1,2,2,334797,196633,193061,71991,0,69745,0,106021,0,90612,0,1215,1961,1331,0,4609,26312,17,0,1,0,0
0,127209,127209,kworker/1:0,3633,3633,3635,120,1,2,2,334750,196633,193014,71991,0,69745,0,106021,0,90612,0,1215,1961,1331,0,4609,26312,17,0,1,0,0
0,127209,127209,kworker/1:0,3633,3633,3635,120,1,2,2,334750,196633,193014,71991,0,69745,0,106021,0,90612,0,1215,1961,1331,0,4609,26315,17,0,1,0,0
0,127209,127209,kworker/1:0,3633,3633,3635,120,1,2,2,334750,196633,193014,71991,0,69745,0,106021,0,90612,0,1215,1961,1331,0,4609,26318,17,0,1,0,0
0,127209,127209,kworker/1:0,3633,3633,3635,120,1,2,2,334750,196633,193014,71991,0,69745,0,106021,0,90612,0,1215,1961,1331,0,4609,26320,17,0,1,0,0
0,127209,127209,kworker/1:0,3633,3633,3635,120,1,2,2,334750,196633,193014,71991,0,69745,0,106021,0,90612,0,1215,1961,1331,0,4609,26323,17,0,1,0,0
0,127209,127209,kworker/1:0,3633,3633,3635,120,1,2,2,334703,196633,192890,71991,0,69822,0,106021,0,90612,0,1215,1961,1331,0,4609,26373,17,0,1,0,0
0,127209,127209,kworker/1:0,3633,3633,3635,120,1,2,2,334646,196633,192826,71991,0,69829,0,106021,0,90612,0,1215,1961,1331,0,4609,26392,17,0,1,0,0
0,127209,127209,kworker/1:0,3633,3633,3635,120,1,2,2,334646,196633,192826,71991,0,69829,0,106021,0,90612,0,1215,1961,1331,0,4609,26396,17,0,1,0,0
0,127209,127209,kworker/1:0,3633,3633,3635,120,1,2,2,334646,196633,192826,71991,0,69829,0,106021,0,90612,0,1215,1961,1331,0,4609,26399,17,0,1,0,0
0,127209,127209,kworker/1:0,3633,3633,3635,120,1,2,2,334646,196633,192826,71991,0,69829,0,106021,0,90612,0,1215,1961,1331,0,4609,26402,17,0,1,0,0
0,127209,127209,kworker/1:0,3633,3633,3635,120,1,2,2,334646,196633,192826,71991,0,69829,0,106021,0,90612,0,1215,1961,1331,0,4609,26405,17,0,1,0,0
0,127209,127209,kworker/1:0,3633,3633,3635,120,1,2,2,334646,196633,192826,71991,0,69829,0,106021,0,90612,0,1215,1961,1331,0,4609,26408,17,0,1,0,0
0,127209,127209,kworker/1:0,3633,3633,3635,120,1,2,2,334646,196633,192826,71991,0,69829,0,106021,0,90612,0,1215,1961,1331,0,4609,26410,17,0,1,0,0
0,127209,127209,kworker/1:0,3633,3633,3635,120,1,2,2,334646,196633,192826,71991,0,69829,0,106021,0,90612,0,1215,1961,1331,0,4609,26413,17,0,1,0,0
0,127209,127209,kworker/1:0,3633,3633,3635,120,1,2,2,334646,196633,192826,71991,0,69829,0,106021,0,90612,0,1215,1961,1331,0,4609,26415,17,0,1,0,0
0,127209,127209,kworker/1:0,3633,3633,3635,120,1,2,2,334646,196633,192826,71991,0,69829,0,106021,0,90612,0,1215,1961,1331,0,4609,26418,17,0,1,0,0
0,127209,127209,kworker/1:0,3633,3633,3635,120,1,2,2,334646,196633,192826,71991,0,69829,0,106021,0,90612,0,1215,1961,1331,0,4609,26421,17,0,1,0,0
0,127209,127209,kworker/1:0,3633,3633,3635,120,1,2,2,334646,196633,192826,71991,0,69829,0,106021,0,90612,0,1215,1961,1331,0,4609,26424,17,0,1,0,0
0,127209,127209,kworker/1:0,3633,3633,3635,120,1,2,2,334584,196633,192716,71991,0,69877,0,106021,0,90612,0,1215,1961,1331,0,4609,26453,17,0,1,0,0
0,127209,127209,kworker/1:0,3633,3633,3635,120,1,2,2,334584,196633,192716,71991,0,69877,0,106021,0,90612,0,1215,1961,1331,0,4609,26454,17,0,1,0,0
0,127209,127209,kworker/1:0,3633,3633,3635,120,1,2,2,334584,196633,192716,71991,0,69877,0,106021,0,90612,0,1215,1961,1331,0,4609,26457,17,0,1,0,0
0,127209,127209,kworker/1:0,3633,3633,3635,120,1,2,2,334584,196633,192716,71991,0,69877,0,106021,0,90612,0,1215,1961,1331,0,4609,26460,17,0,1,0,0
0,127209,127209,kworker/1:0,3633,3633,3635,120,1,2,2,334584,196633,192716,71991,0,69877,0,106021,0,90612,0,1215,1961,1331,0,4609,26462,17,0,1,0,0
0,127209,127209,kworker/1:0,3633,3633,3635,120,1,2,2,334584,196633,192716,71991,0,69877,0,106021,0,90612,0,1215,1961,1331,0,4609,26465,17,0,1,0,0
0,127209,127209,kworker/1:0,3633,3633,3635,120,1,2,2,334584,196633,192716,71991,0,69877,0,106021,0,90612,0,1215,1961,1331,0,4609,26468,17,0,1,0,0
0,127209,127209,kworker/1:0,3633,3633,3635,120,1,2,2,334584,196633,192716,71991,0,69877,0,106021,0,90612,0,1215,1961,1331,0,4609,26470,17,0,1,0,0
0,127209,127209,kworker/1:0,3633,3633,3635,120,1,2,2,334584,196633,192716,71991,0,69877,0,106021,0,90612,0,1215,1961,1331,0,4609,26473,17,0,1,0,0
0,127209,127209,kworker/1:0,3633,3633,3635,120,1,2,2,334584,196633,192716,71991,0,69877,0,106021,0,90612,0,1215,1961,1331,0,4609,26475,17,0,1,0,0
0,127209,127209,kworker/1:0,3633,3633,3635,120,1,2,2,334584,196633,192716,71991,0,69877,0,106021,0,90612,0,1215,1961,1331,0,4609,26478,17,0,1,0,0
0,127209,127209,kworker/1:0,3633,3633,3635,120,1,2,2,334584,196633,192716,71991,0,69877,0,106021,0,90612,0,1215,1961,1331,0,4609,26481,17,0,1,0,0
0,127209,127209,kworker/1:0,3633,3633,3635,120,1,2,2,334584,196633,192716,71991,0,69877,0,106021,0,90612,0,1215,1961,1331,0,4609,26483,17,0,1,0,0
0,127209,127209,kworker/1:0,3633,3633,3635,120,1,2,2,334456,196633,192531,71991,0,69934,0,106021,0,90612,0,1215,1961,1331,0,4609,26570,17,0,1,0,0
0,92,92,systemd-journal,3633,3633,3635,120,1,2,2,334520,196633,192652,71991,0,69877,0,106021,0,90612,0,1215,1961,1331,0,4609,26514,17,0,1,57,0
0,127284,127458,file_anon_mix_p,3633,3633,3635,120,1,2,2,334710,196633,192890,71991,0,69829,0,106021,0,90612,0,1215,1961,1331,0,4609,26373,17,0,1,33,0
0,60,60,jbd2/sda-8,3633,3633,3635,120,1,2,2,334179,196633,191820,71991,0,70368,0,106021,0,90612,0,1215,1961,1331,0,4609,27233,17,0,1,64,0
0,126930,126930,mglru_monitor,3633,3633,3635,120,1,2,2,334064,196633,191692,71991,0,70381,0,106021,0,90612,0,1215,1961,1331,0,4609,27311,17,0,1,64,0
0,127284,127458,file_anon_mix_p,3633,3633,3635,120,1,2,2,334375,196633,190617,71991,0,71767,0,106021,0,90612,0,1215,1961,1331,0,4609,28197,17,0,1,33,0
0,127284,127458,file_anon_mix_p,3633,3633,3635,120,1,2,2,334576,196633,190280,71991,0,72305,0,106021,0,90612,0,1215,1961,1331,0,4609,28484,17,0,1,53,0
0,127284,127458,file_anon_mix_p,3633,3633,3635,120,1,2,2,334770,196633,189883,71991,0,72896,0,106021,0,90612,0,1215,1961,1331,0,4609,28805,17,0,1,64,0
0,127284,127458,file_anon_mix_p,3633,3633,3635,120,1,2,2,334693,196633,189668,71991,0,73034,0,106021,0,90612,0,1215,1961,1331,0,4609,28985,17,0,1,64,0
0,127284,127458,file_anon_mix_p,3633,3633,3635,120,1,2,2,334844,196633,189324,71991,0,73529,0,106021,0,90612,0,1215,1961,1331,0,4609,29309,17,0,1,63,0
0,127284,127458,file_anon_mix_p,3633,3633,3635,120,1,2,2,334702,196633,189101,71991,0,73610,0,106021,0,90612,0,1215,1961,1331,0,4609,29492,17,0,1,64,0
0,127284,127458,file_anon_mix_p,3633,3633,3635,120,1,2,2,334574,196633,188973,71991,0,73610,0,106021,0,90612,0,1215,1961,1331,0,4609,29629,17,0,1,53,0
0,127284,127458,file_anon_mix_p,3633,3633,3635,120,1,2,2,334743,196633,188534,71991,0,74218,0,106021,0,90612,0,1215,1961,1331,0,4609,29985,17,0,1,64,0
0,127284,127458,file_anon_mix_p,3633,3633,3635,120,1,2,2,335103,196633,187915,71991,0,75197,0,106021,0,90612,0,1215,1961,1331,0,4609,30487,17,0,1,45,0
0,127284,127458,file_anon_mix_p,3633,3633,3635,120,1,2,2,335369,196633,187505,71991,0,75873,0,106021,0,90612,0,1215,1961,1331,0,4609,30796,17,0,1,46,0
0,127284,127458,file_anon_mix_p,3633,3633,3635,120,1,2,2,335236,196633,187299,71991,0,75946,0,106021,0,90612,0,1215,1961,1331,0,4609,30967,17,0,1,58,0
0,127284,127458,file_anon_mix_p,3633,3633,3635,120,1,2,2,335158,196633,187019,71991,0,76148,0,106021,0,90612,0,1215,1961,1331,0,4609,31240,17,0,1,64,0
0,127284,127458,file_anon_mix_p,3633,3633,3635,120,1,2,2,335258,196633,186581,71991,0,76686,0,106021,0,90612,0,1215,1961,1331,0,4609,31581,17,0,1,54,0
0,394,394,sshd-session,3633,3633,3635,120,1,2,2,335089,196633,186367,71991,0,76731,0,106021,0,90612,0,1215,1961,1331,0,4609,31739,17,0,1,64,0
0,127284,127458,file_anon_mix_p,3633,3633,3635,120,1,2,2,335243,196633,186058,71991,0,77194,0,106021,0,90612,0,1215,1961,1331,0,4609,32047,17,0,1,64,0
0,127284,127458,file_anon_mix_p,3633,3633,3635,120,1,2,2,335338,196633,185577,71991,0,77770,0,106021,0,90612,0,1215,1961,1331,0,4609,32440,17,0,1,33,0
0,121783,121783,watch,3633,3633,3635,120,1,2,2,335431,196633,185202,71991,0,78238,0,106021,0,90612,0,1215,1961,1331,0,4609,32684,17,0,1,58,0
0,127284,127458,file_anon_mix_p,3633,3633,3635,120,1,2,2,335495,196633,185291,71991,0,78213,0,106021,0,90612,0,1215,1961,1331,0,4609,32665,17,0,1,57,0
0,127487,127487,watch,3633,3633,3635,120,1,2,2,335186,196633,184829,71991,0,78366,0,106021,0,90612,0,1215,1961,1331,0,4609,33036,17,0,1,61,0
0,394,394,sshd-session,3633,3633,3635,120,1,2,2,334976,196633,184479,71991,0,78506,0,106021,0,90612,0,1215,1961,1331,0,4609,33230,17,0,1,64,0
0,127284,127458,file_anon_mix_p,3633,3633,3635,120,1,2,2,335101,196633,184607,71991,0,78503,0,106021,0,90612,0,1215,1961,1331,0,4609,33151,17,0,1,64,0
0,127284,127458,file_anon_mix_p,3633,3633,3635,120,1,2,2,334329,196633,181784,71991,0,80554,0,106021,0,90612,0,1215,1961,1331,0,4609,35468,17,0,1,58,0
0,127284,127458,file_anon_mix_p,3633,3633,3635,120,1,2,2,334498,196633,181289,71991,0,81218,0,106021,0,90612,0,1215,1961,1331,0,4609,35787,17,0,1,59,0
0,127284,127458,file_anon_mix_p,3633,3633,3635,120,1,2,2,334661,196633,180790,71991,0,81880,0,106021,0,90612,0,1215,1961,1331,0,4609,36154,17,0,1,45,0
0,126930,126930,mglru_monitor,3633,3633,3635,120,1,2,2,334495,196633,180491,71991,0,82013,0,106021,0,90612,0,1215,1961,1331,0,4609,36282,17,0,1,64,0
0,127284,127458,file_anon_mix_p,3633,3633,3635,120,1,2,2,334465,196633,180427,71991,0,82047,0,106021,0,90612,0,1215,1961,1331,0,4609,36343,17,0,1,62,0
0,127284,127458,file_anon_mix_p,3633,3633,3635,120,1,2,2,334523,196633,179738,71991,0,82794,0,106021,0,90612,0,1215,1961,1331,0,4609,36809,17,0,1,59,0
0,127284,127458,file_anon_mix_p,3633,3633,3635,120,1,2,2,334714,196633,179197,71991,0,83526,0,106021,0,90612,0,1215,1961,1331,0,4609,37172,17,0,1,34,0
0,127284,127458,file_anon_mix_p,3633,3633,3635,120,1,2,2,334924,196633,178778,71991,0,84155,0,106021,0,90612,0,1215,1961,1331,0,4609,37429,17,0,1,64,0
0,127284,127458,file_anon_mix_p,3633,3633,3635,120,1,2,2,334945,196633,178341,71991,0,84613,0,106021,0,90612,0,1215,1961,1331,0,4609,37800,17,0,1,64,0
0,127284,127458,file_anon_mix_p,3633,3633,3635,120,1,2,2,334901,196633,178100,71991,0,84810,0,106021,0,90612,0,1215,1961,1331,0,4609,38010,17,0,1,64,0
0,127284,127458,file_anon_mix_p,3633,3633,3635,120,1,2,2,335038,196633,177661,71991,0,85386,0,106021,0,90612,0,1215,1961,1331,0,4609,38392,17,0,1,64,0
0,127284,127458,file_anon_mix_p,3633,3633,3635,120,1,2,2,335171,196633,177218,71991,0,85962,0,106021,0,90612,0,1215,1961,1331,0,4609,38743,17,0,1,64,0
0,127284,127458,file_anon_mix_p,3633,3633,3635,120,1,2,2,335239,196633,176875,71991,0,86373,0,106021,0,90612,0,1215,1961,1331,0,4609,39052,17,0,1,64,0
0,127284,127458,file_anon_mix_p,3633,3633,3635,120,1,2,2,335180,196633,176683,71991,0,86506,0,106021,0,90612,0,1215,1961,1331,0,4609,39235,17,0,1,64,0
0,127284,127458,file_anon_mix_p,3633,3633,3635,120,1,2,2,335235,196633,176312,71991,0,86932,0,106021,0,90612,0,1215,1961,1331,0,4609,39499,17,0,1,64,0
0,127284,127458,file_anon_mix_p,3633,3633,3635,120,1,2,2,335233,196633,176120,71991,0,87122,0,106021,0,90612,0,1215,1961,1331,0,4609,39717,17,0,1,64,0
0,394,394,sshd-session,3633,3633,3635,120,1,2,2,335089,196633,175908,71991,0,87190,0,106021,0,90612,0,1215,1961,1331,0,4609,39907,17,0,1,57,0
0,127284,127458,file_anon_mix_p,3633,3633,3635,120,1,2,2,335248,196633,175560,71991,0,87697,0,106021,0,90612,0,1215,1961,1331,0,4609,40208,17,0,1,62,0
0,127284,127458,file_anon_mix_p,3633,3633,3635,120,1,2,2,335312,196633,175188,71991,0,88133,0,106021,0,90612,0,1215,1961,1331,0,4609,40517,17,0,1,57,0
0,127284,127458,file_anon_mix_p,3633,3633,3635,120,1,2,2,335196,196633,174875,71991,0,88330,0,106021,0,90612,0,1215,1961,1331,0,4609,40781,17,0,1,64,0
0,127284,127458,file_anon_mix_p,3633,3633,3635,120,1,2,2,335200,196633,174436,71991,0,88773,0,106021,0,90612,0,1215,1961,1331,0,4609,41127,17,0,1,64,0
0,127284,127458,file_anon_mix_p,3633,3633,3635,120,1,2,2,335107,196633,174178,71991,0,88938,0,106021,0,90612,0,1215,1961,1331,0,4609,41362,17,0,1,62,0
0,127284,127458,file_anon_mix_p,3633,3633,3635,120,1,2,2,335205,196633,173834,71991,0,89380,0,106021,0,90612,0,1215,1961,1331,0,4609,41669,17,0,1,64,0
0,127284,127458,file_anon_mix_p,3633,3633,3635,120,1,2,2,335147,196633,173642,71991,0,89514,0,106021,0,90612,0,1215,1961,1331,0,4609,41860,17,0,1,64,0
0,127284,127458,file_anon_mix_p,3633,3633,3635,120,1,2,2,335239,196633,173291,71991,0,89957,0,106021,0,90612,0,1215,1961,1331,0,4609,42148,17,0,1,35,0
0,127284,127458,file_anon_mix_p,3633,3633,3635,120,1,2,2,335273,196633,173160,71991,0,90122,0,106021,0,90612,0,1215,1961,1331,0,4609,42256,17,0,1,36,0
0,127284,127458,file_anon_mix_p,3633,3633,3635,120,1,2,2,335367,196633,172715,71991,0,90661,0,106021,0,90612,0,1215,1961,1331,0,4609,42532,17,0,1,41,0
0,127284,127458,file_anon_mix_p,3633,3633,3635,120,1,2,2,335353,196633,172472,71991,0,90890,0,106021,0,90612,0,1215,1961,1331,0,4609,42666,17,0,1,45,0
0,127284,127458,file_anon_mix_p,3633,3633,3635,120,2,2,2,335291,196633,172249,71991,0,91051,0,106021,0,90612,0,1215,1961,1331,0,4609,42838,17,0,1,65,0
0,127284,127458,file_anon_mix_p,3633,3633,3635,120,1,2,2,335107,196633,171854,71991,0,91262,0,106021,0,90612,0,1215,1961,1331,0,4609,43097,17,0,1,47,0
0,127284,127458,file_anon_mix_p,3633,3633,3635,120,1,2,2,335129,196633,171387,71991,0,91751,0,106021,0,90612,0,1215,1961,1331,0,4609,43387,17,0,1,52,0
0,127284,127458,file_anon_mix_p,3633,3633,3635,120,1,2,2,335275,196633,171090,71991,0,92194,0,106021,0,90612,0,1215,1961,1331,0,4609,43631,17,0,1,55,0
0,127209,127209,kworker/1:0,3633,3633,3635,120,1,2,2,334941,196633,170473,71991,0,92477,0,106021,0,90612,0,1215,1961,1331,0,4609,43967,17,0,1,0,0
0,127209,127209,kworker/1:0,3633,3633,3635,120,1,2,2,334941,196633,170473,71991,0,92477,0,106021,0,90612,0,1215,1961,1331,0,4609,43972,17,0,1,0,0
0,127209,127209,kworker/1:0,3633,3633,3635,120,1,2,2,334941,196633,170473,71991,0,92477,0,106021,0,90612,0,1215,1961,1331,0,4609,43975,17,0,1,0,0
0,127209,127209,kworker/1:0,3633,3633,3635,120,1,2,2,334941,196633,170473,71991,0,92477,0,106021,0,90612,0,1215,1961,1331,0,4609,43978,17,0,1,0,0
0,127209,127209,kworker/1:0,3633,3633,3635,120,1,2,2,334941,196633,170473,71991,0,92477,0,106021,0,90612,0,1215,1961,1331,0,4609,43981,17,0,1,0,0
0,127209,127209,kworker/1:0,3633,3633,3635,120,1,2,2,334941,196633,170473,71991,0,92477,0,106021,0,90612,0,1215,1961,1331,0,4609,43983,17,0,1,0,0
0,127209,127209,kworker/1:0,3633,3633,3635,120,1,2,2,334941,196633,170473,71991,0,92477,0,106021,0,90612,0,1215,1961,1331,0,4609,43986,17,0,1,0,0
0,127209,127209,kworker/1:0,3633,3633,3635,120,1,2,2,334941,196633,170473,71991,0,92477,0,106021,0,90612,0,1215,1961,1331,0,4609,43989,17,0,1,0,0
0,127209,127209,kworker/1:0,3633,3633,3635,120,1,2,2,334941,196633,170473,71991,0,92477,0,106021,0,90612,0,1215,1961,1331,0,4609,43992,17,0,1,0,0
0,127209,127209,kworker/1:0,3633,3633,3635,120,1,2,2,334941,196633,170473,71991,0,92477,0,106021,0,90612,0,1215,1961,1331,0,4609,43994,17,0,1,0,0
0,127209,127209,kworker/1:0,3633,3633,3635,120,1,2,2,334941,196633,170473,71991,0,92477,0,106021,0,90612,0,1215,1961,1331,0,4609,43997,17,0,1,0,0
0,127209,127209,kworker/1:0,3633,3633,3635,120,1,2,2,334941,196633,170473,71991,0,92477,0,106021,0,90612,0,1215,1961,1331,0,4609,44000,17,0,1,0,0
0,127209,127209,kworker/1:0,3633,3633,3635,120,1,2,2,334890,196633,170366,71991,0,92533,0,106021,0,90612,0,1215,1961,1331,0,4609,44020,17,0,1,0,0
0,127209,127209,kworker/1:0,3633,3633,3635,120,1,2,2,334890,196633,170366,71991,0,92533,0,106021,0,90612,0,1215,1961,1331,0,4609,44023,17,0,1,0,0
0,127209,127209,kworker/1:0,3633,3633,3635,120,1,2,2,334890,196633,170366,71991,0,92533,0,106021,0,90612,0,1215,1961,1331,0,4609,44025,17,0,1,0,0
0,127209,127209,kworker/1:0,3633,3633,3635,120,1,2,2,334886,196633,170362,71991,0,92533,0,106021,0,90612,0,1215,1961,1331,0,4609,44026,17,0,1,0,0
0,127209,127209,kworker/1:0,3633,3633,3635,120,1,2,2,334826,196633,170302,71991,0,92533,0,106021,0,90612,0,1215,1961,1331,0,4609,44028,17,0,1,0,0
0,127209,127209,kworker/1:0,3633,3633,3635,120,1,2,2,334826,196633,170302,71991,0,92533,0,106021,0,90612,0,1215,1961,1331,0,4609,44031,17,0,1,0,0
0,127209,127209,kworker/1:0,3633,3633,3635,120,1,2,2,334826,196633,170302,71991,0,92533,0,106021,0,90612,0,1215,1961,1331,0,4609,44034,17,0,1,0,0
0,127209,127209,kworker/1:0,3633,3633,3635,120,1,2,2,334826,196633,170302,71991,0,92533,0,106021,0,90612,0,1215,1961,1331,0,4609,44037,17,0,1,0,0
0,127209,127209,kworker/1:0,3633,3633,3635,120,1,2,2,334826,196633,170302,71991,0,92533,0,106021,0,90612,0,1215,1961,1331,0,4609,44039,17,0,1,0,0
0,127209,127209,kworker/1:0,3633,3633,3635,120,1,2,2,334826,196633,170302,71991,0,92533,0,106021,0,90612,0,1215,1961,1331,0,4609,44042,17,0,1,0,0
0,127209,127209,kworker/1:0,3633,3633,3635,120,1,2,2,334826,196633,170302,71991,0,92533,0,106021,0,90612,0,1215,1961,1331,0,4609,44045,17,0,1,0,0
0,127209,127209,kworker/1:0,3633,3633,3635,120,1,2,2,334826,196633,170302,71991,0,92533,0,106021,0,90612,0,1215,1961,1331,0,4609,44047,17,0,1,0,0
0,127209,127209,kworker/1:0,3633,3633,3635,120,1,2,2,334826,196633,170302,71991,0,92533,0,106021,0,90612,0,1215,1961,1331,0,4609,44050,17,0,1,0,0
0,127209,127209,kworker/1:0,3633,3633,3635,120,1,2,2,334826,196633,170302,71991,0,92533,0,106021,0,90612,0,1215,1961,1331,0,4609,44083,17,0,1,0,0
0,121783,121783,watch,3633,3633,3635,120,1,2,2,335032,196633,170690,71991,0,92351,0,106021,0,90612,0,1215,1961,1331,0,4609,43870,17,0,1,39,0
0,394,394,sshd-session,3633,3633,3635,120,1,2,2,335129,196633,170818,71991,0,92320,0,106021,0,90612,0,1215,1961,1331,0,4609,43790,17,0,1,55,0
0,127284,127458,file_anon_mix_p,3633,3633,3635,120,2,2,2,334954,196633,170473,71991,0,92490,0,106021,0,90612,0,1215,1961,1331,0,4609,44012,17,0,1,46,0
0,127490,127490,watch,3633,3633,3635,120,2,2,2,334468,196633,169725,71991,0,92752,0,106021,0,90612,0,1215,1961,1331,0,4609,44494,17,0,1,73,0
0,127284,127458,file_anon_mix_p,3633,3633,3635,120,1,2,2,334205,196633,165835,71991,0,96379,0,106021,0,90612,0,1215,1961,1331,0,4609,47035,17,0,1,37,0
0,127284,127458,file_anon_mix_p,3633,3633,3635,120,2,2,2,334305,196633,165483,71991,0,96831,0,106021,0,90612,0,1215,1961,1331,0,4609,47264,17,0,1,64,0
0,263,466,clash-linux-amd,3633,3633,3635,120,1,2,2,334447,196633,164987,71991,0,97469,0,106021,0,90612,0,1215,1961,1331,0,4609,47601,17,0,1,46,0
0,127284,127458,file_anon_mix_p,3633,3633,3635,120,1,2,2,334511,196633,165051,71991,0,97469,0,106021,0,90612,0,1215,1961,1331,0,4609,47595,17,0,1,64,0
0,127284,127458,file_anon_mix_p,3633,3633,3635,120,1,2,2,334498,196633,164491,71991,0,98016,0,106021,0,90612,0,1215,1961,1331,0,4609,48078,17,0,1,64,0
0,127284,127458,file_anon_mix_p,3633,3633,3635,120,1,2,2,334328,196633,164226,71991,0,98111,0,106021,0,90612,0,1215,1961,1331,0,4609,48262,17,0,1,64,0
0,127284,127458,file_anon_mix_p,3633,3633,3635,120,1,2,2,334523,196633,163883,71991,0,98649,0,106021,0,90612,0,1215,1961,1331,0,4609,48608,17,0,1,48,0
0,127284,127458,file_anon_mix_p,3633,3633,3635,120,1,2,2,334417,196633,163739,71991,0,98687,0,106021,0,90612,0,1215,1961,1331,0,4609,48693,17,0,1,64,0
0,127284,127458,file_anon_mix_p,3633,3633,3635,120,1,2,2,334621,196633,163399,71991,0,99231,0,106021,0,90612,0,1215,1961,1331,0,4609,49034,17,0,1,60,0
0,127284,127458,file_anon_mix_p,3633,3633,3635,120,1,2,2,334760,196633,162990,71991,0,99779,0,106021,0,90612,0,1215,1961,1331,0,4609,49372,17,0,1,58,0
0,127284,127458,file_anon_mix_p,3633,3633,3635,120,1,2,2,334899,196633,162553,71991,0,100355,0,106021,0,90612,0,1215,1961,1331,0,4609,49759,17,0,1,64,0
0,127284,127458,file_anon_mix_p,3633,3633,3635,120,1,2,2,335171,196633,162137,71991,0,101043,0,106021,0,90612,0,1215,1961,1331,0,4609,50151,17,0,1,48,0
0,127284,127458,file_anon_mix_p,3633,3633,3635,120,1,2,2,335232,196633,161720,71991,0,101521,0,106021,0,90612,0,1215,1961,1331,0,4609,50427,17,0,1,64,0
0,127284,127458,file_anon_mix_p,3633,3633,3635,120,1,2,2,335154,196633,161395,71991,0,101768,0,106021,0,90612,0,1215,1961,1331,0,4609,50751,17,0,1,64,0
0,127284,127458,file_anon_mix_p,3633,3633,3635,120,1,2,2,335068,196633,161049,71991,0,102028,0,106021,0,90612,0,1215,1961,1331,0,4609,51075,17,0,1,39,0
0,127284,127458,file_anon_mix_p,3633,3633,3635,120,1,2,2,335034,196633,160868,71991,0,102175,0,106021,0,90612,0,1215,1961,1331,0,4609,51190,17,0,1,64,0
0,127284,127458,file_anon_mix_p,3633,3633,3635,120,1,2,2,335162,196633,160484,71991,0,102687,0,106021,0,90612,0,1215,1961,1331,0,4609,51522,17,0,1,64,0
0,127284,127458,file_anon_mix_p,3633,3633,3635,120,1,2,2,335293,196633,160204,71991,0,103098,0,106021,0,90612,0,1215,1961,1331,0,4609,51812,17,0,1,57,0
0,127284,127458,file_anon_mix_p,3633,3633,3635,120,1,2,2,335241,196633,159987,71991,0,103263,0,106021,0,90612,0,1215,1961,1331,0,4609,51981,17,0,1,64,0
0,127284,127458,file_anon_mix_p,3633,3633,3635,120,1,2,2,335375,196633,159678,71991,0,103706,0,106021,0,90612,0,1215,1961,1331,0,4609,52255,17,0,1,64,0
0,127284,127458,file_anon_mix_p,3633,3633,3635,120,1,2,2,335313,196633,159394,71991,0,103928,0,106021,0,90612,0,1215,1961,1331,0,4609,52463,17,0,1,64,0
0,127284,127458,file_anon_mix_p,3633,3633,3635,120,1,2,2,335145,196633,159173,71991,0,103981,0,106021,0,90612,0,1215,1961,1331,0,4609,52639,17,0,1,64,0
0,127284,127458,file_anon_mix_p,3633,3633,3635,120,1,2,2,335265,196633,158827,71991,0,104447,0,106021,0,90612,0,1215,1961,1331,0,4609,52984,17,0,1,64,0
0,127284,127458,file_anon_mix_p,3633,3633,3635,120,1,2,2,335354,196633,158505,71991,0,104858,0,106021,0,90612,0,1215,1961,1331,0,4609,53260,17,0,1,64,0
0,127284,127458,file_anon_mix_p,3633,3633,3635,120,1,2,2,335260,196633,158246,71991,0,105023,0,106021,0,90612,0,1215,1961,1331,0,4609,53487,17,0,1,41,0
0,127284,127458,file_anon_mix_p,3633,3633,3635,120,1,2,2,335411,196633,157981,71991,0,105439,0,106021,0,90612,0,1215,1961,1331,0,4609,53750,17,0,1,64,0
0,127284,127458,file_anon_mix_p,3633,3633,3635,120,1,2,2,335368,196633,157773,71991,0,105604,0,106021,0,90612,0,1215,1961,1331,0,4609,53935,17,0,1,64,0
0,127284,127458,file_anon_mix_p,3633,3633,3635,120,1,2,2,335440,196633,157436,71991,0,106013,0,106021,0,90612,0,1215,1961,1331,0,4609,54216,17,0,1,54,0
0,127284,127458,file_anon_mix_p,3633,3633,3635,120,1,2,2,335406,196633,157225,71991,0,106190,0,106021,0,90612,0,1215,1961,1331,0,4609,54367,17,0,1,52,0
0,127284,127458,file_anon_mix_p,3633,3633,3635,120,1,2,2,335290,196633,157092,71991,0,106207,0,106021,0,90612,0,1215,1961,1331,0,4609,54506,17,0,1,64,0
0,127284,127458,file_anon_mix_p,3633,3633,3635,120,1,2,2,335349,196633,156772,71991,0,106586,0,106021,0,90612,0,1215,1961,1331,0,4609,54809,17,0,1,64,0
0,121783,121783,watch,3633,3633,3635,120,1,2,2,335190,196633,156416,71991,0,106783,0,106021,0,90612,0,1215,1961,1331,0,4609,55024,17,0,1,64,0
0,127284,127458,file_anon_mix_p,3633,3633,3635,120,1,2,2,335318,196633,156544,71991,0,106783,0,106021,0,90612,0,1215,1961,1331,0,4609,54983,17,0,1,64,0
0,127494,127494,sh,3633,3633,3635,120,1,2,2,334980,196633,156011,71991,0,106978,0,106021,0,90612,0,1215,1961,1331,0,4609,55507,17,0,1,64,0
0,127284,127458,file_anon_mix_p,3633,3633,3635,120,1,2,2,334891,196633,155883,71991,0,107017,0,106021,0,90612,0,1215,1961,1331,0,4609,55550,17,0,1,38,0
0,127494,127494,sh,3633,3633,3635,120,1,2,2,334670,196633,155326,71991,0,107353,0,106021,0,90612,0,1215,1961,1331,0,4609,56029,17,0,1,64,0
0,127284,127458,file_anon_mix_p,3633,3633,3635,120,1,2,2,334606,196633,155262,71991,0,107353,0,106021,0,90612,0,1215,1961,1331,0,4609,56039,17,0,1,64,0
0,127284,127458,file_anon_mix_p,3633,3633,3635,120,1,2,2,334260,196633,152996,71991,0,109273,0,106021,0,90612,0,1215,1961,1331,0,4609,58109,17,0,1,64,0
0,127284,127458,file_anon_mix_p,3633,3633,3635,120,1,2,2,334325,196633,152486,71991,0,109848,0,106021,0,90612,0,1215,1961,1331,0,4609,58502,17,0,1,64,0
0,45,45,kswapd0,3632,3632,3635,120,1877,3,3,333297,196406,18219,241117,71989,1972,71702,4628,101411,18665,0,2422,3922,2572,0,0,0,9,0,0,50599,35
0,45,45,kswapd0,3633,3633,3635,120,17,2,2,318462,196633,132633,71989,0,113840,0,106021,0,90612,0,1215,1961,1331,0,4609,60115,17,5,1,1,0
0,45,45,kswapd0,0,0,3,120,0,3,3,0,0,0,0,0,0,0,0,0,0,0,0,0,0,0,0,0,0,0,0,0,0
0,45,45,kswapd0,5,5,7,120,0,2,2,0,0,0,0,0,0,0,0,0,0,0,0,27,0,0,0,2,0,0,0,0,0
0,45,45,kswapd0,14,14,17,120,0,3,3,1,0,0,0,1,0,0,0,0,0,0,0,96,0,0,0,3,0,0,0,0,0
0,45,45,kswapd0,5261,5261,5264,120,1,3,3,129,369,11,26,53,39,0,275,38,56,1,29,4,138,0,18,1,41,1,14,0,0
0,45,45,kswapd0,244,244,246,120,0,2,2,26,27,26,0,0,0,17,10,0,0,1,8,2,25,0,0,0,42,0,0,0,0
0,45,45,kswapd0,0,0,3,120,0,3,3,0,0,0,0,0,0,0,0,0,0,0,0,0,0,0,0,0,0,0,0,0,0
0,45,45,kswapd0,7,7,9,120,0,2,2,0,1,0,0,0,0,1,0,0,0,0,0,7,6,0,0,1,0,0,0,0,0
0,45,45,kswapd0,141,141,143,120,0,2,2,6,31,6,0,0,0,31,0,0,0,0,0,0,9,0,0,0,0,0,0,0,0
0,45,45,kswapd0,0,0,3,120,0,3,3,0,0,0,0,0,0,0,0,0,0,0,0,0,0,0,0,0,0,0,0,0,0
0,45,45,kswapd0,5233,5233,5235,120,0,2,2,8,23,7,1,0,0,14,9,0,0,0,0,0,1,0,0,29,0,0,0,0,0
0,45,45,kswapd0,38,38,40,120,0,2,2,6,0,4,0,0,2,0,0,0,0,0,0,5,2,0,0,0,0,0,0,0,0
0,45,45,kswapd0,0,0,3,120,0,3,3,0,0,0,0,0,0,0,0,0,0,0,0,0,0,0,0,0,0,0,0,0,0
0,45,45,kswapd0,1502,1502,1505,120,1,3,3,42,443,22,0,0,20,0,53,14,376,0,0,2,54,0,0,0,69,0,58,0,0
0,45,45,kswapd0,0,0,3,120,0,3,3,0,0,0,0,0,0,0,0,0,0,0,0,0,0,0,0,0,0,0,0,0,0
0,45,45,kswapd0,3633,3633,3636,120,117,3,3,290352,196633,103403,71988,114961,0,0,104146,92487,0,0,1215,1961,1331,0,4609,60116,17,5,1,0,0
0,45,45,kswapd0,5,5,7,120,0,2,2,0,0,0,0,0,0,0,0,0,0,0,0,27,0,0,0,2,0,0,0,0,0
0,45,45,kswapd0,0,0,3,120,0,3,3,0,0,0,0,0,0,0,0,0,0,0,0,0,0,0,0,0,0,0,0,0,0
0,45,45,kswapd0,141,141,143,120,0,2,2,6,31,6,0,0,0,31,0,0,0,0,0,0,9,0,0,0,0,0,0,0,0
0,45,45,kswapd0,0,0,3,120,0,3,3,0,0,0,0,0,0,0,0,0,0,0,0,0,0,0,0,0,0,0,0,0,0
0,45,45,kswapd0,10,10,12,120,0,2,2,1,0,1,0,0,0,0,0,0,0,0,0,0,1,0,0,59,0,0,0,0,0
0,45,45,kswapd0,0,0,3,120,0,3,3,0,0,0,0,0,0,0,0,0,0,0,0,0,0,0,0,0,0,0,0,0,0
0,45,45,kswapd0,0,0,3,120,0,3,3,0,0,0,0,0,0,0,0,0,0,0,0,0,0,0,0,0,0,0,0,0,0
0,45,45,kswapd0,0,0,3,120,0,3,3,0,0,0,0,0,0,0,0,0,0,0,0,0,0,0,0,0,0,0,0,0,0
0,45,45,kswapd0,0,0,3,120,0,3,3,0,0,0,0,0,0,0,0,0,0,0,0,0,0,0,0,0,0,0,0,0,0
0,45,45,kswapd0,0,0,3,120,0,3,3,0,0,0,0,0,0,0,0,0,0,0,0,0,0,0,0,0,0,0,0,0,0
0,45,45,kswapd0,0,0,3,120,0,3,3,0,0,0,0,0,0,0,0,0,0,0,0,0,0,0,0,0,0,0,0,0,0
0,45,45,kswapd0,5233,5233,5235,120,0,2,2,8,23,7,1,0,0,14,9,0,0,0,0,0,1,0,0,29,0,0,0,0,0
0,45,45,kswapd0,0,0,3,120,0,3,3,0,0,0,0,0,0,0,0,0,0,0,0,0,0,0,0,0,0,0,0,0,0
0,45,45,kswapd0,1101,1101,1103,120,0,2,2,7,25,5,2,0,0,25,0,0,0,0,0,27,99,0,0,3,0,0,0,0,0
0,45,45,kswapd0,114,114,116,120,0,2,2,38,0,25,13,0,0,0,0,0,0,0,0,3,0,0,0,0,0,0,0,0,0
0,45,45,kswapd0,0,0,3,120,0,3,3,0,0,0,0,0,0,0,0,0,0,0,0,0,0,0,0,0,0,0,0,0,0
0,45,45,kswapd0,3970,3970,3972,120,1,2,2,837,967,678,154,0,5,639,237,0,91,0,8,351,321,0,0,13,63,0,6,0,58
0,45,45,kswapd0,0,0,3,120,0,3,3,0,0,0,0,0,0,0,0,0,0,0,0,0,0,0,0,0,0,0,0,0,0
0,45,45,kswapd0,6,7,9,120,0,3,2,0,0,0,0,0,0,0,0,0,0,0,0,0,1,0,0,0,22,0,0,0,0
0,45,45,kswapd0,138,138,140,120,0,2,2,6,55,6,0,0,0,55,0,0,0,0,0,3,22,0,0,22,0,0,0,0,0
0,45,45,kswapd0,0,0,3,120,0,3,3,0,0,0,0,0,0,0,0,0,0,0,0,0,0,0,0,0,0,0,0,0,0
0,45,45,kswapd0,153,153,155,120,0,2,2,2,5,2,0,0,0,0,5,0,0,0,0,22,4,0,0,17,0,0,0,0,0
0,45,45,kswapd0,0,0,3,120,0,3,3,0,0,0,0,0,0,0,0,0,0,0,0,0,0,0,0,0,0,0,0,0,0
0,45,45,kswapd0,0,0,3,120,0,3,3,0,0,0,0,0,0,0,0,0,0,0,0,0,0,0,0,0,0,0,0,0,0
0,45,45,kswapd0,14,14,17,120,0,3,3,1,0,0,0,1,0,0,0,0,0,0,0,96,0,0,0,3,0,0,0,0,0
0,45,45,kswapd0,10,10,12,120,0,2,2,1,0,1,0,0,0,0,0,0,0,0,0,0,1,0,0,59,0,0,0,0,0
0,45,45,kswapd0,0,0,3,120,0,3,3,0,0,0,0,0,0,0,0,0,0,0,0,0,0,0,0,0,0,0,0,0,0
0,45,45,kswapd0,0,0,3,120,0,3,3,0,0,0,0,0,0,0,0,0,0,0,0,0,0,0,0,0,0,0,0,0,0
0,45,45,kswapd0,0,0,3,120,0,3,3,0,0,0,0,0,0,0,0,0,0,0,0,0,0,0,0,0,0,0,0,0,0
0,45,45,kswapd0,4002,4002,4005,120,1,3,3,53,79,0,48,5,0,10,69,0,0,0,0,0,60,0,0,0,0,0,0,0,3
0,45,45,kswapd0,0,0,3,120,0,3,3,0,0,0,0,0,0,0,0,0,0,0,0,0,0,0,0,0,0,0,0,0,0
0,45,45,kswapd0,0,0,3,120,0,3,3,0,0,0,0,0,0,0,0,0,0,0,0,0,0,0,0,0,0,0,0,0,0
0,45,45,kswapd0,1136,1136,1139,120,2,3,3,76,124,1,75,0,0,0,124,0,0,0,0,45,21,0,0,4,0,0,0,1,25
0,45,45,kswapd0,244,244,246,120,0,2,2,26,27,26,0,0,0,17,10,0,0,1,8,2,25,0,0,0,42,0,0,0,0
0,45,45,kswapd0,7,7,9,120,0,2,2,0,1,0,0,0,0,1,0,0,0,0,0,7,6,0,0,1,0,0,0,0,0
0,45,45,kswapd0,1101,1101,1103,120,0,2,2,7,25,5,2,0,0,25,0,0,0,0,0,27,99,0,0,3,0,0,0,0,0
0,45,45,kswapd0,114,114,116,120,1,2,2,38,0,25,13,0,0,0,0,0,0,0,0,3,0,0,0,0,0,0,0,0,0
0,45,45,kswapd0,0,0,3,120,0,3,3,0,0,0,0,0,0,0,0,0,0,0,0,0,0,0,0,0,0,0,0,0,0
0,45,45,kswapd0,3970,3970,3972,120,1,2,2,837,909,678,154,0,5,550,262,0,97,0,8,351,321,0,25,13,121,0,6,0,63
0,45,45,kswapd0,0,0,3,120,0,3,3,0,0,0,0,0,0,0,0,0,0,0,0,0,0,0,0,0,0,0,0,0,0
0,45,45,kswapd0,4002,4002,4005,120,2,3,3,53,76,0,48,5,0,0,76,0,0,0,0,0,60,0,6,0,3,0,0,0,15
0,45,45,kswapd0,1137,1137,1139,120,1,2,2,75,99,75,0,0,0,39,0,0,60,0,0,24,10,0,0,1,25,0,0,0,2
0,45,45,kswapd0,5262,5262,5264,120,1,2,2,129,369,28,53,0,48,275,38,0,56,1,21,4,98,0,0,0,0,0,0,0,18
0,45,45,kswapd0,38,38,40,120,0,2,2,6,0,4,0,0,2,0,0,0,0,0,0,5,2,0,0,0,0,0,0,0,0
0,45,45,kswapd0,0,0,3,120,0,3,3,0,0,0,0,0,0,0,0,0,0,0,0,0,0,0,0,0,0,0,0,0,0
0,45,45,kswapd0,153,153,155,120,0,2,2,2,5,2,0,0,0,0,5,0,0,0,0,22,4,0,0,17,0,0,0,0,0
0,45,45,kswapd0,0,0,3,120,0,3,3,0,0,0,0,0,0,0,0,0,0,0,0,0,0,0,0,0,0,0,0,0,0
0,45,45,kswapd0,1503,1503,1505,120,0,2,2,42,443,0,0,0,42,53,14,0,376,0,29,1,60,0,0,0,0,0,0,0,0
0,45,45,kswapd0,3633,3633,3636,120,213,3,3,278202,196633,83765,71988,114961,7488,0,104146,92487,0,0,1215,1961,1331,0,4609,60116,17,5,1,0,0
0,45,45,kswapd0,0,0,3,120,0,3,3,0,0,0,0,0,0,0,0,0,0,0,0,0,0,0,0,0,0,0,0,0,0
0,45,45,kswapd0,6,7,9,120,0,3,2,0,0,0,0,0,0,0,0,0,0,0,0,0,1,0,0,0,22,0,0,0,0
0,45,45,kswapd0,138,138,140,120,1,2,2,6,55,6,0,0,0,55,0,0,0,0,0,3,22,0,0,22,0,0,0,0,31
0,45,45,kswapd0,0,0,3,120,0,3,3,0,0,0,0,0,0,0,0,0,0,0,0,0,0,0,0,0,0,0,0,0,0
0,45,45,kswapd0,3970,3970,3972,120,2,2,2,837,846,678,154,0,5,486,262,0,98,0,8,351,321,0,25,13,184,0,6,0,128
0,45,45,kswapd0,4003,4003,4005,120,1,2,2,53,62,48,5,0,0,1,10,0,51,0,0,0,34,0,10,0,15,0,0,1,0
0,45,45,kswapd0,1137,1137,1139,120,1,2,2,75,97,75,0,0,0,0,22,0,75,0,0,24,10,0,21,1,27,0,0,52,0
0,45,45,kswapd0,5262,5262,5264,120,0,2,2,194,377,28,55,0,111,0,295,0,82,1,21,4,98,0,256,0,18,0,17,0,0
0,45,45,kswapd0,3633,3633,3636,120,322,3,3,266292,196633,61358,71988,114961,17985,0,104146,92487,0,0,1215,1961,1331,0,4609,60116,17,5,1,62,0
0,45,45,kswapd0,115,115,116,120,0,1,1,38,0,13,0,0,25,0,0,0,0,0,0,1,0,0,0,0,0,0,0,0,0
0,45,45,kswapd0,3634,3634,3636,120,0,2,2,253139,196637,0,15,0,253124,104146,92487,0,4,2,608,31069,2978,0,0,0,0,0,0,0,0
0,45,45,kswapd0,3970,3970,3972,120,1,2,2,837,718,678,154,0,5,358,262,0,98,0,8,351,321,0,25,13,312,0,6,0,64
0,45,45,kswapd0,4004,4004,4005,120,0,1,1,52,62,5,0,0,47,11,0,0,51,0,0,0,29,0,0,1,0,0,0,0,0
0,45,45,kswapd0,1137,1137,1139,120,0,2,2,23,97,15,0,0,8,0,22,0,75,0,0,24,10,0,21,53,27,0,0,0,0
0,45,45,kswapd0,3970,3970,3972,120,1,2,2,837,654,678,154,0,5,294,262,0,98,0,8,351,321,0,25,13,376,0,6,0,64
0,45,45,kswapd0,3970,3970,3972,120,2,2,2,837,590,678,154,0,5,230,262,0,98,0,8,351,321,0,25,13,440,0,6,0,127
0,45,45,kswapd0,3970,3970,3972,120,3,2,2,837,463,678,154,0,5,102,262,0,99,0,8,351,321,0,25,13,567,0,6,46,97
0,45,45,kswapd0,3970,3970,3972,120,4,2,2,791,366,612,156,0,23,0,198,0,168,0,8,351,321,0,25,59,664,0,6,236,0
0,45,45,kswapd0,3970,3970,3972,120,3,2,2,555,366,353,163,0,39,0,198,0,168,0,8,351,321,0,25,295,664,0,6,188,0
0,45,45,kswapd0,10,10,12,120,0,2,2,1,0,1,0,0,0,0,0,0,0,0,0,0,1,0,0,59,0,0,0,0,0
0,45,45,kswapd0,0,0,3,120,0,3,3,0,0,0,0,0,0,0,0,0,0,0,0,0,0,0,0,0,0,0,0,0,0
0,45,45,kswapd0,153,153,155,120,0,2,2,2,5,2,0,0,0,0,5,0,0,0,0,22,4,0,0,17,0,0,0,0,0
0,45,45,kswapd0,3634,3634,3637,120,95,3,3,264679,196637,0,12,259699,4968,104146,325,92166,0,2,608,31069,2978,0,0,0,0,0,0,0,0
0,45,45,kswapd0,5,5,7,120,0,2,2,0,0,0,0,0,0,0,0,0,0,0,0,27,0,0,0,2,0,0,0,0,0
0,45,45,kswapd0,0,0,3,120,0,3,3,0,0,0,0,0,0,0,0,0,0,0,0,0,0,0,0,0,0,0,0,0,0
0,45,45,kswapd0,0,0,3,120,0,3,3,0,0,0,0,0,0,0,0,0,0,0,0,0,0,0,0,0,0,0,0,0,0
0,45,45,kswapd0,5233,5233,5235,120,0,2,2,8,27,7,1,0,0,18,9,0,0,0,0,0,1,0,0,29,0,0,0,0,0
0,45,45,kswapd0,14,14,17,120,0,3,3,1,0,0,0,1,0,0,0,0,0,0,0,96,0,0,0,3,0,0,0,0,0
0,45,45,kswapd0,0,0,3,120,0,3,3,0,0,0,0,0,0,0,0,0,0,0,0,0,0,0,0,0,0,0,0,0,0
0,45,45,kswapd0,14,14,17,120,0,3,3,1,0,0,0,1,0,0,0,0,0,0,0,96,0,0,0,3,0,0,0,0,0
0,45,45,kswapd0,0,0,3,120,0,3,3,0,0,0,0,0,0,0,0,0,0,0,0,0,0,0,0,0,0,0,0,0,0
0,45,45,kswapd0,0,0,3,120,0,3,3,0,0,0,0,0,0,0,0,0,0,0,0,0,0,0,0,0,0,0,0,0,0
0,45,45,kswapd0,244,244,246,120,0,2,2,26,27,26,0,0,0,17,10,0,0,1,8,2,25,0,0,0,42,0,0,0,0
0,45,45,kswapd0,0,0,3,120,0,3,3,0,0,0,0,0,0,0,0,0,0,0,0,0,0,0,0,0,0,0,0,0,0
0,45,45,kswapd0,3970,3970,3973,120,1,3,3,367,366,173,151,43,0,0,174,192,0,0,8,351,321,0,25,483,664,0,6,64,0
0,45,45,kswapd0,0,0,3,120,0,3,3,0,0,0,0,0,0,0,0,0,0,0,0,0,0,0,0,0,0,0,0,0,0
0,45,45,kswapd0,1101,1101,1103,120,0,2,2,7,25,5,2,0,0,25,0,0,0,0,0,27,99,0,0,3,0,0,0,0,0
0,45,45,kswapd0,0,0,3,120,0,3,3,0,0,0,0,0,0,0,0,0,0,0,0,0,0,0,0,0,0,0,0,0,0
0,45,45,kswapd0,1503,1503,1506,120,1,3,3,42,443,0,0,42,0,46,14,383,0,0,29,1,60,0,0,0,0,0,0,0,46
0,45,45,kswapd0,0,0,3,120,0,3,3,0,0,0,0,0,0,0,0,0,0,0,0,0,0,0,0,0,0,0,0,0,0
0,45,45,kswapd0,6,7,9,120,0,3,2,0,0,0,0,0,0,0,0,0,0,0,0,0,1,0,0,0,22,0,0,0,0
0,45,45,kswapd0,5262,5262,5265,120,1,3,3,129,377,24,0,70,35,0,6,371,0,1,21,4,98,0,256,0,18,0,17,5,0
0,45,45,kswapd0,115,115,117,120,0,2,2,38,0,13,25,0,0,0,0,0,0,0,0,1,0,0,0,0,0,0,0,0,0
0,45,45,kswapd0,0,0,3,120,0,3,3,0,0,0,0,0,0,0,0,0,0,0,0,0,0,0,0,0,0,0,0,0,0
0,45,45,kswapd0,1101,1101,1103,120,0,2,2,7,25,5,2,0,0,25,0,0,0,0,0,27,99,0,0,3,0,0,0,0,0
0,45,45,kswapd0,141,141,143,120,0,2,2,6,31,6,0,0,0,31,0,0,0,0,0,0,9,0,0,0,0,0,0,0,0
0,45,45,kswapd0,138,138,140,120,0,2,2,6,24,6,0,0,0,0,0,0,24,0,0,3,22,0,0,22,31,0,0,0,0
0,45,45,kswapd0,0,0,3,120,0,3,3,0,0,0,0,0,0,0,0,0,0,0,0,0,0,0,0,0,0,0,0,0,0
0,45,45,kswapd0,5233,5233,5235,120,0,2,2,8,27,7,1,0,0,18,9,0,0,0,0,0,1,0,0,29,0,0,0,0,0
0,45,45,kswapd0,0,0,3,120,0,3,3,0,0,0,0,0,0,0,0,0,0,0,0,0,0,0,0,0,0,0,0,0,0
0,45,45,kswapd0,6,7,9,120,0,3,2,0,0,0,0,0,0,0,0,0,0,0,0,0,1,0,0,0,22,0,0,0,0
0,45,45,kswapd0,0,0,3,120,0,3,3,0,0,0,0,0,0,0,0,0,0,0,0,0,0,0,0,0,0,0,0,0,0
0,45,45,kswapd0,0,0,3,120,0,3,3,0,0,0,0,0,0,0,0,0,0,0,0,0,0,0,0,0,0,0,0,0,0
0,45,45,kswapd0,0,0,3,120,0,3,3,0,0,0,0,0,0,0,0,0,0,0,0,0,0,0,0,0,0,0,0,0,0
0,45,45,kswapd0,7,7,9,120,0,2,2,0,1,0,0,0,0,1,0,0,0,0,0,7,6,0,0,1,0,0,0,0,0
0,45,45,kswapd0,38,38,40,120,0,2,2,6,0,4,0,0,2,0,0,0,0,0,0,5,2,0,0,0,0,0,0,0,0
0,45,45,kswapd0,0,0,3,120,0,3,3,0,0,0,0,0,0,0,0,0,0,0,0,0,0,0,0,0,0,0,0,0,0
0,45,45,kswapd0,0,0,3,120,0,3,3,0,0,0,0,0,0,0,0,0,0,0,0,0,0,0,0,0,0,0,0,0,0
0,45,45,kswapd0,0,0,3,120,0,3,3,0,0,0,0,0,0,0,0,0,0,0,0,0,0,0,0,0,0,0,0,0,0
0,45,45,kswapd0,0,0,3,120,0,3,3,0,0,0,0,0,0,0,0,0,0,0,0,0,0,0,0,0,0,0,0,0,0
0,45,45,kswapd0,0,0,3,120,0,3,3,0,0,0,0,0,0,0,0,0,0,0,0,0,0,0,0,0,0,0,0,0,0
0,45,45,kswapd0,4004,4004,4006,120,0,2,2,52,62,0,52,0,0,4,58,0,0,0,0,0,29,0,0,1,0,0,0,0,0
0,45,45,kswapd0,1137,1137,1140,120,1,3,3,23,97,15,0,8,0,0,22,75,0,0,0,24,10,0,21,53,27,0,0,13,0
0,45,45,kswapd0,10,10,12,120,0,2,2,1,0,1,0,0,0,0,0,0,0,0,0,0,1,0,0,59,0,0,0,0,0
0,45,45,kswapd0,153,153,155,120,0,2,2,2,5,2,0,0,0,0,5,0,0,0,0,22,4,0,0,17,0,0,0,0,0
0,45,45,kswapd0,141,141,143,120,0,2,2,6,31,6,0,0,0,31,0,0,0,0,0,0,9,0,0,0,0,0,0,0,0
0,45,45,kswapd0,1138,1138,1140,120,0,2,2,10,97,0,10,0,0,22,75,0,0,0,0,38,28,0,0,13,0,0,0,0,0
0,45,45,kswapd0,0,0,3,120,0,3,3,0,0,0,0,0,0,0,0,0,0,0,0,0,0,0,0,0,0,0,0,0,0
0,45,45,kswapd0,0,0,3,120,0,3,3,0,0,0,0,0,0,0,0,0,0,0,0,0,0,0,0,0,0,0,0,0,0
0,45,45,kswapd0,3634,3634,3637,120,199,3,3,269033,196637,0,12,259699,9322,96686,326,92166,7459,2,608,31069,2978,0,1,0,0,0,0,0,0
0,45,45,kswapd0,5,5,7,120,0,2,2,0,0,0,0,0,0,0,0,0,0,0,0,27,0,0,0,2,0,0,0,0,0
0,45,45,kswapd0,0,0,3,120,0,3,3,0,0,0,0,0,0,0,0,0,0,0,0,0,0,0,0,0,0,0,0,0,0
0,45,45,kswapd0,38,38,40,120,0,2,2,6,0,4,0,0,2,0,0,0,0,0,0,5,2,0,0,0,0,0,0,0,0
0,45,45,kswapd0,0,0,3,120,0,3,3,0,0,0,0,0,0,0,0,0,0,0,0,0,0,0,0,0,0,0,0,0,0
0,45,45,kswapd0,244,244,246,120,1,2,2,26,27,26,0,0,0,17,10,0,0,1,8,2,25,0,0,0,42,0,0,0,17
0,45,45,kswapd0,0,0,3,120,0,3,3,0,0,0,0,0,0,0,0,0,0,0,0,0,0,0,0,0,0,0,0,0,0
0,45,45,kswapd0,3970,3970,3973,120,1,3,3,303,366,109,151,43,0,0,174,192,0,0,8,351,321,0,25,547,664,0,6,64,0
0,45,45,kswapd0,115,115,117,120,1,2,2,38,0,13,25,0,0,0,0,0,0,0,0,1,0,0,0,0,0,0,0,2,0
0,45,45,kswapd0,0,0,3,120,0,3,3,0,0,0,0,0,0,0,0,0,0,0,0,0,0,0,0,0,0,0,0,0,0
0,45,45,kswapd0,0,0,3,120,0,3,3,0,0,0,0,0,0,0,0,0,0,0,0,0,0,0,0,0,0,0,0,0,0
0,45,45,kswapd0,0,0,3,120,0,3,3,0,0,0,0,0,0,0,0,0,0,0,0,0,0,0,0,0,0,0,0,0,0
0,45,45,kswapd0,1504,1504,1506,120,0,2,2,42,397,0,42,0,0,14,383,0,0,0,14,0,29,0,0,0,46,0,0,0,0
0,45,45,kswapd0,5263,5263,5265,120,0,2,2,124,377,0,69,0,55,6,371,0,0,0,19,2,185,0,0,5,0,0,0,0,0
0,45,45,kswapd0,7,7,9,120,0,2,2,0,1,0,0,0,0,1,0,0,0,0,0,7,6,0,0,1,0,0,0,0,0
0,45,45,kswapd0,0,0,3,120,0,3,3,0,0,0,0,0,0,0,0,0,0,0,0,0,0,0,0,0,0,0,0,0,0
0,45,45,kswapd0,3634,3634,3637,120,343,3,3,275171,196637,0,12,259699,15460,81873,326,92166,22272,2,608,31069,2978,0,4,0,0,0,0,0,0
0,45,45,kswapd0,244,244,246,120,1,2,2,26,10,26,0,0,0,0,10,0,0,1,8,2,25,0,0,0,59,0,0,22,0
0,45,45,kswapd0,3970,3970,3973,120,1,3,3,239,366,45,151,43,0,0,174,192,0,0,8,351,321,0,25,611,664,0,6,41,0
0,45,45,kswapd0,116,116,117,120,0,1,1,36,0,25,0,0,11,0,0,0,0,0,0,0,0,0,0,2,0,0,0,0,0
0,45,45,kswapd0,3634,3634,3637,120,598,3,3,283917,196637,0,12,259699,24206,52548,251,92166,51672,2,608,31069,2978,0,4,0,0,0,0,0,0
0,45,45,kswapd0,3971,3971,3973,120,1,2,2,198,366,153,43,0,2,174,192,0,0,0,7,481,504,0,0,41,0,0,0,0,48
0,45,45,kswapd0,3971,3971,3973,120,2,2,2,198,318,153,43,0,2,102,198,0,18,0,7,481,504,0,6,41,48,0,0,0,91
0,45,45,kswapd0,3971,3971,3973,120,1,2,2,198,227,153,43,0,2,0,198,0,29,0,7,481,504,0,6,41,139,0,0,28,0
0,45,45,kswapd0,0,0,3,120,0,3,3,0,0,0,0,0,0,0,0,0,0,0,0,0,0,0,0,0,0,0,0,0,0
0,45,45,kswapd0,5,5,7,120,0,2,2,0,0,0,0,0,0,0,0,0,0,0,0,27,0,0,0,2,0,0,0,0,0
0,45,45,kswapd0,1504,1504,1507,120,2,3,3,42,397,0,42,0,0,14,383,0,0,0,14,0,29,0,0,0,46,0,0,0,50
0,45,45,kswapd0,0,0,3,120,0,3,3,0,0,0,0,0,0,0,0,0,0,0,0,0,0,0,0,0,0,0,0,0,0
0,45,45,kswapd0,5,5,7,120,0,2,2,0,0,0,0,0,0,0,0,0,0,0,0,27,0,0,0,2,0,0,0,0,0
0,45,45,kswapd0,0,0,3,120,0,3,3,0,0,0,0,0,0,0,0,0,0,0,0,0,0,0,0,0,0,0,0,0,0
0,45,45,kswapd0,5233,5233,5235,120,0,2,2,8,27,7,1,0,0,18,9,0,0,0,0,0,1,0,0,29,0,0,0,0,0
0,45,45,kswapd0,0,0,3,120,0,3,3,0,0,0,0,0,0,0,0,0,0,0,0,0,0,0,0,0,0,0,0,0,0
0,45,45,kswapd0,0,0,3,120,0,3,3,0,0,0,0,0,0,0,0,0,0,0,0,0,0,0,0,0,0,0,0,0,0
0,45,45,kswapd0,1138,1138,1141,120,1,3,3,10,97,2,8,0,0,22,75,0,0,0,0,38,28,0,0,13,0,0,0,2,0
0,45,45,kswapd0,38,38,40,120,0,2,2,6,0,4,0,0,2,0,0,0,0,0,0,5,2,0,0,0,0,0,0,0,0
0,45,45,kswapd0,7,7,9,120,0,2,2,0,1,0,0,0,0,1,0,0,0,0,0,7,6,0,0,1,0,0,0,0,0
0,45,45,kswapd0,0,0,3,120,0,3,3,0,0,0,0,0,0,0,0,0,0,0,0,0,0,0,0,0,0,0,0,0,0
0,45,45,kswapd0,0,0,3,120,0,3,3,0,0,0,0,0,0,0,0,0,0,0,0,0,0,0,0,0,0,0,0,0,0
0,45,45,kswapd0,5233,5233,5235,120,0,2,2,8,27,7,1,0,0,18,9,0,0,0,0,0,1,0,0,29,0,0,0,0,0
0,45,45,kswapd0,0,0,3,120,0,3,3,0,0,0,0,0,0,0,0,0,0,0,0,0,0,0,0,0,0,0,0,0,0
0,45,45,kswapd0,7,7,9,120,0,2,2,0,1,0,0,0,0,1,0,0,0,0,0,7,6,0,0,1,0,0,0,0,0
0,45,45,kswapd0,0,0,3,120,0,3,3,0,0,0,0,0,0,0,0,0,0,0,0,0,0,0,0,0,0,0,0,0,0
0,45,45,kswapd0,1101,1101,1103,120,0,2,2,7,25,5,2,0,0,25,0,0,0,0,0,27,99,0,0,3,0,0,0,0,0
0,45,45,kswapd0,138,138,141,120,0,3,3,6,24,6,0,0,0,0,0,24,0,0,0,3,22,0,0,22,31,0,0,0,0
0,45,45,kswapd0,3635,3635,3638,120,3,3,3,309018,196637,12,259697,48964,345,23,4,196610,0,1,304,15534,1490,0,0,0,0,0,0,0,0
0,45,45,kswapd0,0,0,3,120,0,3,3,0,0,0,0,0,0,0,0,0,0,0,0,0,0,0,0,0,0,0,0,0,0
0,45,45,kswapd0,0,0,3,120,0,3,3,0,0,0,0,0,0,0,0,0,0,0,0,0,0,0,0,0,0,0,0,0,0
0,45,45,kswapd0,0,0,3,120,0,3,3,0,0,0,0,0,0,0,0,0,0,0,0,0,0,0,0,0,0,0,0,0,0
0,45,45,kswapd0,0,0,3,120,0,3,3,0,0,0,0,0,0,0,0,0,0,0,0,0,0,0,0,0,0,0,0,0,0
0,45,45,kswapd0,245,245,246,120,0,1,1,4,10,3,0,0,1,10,0,0,0,0,4,1,41,0,0,22,0,0,0,0,0
0,45,45,kswapd0,3971,3971,3974,120,1,3,3,170,227,75,42,53,0,0,198,29,0,0,7,481,504,0,6,69,139,0,0,59,0
0,45,45,kswapd0,0,0,3,120,0,3,3,0,0,0,0,0,0,0,0,0,0,0,0,0,0,0,0,0,0,0,0,0,0
0,45,45,kswapd0,14,14,17,120,0,3,3,1,0,0,0,1,0,0,0,0,0,0,0,96,0,0,0,3,0,0,0,0,0
0,45,45,kswapd0,0,0,3,120,0,3,3,0,0,0,0,0,0,0,0,0,0,0,0,0,0,0,0,0,0,0,0,0,0
0,45,45,kswapd0,38,38,40,120,0,2,2,6,0,4,0,0,2,0,0,0,0,0,0,5,2,0,0,0,0,0,0,0,0
0,45,45,kswapd0,1101,1101,1103,120,0,2,2,7,25,5,2,0,0,25,0,0,0,0,0,27,99,0,0,3,0,0,0,0,0
0,45,45,kswapd0,138,138,141,120,0,3,3,6,24,6,0,0,0,0,0,24,0,0,0,3,22,0,0,22,31,0,0,0,0
0,45,45,kswapd0,0,0,3,120,0,3,3,0,0,0,0,0,0,0,0,0,0,0,0,0,0,0,0,0,0,0,0,0,0
0,45,45,kswapd0,14,14,17,120,0,3,3,1,0,0,0,1,0,0,0,0,0,0,0,96,0,0,0,3,0,0,0,0,0
0,45,45,kswapd0,0,0,3,120,0,3,3,0,0,0,0,0,0,0,0,0,0,0,0,0,0,0,0,0,0,0,0,0,0
0,45,45,kswapd0,0,0,3,120,0,3,3,0,0,0,0,0,0,0,0,0,0,0,0,0,0,0,0,0,0,0,0,0,0
0,45,45,kswapd0,6,7,9,120,0,3,2,0,0,0,0,0,0,0,0,0,0,0,0,0,1,0,0,0,22,0,0,0,0
0,45,45,kswapd0,153,153,155,120,0,2,2,2,5,2,0,0,0,0,5,0,0,0,0,22,4,0,0,17,0,0,0,0,0
0,45,45,kswapd0,141,141,143,120,0,2,2,6,31,6,0,0,0,31,0,0,0,0,0,0,9,0,0,0,0,0,0,0,0
0,45,45,kswapd0,0,0,3,120,0,3,3,0,0,0,0,0,0,0,0,0,0,0,0,0,0,0,0,0,0,0,0,0,0
0,45,45,kswapd0,5263,5263,5266,120,1,3,3,162,377,0,13,112,37,6,333,38,0,0,19,2,185,0,0,5,0,1,0,0,2
0,45,45,kswapd0,116,116,118,120,0,2,2,36,0,25,11,0,0,0,0,0,0,0,0,0,0,0,0,2,0,0,0,0,0
0,45,45,kswapd0,0,0,3,120,0,3,3,0,0,0,0,0,0,0,0,0,0,0,0,0,0,0,0,0,0,0,0,0,0
0,45,45,kswapd0,141,141,143,120,0,2,2,6,31,6,0,0,0,31,0,0,0,0,0,0,9,0,0,0,0,0,0,0,0
0,45,45,kswapd0,4004,4004,4007,120,1,3,3,52,64,0,47,5,0,4,60,0,0,0,0,0,29,0,0,1,0,0,0,0,2
0,45,45,kswapd0,10,10,12,120,0,2,2,1,0,1,0,0,0,0,0,0,0,0,0,0,1,0,0,59,0,0,0,0,0
0,45,45,kswapd0,0,0,3,120,0,3,3,0,0,0,0,0,0,0,0,0,0,0,0,0,0,0,0,0,0,0,0,0,0
0,45,45,kswapd0,0,0,3,120,0,3,3,0,0,0,0,0,0,0,0,0,0,0,0,0,0,0,0,0,0,0,0,0,0
0,45,45,kswapd0,0,0,3,120,0,3,3,0,0,0,0,0,0,0,0,0,0,0,0,0,0,0,0,0,0,0,0,0,0
0,45,45,kswapd0,0,0,3,120,0,3,3,0,0,0,0,0,0,0,0,0,0,0,0,0,0,0,0,0,0,0,0,0,0
0,45,45,kswapd0,0,0,3,120,0,3,3,0,0,0,0,0,0,0,0,0,0,0,0,0,0,0,0,0,0,0,0,0,0
0,45,45,kswapd0,5263,5263,5266,120,2,3,3,162,375,0,13,112,37,0,334,38,3,0,19,2,185,0,0,5,2,1,0,0,33
0,45,45,kswapd0,4004,4004,4007,120,2,3,3,52,62,0,47,5,0,0,62,0,0,0,0,0,29,0,0,1,2,0,0,0,0
0,45,45,kswapd0,1505,1505,1507,120,1,2,2,42,347,42,0,0,0,333,0,0,14,0,7,0,44,0,0,0,50,0,0,0,64
0,45,45,kswapd0,0,0,3,120,0,3,3,0,0,0,0,0,0,0,0,0,0,0,0,0,0,0,0,0,0,0,0,0,0
0,45,45,kswapd0,6,7,9,120,0,3,2,0,0,0,0,0,0,0,0,0,0,0,0,0,1,0,0,0,22,0,0,0,0
0,45,45,kswapd0,116,116,118,120,1,2,2,36,0,25,11,0,0,0,0,0,0,0,0,0,0,0,0,2,0,0,0,0,0
0,45,45,kswapd0,1139,1139,1141,120,1,2,2,8,97,8,0,0,0,97,0,0,0,0,0,25,23,0,0,2,0,0,0,0,43
0,45,45,kswapd0,0,0,3,120,0,3,3,0,0,0,0,0,0,0,0,0,0,0,0,0,0,0,0,0,0,0,0,0,0
0,45,45,kswapd0,10,10,12,120,0,2,2,1,0,1,0,0,0,0,0,0,0,0,0,0,1,0,0,59,0,0,0,0,0
0,45,45,kswapd0,0,0,3,120,0,3,3,0,0,0,0,0,0,0,0,0,0,0,0,0,0,0,0,0,0,0,0,0,0
0,45,45,kswapd0,0,0,3,120,0,3,3,0,0,0,0,0,0,0,0,0,0,0,0,0,0,0,0,0,0,0,0,0,0
0,45,45,kswapd0,0,0,3,120,0,3,3,0,0,0,0,0,0,0,0,0,0,0,0,0,0,0,0,0,0,0,0,0,0
0,45,45,kswapd0,3635,3635,3638,120,4,3,3,309194,196637,0,259695,48964,535,23,4,196610,0,1,304,15534,1490,1,0,0,0,0,0,0,0
0,45,45,kswapd0,153,153,155,120,0,2,2,2,5,2,0,0,0,0,5,0,0,0,0,22,4,0,0,17,0,0,0,0,0
0,45,45,kswapd0,3971,3971,3974,120,1,3,3,111,227,12,41,53,5,0,198,29,0,0,7,481,504,0,6,128,139,0,0,9,0
0,45,45,kswapd0,3635,3635,3638,120,8,3,3,309297,196637,0,259695,48964,638,1,22,196610,4,1,304,15534,1490,1,18,0,0,0,0,0,0
0,45,45,kswapd0,3972,3972,3974,120,1,2,2,102,227,44,53,0,5,198,29,0,0,0,3,304,324,0,0,9,0,0,0,0,63
0,45,45,kswapd0,5264,5264,5266,120,0,2,2,129,343,13,76,0,40,0,332,0,11,0,8,3,92,0,293,0,33,0,0,0,0
0,45,45,kswapd0,4005,4005,4007,120,1,2,2,52,63,47,5,0,0,1,5,0,57,0,0,0,15,0,6,0,0,0,0,0,0
0,45,45,kswapd0,1505,1505,1507,120,1,2,2,42,283,42,0,0,0,253,16,0,14,0,7,0,44,0,16,0,114,0,0,0,64
0,45,45,kswapd0,117,117,118,120,0,1,1,36,0,11,0,0,25,0,0,0,0,0,0,1,0,0,0,0,0,0,0,0,0
0,45,45,kswapd0,1139,1139,1141,120,1,2,2,8,54,8,0,0,0,33,0,0,21,0,0,25,23,0,0,2,43,0,0,0,32
0,45,45,kswapd0,3972,3972,3974,120,1,2,2,102,164,44,53,0,5,130,33,0,1,0,3,304,324,0,4,9,63,0,0,0,57
0,45,45,kswapd0,4006,4006,4007,120,0,1,1,52,63,7,0,0,45,6,0,0,57,0,0,0,10,0,0,0,0,0,0,0,0
0,45,45,kswapd0,1505,1505,1507,120,1,2,2,42,219,42,0,0,0,187,18,0,14,0,7,0,44,0,18,0,178,0,0,0,63
0,45,45,kswapd0,1139,1139,1141,120,0,2,2,8,22,8,0,0,0,0,1,0,21,0,0,25,23,0,0,2,75,0,0,0,0
0,45,45,kswapd0,3635,3635,3638,120,574,3,3,309761,196637,0,259695,48964,1102,1,22,196610,4,1,304,15534,1490,1,18,0,0,0,0,10,0
0,45,45,kswapd0,1505,1505,1507,120,1,2,2,42,156,42,0,0,0,123,18,0,15,0,7,0,44,0,18,0,241,0,0,0,63
0,127284,127505,file_anon_mix_p,3972,3972,3974,120,0,2,2,102,107,44,53,0,5,56,33,0,18,0,3,304,324,0,4,9,120,0,0,0,0
0,127284,127505,file_anon_mix_p,1505,1505,1507,120,0,2,2,42,93,42,0,0,0,59,18,0,16,0,7,0,44,0,18,0,304,0,0,0,0
0,127284,127505,file_anon_mix_p,3972,3972,3974,120,0,2,2,102,107,44,53,0,5,56,33,0,18,0,3,304,324,0,4,9,120,0,0,0,0
0,127284,127505,file_anon_mix_p,3636,3636,3638,120,3,2,2,333960,196637,189132,48941,0,95887,23,196610,0,4,0,152,7767,753,0,0,10,0,0,0,0,0
0,127284,127505,file_anon_mix_p,3636,3636,3638,120,5,2,2,334011,196637,188479,48941,0,96591,23,196610,0,4,0,152,7767,753,0,0,10,0,0,0,0,0
0,127284,127505,file_anon_mix_p,1505,1505,1507,120,0,2,2,42,93,42,0,0,0,59,18,0,16,0,7,0,44,0,18,0,304,0,0,0,0
0,127284,127505,file_anon_mix_p,3636,3636,3638,120,9,2,2,333960,196637,187084,48941,0,97935,23,196610,0,4,0,152,7767,753,0,0,10,0,0,0,0,0
0,127284,127505,file_anon_mix_p,3636,3636,3638,120,17,2,2,333965,196637,185484,48941,0,99540,23,196610,0,4,0,152,7767,753,0,0,10,0,0,0,1,0
0,127284,127505,file_anon_mix_p,3636,3636,3638,120,33,2,2,333993,196637,182988,48941,0,102064,23,196610,0,4,0,152,7767,753,0,0,11,0,0,0,1,0
0,127284,127505,file_anon_mix_p,3636,3636,3638,120,65,2,2,333958,196637,178380,48941,0,106637,23,196610,0,4,0,152,7767,753,0,0,12,0,0,0,1,0
0,127284,127505,file_anon_mix_p,3636,3636,3638,120,130,2,2,334021,196637,169804,48941,0,115276,23,196610,0,4,0,152,7767,753,0,0,13,0,0,0,1,0
0,45,45,kswapd0,3636,3636,3638,120,1004,2,2,323194,196637,223372,48941,0,50881,23,196610,0,4,0,152,7767,753,0,0,10,0,0,0,0,0
0,45,45,kswapd0,5233,5233,5235,120,1,2,2,8,27,7,1,0,0,18,9,0,0,0,0,0,1,0,0,29,0,0,0,0,4
0,45,45,kswapd0,0,0,3,120,0,3,3,0,0,0,0,0,0,0,0,0,0,0,0,0,0,0,0,0,0,0,0,0,0
0,45,45,kswapd0,7,7,9,120,0,2,2,0,1,0,0,0,0,1,0,0,0,0,0,7,6,0,0,1,0,0,0,0,0
0,45,45,kswapd0,1101,1101,1103,120,1,2,2,7,25,5,2,0,0,25,0,0,0,0,0,27,99,0,0,3,0,0,0,5,0
0,45,45,kswapd0,138,138,141,120,1,3,3,6,24,6,0,0,0,0,0,24,0,0,0,3,22,0,0,22,31,0,0,6,0
0,45,45,kswapd0,0,0,3,120,0,3,3,0,0,0,0,0,0,0,0,0,0,0,0,0,0,0,0,0,0,0,0,0,0
0,45,45,kswapd0,6,7,9,120,0,3,2,0,0,0,0,0,0,0,0,0,0,0,0,0,1,0,0,0,22,0,0,0,0
0,45,45,kswapd0,117,117,119,120,1,2,2,36,0,11,25,0,0,0,0,0,0,0,0,1,0,0,0,0,0,0,0,11,0
0,45,45,kswapd0,0,0,3,120,0,3,3,0,0,0,0,0,0,0,0,0,0,0,0,0,0,0,0,0,0,0,0,0,0
0,45,45,kswapd0,0,0,3,120,0,3,3,0,0,0,0,0,0,0,0,0,0,0,0,0,0,0,0,0,0,0,0,0,0
0,45,45,kswapd0,4006,4006,4008,120,0,2,2,52,64,2,50,0,0,7,57,0,0,0,0,0,10,0,0,0,0,0,0,0,0
0,45,45,kswapd0,0,0,3,120,0,3,3,0,0,0,0,0,0,0,0,0,0,0,0,0,0,0,0,0,0,0,0,0,0
0,45,45,kswapd0,3972,3972,3974,120,1,2,2,102,107,44,53,0,5,56,33,0,18,0,3,304,324,0,4,9,120,0,0,0,4
0,45,45,kswapd0,0,0,3,120,0,3,3,0,0,0,0,0,0,0,0,0,0,0,0,0,0,0,0,0,0,0,0,0,0
0,45,45,kswapd0,0,0,3,120,0,3,3,0,0,0,0,0,0,0,0,0,0,0,0,0,0,0,0,0,0,0,0,0,0
0,45,45,kswapd0,5,5,7,120,0,2,2,0,0,0,0,0,0,0,0,0,0,0,0,27,0,0,0,2,0,0,0,0,0
0,45,45,kswapd0,14,14,17,120,0,3,3,1,0,0,0,1,0,0,0,0,0,0,0,96,0,0,0,3,0,0,0,0,0
0,45,45,kswapd0,0,0,3,120,0,3,3,0,0,0,0,0,0,0,0,0,0,0,0,0,0,0,0,0,0,0,0,0,0
0,45,45,kswapd0,0,0,3,120,0,3,3,0,0,0,0,0,0,0,0,0,0,0,0,0,0,0,0,0,0,0,0,0,0
0,45,45,kswapd0,10,10,12,120,0,2,2,1,0,1,0,0,0,0,0,0,0,0,0,0,1,0,0,59,0,0,0,0,0
0,45,45,kswapd0,0,0,3,120,0,3,3,0,0,0,0,0,0,0,0,0,0,0,0,0,0,0,0,0,0,0,0,0,0
0,45,45,kswapd0,1139,1139,1142,120,1,3,3,8,22,8,0,0,0,0,1,21,0,0,0,25,23,0,0,2,75,0,0,7,0
0,45,45,kswapd0,1505,1505,1507,120,2,2,2,42,93,42,0,0,0,59,18,0,16,0,7,0,44,0,18,0,304,0,0,37,36
0,127284,127505,file_anon_mix_p,3636,3636,3638,120,151,2,2,333989,196637,152716,48941,0,132332,23,196610,0,4,0,152,7767,753,0,0,14,0,0,0,2,0
0,127284,127505,file_anon_mix_p,0,0,3,120,0,3,3,0,0,0,0,0,0,0,0,0,0,0,0,0,0,0,0,0,0,0,0,0,0
0,127284,127505,file_anon_mix_p,0,0,3,120,0,3,3,0,0,0,0,0,0,0,0,0,0,0,0,0,0,0,0,0,0,0,0,0,0
0,127284,127505,file_anon_mix_p,0,0,3,120,0,3,3,0,0,0,0,0,0,0,0,0,0,0,0,0,0,0,0,0,0,0,0,0,0
0,127284,127505,file_anon_mix_p,5233,5233,5235,120,0,2,2,8,23,7,1,0,0,0,9,0,14,0,0,0,1,0,0,29,4,0,0,0,0
0,127284,127505,file_anon_mix_p,0,0,3,120,0,3,3,0,0,0,0,0,0,0,0,0,0,0,0,0,0,0,0,0,0,0,0,0,0
0,127284,127505,file_anon_mix_p,5,5,7,120,0,2,2,0,0,0,0,0,0,0,0,0,0,0,0,27,0,0,0,2,0,0,0,0,0
0,127284,127505,file_anon_mix_p,14,14,17,120,0,3,3,1,0,0,0,1,0,0,0,0,0,0,0,96,0,0,0,3,0,0,0,0,0
0,127284,127505,file_anon_mix_p,0,0,3,120,0,3,3,0,0,0,0,0,0,0,0,0,0,0,0,0,0,0,0,0,0,0,0,0,0
0,127284,127505,file_anon_mix_p,1102,1102,1103,120,0,1,1,2,25,2,0,0,0,25,0,0,0,0,0,15,61,0,0,5,0,0,0,0,0
0,127284,127505,file_anon_mix_p,140,140,141,120,0,1,1,0,24,0,0,0,0,24,0,0,0,0,0,12,26,0,0,6,0,0,0,0,0
0,127284,127505,file_anon_mix_p,118,118,119,120,0,1,1,25,0,25,0,0,0,0,0,0,0,0,0,0,0,0,0,11,0,0,0,0,0
0,127284,127505,file_anon_mix_p,0,0,3,120,0,3,3,0,0,0,0,0,0,0,0,0,0,0,0,0,0,0,0,0,0,0,0,0,0
0,127284,127505,file_anon_mix_p,1506,1506,1507,120,0,1,1,5,57,1,0,0,4,21,0,0,36,0,3,0,203,0,0,37,0,0,0,0,0
0,127284,127505,file_anon_mix_p,3636,3636,3639,120,519,3,3,333954,196637,120396,48940,152458,12160,23,65897,157,130560,0,152,7767,753,0,0,16,0,0,0,0,0
0,127284,127505,file_anon_mix_p,7,7,9,120,0,2,2,0,1,0,0,0,0,1,0,0,0,0,0,7,6,0,0,1,0,0,0,0,0
0,127284,127505,file_anon_mix_p,0,0,3,120,0,3,3,0,0,0,0,0,0,0,0,0,0,0,0,0,0,0,0,0,0,0,0,0,0
0,127284,127505,file_anon_mix_p,0,0,3,120,0,3,3,0,0,0,0,0,0,0,0,0,0,0,0,0,0,0,0,0,0,0,0,0,0
0,127284,127505,file_anon_mix_p,0,0,3,120,0,3,3,0,0,0,0,0,0,0,0,0,0,0,0,0,0,0,0,0,0,0,0,0,0
0,127284,127505,file_anon_mix_p,0,0,3,120,0,3,3,0,0,0,0,0,0,0,0,0,0,0,0,0,0,0,0,0,0,0,0,0,0
0,127284,127505,file_anon_mix_p,245,245,247,120,0,2,2,4,10,3,1,0,0,10,0,0,0,0,4,1,41,0,0,22,0,0,0,0,0
0,127284,127505,file_anon_mix_p,141,141,143,120,1,2,2,6,31,6,0,0,0,31,0,0,0,0,0,0,9,0,0,0,0,0,0,0,0
0,127284,127505,file_anon_mix_p,0,0,3,120,0,3,3,0,0,0,0,0,0,0,0,0,0,0,0,0,0,0,0,0,0,0,0,0,0
0,127284,127505,file_anon_mix_p,0,0,3,120,0,3,3,0,0,0,0,0,0,0,0,0,0,0,0,0,0,0,0,0,0,0,0,0,0
0,127284,127505,file_anon_mix_p,5264,5264,5267,120,2,3,3,129,343,13,21,61,34,0,295,48,0,0,8,3,92,0,293,0,33,0,0,1,46
0,127284,127505,file_anon_mix_p,0,0,3,120,0,3,3,0,0,0,0,0,0,0,0,0,0,0,0,0,0,0,0,0,0,0,0,0,0
0,127284,127505,file_anon_mix_p,245,245,247,120,0,2,2,4,10,3,1,0,0,10,0,0,0,0,4,1,41,0,0,22,0,0,0,0,0
0,127284,127505,file_anon_mix_p,0,0,3,120,0,3,3,0,0,0,0,0,0,0,0,0,0,0,0,0,0,0,0,0,0,0,0,0,0
0,127284,127505,file_anon_mix_p,3636,3636,3639,120,3,3,3,335999,196637,45644,48940,152458,88957,23,65897,157,130560,0,152,7767,753,0,0,19,0,0,0,0,0
0,127284,127505,file_anon_mix_p,0,0,3,120,0,3,3,0,0,0,0,0,0,0,0,0,0,0,0,0,0,0,0,0,0,0,0,0,0
0,127284,127505,file_anon_mix_p,141,141,143,120,0,2,2,6,31,6,0,0,0,0,18,0,13,0,0,0,9,0,17,0,0,0,0,0,0
0,127284,127505,file_anon_mix_p,5265,5265,5267,120,0,2,2,128,297,20,60,0,48,153,108,0,36,0,3,1,208,0,62,1,46,0,0,0,0
0,127284,127505,file_anon_mix_p,0,0,3,120,0,3,3,0,0,0,0,0,0,0,0,0,0,0,0,0,0,0,0,0,0,0,0,0,0
0,127284,127505,file_anon_mix_p,38,38,40,120,0,2,2,6,0,4,0,0,2,0,0,0,0,0,0,5,2,0,0,0,0,0,0,0,0
0,127284,127505,file_anon_mix_p,0,0,3,120,0,3,3,0,0,0,0,0,0,0,0,0,0,0,0,0,0,0,0,0,0,0,0,0,0
0,127284,127505,file_anon_mix_p,153,153,155,120,0,2,2,2,5,2,0,0,0,0,5,0,0,0,0,22,4,0,0,17,0,0,0,0,0
0,127284,127505,file_anon_mix_p,6,7,9,120,0,3,2,0,0,0,0,0,0,0,0,0,0,0,0,0,1,0,0,0,22,0,0,0,0
0,127284,127505,file_anon_mix_p,0,0,3,120,0,3,3,0,0,0,0,0,0,0,0,0,0,0,0,0,0,0,0,0,0,0,0,0,0
0,127284,127505,file_anon_mix_p,10,10,12,120,0,2,2,1,0,1,0,0,0,0,0,0,0,0,0,0,1,0,0,59,0,0,0,0,0
0,127284,127505,file_anon_mix_p,5265,5265,5267,120,0,2,2,128,297,20,60,0,48,153,108,0,36,0,3,1,208,0,62,1,46,0,0,0,0
0,127284,127505,file_anon_mix_p,38,38,40,120,0,2,2,6,0,4,0,0,2,0,0,0,0,0,0,5,2,0,0,0,0,0,0,0,0
0,127284,127505,file_anon_mix_p,0,0,3,120,0,3,3,0,0,0,0,0,0,0,0,0,0,0,0,0,0,0,0,0,0,0,0,0,0
0,127284,127505,file_anon_mix_p,153,153,155,120,0,2,2,2,5,2,0,0,0,0,5,0,0,0,0,22,4,0,0,17,0,0,0,0,0
0,127284,127505,file_anon_mix_p,3636,3636,3639,120,5,3,3,336040,196637,45237,48940,152458,89405,23,65897,157,130560,0,152,7767,753,0,0,19,0,0,0,0,0
0,127284,127505,file_anon_mix_p,141,141,143,120,0,2,2,6,31,6,0,0,0,0,18,0,13,0,0,0,9,0,17,0,0,0,0,0,0
0,127284,127505,file_anon_mix_p,0,0,3,120,0,3,3,0,0,0,0,0,0,0,0,0,0,0,0,0,0,0,0,0,0,0,0,0,0
0,127284,127505,file_anon_mix_p,3636,3636,3639,120,9,3,3,335999,196637,44300,48940,152458,90301,23,65897,157,130560,0,152,7767,753,0,0,19,0,0,0,1,0
0,127284,127505,file_anon_mix_p,3636,3636,3639,120,17,3,3,336040,196637,43020,48940,152458,91622,23,65897,157,130560,0,152,7767,753,0,0,20,0,0,0,0,0
0,127284,127505,file_anon_mix_p,3636,3636,3639,120,33,3,3,336030,196637,40652,48940,152458,93980,23,65897,157,130560,0,152,7767,753,0,0,20,0,0,0,1,0
0,127284,127505,file_anon_mix_p,3636,3636,3639,120,66,3,3,335997,196637,36300,48940,152458,98299,23,65897,157,130560,0,152,7767,753,0,0,21,0,0,0,0,0
0,127284,127505,file_anon_mix_p,3636,3636,3639,120,131,3,3,335997,196637,27788,48940,152458,106811,23,65897,157,130560,0,152,7767,753,0,0,21,0,0,0,1,0
0,127284,127505,file_anon_mix_p,3636,3636,3639,120,82,3,3,336035,196637,10764,48940,152458,123873,23,65897,157,130560,0,152,7767,753,0,0,22,0,0,0,1,19
0,127284,127505,file_anon_mix_p,0,0,3,120,0,3,3,0,0,0,0,0,0,0,0,0,0,0,0,0,0,0,0,0,0,0,0,0,0
0,127284,127505,file_anon_mix_p,5233,5233,5236,120,1,3,3,8,23,7,1,0,0,0,9,14,0,0,0,0,1,0,0,29,4,0,0,7,0
0,127284,127505,file_anon_mix_p,0,0,3,120,0,3,3,0,0,0,0,0,0,0,0,0,0,0,0,0,0,0,0,0,0,0,0,0,0
0,127284,127505,file_anon_mix_p,0,0,3,120,0,3,3,0,0,0,0,0,0,0,0,0,0,0,0,0,0,0,0,0,0,0,0,0,0
0,127284,127505,file_anon_mix_p,141,141,144,120,1,3,3,6,31,6,0,0,0,0,18,13,0,0,0,0,9,0,17,0,0,0,0,6,0
0,126677,126677,kworker/0:1,0,0,3,120,0,3,3,0,0,0,0,0,0,0,0,0,0,0,0,0,0,0,0,0,0,0,0,0,0
0,126677,126677,kworker/0:1,0,0,3,120,0,3,3,0,0,0,0,0,0,0,0,0,0,0,0,0,0,0,0,0,0,0,0,0,0
0,126677,126677,kworker/0:1,1506,1506,1508,120,0,2,2,5,57,1,4,0,0,21,36,0,0,0,3,0,203,0,0,37,0,0,0,0,0
0,126677,126677,kworker/0:1,0,0,3,120,0,3,3,0,0,0,0,0,0,0,0,0,0,0,0,0,0,0,0,0,0,0,0,0,0
0,126677,126677,kworker/0:1,0,0,3,120,0,3,3,0,0,0,0,0,0,0,0,0,0,0,0,0,0,0,0,0,0,0,0,0,0
0,126677,126677,kworker/0:1,0,0,3,120,0,3,3,0,0,0,0,0,0,0,0,0,0,0,0,0,0,0,0,0,0,0,0,0,0
0,126677,126677,kworker/0:1,3972,3972,3975,120,0,3,3,102,103,44,53,5,0,0,33,70,0,0,3,304,324,0,4,9,124,0,0,0,0
0,126677,126677,kworker/0:1,0,0,3,120,0,3,3,0,0,0,0,0,0,0,0,0,0,0,0,0,0,0,0,0,0,0,0,0,0
0,126677,126677,kworker/0:1,0,0,3,120,0,3,3,0,0,0,0,0,0,0,0,0,0,0,0,0,0,0,0,0,0,0,0,0,0
0,126677,126677,kworker/0:1,0,0,3,120,0,3,3,0,0,0,0,0,0,0,0,0,0,0,0,0,0,0,0,0,0,0,0,0,0
0,126677,126677,kworker/0:1,140,140,142,120,0,2,2,0,24,0,0,0,0,24,0,0,0,0,0,12,26,0,0,6,0,0,0,0,0
0,126677,126677,kworker/0:1,118,118,120,120,0,2,2,25,0,25,0,0,0,0,0,0,0,0,0,0,0,0,0,11,0,0,0,0,0
0,126677,126677,kworker/0:1,7,7,9,120,0,2,2,0,1,0,0,0,0,1,0,0,0,0,0,7,6,0,0,1,0,0,0,0,0
0,126677,126677,kworker/0:1,0,0,3,120,0,3,3,0,0,0,0,0,0,0,0,0,0,0,0,0,0,0,0,0,0,0,0,0,0
0,126677,126677,kworker/0:1,10,10,12,120,0,2,2,1,0,1,0,0,0,0,0,0,0,0,0,0,1,0,0,59,0,0,0,0,0
0,126677,126677,kworker/0:1,0,0,3,120,0,3,3,0,0,0,0,0,0,0,0,0,0,0,0,0,0,0,0,0,0,0,0,0,0
0,126677,126677,kworker/0:1,0,0,3,120,0,3,3,0,0,0,0,0,0,0,0,0,0,0,0,0,0,0,0,0,0,0,0,0,0
0,126677,126677,kworker/0:1,0,0,3,120,0,3,3,0,0,0,0,0,0,0,0,0,0,0,0,0,0,0,0,0,0,0,0,0,0
0,126677,126677,kworker/0:1,0,0,3,120,0,3,3,0,0,0,0,0,0,0,0,0,0,0,0,0,0,0,0,0,0,0,0,0,0
0,126677,126677,kworker/0:1,0,0,3,120,0,3,3,0,0,0,0,0,0,0,0,0,0,0,0,0,0,0,0,0,0,0,0,0,0
0,126677,126677,kworker/0:1,1506,1506,1508,120,0,2,2,5,57,1,4,0,0,21,36,0,0,0,3,0,203,0,0,37,0,0,0,0,0
0,126677,126677,kworker/0:1,0,0,3,120,0,3,3,0,0,0,0,0,0,0,0,0,0,0,0,0,0,0,0,0,0,0,0,0,0
0,126677,126677,kworker/0:1,140,140,142,120,0,2,2,0,24,0,0,0,0,24,0,0,0,0,0,12,26,0,0,6,0,0,0,0,0
0,126677,126677,kworker/0:1,5234,5234,5236,120,0,2,2,1,23,1,0,0,0,9,14,0,0,0,0,14,2,0,0,7,0,0,0,0,0
0,126677,126677,kworker/0:1,142,142,144,120,0,2,2,0,31,0,0,0,0,18,13,0,0,0,0,0,13,0,0,6,0,0,0,0,0
0,126677,126677,kworker/0:1,0,0,3,120,0,3,3,0,0,0,0,0,0,0,0,0,0,0,0,0,0,0,0,0,0,0,0,0,0
0,126677,126677,kworker/0:1,0,0,3,120,0,3,3,0,0,0,0,0,0,0,0,0,0,0,0,0,0,0,0,0,0,0,0,0,0
0,126677,126677,kworker/0:1,1140,1140,1143,120,0,3,3,1,22,1,0,0,0,1,21,0,0,0,0,13,48,0,0,7,0,0,0,0,0
0,126677,126677,kworker/0:1,5,5,7,120,0,2,2,0,0,0,0,0,0,0,0,0,0,0,0,27,0,0,0,2,0,0,0,0,0
0,126677,126677,kworker/0:1,14,14,17,120,0,3,3,1,0,0,0,1,0,0,0,0,0,0,0,96,0,0,0,3,0,0,0,0,0
0,126677,126677,kworker/0:1,1102,1102,1104,120,0,2,2,2,25,2,0,0,0,25,0,0,0,0,0,15,61,0,0,5,0,0,0,0,0
0,126677,126677,kworker/0:1,0,0,3,120,0,3,3,0,0,0,0,0,0,0,0,0,0,0,0,0,0,0,0,0,0,0,0,0,0
0,126677,126677,kworker/0:1,38,38,40,120,0,2,2,6,0,4,0,0,2,0,0,0,0,0,0,5,2,0,0,0,0,0,0,0,0
0,126677,126677,kworker/0:1,153,153,155,120,0,2,2,2,5,2,0,0,0,0,5,0,0,0,0,22,4,0,0,17,0,0,0,0,0
0,127284,127505,file_anon_mix_p,5234,5234,5236,120,0,2,2,1,23,1,0,0,0,9,14,0,0,0,0,14,2,0,0,7,0,0,0,0,0
0,127284,127505,file_anon_mix_p,153,153,155,120,0,2,2,2,5,2,0,0,0,0,5,0,0,0,0,22,4,0,0,17,0,0,0,0,0
0,126677,126677,kworker/0:1,3637,3637,3640,120,1,3,3,336482,196618,48876,152457,134725,424,65898,155,130565,0,0,76,3895,376,0,0,0,19,0,0,0,0
0,126677,126677,kworker/0:1,118,118,120,120,0,2,2,25,0,25,0,0,0,0,0,0,0,0,0,0,0,0,0,11,0,0,0,0,0
0,126677,126677,kworker/0:1,7,7,9,120,0,2,2,0,1,0,0,0,0,1,0,0,0,0,0,7,6,0,0,1,0,0,0,0,0
0,126677,126677,kworker/0:1,0,0,3,120,0,3,3,0,0,0,0,0,0,0,0,0,0,0,0,0,0,0,0,0,0,0,0,0,0
0,126677,126677,kworker/0:1,142,142,144,120,0,2,2,0,31,0,0,0,0,18,13,0,0,0,0,0,13,0,0,6,0,0,0,0,0
0,126677,126677,kworker/0:1,0,0,3,120,0,3,3,0,0,0,0,0,0,0,0,0,0,0,0,0,0,0,0,0,0,0,0,0,0
0,126677,126677,kworker/0:1,4006,4006,4009,120,0,3,3,52,65,2,45,5,0,7,58,0,0,0,0,0,10,0,0,0,0,0,0,0,0
0,126677,126677,kworker/0:1,245,245,247,120,0,2,2,4,10,3,1,0,0,10,0,0,0,0,4,1,41,0,0,22,0,0,0,0,0
0,126677,126677,kworker/0:1,6,7,9,120,0,3,2,0,0,0,0,0,0,0,0,0,0,0,0,0,1,0,0,0,22,0,0,0,0
0,126677,126677,kworker/0:1,5265,5265,5267,120,0,2,2,128,297,20,60,0,48,153,108,0,36,0,3,1,208,0,62,1,46,0,0,0,0
0,126677,126677,kworker/0:1,0,0,3,120,0,3,3,0,0,0,0,0,0,0,0,0,0,0,0,0,0,0,0,0,0,0,0,0,0
0,126677,126677,kworker/0:1,0,0,3,120,0,3,3,0,0,0,0,0,0,0,0,0,0,0,0,0,0,0,0,0,0,0,0,0,0
0,126677,126677,kworker/0:1,1140,1140,1143,120,0,3,3,1,22,1,0,0,0,1,21,0,0,0,0,13,48,0,0,7,0,0,0,0,0
0,126677,126677,kworker/0:1,0,0,3,120,0,3,3,0,0,0,0,0,0,0,0,0,0,0,0,0,0,0,0,0,0,0,0,0,0
0,126677,126677,kworker/0:1,3637,3637,3640,120,1,3,3,336507,196618,48812,152457,134725,513,64563,155,130565,1335,0,76,3895,376,0,0,0,19,0,0,0,0
0,126677,126677,kworker/0:1,3972,3972,3975,120,0,3,3,102,103,44,53,5,0,0,33,70,0,0,3,304,324,0,4,9,124,0,0,0,0
0,126677,126677,kworker/0:1,0,0,3,120,0,3,3,0,0,0,0,0,0,0,0,0,0,0,0,0,0,0,0,0,0,0,0,0,0
0,126677,126677,kworker/0:1,0,0,3,120,0,3,3,0,0,0,0,0,0,0,0,0,0,0,0,0,0,0,0,0,0,0,0,0,0
0,126677,126677,kworker/0:1,1102,1102,1104,120,0,2,2,2,25,2,0,0,0,25,0,0,0,0,0,15,61,0,0,5,0,0,0,0,0
0,126677,126677,kworker/0:1,245,245,247,120,0,2,2,4,10,3,1,0,0,10,0,0,0,0,4,1,41,0,0,22,0,0,0,0,0
0,126677,126677,kworker/0:1,6,7,9,120,0,3,2,0,0,0,0,0,0,0,0,0,0,0,0,0,1,0,0,0,22,0,0,0,0
0,126677,126677,kworker/0:1,5265,5265,5267,120,0,2,2,128,297,20,60,0,48,153,108,0,36,0,3,1,208,0,62,1,46,0,0,0,0
0,126677,126677,kworker/0:1,0,0,3,120,0,3,3,0,0,0,0,0,0,0,0,0,0,0,0,0,0,0,0,0,0,0,0,0,0
0,126677,126677,kworker/0:1,10,10,12,120,0,2,2,1,0,1,0,0,0,0,0,0,0,0,0,0,1,0,0,59,0,0,0,0,0
0,126677,126677,kworker/0:1,0,0,3,120,0,3,3,0,0,0,0,0,0,0,0,0,0,0,0,0,0,0,0,0,0,0,0,0,0
0,126677,126677,kworker/0:1,14,14,17,120,0,3,3,1,0,0,0,1,0,0,0,0,0,0,0,96,0,0,0,3,0,0,0,0,0
0,126677,126677,kworker/0:1,5,5,7,120,0,2,2,0,0,0,0,0,0,0,0,0,0,0,0,27,0,0,0,2,0,0,0,0,0
0,126677,126677,kworker/0:1,38,38,40,120,0,2,2,6,0,4,0,0,2,0,0,0,0,0,0,5,2,0,0,0,0,0,0,0,0
0,126677,126677,kworker/0:1,4006,4006,4009,120,0,3,3,52,65,2,45,5,0,7,58,0,0,0,0,0,10,0,0,0,0,0,0,0,0
0,126677,126677,kworker/0:1,3637,3637,3640,120,1,3,3,336507,196618,48812,152457,134725,513,64563,155,130565,1335,0,76,3895,376,0,0,0,19,0,0,0,0
0,126677,126677,kworker/0:1,3637,3637,3640,120,1,3,3,336507,196618,48812,152457,134725,513,64563,155,130565,1335,0,76,3895,376,0,0,0,19,0,0,0,0
0,126677,126677,kworker/0:1,3637,3637,3640,120,1,3,3,336507,196618,48812,152457,134725,513,64563,155,130565,1335,0,76,3895,376,0,0,0,19,0,0,0,0
0,127284,127505,file_anon_mix_p,3637,3637,3640,120,3,3,3,336571,196562,48876,152457,134725,513,64645,155,130565,1197,0,76,3895,376,0,0,0,19,0,0,0,0
0,127284,127505,file_anon_mix_p,3637,3637,3640,120,5,3,3,336571,196618,48684,152457,134725,705,64563,155,130565,1335,0,76,3895,376,0,0,0,19,0,0,0,0
0,126677,126677,kworker/0:1,3637,3637,3640,120,2,3,3,336507,196618,48812,152457,134725,513,64563,155,130565,1335,0,76,3895,376,0,0,0,19,0,0,0,0
0,127284,127505,file_anon_mix_p,3637,3637,3640,120,9,3,3,336571,196618,48364,152457,134725,1025,64563,155,130565,1335,0,76,3895,376,0,0,0,19,0,0,0,0
0,126677,126677,kworker/0:1,3637,3637,3640,120,3,3,3,336507,196618,48172,152457,134725,1153,64563,155,130565,1335,0,76,3895,376,0,0,0,19,0,0,0,0
0,126677,126677,kworker/0:1,3637,3637,3640,120,8,3,3,336571,196618,47724,152457,134725,1665,64563,155,130565,1335,0,76,3895,376,0,0,0,19,0,0,0,0
0,127284,127505,file_anon_mix_p,3637,3637,3640,120,17,3,3,336571,196618,47788,152457,134725,1601,64563,155,130565,1335,0,76,3895,376,0,0,0,19,0,0,0,0
0,45,45,kswapd0,3636,3636,3639,120,1210,3,3,334018,196637,132620,48940,152458,0,23,196608,6,0,0,152,7767,753,0,0,16,0,0,0,3,0
0,127284,127505,file_anon_mix_p,3637,3637,3640,120,33,3,3,336571,196618,46700,152457,134725,2689,63325,155,130565,2573,0,76,3895,376,0,0,0,19,0,0,7,0
0,45,45,kswapd0,3637,3637,3640,120,130,3,3,336507,196554,45548,152457,134725,3777,61140,29,2204,133181,0,76,3895,376,0,0,0,19,0,0,0,0
0,127284,127505,file_anon_mix_p,3637,3637,3640,120,65,3,3,336564,196618,42286,152457,134725,7096,60019,4,2204,134391,0,76,3895,376,0,0,7,19,0,0,1,0
0,45,45,kswapd0,3637,3637,3640,120,258,3,3,336499,196554,33582,152457,134725,15735,56399,4,2204,137947,0,76,3895,376,0,0,8,19,0,0,2,0
0,127284,127505,file_anon_mix_p,3637,3637,3640,120,121,3,3,336555,196554,26341,152457,134725,23032,53235,4,2204,141111,0,76,3895,376,0,0,10,19,0,0,0,16
0,126677,126677,kworker/0:1,3637,3637,3640,120,375,3,3,336507,196618,47020,152457,134725,2305,64115,155,130565,1783,0,76,3895,376,0,0,0,19,0,0,0,35
0,127284,127505,file_anon_mix_p,3637,3637,3640,120,17,3,3,336561,196497,0,152436,134725,49400,7885,4,2204,186404,0,76,3895,376,0,0,10,71,0,0,0,13
0,45,45,kswapd0,3637,3637,3640,120,452,3,3,336497,196618,11627,152457,134725,37688,45679,4,2204,148731,0,76,3895,376,0,0,10,19,0,0,0,13
0,127528,127528,sh,3637,3637,3640,120,1,3,3,337012,196541,0,152436,134725,49851,1140,4,2204,193193,0,76,3895,376,0,0,10,96,0,0,0,0
0,45,45,kswapd0,3637,3637,3640,120,28,3,3,336561,196541,0,152436,134725,49400,2233,4,2204,192100,0,76,3895,376,0,0,10,96,0,0,0,0
0,127284,127505,file_anon_mix_p,3637,3637,3640,120,1,3,3,337073,196413,0,152436,134725,49912,783,4,2204,193422,0,76,3895,376,0,0,10,96,0,0,0,0
0,127284,127505,file_anon_mix_p,3637,3637,3640,120,2,3,3,337073,196464,0,152436,134725,49912,285,4,2204,193971,0,76,3895,376,0,0,10,96,0,0,62,11
0,127528,127528,sh,3637,3637,3640,120,2,3,3,337012,196541,0,152436,134725,49851,1140,4,2204,193193,0,76,3895,376,0,0,10,96,0,0,64,0
0,127529,127529,cat,3638,3638,3640,120,1,2,2,336375,196551,151227,134725,0,50423,0,2205,0,194346,0,38,1952,235,0,1,802,11,0,0,64,0
0,127529,127529,cat,3638,3638,3640,120,1,2,2,336055,196551,150907,134725,0,50423,0,2205,0,194346,0,38,1952,235,0,1,1121,11,0,0,64,0
0,127304,127304,file_anon_mix_p,3638,3638,3640,120,1,2,2,336311,196551,151163,134725,0,50423,0,2205,0,194346,0,38,1952,235,0,1,827,11,0,0,64,0
0,127284,127505,file_anon_mix_p,3638,3638,3640,120,1,2,2,336439,196551,151291,134725,0,50423,0,2205,0,194346,0,38,1952,235,0,1,797,11,0,0,64,0
0,127284,127505,file_anon_mix_p,3638,3638,3640,120,1,2,2,335091,196618,149115,134725,0,51251,0,2205,0,194413,0,38,1952,235,0,1,3000,11,0,11,64,0
0,127284,127505,file_anon_mix_p,3638,3638,3640,120,1,2,2,335411,196618,148411,134725,0,52275,0,2205,0,194413,0,38,1952,235,0,1,3701,11,0,11,64,0
0,127284,127505,file_anon_mix_p,3638,3638,3640,120,1,2,2,335567,196618,147963,134725,0,52879,0,2205,0,194413,0,38,1952,235,0,1,4150,11,0,11,64,0
0,183,183,systemd-logind,3638,3638,3640,120,1,2,2,335243,196618,147259,134725,0,53259,0,2205,0,194413,0,38,1952,235,0,1,4827,11,0,11,64,0
0,127284,127505,file_anon_mix_p,3638,3638,3640,120,1,2,2,335115,196618,147131,134725,0,53259,0,2205,0,194413,0,38,1952,235,0,1,4868,11,0,11,64,0
0,1,1,systemd,3638,3638,3640,120,1,2,2,335179,196618,147195,134725,0,53259,0,2205,0,194413,0,38,1952,235,0,1,4837,11,0,11,64,0
0,183,183,systemd-logind,3638,3638,3640,120,1,2,2,335289,196618,143897,134726,0,56666,0,2205,0,194413,0,38,1952,235,0,1,5172,11,0,11,64,0
0,127284,127505,file_anon_mix_p,3638,3638,3640,120,3,2,2,335387,196618,144150,134728,0,56509,0,2205,0,194413,0,38,1952,235,0,1,5154,11,0,11,79,0
0,60,60,jbd2/sda-8,3638,3638,3640,120,1,2,2,335071,196618,143451,134728,0,56892,0,2205,0,194413,0,38,1952,235,0,1,5513,11,0,11,64,0
0,127284,127505,file_anon_mix_p,3638,3638,3640,120,1,2,2,335135,196618,143515,134728,0,56892,0,2205,0,194413,0,38,1952,235,0,1,5489,11,0,11,64,0
0,1,1,systemd,3638,3638,3640,120,1,2,2,334857,196618,142896,134728,0,57233,0,2205,0,194413,0,38,1952,235,0,1,5907,11,0,11,41,0
0,127284,127505,file_anon_mix_p,3638,3638,3640,120,1,2,2,334921,196618,142960,134728,0,57233,0,2205,0,194413,0,38,1952,235,0,1,5898,11,0,11,44,0
0,1,1,systemd,3638,3638,3640,120,1,2,2,334681,196618,142282,134728,0,57671,0,2205,0,194413,0,38,1952,235,0,1,6437,11,0,11,61,0
0,127284,127505,file_anon_mix_p,3638,3638,3640,120,1,2,2,334617,196618,142218,134728,0,57671,0,2205,0,194413,0,38,1952,235,0,1,6445,11,0,11,64,0
0,127284,127505,file_anon_mix_p,3638,3638,3640,120,1,2,2,334397,196618,141867,134728,0,57802,0,2205,0,194413,0,38,1952,235,0,1,6736,11,0,11,64,0
0,127284,127505,file_anon_mix_p,3638,3638,3640,120,1,2,2,334397,196618,141302,134726,0,58369,0,2205,0,194413,0,38,1952,235,0,1,7137,11,0,11,58,0
0,127284,127505,file_anon_mix_p,3638,3638,3640,120,1,2,2,334308,196618,140927,134726,0,58655,0,2205,0,194413,0,38,1952,235,0,1,7376,11,0,11,64,0
0,127284,127505,file_anon_mix_p,3638,3638,3640,120,1,2,2,334424,196618,140517,134726,0,59181,0,2205,0,194413,0,38,1952,235,0,1,7752,11,0,11,33,0
0,127284,127505,file_anon_mix_p,3638,3638,3640,120,1,2,2,334772,196618,139726,134726,0,60320,0,2205,0,194413,0,38,1952,235,0,1,8237,11,0,11,64,0
0,127284,127505,file_anon_mix_p,3638,3638,3640,120,1,2,2,334998,196618,139249,134726,0,61023,0,2205,0,194413,0,38,1952,235,0,1,8681,11,0,11,44,0
0,127284,127505,file_anon_mix_p,3638,3638,3640,120,1,2,2,334862,196618,139015,134726,0,61121,0,2205,0,194413,0,38,1952,235,0,1,8833,11,0,11,64,0
0,127284,127505,file_anon_mix_p,3638,3638,3640,120,1,2,2,334921,196618,138599,134726,0,61596,0,2205,0,194413,0,38,1952,235,0,1,9142,11,0,11,64,0
0,127284,127505,file_anon_mix_p,3638,3638,3640,120,1,2,2,334798,196618,138247,134726,0,61825,0,2205,0,194413,0,38,1952,235,0,1,9370,11,0,11,41,0
0,127284,127505,file_anon_mix_p,3638,3638,3640,120,1,2,2,334878,196618,137776,134726,0,62376,0,2205,0,194413,0,38,1952,235,0,1,9664,11,0,11,57,0
0,127284,127505,file_anon_mix_p,3638,3638,3640,120,1,2,2,334773,196618,137623,134726,0,62424,0,2205,0,194413,0,38,1952,235,0,1,9814,11,0,11,64,0
0,127284,127505,file_anon_mix_p,3638,3638,3640,120,1,2,2,334649,196618,137286,134726,0,62637,0,2205,0,194413,0,38,1952,235,0,1,10040,11,0,11,46,0
0,121783,121783,watch,3638,3638,3640,120,1,2,2,334753,196618,136830,134726,0,63197,0,2205,0,194413,0,38,1952,235,0,1,10398,11,0,11,33,0
0,127284,127505,file_anon_mix_p,3638,3638,3640,120,1,2,2,334673,196618,136701,134726,0,63246,0,2205,0,194413,0,38,1952,235,0,1,10466,11,0,11,64,0
0,127531,127531,sh,3638,3638,3640,120,1,2,2,334556,196618,135181,134726,0,64649,0,2205,0,194413,0,38,1952,235,0,1,11624,11,0,11,64,0
0,127284,127505,file_anon_mix_p,3638,3638,3640,120,1,2,2,334354,196618,132624,134725,0,67005,0,2203,0,194415,0,38,1952,235,0,1,13471,11,0,11,53,0
0,127284,127505,file_anon_mix_p,3638,3638,3640,120,1,2,2,334809,196618,132539,134725,0,67545,0,2203,0,194415,0,38,1952,235,0,1,13524,11,0,11,64,0
0,127284,127505,file_anon_mix_p,3638,3638,3640,120,1,2,2,335261,196618,132475,134725,0,68061,0,2203,0,194415,0,38,1952,235,0,1,13588,11,0,11,40,0
0,127284,127505,file_anon_mix_p,3638,3638,3640,120,1,2,2,335221,196618,132403,134725,0,68093,0,2203,0,194415,0,38,1952,235,0,1,13628,11,0,11,64,0
0,127284,127505,file_anon_mix_p,3638,3638,3640,120,1,2,2,335536,196618,132339,134725,0,68472,0,2203,0,194415,0,38,1952,235,0,1,13692,11,0,11,41,0
0,127284,127505,file_anon_mix_p,3638,3638,3640,120,1,2,2,335628,196618,132234,134725,0,68669,0,2203,0,194415,0,38,1952,235,0,1,13733,11,0,11,64,0
0,127284,127505,file_anon_mix_p,3638,3638,3640,120,1,2,2,335564,196618,132170,134725,0,68669,0,2203,0,194415,0,38,1952,235,0,1,13797,11,0,11,47,0
0,127284,127505,file_anon_mix_p,3638,3638,3640,120,1,2,2,335517,196618,132091,134725,0,68701,0,2203,0,194415,0,38,1952,235,0,1,13844,11,0,11,64,0
0,126930,126930,mglru_monitor,3638,3638,3640,120,1,2,2,335453,196618,132027,134725,0,68701,0,2203,0,194415,0,38,1952,235,0,1,13850,11,0,11,64,0
0,127284,127505,file_anon_mix_p,3638,3638,3640,120,1,2,2,335389,196618,131963,134725,0,68701,0,2203,0,194415,0,38,1952,235,0,1,13967,11,0,11,44,0
0,126930,126930,mglru_monitor,3638,3638,3640,120,1,2,2,335325,196618,131887,134725,0,68713,0,2203,0,194415,0,38,1952,235,0,1,13976,11,0,11,45,0
0,127284,127505,file_anon_mix_p,3638,3638,3640,120,1,2,2,335281,196618,131810,134725,0,68746,0,2203,0,194415,0,38,1952,235,0,1,14048,11,0,11,46,0
0,126930,126930,mglru_monitor,3638,3638,3640,120,1,2,2,335236,196618,131746,134725,0,68765,0,2203,0,194415,0,38,1952,235,0,1,14076,11,0,11,57,0
0,126930,126930,mglru_monitor,3638,3638,3640,120,1,2,2,335310,196618,131675,134725,0,68910,0,2203,0,194415,0,38,1952,235,0,1,14164,11,0,11,47,0
0,126930,126930,mglru_monitor,3638,3638,3640,120,1,2,2,335389,196618,131532,134725,0,69132,0,2203,0,194415,0,38,1952,235,0,1,14228,11,0,11,48,0
0,127284,127505,file_anon_mix_p,3638,3638,3640,120,1,2,2,335436,196618,131596,134725,0,69115,0,2203,0,194415,0,38,1952,235,0,1,14182,11,0,11,64,0
0,126930,126930,mglru_monitor,3638,3638,3640,120,1,2,2,335388,196618,131452,134725,0,69211,0,2203,0,194415,0,38,1952,235,0,1,14323,11,0,11,49,0
0,127284,127505,file_anon_mix_p,3638,3638,3640,120,1,2,2,335486,196618,131388,134725,0,69373,0,2203,0,194415,0,38,1952,235,0,1,14355,11,0,11,48,0
0,126930,126930,mglru_monitor,3638,3638,3640,120,1,2,2,335437,196618,131323,134725,0,69389,0,2203,0,194415,0,38,1952,235,0,1,14379,11,0,11,50,0
0,45,45,kswapd0,3637,3637,3640,120,254,3,3,337012,196477,0,152436,134725,49851,1007,4,2204,193262,0,76,3895,376,0,0,10,96,0,0,11400,0
0,45,45,kswapd0,0,0,3,120,0,3,3,0,0,0,0,0,0,0,0,0,0,0,0,0,0,0,0,0,0,0,0,0,0
0,45,45,kswapd0,142,142,144,120,1,2,2,0,31,0,0,0,0,18,13,0,0,0,0,0,13,0,0,6,0,0,0,0,0
0,45,45,kswapd0,1102,1102,1104,120,0,2,2,60,424,2,0,0,58,25,0,0,399,0,0,15,61,0,0,5,0,5,0,0,0
0,45,45,kswapd0,0,0,3,120,0,3,3,0,0,0,0,0,0,0,0,0,0,0,0,0,0,0,0,0,0,0,0,0,0
0,45,45,kswapd0,14,14,17,120,0,3,3,1,0,0,0,1,0,0,0,0,0,0,0,96,0,0,0,3,0,0,0,0,0
0,45,45,kswapd0,0,0,3,120,0,3,3,0,0,0,0,0,0,0,0,0,0,0,0,0,0,0,0,0,0,0,0,0,0
0,45,45,kswapd0,140,140,142,120,1,2,2,0,24,0,0,0,0,24,0,0,0,0,0,12,26,0,0,6,0,0,0,0,3
0,127284,127505,file_anon_mix_p,3638,3638,3640,120,1,2,2,335389,196618,131241,134725,0,69423,0,4,0,196614,0,38,1952,235,0,1,14456,11,0,11,64,0
0,126930,126930,mglru_monitor,3638,3638,3640,120,1,2,2,335339,196618,131177,134725,0,69437,0,4,0,196614,0,38,1952,235,0,1,14478,11,0,11,51,0
0,127284,127505,file_anon_mix_p,0,0,3,120,0,3,3,0,0,0,0,0,0,0,0,0,0,0,0,0,0,0,0,0,0,0,0,0,0
0,127284,127505,file_anon_mix_p,0,0,3,120,0,3,3,0,0,0,0,0,0,0,0,0,0,0,0,0,0,0,0,0,0,0,0,0,0
0,127284,127505,file_anon_mix_p,153,153,155,120,0,2,2,27,318,2,0,0,25,0,5,0,313,0,0,22,4,0,0,17,0,10,0,0,0
0,127284,127505,file_anon_mix_p,118,118,120,120,0,2,2,25,0,25,0,0,0,0,0,0,0,0,0,0,0,0,0,11,0,0,0,0,0
0,127284,127505,file_anon_mix_p,0,0,3,120,0,3,3,0,0,0,0,0,0,0,0,0,0,0,0,0,0,0,0,0,0,0,0,0,0
0,127284,127505,file_anon_mix_p,0,0,3,120,0,3,3,0,0,0,0,0,0,0,0,0,0,0,0,0,0,0,0,0,0,0,0,0,0
0,127284,127505,file_anon_mix_p,0,0,3,120,0,3,3,0,0,0,0,0,0,0,0,0,0,0,0,0,0,0,0,0,0,0,0,0,0
0,127284,127505,file_anon_mix_p,0,0,3,120,0,3,3,0,0,0,0,0,0,0,0,0,0,0,0,0,0,0,0,0,0,0,0,0,0
0,127284,127505,file_anon_mix_p,118,118,120,120,0,2,2,25,0,25,0,0,0,0,0,0,0,0,0,0,0,0,0,11,0,0,0,0,0
0,127284,127505,file_anon_mix_p,143,143,144,120,0,1,1,0,31,0,0,0,0,16,0,0,15,0,0,3,7,0,0,0,0,0,0,0,0
0,127284,127505,file_anon_mix_p,14,14,17,120,0,3,3,1,0,0,0,1,0,0,0,0,0,0,0,96,0,0,0,3,0,0,0,0,0
0,127284,127505,file_anon_mix_p,153,153,155,120,0,2,2,27,318,2,0,0,25,0,5,0,313,0,0,22,4,0,0,17,0,10,0,0,0
0,127284,127505,file_anon_mix_p,0,0,3,120,0,3,3,0,0,0,0,0,0,0,0,0,0,0,0,0,0,0,0,0,0,0,0,0,0
0,127284,127505,file_anon_mix_p,141,141,142,120,0,1,1,0,21,0,0,0,0,0,0,0,21,0,0,9,13,0,0,0,3,0,0,0,0
0,126677,126677,kworker/0:1,0,0,3,120,0,3,3,0,0,0,0,0,0,0,0,0,0,0,0,0,0,0,0,0,0,0,0,0,0
0,126677,126677,kworker/0:1,245,245,247,120,0,2,2,4,10,3,1,0,0,10,0,0,0,0,4,1,41,0,0,22,0,0,0,0,0
0,126677,126677,kworker/0:1,4006,4006,4009,120,0,3,3,52,69,2,45,5,0,7,62,0,0,0,0,0,10,0,0,0,0,0,0,0,0
0,126677,126677,kworker/0:1,0,0,3,120,0,3,3,0,0,0,0,0,0,0,0,0,0,0,0,0,0,0,0,0,0,0,0,0,0
0,126677,126677,kworker/0:1,0,0,3,120,0,3,3,0,0,0,0,0,0,0,0,0,0,0,0,0,0,0,0,0,0,0,0,0,0
0,126677,126677,kworker/0:1,0,0,3,120,0,3,3,0,0,0,0,0,0,0,0,0,0,0,0,0,0,0,0,0,0,0,0,0,0
0,126677,126677,kworker/0:1,1506,1506,1508,120,0,2,2,5,57,1,4,0,0,21,36,0,0,0,3,0,203,0,0,37,0,0,0,0,0
0,126677,126677,kworker/0:1,0,0,3,120,0,3,3,0,0,0,0,0,0,0,0,0,0,0,0,0,0,0,0,0,0,0,0,0,0
0,126677,126677,kworker/0:1,3972,3972,3975,120,0,3,3,102,103,44,53,5,0,0,33,70,0,0,3,304,324,0,4,9,124,0,0,0,0
0,126677,126677,kworker/0:1,0,0,3,120,0,3,3,0,0,0,0,0,0,0,0,0,0,0,0,0,0,0,0,0,0,0,0,0,0
0,126677,126677,kworker/0:1,245,245,247,120,0,2,2,4,10,3,1,0,0,10,0,0,0,0,4,1,41,0,0,22,0,0,0,0,0
0,126677,126677,kworker/0:1,5234,5234,5236,120,0,2,2,29,25,1,0,0,28,11,14,0,0,0,0,14,2,0,0,7,0,0,0,0,0
0,126677,126677,kworker/0:1,7,7,9,120,0,2,2,0,1,0,0,0,0,1,0,0,0,0,0,7,6,0,0,1,0,0,0,0,0
0,126677,126677,kworker/0:1,0,0,3,120,0,3,3,0,0,0,0,0,0,0,0,0,0,0,0,0,0,0,0,0,0,0,0,0,0
0,126677,126677,kworker/0:1,1140,1140,1143,120,0,3,3,1,22,1,0,0,0,1,21,0,0,0,0,13,48,0,0,7,0,0,0,0,0
0,126677,126677,kworker/0:1,0,0,3,120,0,3,3,0,0,0,0,0,0,0,0,0,0,0,0,0,0,0,0,0,0,0,0,0,0
0,126677,126677,kworker/0:1,5,5,7,120,0,2,2,0,0,0,0,0,0,0,0,0,0,0,0,27,0,0,0,2,0,0,0,0,0
0,126677,126677,kworker/0:1,0,0,3,120,0,3,3,0,0,0,0,0,0,0,0,0,0,0,0,0,0,0,0,0,0,0,0,0,0
0,126677,126677,kworker/0:1,0,0,3,120,0,3,3,0,0,0,0,0,0,0,0,0,0,0,0,0,0,0,0,0,0,0,0,0,0
0,126677,126677,kworker/0:1,0,0,3,120,0,3,3,0,0,0,0,0,0,0,0,0,0,0,0,0,0,0,0,0,0,0,0,0,0
0,126677,126677,kworker/0:1,5265,5265,5267,120,0,2,2,128,345,20,60,0,48,157,108,0,80,0,3,1,208,0,62,1,46,0,39,0,0
0,126677,126677,kworker/0:1,10,10,12,120,0,2,2,1,0,1,0,0,0,0,0,0,0,0,0,0,1,0,0,59,0,0,0,0,0
0,126677,126677,kworker/0:1,141,141,142,120,0,1,1,0,21,0,0,0,0,0,0,0,21,0,0,9,13,0,0,0,3,0,0,0,0
0,126677,126677,kworker/0:1,0,0,3,120,0,3,3,0,0,0,0,0,0,0,0,0,0,0,0,0,0,0,0,0,0,0,0,0,0
0,126677,126677,kworker/0:1,0,0,3,120,0,3,3,0,0,0,0,0,0,0,0,0,0,0,0,0,0,0,0,0,0,0,0,0,0
0,126677,126677,kworker/0:1,6,7,9,120,0,3,2,0,0,0,0,0,0,0,0,0,0,0,0,0,1,0,0,0,22,0,0,0,0
0,126677,126677,kworker/0:1,38,38,40,120,0,2,2,6,0,4,0,0,2,0,0,0,0,0,0,5,2,0,0,0,0,0,0,0,0
0,126677,126677,kworker/0:1,0,0,3,120,0,3,3,0,0,0,0,0,0,0,0,0,0,0,0,0,0,0,0,0,0,0,0,0,0
0,126677,126677,kworker/0:1,143,143,144,120,0,1,1,0,31,0,0,0,0,16,0,0,15,0,0,3,7,0,0,0,0,0,0,0,0
0,126677,126677,kworker/0:1,4006,4006,4009,120,0,3,3,52,69,2,45,5,0,7,62,0,0,0,0,0,10,0,0,0,0,0,0,0,0
0,126677,126677,kworker/0:1,0,0,3,120,0,3,3,0,0,0,0,0,0,0,0,0,0,0,0,0,0,0,0,0,0,0,0,0,0
0,126677,126677,kworker/0:1,6,7,9,120,0,3,2,0,0,0,0,0,0,0,0,0,0,0,0,0,1,0,0,0,22,0,0,0,0
0,126677,126677,kworker/0:1,1140,1140,1143,120,0,3,3,1,22,1,0,0,0,1,21,0,0,0,0,13,48,0,0,7,0,0,0,0,0
0,126677,126677,kworker/0:1,0,0,3,120,0,3,3,0,0,0,0,0,0,0,0,0,0,0,0,0,0,0,0,0,0,0,0,0,0
0,126677,126677,kworker/0:1,0,0,3,120,0,3,3,0,0,0,0,0,0,0,0,0,0,0,0,0,0,0,0,0,0,0,0,0,0
0,126677,126677,kworker/0:1,3638,3638,3641,120,1,3,3,335044,196618,130819,134724,69437,64,0,4,196614,0,0,38,1952,235,0,1,14674,11,0,11,0,0
0,126677,126677,kworker/0:1,1506,1506,1508,120,0,2,2,5,57,1,4,0,0,21,36,0,0,0,3,0,203,0,0,37,0,0,0,0,0
0,126677,126677,kworker/0:1,0,0,3,120,0,3,3,0,0,0,0,0,0,0,0,0,0,0,0,0,0,0,0,0,0,0,0,0,0
0,126677,126677,kworker/0:1,5234,5234,5236,120,0,2,2,29,25,1,0,0,28,11,14,0,0,0,0,14,2,0,0,7,0,0,0,0,0
0,126677,126677,kworker/0:1,5,5,7,120,0,2,2,0,0,0,0,0,0,0,0,0,0,0,0,27,0,0,0,2,0,0,0,0,0
0,126677,126677,kworker/0:1,0,0,3,120,0,3,3,0,0,0,0,0,0,0,0,0,0,0,0,0,0,0,0,0,0,0,0,0,0
0,126677,126677,kworker/0:1,38,38,40,120,0,2,2,6,0,4,0,0,2,0,0,0,0,0,0,5,2,0,0,0,0,0,0,0,0
0,126677,126677,kworker/0:1,3638,3638,3641,120,1,3,3,335044,196618,130819,134724,69437,64,0,4,196614,0,0,38,1952,235,0,1,14709,11,0,11,0,0
0,126677,126677,kworker/0:1,3972,3972,3975,120,0,3,3,102,103,44,53,5,0,0,33,70,0,0,3,304,324,0,4,9,124,0,0,0,0
0,126677,126677,kworker/0:1,7,7,9,120,0,2,2,0,1,0,0,0,0,1,0,0,0,0,0,7,6,0,0,1,0,0,0,0,0
0,126677,126677,kworker/0:1,0,0,3,120,0,3,3,0,0,0,0,0,0,0,0,0,0,0,0,0,0,0,0,0,0,0,0,0,0
0,126677,126677,kworker/0:1,5265,5265,5267,120,0,2,2,128,345,20,60,0,48,157,108,0,80,0,3,1,208,0,62,1,46,0,39,0,0
0,126677,126677,kworker/0:1,10,10,12,120,0,2,2,1,0,1,0,0,0,0,0,0,0,0,0,0,1,0,0,59,0,0,0,0,0
0,126677,126677,kworker/0:1,3638,3638,3641,120,1,3,3,335044,196618,130819,134724,69437,64,0,4,196614,0,0,38,1952,235,0,1,14716,11,0,11,0,0
0,126677,126677,kworker/0:1,3638,3638,3641,120,1,3,3,335044,196618,130819,134724,69437,64,0,4,196614,0,0,38,1952,235,0,1,14718,11,0,11,0,0
0,126677,126677,kworker/0:1,3638,3638,3641,120,1,3,3,335044,196618,130819,134724,69437,64,0,4,196614,0,0,38,1952,235,0,1,14721,11,0,11,0,0
0,126677,126677,kworker/0:1,3638,3638,3641,120,1,3,3,335044,196618,130819,134724,69437,64,0,4,196614,0,0,38,1952,235,0,1,14723,11,0,11,0,0
0,126677,126677,kworker/0:1,3638,3638,3641,120,1,3,3,335044,196618,130819,134724,69437,64,0,4,196614,0,0,38,1952,235,0,1,14725,11,0,11,0,0
0,126677,126677,kworker/0:1,3638,3638,3641,120,1,3,3,335052,196618,130795,134724,69437,96,0,4,196614,0,0,38,1952,235,0,1,14725,11,0,11,0,0
0,126677,126677,kworker/0:1,3638,3638,3641,120,1,3,3,334993,196618,130736,134724,69437,96,0,4,196614,0,0,38,1952,235,0,1,14726,11,0,11,0,0
0,126677,126677,kworker/0:1,3638,3638,3641,120,1,3,3,334993,196618,130736,134724,69437,96,0,4,196614,0,0,38,1952,235,0,1,14728,11,0,11,0,0
0,126677,126677,kworker/0:1,3638,3638,3641,120,1,3,3,334993,196618,130736,134724,69437,96,0,4,196614,0,0,38,1952,235,0,1,14731,11,0,11,0,0
0,126677,126677,kworker/0:1,3638,3638,3641,120,1,3,3,334993,196618,130736,134724,69437,96,0,4,196614,0,0,38,1952,235,0,1,14733,11,0,11,0,0
0,126677,126677,kworker/0:1,3638,3638,3641,120,1,3,3,334993,196618,130736,134724,69437,96,0,4,196614,0,0,38,1952,235,0,1,14788,11,0,11,0,0
0,126677,126677,kworker/0:1,3638,3638,3641,120,1,3,3,334993,196618,130736,134724,69437,96,0,4,196614,0,0,38,1952,235,0,1,14791,11,0,11,0,0
0,126677,126677,kworker/0:1,3638,3638,3641,120,1,3,3,334993,196618,130736,134724,69437,96,0,4,196614,0,0,38,1952,235,0,1,14794,11,0,11,0,0
0,126677,126677,kworker/0:1,3638,3638,3641,120,1,3,3,335010,196618,130689,134724,69437,160,0,4,196614,0,0,38,1952,235,0,1,14794,11,0,11,0,0
0,126677,126677,kworker/0:1,3638,3638,3641,120,1,3,3,334946,196618,130625,134724,69437,160,0,4,196614,0,0,38,1952,235,0,1,14796,11,0,11,0,0
0,126677,126677,kworker/0:1,3638,3638,3641,120,1,3,3,334946,196618,130625,134724,69437,160,0,4,196614,0,0,38,1952,235,0,1,14798,11,0,11,0,0
0,126677,126677,kworker/0:1,3638,3638,3641,120,1,3,3,334946,196618,130625,134724,69437,160,0,4,196614,0,0,38,1952,235,0,1,14800,11,0,11,0,0
0,126677,126677,kworker/0:1,3638,3638,3641,120,1,3,3,334946,196618,130625,134724,69437,160,0,4,196614,0,0,38,1952,235,0,1,14803,11,0,11,0,0
0,126677,126677,kworker/0:1,3638,3638,3641,120,1,3,3,334946,196618,130625,134724,69437,160,0,4,196614,0,0,38,1952,235,0,1,14804,11,0,11,0,0
0,126677,126677,kworker/0:1,3638,3638,3641,120,1,3,3,334946,196618,130625,134724,69437,160,0,4,196614,0,0,38,1952,235,0,1,14806,11,0,11,0,0
0,126677,126677,kworker/0:1,3638,3638,3641,120,1,3,3,334946,196618,130625,134724,69437,160,0,4,196614,0,0,38,1952,235,0,1,14809,11,0,11,0,0
0,126677,126677,kworker/0:1,3638,3638,3641,120,1,3,3,334946,196618,130625,134724,69437,160,0,4,196614,0,0,38,1952,235,0,1,14811,11,0,11,0,0
0,126677,126677,kworker/0:1,3638,3638,3641,120,1,3,3,334946,196618,130625,134724,69437,160,0,4,196614,0,0,38,1952,235,0,1,14813,11,0,11,0,0
0,126677,126677,kworker/0:1,3638,3638,3641,120,1,3,3,334913,196618,130528,134724,69437,224,0,4,196614,0,0,38,1952,235,0,1,14848,11,0,11,0,0
0,126930,126930,mglru_monitor,3638,3638,3641,120,1,3,3,335160,196618,130967,134724,69437,32,0,4,196614,0,0,38,1952,235,0,1,14614,11,0,11,53,0
0,127284,127505,file_anon_mix_p,3638,3638,3641,120,1,3,3,335224,196618,131031,134724,69437,32,0,4,196614,0,0,38,1952,235,0,1,14612,11,0,11,64,0
0,127284,127505,file_anon_mix_p,3638,3638,3641,120,1,3,3,335106,196618,130012,134724,69437,933,0,4,196614,0,0,38,1952,235,0,1,15235,11,0,11,38,0
0,127284,127505,file_anon_mix_p,3638,3638,3641,120,1,3,3,334946,196618,129778,134724,69437,1007,0,4,196614,0,0,38,1952,235,0,1,15398,11,0,11,44,0
0,394,394,sshd-session,3638,3638,3641,120,1,3,3,335042,196618,129906,134724,69437,975,0,4,196614,0,0,38,1952,235,0,1,15240,11,0,11,64,0
0,127284,127505,file_anon_mix_p,3638,3638,3641,120,1,3,3,335048,196618,129220,134724,69437,1667,0,4,196614,0,0,38,1952,235,0,1,15847,11,0,11,64,0
0,127284,127505,file_anon_mix_p,3638,3638,3641,120,1,3,3,335043,196618,128740,134724,69437,2142,0,4,196614,0,0,38,1952,235,0,1,16199,11,0,11,41,0
0,127284,127505,file_anon_mix_p,3638,3638,3641,120,1,3,3,334984,196618,128452,134724,69437,2371,0,4,196614,0,0,38,1952,235,0,1,16367,11,0,11,43,0
0,127284,127505,file_anon_mix_p,3638,3638,3641,120,1,3,3,335103,196618,128096,134724,69437,2846,0,4,196614,0,0,38,1952,235,0,1,16662,11,0,11,50,0
0,127284,127505,file_anon_mix_p,3638,3638,3641,120,1,3,3,335062,196618,127846,134724,69437,3055,0,4,196614,0,0,38,1952,235,0,1,16840,11,0,11,60,0
0,127284,127505,file_anon_mix_p,3638,3638,3641,120,1,3,3,335095,196618,127372,134724,69437,3562,0,4,196614,0,0,38,1952,235,0,1,17164,11,0,11,64,0
0,127284,127505,file_anon_mix_p,3638,3638,3641,120,1,3,3,334984,196618,127096,134724,69437,3727,0,4,196614,0,0,38,1952,235,0,1,17399,11,0,11,64,0
0,127284,127505,file_anon_mix_p,3638,3638,3641,120,1,3,3,335070,196618,126675,134724,69437,4234,0,4,196614,0,0,38,1952,235,0,1,17736,11,0,11,38,0
0,127284,127505,file_anon_mix_p,3638,3638,3641,120,1,3,3,335041,196618,126392,134724,69437,4488,0,4,196614,0,0,38,1952,235,0,1,17934,11,0,11,64,0
0,127284,127505,file_anon_mix_p,3638,3638,3641,120,1,3,3,335133,196618,125869,134724,69437,5103,0,4,196614,0,0,38,1952,235,0,1,18317,11,0,11,45,0
0,127284,127505,file_anon_mix_p,3638,3638,3641,120,1,3,3,335171,196618,125432,134724,69437,5578,0,4,196614,0,0,38,1952,235,0,1,18607,11,0,11,64,0
0,127284,127505,file_anon_mix_p,3638,3638,3641,120,1,3,3,335042,196618,125042,134724,69437,5839,0,4,196614,0,0,38,1952,235,0,1,18887,11,0,11,58,0
0,127284,127505,file_anon_mix_p,3638,3638,3641,120,1,3,3,335061,196618,124548,134724,69437,6352,0,4,196614,0,0,38,1952,235,0,1,19224,11,0,11,62,0
0,127284,127505,file_anon_mix_p,3638,3638,3641,120,1,3,3,334927,196618,124295,134724,69437,6471,0,4,196614,0,0,38,1952,235,0,1,19442,11,0,11,64,0
0,127284,127505,file_anon_mix_p,3638,3638,3641,120,1,3,3,334844,196618,124044,134724,69437,6639,0,4,196614,0,0,38,1952,235,0,1,19633,11,0,11,61,0
0,127284,127505,file_anon_mix_p,3638,3638,3641,120,1,3,3,334923,196618,123515,134724,69437,7247,0,4,196614,0,0,38,1952,235,0,1,20051,11,0,11,33,0
0,127284,127505,file_anon_mix_p,3638,3638,3641,120,1,3,3,335008,196618,123125,134724,69437,7722,0,4,196614,0,0,38,1952,235,0,1,20301,11,0,11,36,0
0,127284,127505,file_anon_mix_p,3638,3638,3641,120,1,3,3,334984,196618,122904,134724,69437,7919,0,4,196614,0,0,38,1952,235,0,1,20492,11,0,11,64,0
0,121783,121783,watch,3638,3638,3641,120,1,3,3,334873,196618,122571,134724,69437,8141,0,4,196614,0,0,38,1952,235,0,1,20736,11,0,11,51,0
0,127284,127505,file_anon_mix_p,3638,3638,3641,120,1,3,3,334941,196618,122208,134724,69437,8572,0,4,196614,0,0,38,1952,235,0,1,21001,11,0,11,56,0
0,127533,127533,watch,3638,3638,3641,120,1,3,3,334861,196618,122272,134724,69437,8428,0,4,196614,0,0,38,1952,235,0,1,20987,11,0,11,64,0
0,127284,127505,file_anon_mix_p,3638,3638,3641,120,1,3,3,335066,196618,121674,134724,69437,9231,0,4,196614,0,0,38,1952,235,0,1,21409,11,0,11,35,0
0,127284,127505,file_anon_mix_p,3638,3638,3641,120,1,3,3,335174,196618,121293,134724,69437,9720,0,4,196614,0,0,38,1952,235,0,1,21659,11,0,11,33,0
0,127534,127534,sh,3638,3638,3641,120,1,3,3,334983,196618,121546,134724,69437,9276,0,4,196614,0,0,38,1952,235,0,1,21488,11,0,11,64,0
0,127534,127534,sh,3638,3638,3641,120,1,3,3,335086,196618,121034,134724,69437,9891,0,4,196614,0,0,38,1952,235,0,1,21880,11,0,11,35,0
0,127284,127505,file_anon_mix_p,3638,3638,3641,120,1,3,3,334984,196618,120903,134724,69437,9920,0,4,196614,0,0,38,1952,235,0,1,21956,11,0,11,57,0
0,127284,127505,file_anon_mix_p,3638,3638,3641,120,1,3,3,334748,196618,119059,134724,69437,11528,0,4,196614,0,0,38,1952,235,0,1,23371,11,0,11,38,0
0,394,394,sshd-session,3638,3638,3641,120,1,3,3,334658,196618,118931,134724,69437,11566,0,4,196614,0,0,38,1952,235,0,1,23458,11,0,11,44,0
0,127284,127505,file_anon_mix_p,3638,3638,3641,120,1,3,3,334736,196618,118446,134724,69437,12129,0,4,196614,0,0,38,1952,235,0,1,23767,11,0,11,43,0
0,127284,127505,file_anon_mix_p,3638,3638,3641,120,1,3,3,334866,196618,118069,134724,69437,12636,0,4,196614,0,0,38,1952,235,0,1,24025,11,0,11,47,0
0,127284,127505,file_anon_mix_p,3638,3638,3641,120,1,3,3,334840,196618,117846,134724,69437,12833,0,4,196614,0,0,38,1952,235,0,1,24214,11,0,11,62,0
0,127284,127505,file_anon_mix_p,3638,3638,3641,120,1,3,3,334883,196618,117380,134724,69437,13342,0,4,196614,0,0,38,1952,235,0,1,24509,11,0,11,55,0
0,127284,127505,file_anon_mix_p,3638,3638,3641,120,1,3,3,335081,196618,116828,134724,69437,14092,0,4,196614,0,0,38,1952,235,0,1,24935,11,0,11,59,0
0,127284,127505,file_anon_mix_p,3638,3638,3641,120,1,3,3,334981,196618,116673,134724,69437,14147,0,4,196614,0,0,38,1952,235,0,1,25094,11,0,11,64,0
0,394,394,sshd-session,3638,3638,3641,120,1,3,3,334796,196618,116424,134724,69437,14211,0,4,196614,0,0,38,1952,235,0,1,25290,11,0,11,62,0
0,127284,127505,file_anon_mix_p,3638,3638,3641,120,1,3,3,334688,196618,116296,134724,69437,14231,0,4,196614,0,0,38,1952,235,0,1,25324,11,0,11,51,0
0,127284,127505,file_anon_mix_p,3638,3638,3641,120,1,3,3,334779,196618,115769,134724,69437,14849,0,4,196614,0,0,38,1952,235,0,1,25801,11,0,11,34,0
0,127284,127505,file_anon_mix_p,3638,3638,3641,120,1,3,3,334961,196618,115279,134724,69437,15521,0,4,196614,0,0,38,1952,235,0,1,26107,11,0,11,55,0
0,127284,127505,file_anon_mix_p,3638,3638,3641,120,1,3,3,335027,196618,114829,134724,69437,16037,0,4,196614,0,0,38,1952,235,0,1,26422,11,0,11,62,0
0,127284,127505,file_anon_mix_p,3638,3638,3641,120,1,3,3,334872,196618,114443,134724,69437,16268,0,4,196614,0,0,38,1952,235,0,1,26705,11,0,11,64,0
0,127284,127505,file_anon_mix_p,3638,3638,3641,120,1,3,3,334939,196618,114040,134724,69437,16738,0,4,196614,0,0,38,1952,235,0,1,27027,11,0,11,49,0
0,127284,127505,file_anon_mix_p,3638,3638,3641,120,1,3,3,334902,196618,113749,134724,69437,16992,0,4,196614,0,0,38,1952,235,0,1,27230,11,0,11,42,0
0,127284,127505,file_anon_mix_p,3638,3638,3641,120,1,3,3,335045,196618,113318,134724,69437,17566,0,4,196614,0,0,38,1952,235,0,1,27565,11,0,11,58,0
0,127284,127505,file_anon_mix_p,3638,3638,3641,120,1,3,3,334936,196618,113139,134724,69437,17636,0,4,196614,0,0,38,1952,235,0,1,27687,11,0,11,59,0
0,127284,127505,file_anon_mix_p,3638,3638,3641,120,1,3,3,335032,196618,112760,134724,69437,18111,0,4,196614,0,0,38,1952,235,0,1,28006,11,0,11,33,0
0,127284,127505,file_anon_mix_p,3638,3638,3641,120,1,3,3,334942,196618,112473,134724,69437,18308,0,4,196614,0,0,38,1952,235,0,1,28190,11,0,11,36,0
0,127284,127505,file_anon_mix_p,3638,3638,3641,120,1,3,3,334907,196618,112218,134724,69437,18528,0,4,196614,0,0,38,1952,235,0,1,28338,11,0,11,64,0
0,127284,127505,file_anon_mix_p,3638,3638,3641,120,1,3,3,334970,196618,111800,134724,69437,19009,0,4,196614,0,0,38,1952,235,0,1,28662,11,0,11,36,0
0,127284,127505,file_anon_mix_p,3638,3638,3641,120,1,3,3,335089,196618,111535,134724,69437,19393,0,4,196614,0,0,38,1952,235,0,1,28876,11,0,11,47,0
0,127284,127505,file_anon_mix_p,3638,3638,3641,120,1,3,3,335082,196618,111231,134724,69437,19690,0,4,196614,0,0,38,1952,235,0,1,29050,11,0,11,64,0
0,127284,127505,file_anon_mix_p,3638,3638,3641,120,1,3,3,335169,196618,110843,134724,69437,20165,0,4,196614,0,0,38,1952,235,0,1,29351,11,0,11,64,0
0,394,394,sshd-session,3638,3638,3641,120,1,3,3,335020,196618,110608,134724,69437,20251,0,4,196614,0,0,38,1952,235,0,1,29557,11,0,11,64,0
0,127284,127505,file_anon_mix_p,3638,3638,3641,120,1,3,3,335012,196618,110466,134724,69437,20385,0,4,196614,0,0,38,1952,235,0,1,29639,11,0,11,64,0
0,127284,127505,file_anon_mix_p,3638,3638,3641,120,1,3,3,335003,196618,109759,134724,69437,21083,0,4,196614,0,0,38,1952,235,0,1,30147,11,0,11,64,0
0,127284,127505,file_anon_mix_p,3638,3638,3641,120,1,3,3,334838,196618,109524,134724,69437,21153,0,4,196614,0,0,38,1952,235,0,1,30317,11,0,11,59,0
0,127284,127505,file_anon_mix_p,3638,3638,3641,120,1,3,3,334984,196618,109026,134724,69437,21797,0,4,196614,0,0,38,1952,235,0,1,30720,11,0,11,64,0
0,127284,127505,file_anon_mix_p,3638,3638,3641,120,1,3,3,334887,196618,108738,134724,69437,21988,0,4,196614,0,0,38,1952,235,0,1,30946,11,0,11,52,0
0,127284,127505,file_anon_mix_p,3638,3638,3641,120,1,3,3,334929,196618,108271,134724,69437,22497,0,4,196614,0,0,38,1952,235,0,1,31263,11,0,11,53,0
0,127284,127505,file_anon_mix_p,3638,3638,3641,120,1,3,3,335004,196618,107862,134724,69437,22981,0,4,196614,0,0,38,1952,235,0,1,31561,11,0,11,57,0
0,127284,127505,file_anon_mix_p,3638,3638,3641,120,1,3,3,334875,196618,107504,134724,69437,23210,0,4,196614,0,0,38,1952,235,0,1,31823,11,0,11,48,0
0,126677,126677,kworker/0:1,3638,3638,3641,120,1,3,3,334718,196618,107101,134724,69437,23456,0,4,196614,0,0,38,1952,235,0,1,32109,11,0,11,0,0
0,126677,126677,kworker/0:1,3638,3638,3641,120,1,3,3,334718,196618,107101,134724,69437,23456,0,4,196614,0,0,38,1952,235,0,1,32113,11,0,11,0,0
0,126677,126677,kworker/0:1,3638,3638,3641,120,1,3,3,334718,196618,107101,134724,69437,23456,0,4,196614,0,0,38,1952,235,0,1,32116,11,0,11,0,0
0,126677,126677,kworker/0:1,3638,3638,3641,120,1,3,3,334718,196618,107101,134724,69437,23456,0,4,196614,0,0,38,1952,235,0,1,32119,11,0,11,0,0
0,126677,126677,kworker/0:1,3638,3638,3641,120,1,3,3,334718,196618,107101,134724,69437,23456,0,4,196614,0,0,38,1952,235,0,1,32121,11,0,11,0,0
0,126677,126677,kworker/0:1,3638,3638,3641,120,1,3,3,334718,196618,107101,134724,69437,23456,0,4,196614,0,0,38,1952,235,0,1,32123,11,0,11,0,0
0,126677,126677,kworker/0:1,3638,3638,3641,120,1,3,3,334718,196618,107101,134724,69437,23456,0,4,196614,0,0,38,1952,235,0,1,32126,11,0,11,0,0
0,126677,126677,kworker/0:1,3638,3638,3641,120,1,3,3,334718,196618,107101,134724,69437,23456,0,4,196614,0,0,38,1952,235,0,1,32128,11,0,11,0,0
0,126677,126677,kworker/0:1,3638,3638,3641,120,1,3,3,334718,196618,107101,134724,69437,23456,0,4,196614,0,0,38,1952,235,0,1,32130,11,0,11,0,0
0,126677,126677,kworker/0:1,3638,3638,3641,120,1,3,3,334718,196618,107101,134724,69437,23456,0,4,196614,0,0,38,1952,235,0,1,32132,11,0,11,0,0
0,126677,126677,kworker/0:1,3638,3638,3641,120,1,3,3,334718,196618,107101,134724,69437,23456,0,4,196614,0,0,38,1952,235,0,1,32134,11,0,11,0,0
0,126677,126677,kworker/0:1,3638,3638,3641,120,1,3,3,334718,196618,107101,134724,69437,23456,0,4,196614,0,0,38,1952,235,0,1,32137,11,0,11,0,0
0,126677,126677,kworker/0:1,3638,3638,3641,120,1,3,3,334718,196618,107101,134724,69437,23456,0,4,196614,0,0,38,1952,235,0,1,32159,11,0,11,0,0
0,126677,126677,kworker/0:1,3638,3638,3641,120,1,3,3,334718,196618,107101,134724,69437,23456,0,4,196614,0,0,38,1952,235,0,1,32163,11,0,11,0,0
0,126677,126677,kworker/0:1,3638,3638,3641,120,1,3,3,334718,196618,107101,134724,69437,23456,0,4,196614,0,0,38,1952,235,0,1,32164,11,0,11,0,0
0,126677,126677,kworker/0:1,3638,3638,3641,120,1,3,3,334654,196618,107037,134724,69437,23456,0,4,196614,0,0,38,1952,235,0,1,32166,11,0,11,0,0
0,126677,126677,kworker/0:1,3638,3638,3641,120,1,3,3,334654,196618,107037,134724,69437,23456,0,4,196614,0,0,38,1952,235,0,1,32168,11,0,11,0,0
0,126677,126677,kworker/0:1,3638,3638,3641,120,1,3,3,334654,196618,107037,134724,69437,23456,0,4,196614,0,0,38,1952,235,0,1,32169,11,0,11,0,0
0,126677,126677,kworker/0:1,3638,3638,3641,120,1,3,3,334654,196618,107037,134724,69437,23456,0,4,196614,0,0,38,1952,235,0,1,32169,11,0,11,0,0
0,126677,126677,kworker/0:1,3638,3638,3641,120,1,3,3,334654,196618,107037,134724,69437,23456,0,4,196614,0,0,38,1952,235,0,1,32169,11,0,11,0,0
0,126677,126677,kworker/0:1,3638,3638,3641,120,1,3,3,334654,196618,107037,134724,69437,23456,0,4,196614,0,0,38,1952,235,0,1,32169,11,0,11,0,0
0,126677,126677,kworker/0:1,3638,3638,3641,120,1,3,3,334654,196618,107037,134724,69437,23456,0,4,196614,0,0,38,1952,235,0,1,32169,11,0,11,0,0
0,126677,126677,kworker/0:1,3638,3638,3641,120,1,3,3,334654,196618,107037,134724,69437,23456,0,4,196614,0,0,38,1952,235,0,1,32169,11,0,11,0,0
0,126677,126677,kworker/0:1,3638,3638,3641,120,1,3,3,334654,196618,107037,134724,69437,23456,0,4,196614,0,0,38,1952,235,0,1,32169,11,0,11,0,0
0,126677,126677,kworker/0:1,3638,3638,3641,120,1,3,3,334654,196618,107037,134724,69437,23456,0,4,196614,0,0,38,1952,235,0,1,32169,11,0,11,0,0
0,126677,126677,kworker/0:1,3638,3638,3641,120,1,3,3,334680,196618,107037,134724,69437,23482,0,4,196614,0,0,38,1952,235,0,1,32195,11,0,11,0,0
0,126677,126677,kworker/0:1,3638,3638,3641,120,1,3,3,334694,196618,107017,134724,69437,23516,0,4,196614,0,0,38,1952,235,0,1,32221,11,0,11,0,0
0,126677,126677,kworker/0:1,3638,3638,3641,120,1,3,3,334630,196618,106903,134724,69437,23566,0,4,196614,0,0,38,1952,235,0,1,32222,11,0,11,0,0
0,126677,126677,kworker/0:1,3638,3638,3641,120,1,3,3,334630,196618,106903,134724,69437,23566,0,4,196614,0,0,38,1952,235,0,1,32224,11,0,11,0,0
0,126677,126677,kworker/0:1,3638,3638,3641,120,1,3,3,334630,196618,106903,134724,69437,23566,0,4,196614,0,0,38,1952,235,0,1,32227,11,0,11,0,0
0,126677,126677,kworker/0:1,3638,3638,3641,120,1,3,3,334630,196618,106903,134724,69437,23566,0,4,196614,0,0,38,1952,235,0,1,32229,11,0,11,0,0
0,126677,126677,kworker/0:1,3638,3638,3641,120,1,3,3,334630,196618,106903,134724,69437,23566,0,4,196614,0,0,38,1952,235,0,1,32231,11,0,11,0,0
0,126677,126677,kworker/0:1,3638,3638,3641,120,1,3,3,334630,196618,106903,134724,69437,23566,0,4,196614,0,0,38,1952,235,0,1,32234,11,0,11,0,0
0,126677,126677,kworker/0:1,3638,3638,3641,120,1,3,3,334630,196618,106903,134724,69437,23566,0,4,196614,0,0,38,1952,235,0,1,32236,11,0,11,0,0
0,126677,126677,kworker/0:1,3638,3638,3641,120,1,3,3,334630,196618,106903,134724,69437,23566,0,4,196614,0,0,38,1952,235,0,1,32239,11,0,11,0,0
0,126677,126677,kworker/0:1,3638,3638,3641,120,1,3,3,334630,196618,106903,134724,69437,23566,0,4,196614,0,0,38,1952,235,0,1,32241,11,0,11,0,0
0,126677,126677,kworker/0:1,3638,3638,3641,120,1,3,3,334630,196618,106903,134724,69437,23566,0,4,196614,0,0,38,1952,235,0,1,32243,11,0,11,0,0
0,126677,126677,kworker/0:1,3638,3638,3641,120,1,3,3,334630,196618,106903,134724,69437,23566,0,4,196614,0,0,38,1952,235,0,1,32246,11,0,11,0,0
0,121783,121783,watch,3638,3638,3641,120,1,3,3,334788,196618,107229,134724,69437,23398,0,4,196614,0,0,38,1952,235,0,1,32033,11,0,11,33,0
0,126677,126677,kworker/0:1,3638,3638,3641,120,1,3,3,334632,196618,106786,134724,69437,23685,0,4,196614,0,0,38,1952,235,0,1,32279,11,0,11,0,0
0,126677,126677,kworker/0:1,3638,3638,3641,120,1,3,3,334632,196618,106786,134724,69437,23685,0,4,196614,0,0,38,1952,235,0,1,32283,11,0,11,0,0
0,126677,126677,kworker/0:1,3638,3638,3641,120,1,3,3,334632,196618,106786,134724,69437,23685,0,4,196614,0,0,38,1952,235,0,1,32285,11,0,11,0,0
0,126677,126677,kworker/0:1,3638,3638,3641,120,1,3,3,334632,196618,106786,134724,69437,23685,0,4,196614,0,0,38,1952,235,0,1,32288,11,0,11,0,0
0,126677,126677,kworker/0:1,3638,3638,3641,120,1,3,3,334632,196618,106786,134724,69437,23685,0,4,196614,0,0,38,1952,235,0,1,32290,11,0,11,0,0
0,126677,126677,kworker/0:1,3638,3638,3641,120,1,3,3,334632,196618,106786,134724,69437,23685,0,4,196614,0,0,38,1952,235,0,1,32293,11,0,11,0,0
0,126677,126677,kworker/0:1,3638,3638,3641,120,1,3,3,334632,196618,106786,134724,69437,23685,0,4,196614,0,0,38,1952,235,0,1,32295,11,0,11,0,0
0,126677,126677,kworker/0:1,3638,3638,3641,120,1,3,3,334632,196618,106786,134724,69437,23685,0,4,196614,0,0,38,1952,235,0,1,32297,11,0,11,0,0
0,126677,126677,kworker/0:1,3638,3638,3641,120,1,3,3,334632,196618,106786,134724,69437,23685,0,4,196614,0,0,38,1952,235,0,1,32299,11,0,11,0,0
0,126677,126677,kworker/0:1,3638,3638,3641,120,1,3,3,334632,196618,106786,134724,69437,23685,0,4,196614,0,0,38,1952,235,0,1,32302,11,0,11,0,0
0,126677,126677,kworker/0:1,3638,3638,3641,120,1,3,3,334632,196618,106786,134724,69437,23685,0,4,196614,0,0,38,1952,235,0,1,32304,11,0,11,0,0
0,126677,126677,kworker/0:1,3638,3638,3641,120,1,3,3,334632,196618,106786,134724,69437,23685,0,4,196614,0,0,38,1952,235,0,1,32306,11,0,11,0,0
0,126677,126677,kworker/0:1,3638,3638,3641,120,1,3,3,334632,196618,106786,134724,69437,23685,0,4,196614,0,0,38,1952,235,0,1,32309,11,0,11,0,0
0,126677,126677,kworker/0:1,3638,3638,3641,120,1,3,3,334607,196618,106686,134724,69437,23760,0,4,196614,0,0,38,1952,235,0,1,32344,11,0,11,0,0
0,127536,127536,watch,3638,3638,3641,120,1,3,3,334467,196618,105981,134724,69437,24325,0,4,196614,0,0,38,1952,235,0,1,32687,11,0,11,53,0
0,127284,127505,file_anon_mix_p,3638,3638,3641,120,1,3,3,334606,196618,106184,134724,69437,24261,0,4,196614,0,0,38,1952,235,0,1,32628,11,0,11,64,0
0,127284,127505,file_anon_mix_p,3638,3638,3641,120,1,3,3,334302,196618,104383,134724,69437,25758,0,4,196614,0,0,38,1952,235,0,1,33945,11,0,11,64,0
0,127284,127505,file_anon_mix_p,3638,3638,3641,120,1,3,3,334464,196618,103938,134724,69437,26365,0,4,196614,0,0,38,1952,235,0,1,34324,11,0,11,64,0
0,127538,127538,cat,3638,3638,3641,120,1,3,3,334300,196618,103742,134724,69437,26397,0,4,196614,0,0,38,1952,235,0,1,34442,11,0,11,64,0
0,127284,127505,file_anon_mix_p,3638,3638,3641,120,1,3,3,334542,196618,102381,134724,69437,28000,0,4,196614,0,0,38,1952,235,0,1,35707,11,0,11,64,0
0,394,394,sshd-session,3638,3638,3641,120,1,3,3,334373,196618,102200,134724,69437,28012,0,4,196614,0,0,38,1952,235,0,1,35899,11,0,11,64,0
0,127284,127505,file_anon_mix_p,3638,3638,3641,120,1,3,3,334326,196618,102072,134724,69437,28093,0,4,196614,0,0,38,1952,235,0,1,35907,11,0,11,64,0
0,127284,127505,file_anon_mix_p,3638,3638,3641,120,1,3,3,334387,196618,101525,134724,69437,28701,0,4,196614,0,0,38,1952,235,0,1,36463,11,0,11,64,0
0,127284,127505,file_anon_mix_p,3638,3638,3641,120,1,3,3,334492,196618,101054,134724,69437,29277,0,4,196614,0,0,38,1952,235,0,1,36868,11,0,11,64,0
0,127284,127505,file_anon_mix_p,3638,3638,3641,120,1,3,3,334576,196618,100594,134724,69437,29821,0,4,196614,0,0,38,1952,235,0,1,37252,11,0,11,64,0
0,394,394,sshd-session,3638,3638,3641,120,1,3,3,334384,196618,100402,134724,69437,29821,0,4,196614,0,0,38,1952,235,0,1,37463,11,0,11,64,0
0,127284,127505,file_anon_mix_p,3638,3638,3641,120,1,3,3,334849,196618,99735,134724,69437,30953,0,4,196614,0,0,38,1952,235,0,1,38071,11,0,11,47,0
0,127284,127505,file_anon_mix_p,3638,3638,3641,120,1,3,3,334963,196618,99317,134724,69437,31485,0,4,196614,0,0,38,1952,235,0,1,38421,11,0,11,64,0
0,127284,127505,file_anon_mix_p,3638,3638,3641,120,1,3,3,335106,196618,98916,134724,69437,32029,0,4,196614,0,0,38,1952,235,0,1,38794,11,0,11,64,0
0,127284,127505,file_anon_mix_p,3638,3638,3641,120,1,3,3,335106,196618,98610,134724,69437,32335,0,4,196614,0,0,38,1952,235,0,1,39054,11,0,11,52,0
0,127284,127505,file_anon_mix_p,3638,3638,3641,120,1,3,3,335015,196618,98185,134724,69437,32669,0,4,196614,0,0,38,1952,235,0,1,39392,11,0,11,54,0
0,127284,127505,file_anon_mix_p,3638,3638,3641,120,1,3,3,335148,196618,97907,134724,69437,33080,0,4,196614,0,0,38,1952,235,0,1,39639,11,0,11,62,0
0,127284,127505,file_anon_mix_p,3638,3638,3641,120,1,3,3,335034,196618,97626,134724,69437,33247,0,4,196614,0,0,38,1952,235,0,1,39892,11,0,11,64,0
0,127284,127505,file_anon_mix_p,3638,3638,3641,120,1,3,3,335163,196618,97344,134724,69437,33658,0,4,196614,0,0,38,1952,235,0,1,40148,11,0,11,64,0
0,127284,127505,file_anon_mix_p,3638,3638,3641,120,1,3,3,335045,196618,97061,134724,69437,33823,0,4,196614,0,0,38,1952,235,0,1,40404,11,0,11,64,0
0,127284,127505,file_anon_mix_p,3638,3638,3641,120,1,3,3,335167,196618,96708,134724,69437,34298,0,4,196614,0,0,38,1952,235,0,1,40675,11,0,11,33,0
0,127284,127505,file_anon_mix_p,3638,3638,3641,120,1,3,3,335091,196618,96435,134724,69437,34495,0,4,196614,0,0,38,1952,235,0,1,40854,11,0,11,64,0
0,127284,127505,file_anon_mix_p,3638,3638,3641,120,1,3,3,334963,196618,96307,134724,69437,34495,0,4,196614,0,0,38,1952,235,0,1,40975,11,0,11,35,0
0,127284,127505,file_anon_mix_p,3638,3638,3641,120,1,3,3,335086,196618,95957,134724,69437,34968,0,4,196614,0,0,38,1952,235,0,1,41221,11,0,11,64,0
0,394,394,sshd-session,3638,3638,3641,120,1,3,3,334954,196618,95725,134724,69437,35068,0,4,196614,0,0,38,1952,235,0,1,41391,11,0,11,56,0
0,127284,127505,file_anon_mix_p,3638,3638,3641,120,1,3,3,334909,196618,95519,134724,69437,35229,0,4,196614,0,0,38,1952,235,0,1,41513,11,0,11,35,0
0,127284,127505,file_anon_mix_p,3638,3638,3641,120,1,3,3,335058,196618,95074,134724,69437,35823,0,4,196614,0,0,38,1952,235,0,1,41858,11,0,11,34,0
0,127284,127505,file_anon_mix_p,3638,3638,3641,120,1,3,3,335027,196618,94943,134724,69437,35923,0,4,196614,0,0,38,1952,235,0,1,41955,11,0,11,64,0
0,127284,127505,file_anon_mix_p,3638,3638,3641,120,1,3,3,335086,196618,94527,134724,69437,36398,0,4,196614,0,0,38,1952,235,0,1,42244,11,0,11,38,0
0,127284,127505,file_anon_mix_p,3638,3638,3641,120,1,3,3,335053,196618,94329,134724,69437,36563,0,4,196614,0,0,38,1952,235,0,1,42440,11,0,11,51,0
0,127284,127505,file_anon_mix_p,3638,3638,3641,120,1,3,3,335110,196618,93869,134724,69437,37080,0,4,196614,0,0,38,1952,235,0,1,42734,11,0,11,35,0
0,127284,127505,file_anon_mix_p,3638,3638,3641,120,1,3,3,335093,196618,93647,134724,69437,37285,0,4,196614,0,0,38,1952,235,0,1,42898,11,0,11,64,0
0,127284,127505,file_anon_mix_p,3638,3638,3641,120,1,3,3,334966,196618,93488,134724,69437,37317,0,4,196614,0,0,38,1952,235,0,1,43025,11,0,11,33,0
0,127284,127505,file_anon_mix_p,3638,3638,3641,120,1,3,3,335051,196618,93098,134724,69437,37792,0,4,196614,0,0,38,1952,235,0,1,43323,11,0,11,57,0
0,127284,127505,file_anon_mix_p,3638,3638,3641,120,1,3,3,334899,196618,92682,134724,69437,38056,0,4,196614,0,0,38,1952,235,0,1,43589,11,0,11,43,0
0,121783,121783,watch,3638,3638,3641,120,1,3,3,334906,196618,92245,134724,69437,38500,0,4,196614,0,0,38,1952,235,0,1,43955,11,0,11,64,0
0,127284,127505,file_anon_mix_p,3638,3638,3641,120,1,3,3,334867,196618,92181,134724,69437,38525,0,4,196614,0,0,38,1952,235,0,1,43978,11,0,11,64,0
0,127284,127505,file_anon_mix_p,3638,3638,3641,120,1,3,3,334723,196618,91317,134724,69437,39245,0,4,196614,0,0,38,1952,235,0,1,44620,11,0,11,43,0
0,127540,127540,sh,3638,3638,3641,120,1,3,3,334659,196618,91253,134724,69437,39245,0,4,196614,0,0,38,1952,235,0,1,44652,11,0,11,64,0
0,127284,127505,file_anon_mix_p,3638,3638,3641,120,1,3,3,334529,196618,90819,134724,69437,39549,0,4,196614,0,0,38,1952,235,0,1,44982,11,0,11,64,0
0,127284,127505,file_anon_mix_p,3638,3638,3641,120,1,3,3,334481,196618,90035,134724,69437,40285,0,4,196614,0,0,38,1952,235,0,1,45533,11,0,11,54,0
0,127541,127541,cat,3638,3638,3641,120,1,3,3,334516,196618,90099,134724,69437,40256,0,4,196614,0,0,38,1952,235,0,1,45532,11,0,11,64,0
0,127541,127541,cat,3638,3638,3641,120,1,3,3,334656,196618,89403,134724,69437,41092,0,4,196614,0,0,38,1952,235,0,1,46057,11,0,11,59,0
0,127284,127505,file_anon_mix_p,3638,3638,3641,120,1,3,3,334555,196618,88792,134724,69437,41602,0,4,196614,0,0,38,1952,235,0,1,46513,11,0,11,38,0
0,127541,127541,cat,3638,3638,3641,120,1,3,3,334491,196618,88728,134724,69437,41602,0,4,196614,0,0,38,1952,235,0,1,46520,11,0,11,64,0
0,127284,127505,file_anon_mix_p,3638,3638,3641,120,1,3,3,334486,196618,87368,134724,69437,42957,0,4,196614,0,0,38,1952,235,0,1,47575,11,0,11,63,0
0,127284,127505,file_anon_mix_p,3638,3638,3641,120,1,3,3,334317,196618,87086,134724,69437,43070,0,4,196614,0,0,38,1952,235,0,1,47757,11,0,11,35,0
0,127284,127505,file_anon_mix_p,3638,3638,3641,120,1,3,3,334601,196618,86769,134724,69437,43671,0,4,196614,0,0,38,1952,235,0,1,48016,11,0,11,64,0
0,126930,126930,mglru_monitor,3638,3638,3641,120,1,3,3,334406,196618,86510,134724,69437,43735,0,4,196614,0,0,38,1952,235,0,1,48162,11,0,11,35,0
0,127284,127505,file_anon_mix_p,3638,3638,3641,120,1,3,3,334363,196618,86443,134724,69437,43759,0,4,196614,0,0,38,1952,235,0,1,48164,11,0,11,64,0
0,127284,127505,file_anon_mix_p,3638,3638,3641,120,1,3,3,334782,196618,85740,134724,69437,44881,0,4,196614,0,0,38,1952,235,0,1,48713,11,0,11,33,0
0,127284,127505,file_anon_mix_p,3638,3638,3641,120,1,3,3,334789,196618,85429,134724,69437,45199,0,4,196614,0,0,38,1952,235,0,1,48937,11,0,11,61,0
0,127284,127505,file_anon_mix_p,3638,3638,3641,120,1,3,3,334789,196618,85083,134724,69437,45545,0,4,196614,0,0,38,1952,235,0,1,49191,11,0,11,64,0
0,127284,127505,file_anon_mix_p,3638,3638,3641,120,1,3,3,334747,196618,84861,134724,69437,45725,0,4,196614,0,0,38,1952,235,0,1,49427,11,0,11,34,0
0,127284,127505,file_anon_mix_p,3638,3638,3641,120,1,3,3,334939,196618,84445,134724,69437,46333,0,4,196614,0,0,38,1952,235,0,1,49734,11,0,11,37,0
0,127284,127505,file_anon_mix_p,3638,3638,3641,120,1,3,3,334998,196618,83997,134724,69437,46840,0,4,196614,0,0,38,1952,235,0,1,50032,11,0,11,41,0
0,127284,127505,file_anon_mix_p,3638,3638,3641,120,1,3,3,334939,196618,83709,134724,69437,47069,0,4,196614,0,0,38,1952,235,0,1,50213,11,0,11,64,0
0,127284,127505,file_anon_mix_p,3638,3638,3641,120,1,3,3,334998,196618,83261,134724,69437,47576,0,4,196614,0,0,38,1952,235,0,1,50524,11,0,11,64,0
0,127284,127505,file_anon_mix_p,3638,3638,3641,120,1,3,3,334955,196618,83053,134724,69437,47741,0,4,196614,0,0,38,1952,235,0,1,50717,11,0,11,50,0
0,127284,127505,file_anon_mix_p,3638,3638,3641,120,1,3,3,335062,196618,82653,134724,69437,48248,0,4,196614,0,0,38,1952,235,0,1,50972,11,0,11,64,0
0,127284,127505,file_anon_mix_p,3638,3638,3641,120,1,3,3,334950,196618,82376,134724,69437,48413,0,4,196614,0,0,38,1952,235,0,1,51211,11,0,11,33,0
0,127284,127505,file_anon_mix_p,3638,3638,3641,120,1,3,3,335126,196618,82045,134724,69437,48920,0,4,196614,0,0,38,1952,235,0,1,51472,11,0,11,64,0
0,394,394,sshd-session,3638,3638,3641,120,1,3,3,335001,196618,81917,134724,69437,48923,0,4,196614,0,0,38,1952,235,0,1,51580,11,0,11,59,0
0,127284,127505,file_anon_mix_p,3638,3638,3641,120,1,3,3,334912,196618,81607,134724,69437,49144,0,4,196614,0,0,38,1952,235,0,1,51784,11,0,11,45,0
0,127284,127505,file_anon_mix_p,3638,3638,3641,120,1,3,3,335109,196618,81216,134724,69437,49732,0,4,196614,0,0,38,1952,235,0,1,52059,11,0,11,33,0
0,127284,127505,file_anon_mix_p,3638,3638,3641,120,1,3,3,335003,196618,81021,134724,69437,49821,0,4,196614,0,0,38,1952,235,0,1,52183,11,0,11,35,0
0,127284,127505,file_anon_mix_p,3638,3638,3641,120,1,3,3,335122,196618,80890,134724,69437,50071,0,4,196614,0,0,38,1952,235,0,1,52319,11,0,11,36,0
0,127284,127505,file_anon_mix_p,3638,3638,3641,120,1,3,3,335157,196618,80535,134724,69437,50461,0,4,196614,0,0,38,1952,235,0,1,52587,11,0,11,39,0
0,394,394,sshd-session,3638,3638,3641,120,1,3,3,335072,196618,80381,134724,69437,50530,0,4,196614,0,0,38,1952,235,0,1,52663,11,0,11,64,0
0,127284,127505,file_anon_mix_p,3638,3638,3641,120,1,3,3,335195,196618,79901,134724,69437,51133,0,4,196614,0,0,38,1952,235,0,1,53014,11,0,11,45,0
0,127284,127505,file_anon_mix_p,3638,3638,3641,120,1,3,3,335106,196618,79748,134724,69437,51197,0,4,196614,0,0,38,1952,235,0,1,53134,11,0,11,46,0
0,127284,127505,file_anon_mix_p,3638,3638,3641,120,1,3,3,335190,196618,79389,134724,69437,51640,0,4,196614,0,0,38,1952,235,0,1,53445,11,0,11,49,0
0,127284,127505,file_anon_mix_p,3638,3638,3641,120,1,3,3,335112,196618,79082,134724,69437,51869,0,4,196614,0,0,38,1952,235,0,1,53615,11,0,11,58,0
0,394,394,sshd-session,3638,3638,3641,120,1,3,3,334939,196618,78877,134724,69437,51901,0,4,196614,0,0,38,1952,235,0,1,53751,11,0,11,64,0
0,127284,127505,file_anon_mix_p,3638,3638,3641,120,1,3,3,335003,196618,78941,134724,69437,51901,0,4,196614,0,0,38,1952,235,0,1,53744,11,0,11,53,0
0,127284,127505,file_anon_mix_p,3638,3638,3641,120,1,3,3,334946,196618,78196,134724,69437,52589,0,4,196614,0,0,38,1952,235,0,1,54245,11,0,11,64,0
0,127284,127505,file_anon_mix_p,3638,3638,3641,120,1,3,3,334945,196618,77475,134724,69437,53309,0,4,196614,0,0,38,1952,235,0,1,54812,11,0,11,64,0
0,127284,127505,file_anon_mix_p,3638,3638,3641,120,1,3,3,335124,196618,77014,134724,69437,53949,0,4,196614,0,0,38,1952,235,0,1,55164,11,0,11,44,0
0,127284,127505,file_anon_mix_p,3638,3638,3641,120,1,3,3,335246,196618,76662,134724,69437,54423,0,4,196614,0,0,38,1952,235,0,1,55414,11,0,11,47,0
0,121783,121783,watch,3638,3638,3641,120,1,3,3,335141,196618,76350,134724,69437,54630,0,4,196614,0,0,38,1952,235,0,1,55622,11,0,11,43,0
0,394,394,sshd-session,3638,3638,3641,120,1,3,3,335142,196618,76494,134724,69437,54487,0,4,196614,0,0,38,1952,235,0,1,55552,11,0,11,64,0
0,127284,127505,file_anon_mix_p,3638,3638,3641,120,1,3,3,334978,196618,76164,134724,69437,54653,0,4,196614,0,0,38,1952,235,0,1,55728,11,0,11,37,0
0,127543,127543,sh,3638,3638,3641,120,1,3,3,334705,196618,75603,134724,69437,54941,0,4,196614,0,0,38,1952,235,0,1,56167,11,0,11,47,0
0,127543,127543,sh,3638,3638,3641,120,1,3,3,334673,196618,74882,134724,69437,55630,0,4,196614,0,0,38,1952,235,0,1,56741,11,0,11,33,0
0,127543,127543,sh,3638,3638,3641,120,1,3,3,334616,196618,74501,134724,69437,55954,0,4,196614,0,0,38,1952,235,0,1,57014,11,0,11,58,0
0,127284,127505,file_anon_mix_p,3638,3638,3641,120,1,3,3,334531,196618,74282,134724,69437,56088,0,4,196614,0,0,38,1952,235,0,1,57135,11,0,11,49,0
0,127284,127505,file_anon_mix_p,3638,3638,3641,120,1,3,3,334401,196618,72098,134724,69437,58142,0,4,196614,0,0,38,1952,235,0,1,58744,11,0,11,64,0
0,126930,126930,mglru_monitor,3638,3638,3641,120,1,3,3,334189,196618,71805,134724,69437,58223,0,4,196614,0,0,38,1952,235,0,1,58984,11,0,11,64,0
0,45,45,kswapd0,3638,3638,3641,120,1156,3,3,335275,196618,131113,134725,69437,0,0,4,196614,0,0,38,1952,235,0,1,14578,11,0,11,37891,2
0,45,45,kswapd0,118,118,120,120,0,2,2,39,0,25,0,0,14,0,0,0,0,0,0,0,0,0,0,11,0,11,0,0,0
0,45,45,kswapd0,0,0,3,120,0,3,3,0,0,0,0,0,0,0,0,0,0,0,0,0,0,0,0,0,0,0,0,0,0
0,45,45,kswapd0,38,38,40,120,0,2,2,6,0,4,0,0,2,0,0,0,0,0,0,5,2,0,0,0,0,0,0,0,0
0,45,45,kswapd0,5265,5265,5267,120,1,2,2,130,599,20,60,0,50,341,97,0,161,0,3,1,208,0,62,1,46,0,39,0,64
0,45,45,kswapd0,0,0,3,120,0,3,3,0,0,0,0,0,0,0,0,0,0,0,0,0,0,0,0,0,0,0,0,0,0
0,45,45,kswapd0,0,0,3,120,0,3,3,0,0,0,0,0,0,0,0,0,0,0,0,0,0,0,0,0,0,0,0,0,0
0,45,45,kswapd0,245,245,247,120,0,2,2,29,11,3,1,0,25,0,0,0,11,0,4,1,41,0,0,22,0,21,0,0,0
0,45,45,kswapd0,141,141,142,120,0,1,1,5,21,0,0,0,5,0,0,0,21,0,0,9,13,0,0,0,3,0,0,0,0
0,45,45,kswapd0,0,0,3,120,0,3,3,0,0,0,0,0,0,0,0,0,0,0,0,0,0,0,0,0,0,0,0,0,0
0,45,45,kswapd0,10,10,12,120,0,2,2,1,0,1,0,0,0,0,0,0,0,0,0,0,1,0,0,59,0,0,0,0,0
0,45,45,kswapd0,3639,3639,3642,120,1,3,3,263675,197051,0,0,5,263670,1,47,3,197000,3,24,31239,122,0,0,182,2,0,0,0,0
0,45,45,kswapd0,153,153,155,120,0,2,2,27,245,2,0,0,25,0,5,0,240,0,0,22,4,0,0,17,0,10,0,0,0
0,45,45,kswapd0,0,0,3,120,0,3,3,0,0,0,0,0,0,0,0,0,0,0,0,0,0,0,0,0,0,0,0,0,0
0,45,45,kswapd0,118,118,120,120,0,2,2,39,0,25,0,0,14,0,0,0,0,0,0,0,0,0,0,11,0,11,0,0,0
0,45,45,kswapd0,38,38,40,120,0,2,2,6,0,4,0,0,2,0,0,0,0,0,0,5,2,0,0,0,0,0,0,0,0
0,45,45,kswapd0,0,0,3,120,0,3,3,0,0,0,0,0,0,0,0,0,0,0,0,0,0,0,0,0,0,0,0,0,0
0,45,45,kswapd0,0,0,3,120,0,3,3,0,0,0,0,0,0,0,0,0,0,0,0,0,0,0,0,0,0,0,0,0,0
0,45,45,kswapd0,0,0,3,120,0,3,3,0,0,0,0,0,0,0,0,0,0,0,0,0,0,0,0,0,0,0,0,0,0
0,45,45,kswapd0,0,0,3,120,0,3,3,0,0,0,0,0,0,0,0,0,0,0,0,0,0,0,0,0,0,0,0,0,0
0,45,45,kswapd0,4006,4006,4009,120,1,3,3,53,81,2,45,5,1,1,80,0,0,0,0,0,10,0,0,0,0,0,0,0,0
0,45,45,kswapd0,0,0,3,120,0,3,3,0,0,0,0,0,0,0,0,0,0,0,0,0,0,0,0,0,0,0,0,0,0
0,45,45,kswapd0,1140,1140,1143,120,1,3,3,77,97,1,0,0,76,1,21,0,75,0,0,13,48,0,0,7,0,7,0,0,0
0,45,45,kswapd0,0,0,3,120,0,3,3,0,0,0,0,0,0,0,0,0,0,0,0,0,0,0,0,0,0,0,0,0,0
0,45,45,kswapd0,0,0,3,120,0,3,3,0,0,0,0,0,0,0,0,0,0,0,0,0,0,0,0,0,0,0,0,0,0
0,45,45,kswapd0,0,0,3,120,0,3,3,0,0,0,0,0,0,0,0,0,0,0,0,0,0,0,0,0,0,0,0,0,0
0,45,45,kswapd0,0,0,3,120,0,3,3,0,0,0,0,0,0,0,0,0,0,0,0,0,0,0,0,0,0,0,0,0,0
0,45,45,kswapd0,1102,1102,1105,120,1,3,3,68,276,2,0,57,9,25,0,244,7,0,0,15,61,0,0,5,0,5,0,0,0
0,45,45,kswapd0,0,0,3,120,0,3,3,0,0,0,0,0,0,0,0,0,0,0,0,0,0,0,0,0,0,0,0,0,0
0,45,45,kswapd0,14,14,17,120,0,3,3,1,0,0,0,1,0,0,0,0,0,0,0,96,0,0,0,3,0,0,0,0,0
0,45,45,kswapd0,0,0,3,120,0,3,3,0,0,0,0,0,0,0,0,0,0,0,0,0,0,0,0,0,0,0,0,0,0
0,45,45,kswapd0,1506,1506,1508,120,0,2,2,52,605,1,4,0,47,22,33,0,550,0,3,0,203,0,0,37,0,19,0,0,0
0,45,45,kswapd0,7,7,9,120,0,2,2,0,1,0,0,0,0,1,0,0,0,0,0,7,6,0,0,1,0,0,0,0,0
0,45,45,kswapd0,0,0,3,120,0,3,3,0,0,0,0,0,0,0,0,0,0,0,0,0,0,0,0,0,0,0,0,0,0
0,45,45,kswapd0,143,143,144,120,0,1,1,0,31,0,0,0,0,16,0,0,15,0,0,3,7,0,0,0,0,0,0,0,0
0,45,45,kswapd0,0,0,3,120,0,3,3,0,0,0,0,0,0,0,0,0,0,0,0,0,0,0,0,0,0,0,0,0,0
0,45,45,kswapd0,0,0,3,120,0,3,3,0,0,0,0,0,0,0,0,0,0,0,0,0,0,0,0,0,0,0,0,0,0
0,45,45,kswapd0,6,7,9,120,0,3,2,0,0,0,0,0,0,0,0,0,0,0,0,0,1,0,0,0,22,0,0,0,0
0,45,45,kswapd0,0,0,3,120,0,3,3,0,0,0,0,0,0,0,0,0,0,0,0,0,0,0,0,0,0,0,0,0,0
0,45,45,kswapd0,5234,5234,5236,120,0,2,2,29,13,1,0,0,28,13,0,0,0,0,0,14,2,0,0,7,0,0,0,0,0
0,45,45,kswapd0,5,5,7,120,0,2,2,0,0,0,0,0,0,0,0,0,0,0,0,27,0,0,0,2,0,0,0,0,0
0,45,45,kswapd0,3972,3972,3975,120,1,3,3,102,409,44,53,5,0,0,29,70,310,0,3,304,324,0,4,9,124,0,6,6,0
0,45,45,kswapd0,0,0,3,120,0,3,3,0,0,0,0,0,0,0,0,0,0,0,0,0,0,0,0,0,0,0,0,0,0
0,45,45,kswapd0,0,0,3,120,0,3,3,0,0,0,0,0,0,0,0,0,0,0,0,0,0,0,0,0,0,0,0,0,0
0,45,45,kswapd0,0,0,3,120,0,3,3,0,0,0,0,0,0,0,0,0,0,0,0,0,0,0,0,0,0,0,0,0,0
0,45,45,kswapd0,14,14,17,120,0,3,3,1,0,0,0,1,0,0,0,0,0,0,0,96,0,0,0,3,0,0,0,0,0
0,45,45,kswapd0,6,7,9,120,0,3,2,0,0,0,0,0,0,0,0,0,0,0,0,0,1,0,0,0,22,0,0,0,0
0,45,45,kswapd0,0,0,3,120,0,3,3,0,0,0,0,0,0,0,0,0,0,0,0,0,0,0,0,0,0,0,0,0,0
0,45,45,kswapd0,5265,5265,5267,120,1,2,2,130,535,20,60,0,50,277,97,0,161,0,3,1,208,0,62,1,110,0,39,0,64
0,45,45,kswapd0,10,10,12,120,0,2,2,1,0,1,0,0,0,0,0,0,0,0,0,0,1,0,0,59,0,0,0,0,0
0,45,45,kswapd0,0,0,3,120,0,3,3,0,0,0,0,0,0,0,0,0,0,0,0,0,0,0,0,0,0,0,0,0,0
0,45,45,kswapd0,0,0,3,120,0,3,3,0,0,0,0,0,0,0,0,0,0,0,0,0,0,0,0,0,0,0,0,0,0
0,45,45,kswapd0,7,7,9,120,0,2,2,0,1,0,0,0,0,1,0,0,0,0,0,7,6,0,0,1,0,0,0,0,0
0,45,45,kswapd0,0,0,3,120,0,3,3,0,0,0,0,0,0,0,0,0,0,0,0,0,0,0,0,0,0,0,0,0,0
0,45,45,kswapd0,0,0,3,120,0,3,3,0,0,0,0,0,0,0,0,0,0,0,0,0,0,0,0,0,0,0,0,0,0
0,45,45,kswapd0,0,0,3,120,0,3,3,0,0,0,0,0,0,0,0,0,0,0,0,0,0,0,0,0,0,0,0,0,0
0,45,45,kswapd0,4007,4007,4009,120,1,2,2,53,92,41,5,0,7,92,0,0,0,0,0,0,4,0,0,0,0,0,0,0,7
0,45,45,kswapd0,1141,1141,1143,120,0,2,2,77,97,0,0,0,77,22,0,0,75,3,0,10,23,0,0,0,0,0,0,0,0
0,45,45,kswapd0,5,5,7,120,0,2,2,0,0,0,0,0,0,0,0,0,0,0,0,27,0,0,0,2,0,0,0,0,0
0,45,45,kswapd0,0,0,3,120,0,3,3,0,0,0,0,0,0,0,0,0,0,0,0,0,0,0,0,0,0,0,0,0,0
0,45,45,kswapd0,3973,3973,3975,120,0,2,2,96,409,48,7,0,41,29,70,0,310,0,4,156,225,0,0,6,0,0,0,0,0
0,45,45,kswapd0,4007,4007,4009,120,0,2,2,53,85,41,5,0,7,14,4,0,67,0,0,0,4,0,3,0,7,0,0,0,0
0,45,45,kswapd0,5265,5265,5267,120,1,2,2,130,471,20,60,0,50,213,97,0,161,0,3,1,208,0,62,1,174,0,39,0,64
0,45,45,kswapd0,5265,5265,5267,120,1,2,2,130,407,20,60,0,50,144,102,0,161,0,3,1,208,0,67,1,238,0,39,0,34
0,45,45,kswapd0,5265,5265,5267,120,0,2,2,130,373,20,60,0,50,0,208,0,165,0,3,1,208,0,172,1,272,0,39,0,0
0,45,45,kswapd0,0,0,3,120,0,3,3,0,0,0,0,0,0,0,0,0,0,0,0,0,0,0,0,0,0,0,0,0,0
0,45,45,kswapd0,14,14,17,120,0,3,3,1,0,0,0,1,0,0,0,0,0,0,0,96,0,0,0,3,0,0,0,0,0
0,45,45,kswapd0,0,0,3,120,0,3,3,0,0,0,0,0,0,0,0,0,0,0,0,0,0,0,0,0,0,0,0,0,0
0,45,45,kswapd0,1141,1141,1144,120,1,3,3,77,97,0,0,77,0,20,0,77,0,3,0,10,23,0,0,0,0,0,0,0,0
0,45,45,kswapd0,4007,4007,4010,120,1,3,3,53,85,40,0,13,0,14,4,67,0,0,0,0,4,0,3,0,7,0,0,0,0
0,45,45,kswapd0,14,14,17,120,0,3,3,1,0,0,0,1,0,0,0,0,0,0,0,96,0,0,0,3,0,0,0,0,0
0,45,45,kswapd0,118,118,120,120,1,2,2,39,0,25,0,0,14,0,0,0,0,0,0,0,0,0,0,11,0,11,0,0,0
0,45,45,kswapd0,1506,1506,1509,120,2,3,3,52,605,1,4,47,0,17,33,555,0,0,3,0,203,0,0,37,0,19,0,0,1
0,45,45,kswapd0,0,0,3,120,0,3,3,0,0,0,0,0,0,0,0,0,0,0,0,0,0,0,0,0,0,0,0,0,0
0,45,45,kswapd0,0,0,3,120,0,3,3,0,0,0,0,0,0,0,0,0,0,0,0,0,0,0,0,0,0,0,0,0,0
0,45,45,kswapd0,0,0,3,120,0,3,3,0,0,0,0,0,0,0,0,0,0,0,0,0,0,0,0,0,0,0,0,0,0
0,45,45,kswapd0,0,0,3,120,0,3,3,0,0,0,0,0,0,0,0,0,0,0,0,0,0,0,0,0,0,0,0,0,0
0,45,45,kswapd0,5,5,7,120,0,2,2,0,0,0,0,0,0,0,0,0,0,0,0,27,0,0,0,2,0,0,0,0,0
0,45,45,kswapd0,3973,3973,3976,120,2,3,3,96,409,48,7,41,0,29,70,310,0,0,4,156,225,0,0,6,0,0,0,0,17
0,45,45,kswapd0,153,153,156,120,1,3,3,27,245,2,0,25,0,0,5,240,0,0,0,22,4,0,0,17,0,10,0,0,0
0,45,45,kswapd0,0,0,3,120,0,3,3,0,0,0,0,0,0,0,0,0,0,0,0,0,0,0,0,0,0,0,0,0,0
0,45,45,kswapd0,0,0,3,120,0,3,3,0,0,0,0,0,0,0,0,0,0,0,0,0,0,0,0,0,0,0,0,0,0
0,45,45,kswapd0,5265,5265,5268,120,2,3,3,130,373,19,5,106,0,0,171,202,0,0,3,1,208,0,172,1,272,0,39,1,10
0,45,45,kswapd0,0,0,3,120,0,3,3,0,0,0,0,0,0,0,0,0,0,0,0,0,0,0,0,0,0,0,0,0,0
0,45,45,kswapd0,0,0,3,120,0,3,3,0,0,0,0,0,0,0,0,0,0,0,0,0,0,0,0,0,0,0,0,0,0
0,45,45,kswapd0,245,245,248,120,1,3,3,29,11,1,1,27,0,0,0,11,0,0,4,1,41,0,0,22,0,21,0,0,0
0,45,45,kswapd0,143,143,145,120,1,2,2,0,31,0,0,0,0,16,15,0,0,0,0,3,7,0,0,0,0,0,0,0,0
0,45,45,kswapd0,6,7,9,120,0,3,2,0,0,0,0,0,0,0,0,0,0,0,0,0,1,0,0,0,22,0,0,0,0
0,45,45,kswapd0,0,0,3,120,0,3,3,0,0,0,0,0,0,0,0,0,0,0,0,0,0,0,0,0,0,0,0,0,0
0,45,45,kswapd0,0,0,3,120,0,3,3,0,0,0,0,0,0,0,0,0,0,0,0,0,0,0,0,0,0,0,0,0,0
0,45,45,kswapd0,0,0,3,120,0,3,3,0,0,0,0,0,0,0,0,0,0,0,0,0,0,0,0,0,0,0,0,0,0
0,45,45,kswapd0,5,5,7,120,0,2,2,0,0,0,0,0,0,0,0,0,0,0,0,27,0,0,0,2,0,0,0,0,0
0,45,45,kswapd0,0,0,3,120,0,3,3,0,0,0,0,0,0,0,0,0,0,0,0,0,0,0,0,0,0,0,0,0,0
0,45,45,kswapd0,141,141,143,120,0,2,2,5,21,0,5,0,0,0,21,0,0,0,0,9,13,0,0,0,3,0,0,0,0
0,45,45,kswapd0,0,0,3,120,0,3,3,0,0,0,0,0,0,0,0,0,0,0,0,0,0,0,0,0,0,0,0,0,0
0,45,45,kswapd0,10,10,12,120,0,2,2,1,0,1,0,0,0,0,0,0,0,0,0,0,1,0,0,59,0,0,0,0,0
0,45,45,kswapd0,0,0,3,120,0,3,3,0,0,0,0,0,0,0,0,0,0,0,0,0,0,0,0,0,0,0,0,0,0
0,45,45,kswapd0,38,38,40,120,1,2,2,6,0,4,0,0,2,0,0,0,0,0,0,5,2,0,0,0,0,0,0,4,0
0,45,45,kswapd0,5234,5234,5237,120,2,3,3,29,13,1,0,28,0,13,0,0,0,0,0,14,2,0,0,7,0,0,0,0,4
0,45,45,kswapd0,0,0,3,120,0,3,3,0,0,0,0,0,0,0,0,0,0,0,0,0,0,0,0,0,0,0,0,0,0
0,45,45,kswapd0,0,0,3,120,0,3,3,0,0,0,0,0,0,0,0,0,0,0,0,0,0,0,0,0,0,0,0,0,0
0,45,45,kswapd0,10,10,12,120,0,2,2,1,0,1,0,0,0,0,0,0,0,0,0,0,1,0,0,59,0,0,0,0,0
0,45,45,kswapd0,3640,3640,3643,120,1,3,3,289382,197051,0,2,288915,465,36,0,197015,0,1,12,15710,62,0,0,0,0,0,0,0,31
0,45,45,kswapd0,0,0,3,120,0,3,3,0,0,0,0,0,0,0,0,0,0,0,0,0,0,0,0,0,0,0,0,0,0
0,45,45,kswapd0,1103,1103,1106,120,3,3,3,68,276,0,57,11,0,25,221,30,0,2,0,10,42,0,0,0,0,0,0,0,62
0,45,45,kswapd0,7,7,9,120,0,2,2,0,1,0,0,0,0,1,0,0,0,0,0,7,6,0,0,1,0,0,0,0,0
0,45,45,kswapd0,0,0,3,120,0,3,3,0,0,0,0,0,0,0,0,0,0,0,0,0,0,0,0,0,0,0,0,0,0
0,45,45,kswapd0,0,0,3,120,0,3,3,0,0,0,0,0,0,0,0,0,0,0,0,0,0,0,0,0,0,0,0,0,0
0,45,45,kswapd0,0,0,3,120,0,3,3,0,0,0,0,0,0,0,0,0,0,0,0,0,0,0,0,0,0,0,0,0,0
0,45,45,kswapd0,7,7,9,120,0,2,2,0,1,0,0,0,0,1,0,0,0,0,0,7,6,0,0,1,0,0,0,0,0
0,45,45,kswapd0,0,0,3,120,0,3,3,0,0,0,0,0,0,0,0,0,0,0,0,0,0,0,0,0,0,0,0,0,0
0,45,45,kswapd0,0,0,3,120,0,3,3,0,0,0,0,0,0,0,0,0,0,0,0,0,0,0,0,0,0,0,0,0,0
0,45,45,kswapd0,144,144,145,120,0,1,1,0,31,0,0,0,0,18,0,0,13,0,0,1,4,0,0,0,0,0,0,0,0
0,45,45,kswapd0,0,0,3,120,0,3,3,0,0,0,0,0,0,0,0,0,0,0,0,0,0,0,0,0,0,0,0,0,0
0,45,45,kswapd0,39,39,40,120,0,1,1,2,0,0,0,0,2,0,0,0,0,0,0,2,1,0,0,4,0,0,0,0,0
0,45,45,kswapd0,5236,5236,5237,120,0,1,1,29,9,28,0,0,1,0,0,0,9,0,0,10,3,0,0,0,0,0,0,0,0
0,45,45,kswapd0,1104,1104,1106,120,1,2,2,68,214,57,11,0,0,65,30,0,119,1,0,5,21,0,0,0,62,0,0,0,49
0,45,45,kswapd0,0,0,3,120,0,3,3,0,0,0,0,0,0,0,0,0,0,0,0,0,0,0,0,0,0,0,0,0,0
0,45,45,kswapd0,0,0,3,120,0,3,3,0,0,0,0,0,0,0,0,0,0,0,0,0,0,0,0,0,0,0,0,0,0
0,45,45,kswapd0,6,7,9,120,0,3,2,0,0,0,0,0,0,0,0,0,0,0,0,0,1,0,0,0,22,0,0,0,0
0,45,45,kswapd0,0,0,3,120,0,3,3,0,0,0,0,0,0,0,0,0,0,0,0,0,0,0,0,0,0,0,0,0,0
0,45,45,kswapd0,0,0,3,120,0,3,3,0,0,0,0,0,0,0,0,0,0,0,0,0,0,0,0,0,0,0,0,0,0
0,45,45,kswapd0,119,119,120,120,0,1,1,39,0,0,0,0,39,0,0,0,0,5,0,5,0,0,0,0,0,0,0,0,0
0,45,45,kswapd0,0,0,3,120,0,3,3,0,0,0,0,0,0,0,0,0,0,0,0,0,0,0,0,0,0,0,0,0,0
0,45,45,kswapd0,1104,1104,1106,120,0,2,2,68,165,57,11,0,0,1,30,0,134,1,0,5,21,0,0,0,111,0,0,0,0
0,45,45,kswapd0,5266,5266,5269,120,2,3,3,194,389,5,103,23,63,44,163,182,0,0,20,1,325,0,0,1,10,0,9,4,52
0,45,45,kswapd0,5,5,7,120,0,2,2,0,0,0,0,0,0,0,0,0,0,0,0,27,0,0,0,2,0,0,0,0,0
0,45,45,kswapd0,0,0,3,120,0,3,3,0,0,0,0,0,0,0,0,0,0,0,0,0,0,0,0,0,0,0,0,0,0
0,45,45,kswapd0,5236,5236,5238,120,1,2,2,29,9,28,1,0,0,0,9,0,0,0,0,10,3,0,0,0,0,0,0,0,0
0,45,45,kswapd0,6,7,9,120,0,3,2,0,0,0,0,0,0,0,0,0,0,0,0,0,1,0,0,0,22,0,0,0,0
0,45,45,kswapd0,0,0,3,120,0,3,3,0,0,0,0,0,0,0,0,0,0,0,0,0,0,0,0,0,0,0,0,0,0
0,45,45,kswapd0,0,0,3,120,0,3,3,0,0,0,0,0,0,0,0,0,0,0,0,0,0,0,0,0,0,0,0,0,0
0,45,45,kswapd0,10,10,12,120,0,2,2,1,0,1,0,0,0,0,0,0,0,0,0,0,1,0,0,59,0,0,0,0,0
0,45,45,kswapd0,0,0,3,120,0,3,3,0,0,0,0,0,0,0,0,0,0,0,0,0,0,0,0,0,0,0,0,0,0
0,45,45,kswapd0,1507,1507,1510,120,2,3,3,52,604,4,47,1,0,36,555,13,0,9,1,18,102,0,0,0,0,0,0,2,9
0,45,45,kswapd0,3974,3974,3977,120,1,3,3,96,392,7,42,47,0,70,310,12,0,0,2,81,120,0,0,0,0,0,0,0,0
0,45,45,kswapd0,1104,1104,1107,120,2,3,3,68,165,57,11,0,0,1,30,134,0,1,0,5,21,0,0,0,111,0,0,0,1
0,45,45,kswapd0,141,141,144,120,1,3,3,5,21,0,5,0,0,0,21,0,0,0,0,9,13,0,0,0,3,0,0,0,0
0,45,45,kswapd0,0,0,3,120,0,3,3,0,0,0,0,0,0,0,0,0,0,0,0,0,0,0,0,0,0,0,0,0,0
0,45,45,kswapd0,7,7,9,120,0,2,2,0,1,0,0,0,0,1,0,0,0,0,0,7,6,0,0,1,0,0,0,0,0
0,45,45,kswapd0,0,0,3,120,0,3,3,0,0,0,0,0,0,0,0,0,0,0,0,0,0,0,0,0,0,0,0,0,0
0,45,45,kswapd0,144,144,146,120,1,2,2,0,31,0,0,0,0,18,13,0,0,0,0,1,4,0,0,0,0,0,0,0,0
0,45,45,kswapd0,119,119,121,120,0,2,2,39,0,0,39,0,0,0,0,0,0,5,0,5,0,0,0,0,0,0,0,0,0
0,45,45,kswapd0,4008,4008,4011,120,1,3,3,53,87,0,5,48,0,8,69,10,0,0,0,0,13,0,0,0,0,0,0,0,0
0,45,45,kswapd0,0,0,3,120,0,3,3,0,0,0,0,0,0,0,0,0,0,0,0,0,0,0,0,0,0,0,0,0,0
0,45,45,kswapd0,246,246,249,120,1,3,3,29,11,1,27,1,0,0,11,0,0,10,2,11,20,0,0,0,0,0,0,0,0
0,45,45,kswapd0,0,0,3,120,0,3,3,0,0,0,0,0,0,0,0,0,0,0,0,0,0,0,0,0,0,0,0,0,0
0,45,45,kswapd0,3641,3641,3644,120,13,3,3,292924,197020,2,288573,4163,186,5,413,196602,0,0,6,7855,32,0,0,0,31,0,0,0,94
0,45,45,kswapd0,39,39,41,120,0,2,2,2,0,0,2,0,0,0,0,0,0,0,0,2,1,0,0,4,0,0,0,0,0
0,45,45,kswapd0,0,0,3,120,0,3,3,0,0,0,0,0,0,0,0,0,0,0,0,0,0,0,0,0,0,0,0,0,0
0,45,45,kswapd0,5,5,7,120,0,2,2,0,0,0,0,0,0,0,0,0,0,0,0,27,0,0,0,2,0,0,0,0,0
0,45,45,kswapd0,6,7,9,120,0,3,2,0,0,0,0,0,0,0,0,0,0,0,0,0,1,0,0,0,22,0,0,0,0
0,45,45,kswapd0,0,0,3,120,0,3,3,0,0,0,0,0,0,0,0,0,0,0,0,0,0,0,0,0,0,0,0,0,0
0,45,45,kswapd0,14,14,17,120,0,3,3,1,0,0,0,1,0,0,0,0,0,0,0,96,0,0,0,3,0,0,0,0,0
0,45,45,kswapd0,0,0,3,120,0,3,3,0,0,0,0,0,0,0,0,0,0,0,0,0,0,0,0,0,0,0,0,0,0
0,45,45,kswapd0,0,0,3,120,0,3,3,0,0,0,0,0,0,0,0,0,0,0,0,0,0,0,0,0,0,0,0,0,0
0,45,45,kswapd0,0,0,3,120,0,3,3,0,0,0,0,0,0,0,0,0,0,0,0,0,0,0,0,0,0,0,0,0,0
0,45,45,kswapd0,0,0,3,120,0,3,3,0,0,0,0,0,0,0,0,0,0,0,0,0,0,0,0,0,0,0,0,0,0
0,45,45,kswapd0,0,0,3,120,0,3,3,0,0,0,0,0,0,0,0,0,0,0,0,0,0,0,0,0,0,0,0,0,0
0,45,45,kswapd0,154,154,157,120,2,3,3,27,245,0,23,4,0,5,240,0,0,5,0,19,2,0,0,0,0,0,0,0,4
0,45,45,kswapd0,0,0,3,120,0,3,3,0,0,0,0,0,0,0,0,0,0,0,0,0,0,0,0,0,0,0,0,0,0
0,45,45,kswapd0,0,0,3,120,0,3,3,0,0,0,0,0,0,0,0,0,0,0,0,0,0,0,0,0,0,0,0,0,0
0,45,45,kswapd0,0,0,3,120,0,3,3,0,0,0,0,0,0,0,0,0,0,0,0,0,0,0,0,0,0,0,0,0,0
0,45,45,kswapd0,10,10,12,120,0,2,2,1,0,1,0,0,0,0,0,0,0,0,0,0,1,0,0,59,0,0,0,0,0
0,45,45,kswapd0,0,0,3,120,0,3,3,0,0,0,0,0,0,0,0,0,0,0,0,0,0,0,0,0,0,0,0,0,0
0,45,45,kswapd0,0,0,3,120,0,3,3,0,0,0,0,0,0,0,0,0,0,0,0,0,0,0,0,0,0,0,0,0,0
0,45,45,kswapd0,1142,1142,1145,120,1,3,3,77,97,0,77,0,0,20,77,0,0,1,0,5,21,0,0,0,0,0,0,0,0
0,45,45,kswapd0,0,0,3,120,0,3,3,0,0,0,0,0,0,0,0,0,0,0,0,0,0,0,0,0,0,0,0,0,0
0,45,45,kswapd0,0,0,3,120,0,3,3,0,0,0,0,0,0,0,0,0,0,0,0,0,0,0,0,0,0,0,0,0,0
0,45,45,kswapd0,7,7,9,120,0,2,2,0,1,0,0,0,0,1,0,0,0,0,0,7,6,0,0,1,0,0,0,0,0
0,45,45,kswapd0,0,0,3,120,0,3,3,0,0,0,0,0,0,0,0,0,0,0,0,0,0,0,0,0,0,0,0,0,0
0,45,45,kswapd0,142,142,144,120,1,2,2,5,21,5,0,0,0,21,0,0,0,0,0,4,8,0,0,0,0,0,0,0,9
0,45,45,kswapd0,145,145,146,120,0,1,1,0,31,0,0,0,0,29,0,0,2,0,0,0,9,0,0,0,0,0,0,0,0
0,45,45,kswapd0,0,0,3,120,0,3,3,0,0,0,0,0,0,0,0,0,0,0,0,0,0,0,0,0,0,0,0,0,0
0,45,45,kswapd0,0,0,3,120,0,3,3,0,0,0,0,0,0,0,0,0,0,0,0,0,0,0,0,0,0,0,0,0,0
0,45,45,kswapd0,4008,4008,4011,120,2,3,3,53,87,0,5,48,0,0,72,7,8,0,0,0,13,0,1,0,0,0,0,0,15
0,45,45,kswapd0,247,247,249,120,1,2,2,29,11,27,1,0,1,11,0,0,0,5,1,5,10,0,0,0,0,0,0,0,11
0,45,45,kswapd0,3642,3642,3644,120,15,2,2,293047,196926,288573,4163,0,311,53,196602,0,271,0,3,3927,32,0,0,0,91,0,0,0,0
0,45,45,kswapd0,155,155,157,120,0,2,2,27,241,23,4,0,0,73,0,0,168,2,0,9,1,0,0,0,4,0,0,0,0
0,45,45,kswapd0,1143,1143,1145,120,1,2,2,77,97,77,0,0,0,76,0,0,21,0,0,2,10,0,0,0,0,0,0,0,64
0,45,45,kswapd0,5267,5267,5269,120,1,2,2,173,337,104,21,0,48,86,207,0,44,0,14,1,188,0,45,4,52,4,0,0,5
0,45,45,kswapd0,5237,5237,5238,120,0,1,1,29,9,1,0,0,28,9,0,0,0,0,0,5,1,0,0,0,0,0,0,0,0
0,45,45,kswapd0,14,14,17,120,0,3,3,1,0,0,0,1,0,0,0,0,0,0,0,96,0,0,0,3,0,0,0,0,0
0,45,45,kswapd0,0,0,3,120,0,3,3,0,0,0,0,0,0,0,0,0,0,0,0,0,0,0,0,0,0,0,0,0,0
0,45,45,kswapd0,0,0,3,120,0,3,3,0,0,0,0,0,0,0,0,0,0,0,0,0,0,0,0,0,0,0,0,0,0
0,45,45,kswapd0,0,0,3,120,0,3,3,0,0,0,0,0,0,0,0,0,0,0,0,0,0,0,0,0,0,0,0,0,0
0,45,45,kswapd0,0,0,3,120,0,3,3,0,0,0,0,0,0,0,0,0,0,0,0,0,0,0,0,0,0,0,0,0,0
0,45,45,kswapd0,0,0,3,120,0,3,3,0,0,0,0,0,0,0,0,0,0,0,0,0,0,0,0,0,0,0,0,0,0
0,45,45,kswapd0,1508,1508,1510,120,2,2,2,50,595,48,1,0,1,569,13,0,13,4,0,9,66,0,0,2,0,0,0,0,102
0,45,45,kswapd0,3974,3974,3977,120,3,3,3,96,392,8,41,47,0,4,261,12,115,0,2,81,120,0,0,0,0,0,0,4,63
0,45,45,kswapd0,1105,1105,1107,120,0,2,2,68,164,10,0,0,58,30,134,0,0,0,0,4,66,0,0,0,0,0,0,0,0
0,45,45,kswapd0,1508,1508,1510,120,2,2,2,50,493,48,1,0,1,418,13,0,62,4,0,9,66,0,0,2,102,0,0,0,57
0,45,45,kswapd0,3975,3975,3977,120,2,2,2,92,329,41,47,0,4,197,12,0,120,0,1,40,59,0,0,4,63,0,0,0,66
0,45,45,kswapd0,142,142,144,120,0,2,2,5,12,5,0,0,0,0,0,0,12,0,0,4,8,0,0,0,9,0,0,0,0
0,45,45,kswapd0,4009,4009,4011,120,0,2,2,53,73,5,48,0,0,4,9,0,60,0,0,0,6,0,1,0,15,0,0,0,0
0,45,45,kswapd0,247,247,249,120,1,2,2,29,0,27,1,0,1,0,0,0,0,5,1,5,10,0,0,0,11,0,0,16,0
0,127608,127633,file_anon_mix_p,248,248,249,120,0,1,1,13,0,12,0,0,1,0,0,0,0,2,0,6,10,0,0,16,0,0,0,0,0
0,127608,127633,file_anon_mix_p,3642,3642,3644,120,1,2,2,331695,196885,259951,4194,0,67550,0,196602,0,283,0,3,3927,32,0,0,28490,132,0,0,64,0
0,127608,127633,file_anon_mix_p,1508,1508,1510,120,0,2,2,50,436,48,1,0,1,273,13,0,150,4,0,9,66,0,0,2,159,0,0,0,0
0,127608,127633,file_anon_mix_p,3975,3975,3977,120,0,2,2,92,263,41,47,0,4,69,12,0,182,0,1,40,59,0,0,4,129,0,0,0,0
0,45,45,kswapd0,3642,3642,3644,120,482,2,2,293294,196926,288573,4163,0,558,53,196602,0,271,0,3,3927,32,0,0,0,91,0,0,29074,41
0,45,45,kswapd0,248,248,249,120,0,1,1,13,0,12,0,0,1,0,0,0,0,2,0,6,10,0,0,16,0,0,0,0,0
0,127608,127633,file_anon_mix_p,3642,3642,3644,120,1,2,2,332143,196885,259375,4194,0,68574,0,196602,0,283,0,3,3927,32,0,0,29019,132,0,0,64,0
0,127608,127633,file_anon_mix_p,1143,1143,1145,120,0,2,2,13,22,8,5,0,0,0,1,0,21,0,0,2,10,5,0,16,75,0,0,0,0
0,127608,127633,file_anon_mix_p,1508,1508,1510,120,0,2,2,50,436,48,1,0,1,273,13,0,150,4,0,9,66,0,0,2,159,0,0,0,0
0,127608,127633,file_anon_mix_p,5267,5267,5269,120,0,2,2,130,382,69,21,0,40,22,206,0,154,0,14,1,188,0,45,4,57,4,41,0,0
0,127608,127633,file_anon_mix_p,3975,3975,3977,120,0,2,2,92,263,41,47,0,4,69,12,0,182,0,1,40,59,0,0,4,129,0,0,0,0
0,45,45,kswapd0,1143,1143,1145,120,2,2,2,77,33,77,0,0,0,12,0,0,21,0,0,2,10,0,0,0,64,0,0,60,11
0,127608,127633,file_anon_mix_p,3642,3642,3644,120,1,2,2,332527,196885,259277,4164,0,69086,0,196602,0,283,0,3,3927,32,0,0,29202,132,0,0,64,0
0,127608,127633,file_anon_mix_p,5267,5267,5269,120,0,2,2,130,382,69,21,0,40,22,206,0,154,0,14,1,188,0,45,4,57,4,41,0,0
0,127608,127633,file_anon_mix_p,3642,3642,3644,120,1,2,2,332655,196885,258894,4163,0,69598,0,196602,0,283,0,3,3927,32,0,0,29580,132,0,0,64,0
0,127608,127633,file_anon_mix_p,3642,3642,3644,120,1,2,2,332783,196885,258510,4163,0,70110,0,196602,0,283,0,3,3927,32,0,0,29932,132,0,0,64,0
0,127608,127633,file_anon_mix_p,3642,3642,3644,120,1,2,2,332911,196885,258126,4163,0,70622,0,196602,0,283,0,3,3927,32,0,0,30309,132,0,0,64,0
0,127608,127633,file_anon_mix_p,3642,3642,3644,120,1,2,2,332911,196885,257870,4163,0,70878,0,196602,0,283,0,3,3927,32,0,0,30570,132,0,0,64,0
0,127608,127633,file_anon_mix_p,3642,3642,3644,120,1,2,2,332911,196885,257614,4163,0,71134,0,196602,0,283,0,3,3927,32,0,0,30840,132,0,0,64,0
0,127608,127633,file_anon_mix_p,3642,3642,3644,120,1,2,2,333103,196885,257294,4163,0,71646,0,196602,0,283,0,3,3927,32,0,0,31164,132,0,0,64,0
0,127608,127633,file_anon_mix_p,3642,3642,3644,120,1,2,2,333231,196885,256910,4163,0,72158,0,196602,0,283,0,3,3927,32,0,0,31520,132,0,0,64,0
0,127608,127633,file_anon_mix_p,3642,3642,3644,120,1,2,2,333103,196885,256270,4163,0,72670,0,196602,0,283,0,3,3927,32,0,0,32203,132,0,0,64,0
0,127608,127633,file_anon_mix_p,3642,3642,3644,120,1,2,2,333453,196885,255630,4163,0,73660,0,196602,0,283,0,3,3927,32,0,0,32826,132,0,0,64,0
0,127608,127633,file_anon_mix_p,1143,1143,1145,120,0,2,2,17,22,12,5,0,0,0,1,0,21,0,0,2,10,5,0,60,75,0,0,0,0
0,127608,127633,file_anon_mix_p,3642,3642,3644,120,1,2,2,333574,196885,255205,4163,0,74206,0,196602,0,283,0,3,3927,32,0,0,33234,132,0,0,64,0
0,127608,127633,file_anon_mix_p,3642,3642,3644,120,1,2,2,333641,196885,254798,4163,0,74680,0,196602,0,283,0,3,3927,32,0,0,33618,132,0,0,64,0
0,127608,127633,file_anon_mix_p,3642,3642,3644,120,1,2,2,333487,196885,254606,4163,0,74718,0,196602,0,283,0,3,3927,32,0,0,33817,132,0,0,64,0
0,127608,127633,file_anon_mix_p,3642,3642,3644,120,1,2,2,333634,196885,254286,4163,0,75185,0,196602,0,283,0,3,3927,32,0,0,34158,132,0,0,64,0
0,127608,127633,file_anon_mix_p,3642,3642,3644,120,1,2,2,333487,196885,254094,4163,0,75230,0,196602,0,283,0,3,3927,32,0,0,34357,132,0,0,64,0
0,127608,127633,file_anon_mix_p,3642,3642,3644,120,1,2,2,333615,196885,253710,4163,0,75742,0,196602,0,283,0,3,3927,32,0,0,34733,132,0,0,64,0
0,127608,127633,file_anon_mix_p,3642,3642,3644,120,1,2,2,333743,196885,253326,4163,0,76254,0,196602,0,283,0,3,3927,32,0,0,35100,132,0,0,64,0
0,121783,121783,watch,3642,3642,3644,120,1,2,2,333782,196885,253070,4163,0,76549,0,196602,0,283,0,3,3927,32,0,0,35392,132,0,0,64,0
0,127608,127633,file_anon_mix_p,3642,3642,3644,120,1,2,2,333673,196885,252814,4163,0,76696,0,196602,0,283,0,3,3927,32,0,0,35572,132,0,0,64,0
0,127608,127633,file_anon_mix_p,3642,3642,3644,120,1,2,2,333698,196885,252366,4163,0,77169,0,196602,0,283,0,3,3927,32,0,0,36042,132,0,0,64,0
0,127661,127661,watch,3642,3642,3644,120,1,2,2,333561,196885,252558,4163,0,76840,0,196602,0,283,0,3,3927,32,0,0,35895,132,0,0,64,0
0,127608,127633,file_anon_mix_p,3642,3642,3644,120,1,2,2,333671,196885,252110,4163,0,77398,0,196602,0,283,0,3,3927,32,0,0,36285,132,0,0,64,0
0,127661,127661,watch,3642,3642,3644,120,1,2,2,333664,196885,252238,4163,0,77263,0,196602,0,283,0,3,3927,32,0,0,36241,132,0,0,64,0
0,127662,127662,sh,3642,3642,3644,120,1,2,2,333878,196885,251790,4163,0,77925,0,196602,0,283,0,3,3927,32,0,0,36628,132,0,0,64,0
0,127662,127662,sh,3642,3642,3644,120,1,2,2,333903,196885,251598,4163,0,78142,0,196602,0,283,0,3,3927,32,0,0,36835,132,0,0,64,0
0,127663,127663,cat,3642,3642,3644,120,1,2,2,333897,196885,251406,4163,0,78328,0,196602,0,283,0,3,3927,32,0,0,37016,132,0,0,64,0
0,127608,127633,file_anon_mix_p,3642,3642,3644,120,1,2,2,334383,196885,249870,4164,0,80349,0,196602,0,283,0,3,3927,32,0,0,38545,132,0,0,64,0
0,127608,127633,file_anon_mix_p,3642,3642,3644,120,1,2,2,334499,196885,249486,4164,0,80849,0,196602,0,283,0,3,3927,32,0,0,38943,132,0,0,64,0
0,127608,127633,file_anon_mix_p,3642,3642,3644,120,1,2,2,334383,196885,249358,4164,0,80861,0,196602,0,283,0,3,3927,32,0,0,39069,132,0,0,64,0
0,127608,127633,file_anon_mix_p,3642,3642,3644,120,1,2,2,334369,196885,249102,4164,0,81103,0,196602,0,283,0,3,3927,32,0,0,39314,132,0,0,64,0
0,127608,127633,file_anon_mix_p,3642,3642,3644,120,1,2,2,334304,196885,248910,4164,0,81230,0,196602,0,283,0,3,3927,32,0,0,39555,132,0,0,64,0
0,127608,127633,file_anon_mix_p,3642,3642,3644,120,1,2,2,334191,196885,248654,4164,0,81373,0,196602,0,283,0,3,3927,32,0,0,39779,132,0,0,64,0
0,127608,127633,file_anon_mix_p,3642,3642,3644,120,1,2,2,334250,196885,248334,4164,0,81752,0,196602,0,283,0,3,3927,32,0,0,40103,132,0,0,64,0
0,127608,127633,file_anon_mix_p,3642,3642,3644,120,1,2,2,334191,196885,248142,4164,0,81885,0,196602,0,283,0,3,3927,32,0,0,40311,132,0,0,64,0
0,127608,127633,file_anon_mix_p,3642,3642,3644,120,1,2,2,334319,196885,247758,4164,0,82397,0,196602,0,283,0,3,3927,32,0,0,40716,132,0,0,64,0
0,127608,127633,file_anon_mix_p,3642,3642,3644,120,1,2,2,334447,196885,247374,4164,0,82909,0,196602,0,283,0,3,3927,32,0,0,41042,132,0,0,64,0
0,127608,127633,file_anon_mix_p,3642,3642,3644,120,1,2,2,334570,196885,247118,4164,0,83288,0,196602,0,283,0,3,3927,32,0,0,41328,132,0,0,64,0
0,127608,127633,file_anon_mix_p,3642,3642,3644,120,1,2,2,334447,196885,246862,4164,0,83421,0,196602,0,283,0,3,3927,32,0,0,41554,132,0,0,64,0
0,127608,127633,file_anon_mix_p,3642,3642,3644,120,1,2,2,334703,196885,246606,4164,0,83933,0,196602,0,283,0,3,3927,32,0,0,41861,132,0,0,64,0
0,127608,127633,file_anon_mix_p,3642,3642,3644,120,1,2,2,334867,196885,245838,4164,0,84865,0,196602,0,283,0,3,3927,32,0,0,42595,132,0,0,64,0
0,127608,127633,file_anon_mix_p,3642,3642,3644,120,1,2,2,334703,196885,245582,4164,0,84957,0,196602,0,283,0,3,3927,32,0,0,42834,132,0,0,64,0
0,127608,127633,file_anon_mix_p,3642,3642,3644,120,1,2,2,334895,196885,245262,4164,0,85469,0,196602,0,283,0,3,3927,32,0,0,43184,132,0,0,64,0
0,127608,127633,file_anon_mix_p,3642,3642,3644,120,1,2,2,334890,196885,244878,4164,0,85848,0,196602,0,283,0,3,3927,32,0,0,43537,132,0,0,64,0
0,127608,127633,file_anon_mix_p,3642,3642,3644,120,1,2,2,334767,196885,244622,4164,0,85981,0,196602,0,283,0,3,3927,32,0,0,43848,132,0,0,64,0
0,127608,127633,file_anon_mix_p,3642,3642,3644,120,1,2,2,334880,196885,244174,4164,0,86542,0,196602,0,283,0,3,3927,32,0,0,44278,132,0,0,64,0
0,127608,127633,file_anon_mix_p,3642,3642,3644,120,1,2,2,334965,196885,243854,4164,0,86947,0,196602,0,283,0,3,3927,32,0,0,44579,132,0,0,64,0
0,127608,127633,file_anon_mix_p,3642,3642,3644,120,1,2,2,335025,196885,243598,4164,0,87263,0,196602,0,283,0,3,3927,32,0,0,44880,132,0,0,64,0
0,127608,127633,file_anon_mix_p,3642,3642,3644,120,1,2,2,334959,196885,243278,4164,0,87517,0,196602,0,283,0,3,3927,32,0,0,45142,132,0,0,64,0
0,127578,127578,kworker/0:0,3642,3642,3644,120,1,2,2,335022,196885,242958,4164,0,87900,0,196602,0,283,0,3,3927,32,0,0,45472,132,0,0,0,0
0,127578,127578,kworker/0:0,3642,3642,3644,120,1,2,2,335022,196885,242958,4164,0,87900,0,196602,0,283,0,3,3927,32,0,0,45476,132,0,0,0,0
0,127578,127578,kworker/0:0,3642,3642,3644,120,1,2,2,335022,196885,242958,4164,0,87900,0,196602,0,283,0,3,3927,32,0,0,45479,132,0,0,0,0
0,127578,127578,kworker/0:0,3642,3642,3644,120,1,2,2,335022,196885,242958,4164,0,87900,0,196602,0,283,0,3,3927,32,0,0,45482,132,0,0,0,0
0,127578,127578,kworker/0:0,3642,3642,3644,120,1,2,2,335022,196885,242958,4164,0,87900,0,196602,0,283,0,3,3927,32,0,0,45484,132,0,0,0,0
0,127578,127578,kworker/0:0,3642,3642,3644,120,1,2,2,335022,196885,242958,4164,0,87900,0,196602,0,283,0,3,3927,32,0,0,45487,132,0,0,0,0
0,127578,127578,kworker/0:0,3642,3642,3644,120,1,2,2,335022,196885,242958,4164,0,87900,0,196602,0,283,0,3,3927,32,0,0,45489,132,0,0,0,0
0,127578,127578,kworker/0:0,3642,3642,3644,120,1,2,2,335022,196885,242958,4164,0,87900,0,196602,0,283,0,3,3927,32,0,0,45492,132,0,0,0,0
0,127578,127578,kworker/0:0,3642,3642,3644,120,1,2,2,335022,196885,242958,4164,0,87900,0,196602,0,283,0,3,3927,32,0,0,45494,132,0,0,0,0
0,127578,127578,kworker/0:0,3642,3642,3644,120,1,2,2,335022,196885,242958,4164,0,87900,0,196602,0,283,0,3,3927,32,0,0,45497,132,0,0,0,0
0,127578,127578,kworker/0:0,3642,3642,3644,120,1,2,2,335022,196885,242958,4164,0,87900,0,196602,0,283,0,3,3927,32,0,0,45500,132,0,0,0,0
0,127578,127578,kworker/0:0,3642,3642,3644,120,1,2,2,335022,196885,242958,4164,0,87900,0,196602,0,283,0,3,3927,32,0,0,45502,132,0,0,0,0
0,127578,127578,kworker/0:0,3642,3642,3644,120,1,2,2,335022,196885,242958,4164,0,87900,0,196602,0,283,0,3,3927,32,0,0,45505,132,0,0,0,0
0,127578,127578,kworker/0:0,3642,3642,3644,120,1,2,2,335022,196885,242958,4164,0,87900,0,196602,0,283,0,3,3927,32,0,0,45508,132,0,0,0,0
0,127578,127578,kworker/0:0,3642,3642,3644,120,1,2,2,335022,196885,242958,4164,0,87900,0,196602,0,283,0,3,3927,32,0,0,45510,132,0,0,0,0
0,127578,127578,kworker/0:0,3642,3642,3644,120,1,2,2,335022,196885,242958,4164,0,87900,0,196602,0,283,0,3,3927,32,0,0,45513,132,0,0,0,0
0,127578,127578,kworker/0:0,3642,3642,3644,120,1,2,2,335022,196885,242958,4164,0,87900,0,196602,0,283,0,3,3927,32,0,0,45516,132,0,0,0,0
0,127578,127578,kworker/0:0,3642,3642,3644,120,1,2,2,335022,196885,242958,4164,0,87900,0,196602,0,283,0,3,3927,32,0,0,45518,132,0,0,0,0
0,127578,127578,kworker/0:0,3642,3642,3644,120,1,2,2,335022,196885,242958,4164,0,87900,0,196602,0,283,0,3,3927,32,0,0,45520,132,0,0,0,0
0,127578,127578,kworker/0:0,3642,3642,3644,120,1,2,2,335022,196885,242958,4164,0,87900,0,196602,0,283,0,3,3927,32,0,0,45521,132,0,0,0,0
0,127578,127578,kworker/0:0,3642,3642,3644,120,1,2,2,334958,196885,242894,4164,0,87900,0,196602,0,283,0,3,3927,32,0,0,45522,132,0,0,0,0
0,127578,127578,kworker/0:0,3642,3642,3644,120,1,2,2,334958,196885,242894,4164,0,87900,0,196602,0,283,0,3,3927,32,0,0,45522,132,0,0,0,0
0,127578,127578,kworker/0:0,3642,3642,3644,120,1,2,2,334958,196885,242894,4164,0,87900,0,196602,0,283,0,3,3927,32,0,0,45522,132,0,0,0,0
0,127578,127578,kworker/0:0,3642,3642,3644,120,1,2,2,334958,196885,242894,4164,0,87900,0,196602,0,283,0,3,3927,32,0,0,45522,132,0,0,0,0
0,127578,127578,kworker/0:0,3642,3642,3644,120,1,2,2,334958,196885,242894,4164,0,87900,0,196602,0,283,0,3,3927,32,0,0,45522,132,0,0,0,0
0,127578,127578,kworker/0:0,3642,3642,3644,120,1,2,2,334976,196885,242894,4164,0,87918,0,196602,0,283,0,3,3927,32,0,0,45522,132,0,0,0,0
0,127608,127633,file_anon_mix_p,3642,3642,3644,120,1,2,2,335009,196885,242446,4164,0,88399,0,196602,0,283,0,3,3927,32,0,0,46023,132,0,0,64,0
0,127608,127633,file_anon_mix_p,3642,3642,3644,120,1,2,2,334932,196885,242190,4164,0,88578,0,196602,0,283,0,3,3927,32,0,0,46243,132,0,0,64,0
0,121783,121783,watch,3642,3642,3644,120,1,2,2,334879,196885,241934,4164,0,88781,0,196602,0,283,0,3,3927,32,0,0,46495,132,0,0,64,0
0,127665,127665,sh,3642,3642,3644,120,1,2,2,334795,196885,241230,4164,0,89401,0,196602,0,283,0,3,3927,32,0,0,47237,132,0,0,64,0
0,127665,127665,sh,3642,3642,3644,120,1,2,2,334688,196885,240718,4164,0,89806,0,196602,0,283,0,3,3927,32,0,0,47721,132,0,0,64,0
0,127665,127665,sh,3642,3642,3644,120,1,2,2,334575,196885,240334,4164,0,90077,0,196602,0,283,0,3,3927,32,0,0,48036,132,0,0,64,0
0,127608,127633,file_anon_mix_p,3642,3642,3644,120,1,2,2,334639,196885,240398,4164,0,90077,0,196602,0,283,0,3,3927,32,0,0,48026,132,0,0,64,0
0,127608,127633,file_anon_mix_p,3642,3642,3644,120,1,2,2,334471,196885,238734,4164,0,91573,0,196602,0,283,0,3,3927,32,0,0,49702,132,0,0,64,0
0,127608,127633,file_anon_mix_p,3642,3642,3644,120,1,2,2,334383,196885,238606,4164,0,91613,0,196602,0,283,0,3,3927,32,0,0,49848,132,0,0,64,0
0,127608,127633,file_anon_mix_p,3642,3642,3644,120,1,2,2,334529,196885,238286,4164,0,92079,0,196602,0,283,0,3,3927,32,0,0,50191,132,0,0,64,0
0,127608,127633,file_anon_mix_p,3642,3642,3644,120,1,2,2,334383,196885,238094,4164,0,92125,0,196602,0,283,0,3,3927,32,0,0,50345,132,0,0,64,0
0,127608,127633,file_anon_mix_p,3642,3642,3644,120,1,2,2,334523,196885,237774,4164,0,92585,0,196602,0,283,0,3,3927,32,0,0,50660,132,0,0,64,0
0,127608,127633,file_anon_mix_p,3642,3642,3644,120,1,2,2,334383,196885,237582,4164,0,92637,0,196602,0,283,0,3,3927,32,0,0,50857,132,0,0,64,0
0,127608,127633,file_anon_mix_p,3642,3642,3644,120,1,2,2,334581,196885,237326,4164,0,93091,0,196602,0,283,0,3,3927,32,0,0,51153,132,0,0,64,0
0,127608,127633,file_anon_mix_p,3642,3642,3644,120,1,2,2,334383,196885,237070,4164,0,93149,0,196602,0,283,0,3,3927,32,0,0,51369,132,0,0,64,0
0,127608,127633,file_anon_mix_p,3642,3642,3644,120,1,2,2,334639,196885,236814,4164,0,93661,0,196602,0,283,0,3,3927,32,0,0,51661,132,0,0,64,0
0,127608,127633,file_anon_mix_p,3642,3642,3644,120,1,2,2,334815,196885,236366,4164,0,94285,0,196602,0,283,0,3,3927,32,0,0,52053,132,0,0,64,0
0,127608,127633,file_anon_mix_p,3642,3642,3644,120,1,2,2,334555,196885,235790,4164,0,94601,0,196602,0,283,0,3,3927,32,0,0,52656,132,0,0,64,0
0,127608,127633,file_anon_mix_p,3642,3642,3644,120,1,2,2,334383,196885,235534,4164,0,94685,0,196602,0,283,0,3,3927,32,0,0,52933,132,0,0,64,0
0,127608,127633,file_anon_mix_p,3642,3642,3644,120,1,2,2,334233,196885,235214,4164,0,94855,0,196602,0,283,0,3,3927,32,0,0,53263,132,0,0,64,0
0,127608,127633,file_anon_mix_p,3642,3642,3644,120,1,2,2,334101,196885,234766,4164,0,95171,0,196602,0,283,0,3,3927,32,0,0,53674,132,0,0,64,0
0,127608,127633,file_anon_mix_p,3642,3642,3644,120,1,2,2,333999,196885,234638,4164,0,95197,0,196602,0,283,0,3,3927,32,0,0,53831,132,0,0,64,0
0,127608,127633,file_anon_mix_p,3642,3642,3644,120,1,2,2,334063,196885,234190,4164,0,95709,0,196602,0,283,0,3,3927,32,0,0,54250,132,0,0,64,0
0,127608,127633,file_anon_mix_p,3642,3642,3644,120,1,2,2,334255,196885,233870,4164,0,96221,0,196602,0,283,0,3,3927,32,0,0,54578,132,0,0,64,0
0,127608,127633,file_anon_mix_p,3642,3642,3644,120,1,2,2,334314,196885,233550,4164,0,96600,0,196602,0,283,0,3,3927,32,0,0,54870,132,0,0,64,0
0,394,394,sshd-session,3642,3642,3644,120,1,2,2,334136,196885,233358,4164,0,96614,0,196602,0,283,0,3,3927,32,0,0,55099,132,0,0,64,0
0,127608,127633,file_anon_mix_p,3642,3642,3644,120,1,2,2,334063,196885,233166,4164,0,96733,0,196602,0,283,0,3,3927,32,0,0,55292,132,0,0,64,0
0,127608,127633,file_anon_mix_p,3642,3642,3644,120,1,2,2,334178,196885,232718,4164,0,97296,0,196602,0,283,0,3,3927,32,0,0,55759,132,0,0,64,0
0,127608,127633,file_anon_mix_p,3642,3642,3644,120,1,2,2,334255,196885,232334,4164,0,97757,0,196602,0,283,0,3,3927,32,0,0,56124,132,0,0,64,0
0,127608,127633,file_anon_mix_p,3642,3642,3644,120,1,2,2,334167,196885,231950,4164,0,98053,0,196602,0,283,0,3,3927,32,0,0,56492,132,0,0,64,0
0,127608,127633,file_anon_mix_p,3642,3642,3644,120,1,2,2,334289,196885,231630,4164,0,98495,0,196602,0,283,0,3,3927,32,0,0,56812,132,0,0,64,0
0,394,394,sshd-session,3642,3642,3644,120,1,2,2,334178,196885,231502,4164,0,98512,0,196602,0,283,0,3,3927,32,0,0,56977,132,0,0,64,0
0,127608,127633,file_anon_mix_p,3642,3642,3644,120,1,2,2,334679,196885,230926,4164,0,99589,0,196602,0,283,0,3,3927,32,0,0,57522,132,0,0,64,0
0,127608,127633,file_anon_mix_p,3642,3642,3644,120,1,2,2,334926,196885,230542,4164,0,100220,0,196602,0,283,0,3,3927,32,0,0,57900,132,0,0,64,0
0,121783,121783,watch,3642,3642,3644,120,1,2,2,334798,196885,230414,4164,0,100220,0,196602,0,283,0,3,3927,32,0,0,57975,132,0,0,64,0
0,127668,127668,sh,3642,3642,3644,120,1,2,2,334627,196885,230030,4164,0,100433,0,196602,0,283,0,3,3927,32,0,0,58427,132,0,0,64,0
0,45,45,kswapd0,3642,3642,3644,120,812,2,2,332463,196885,259214,4163,0,69086,0,196602,0,283,0,3,3927,32,0,0,29248,132,0,0,26798,0
0,45,45,kswapd0,5,5,7,120,0,2,2,0,0,0,0,0,0,0,0,0,0,0,0,27,0,0,0,2,0,0,0,0,0
0,45,45,kswapd0,0,0,3,120,0,3,3,0,0,0,0,0,0,0,0,0,0,0,0,0,0,0,0,0,0,0,0,0,0
0,45,45,kswapd0,0,0,3,120,0,3,3,0,0,0,0,0,0,0,0,0,0,0,0,0,0,0,0,0,0,0,0,0,0
0,45,45,kswapd0,3975,3975,3977,120,0,2,2,94,263,41,47,0,6,69,12,0,182,0,1,40,59,0,0,4,129,0,0,0,0
0,45,45,kswapd0,3642,3642,3645,120,1,3,3,260822,197028,3,2,110,260707,0,1,196939,88,0,3,3927,32,0,0,61376,132,20,3,0,0
0,45,45,kswapd0,0,0,3,120,0,3,3,0,0,0,0,0,0,0,0,0,0,0,0,0,0,0,0,0,0,0,0,0,0
0,45,45,kswapd0,0,0,3,120,0,3,3,0,0,0,0,0,0,0,0,0,0,0,0,0,0,0,0,0,0,0,0,0,0
0,45,45,kswapd0,5237,5237,5239,120,0,2,2,30,17,1,28,0,1,17,0,0,0,0,0,5,1,0,0,0,0,0,0,0,0
0,45,45,kswapd0,14,14,17,120,0,3,3,1,0,0,0,1,0,0,0,0,0,0,0,96,0,0,0,3,0,0,0,0,0
0,45,45,kswapd0,0,0,3,120,0,3,3,0,0,0,0,0,0,0,0,0,0,0,0,0,0,0,0,0,0,0,0,0,0
0,45,45,kswapd0,1105,1105,1108,120,1,3,3,70,164,10,0,58,2,30,134,0,0,0,0,4,66,0,0,0,0,0,0,0,7
0,45,45,kswapd0,142,142,145,120,0,3,3,28,25,5,0,0,23,0,0,12,13,0,0,4,8,0,0,0,9,0,9,0,0
0,45,45,kswapd0,39,39,42,120,0,3,3,2,0,0,2,0,0,0,0,0,0,0,0,2,1,0,0,4,0,0,0,0,0
0,45,45,kswapd0,10,10,12,120,0,2,2,1,0,1,0,0,0,0,0,0,0,0,0,0,1,0,0,59,0,0,0,0,0
0,45,45,kswapd0,0,0,3,120,0,3,3,0,0,0,0,0,0,0,0,0,0,0,0,0,0,0,0,0,0,0,0,0,0
0,45,45,kswapd0,0,0,3,120,0,3,3,0,0,0,0,0,0,0,0,0,0,0,0,0,0,0,0,0,0,0,0,0,0
0,45,45,kswapd0,145,145,147,120,0,2,2,0,31,0,0,0,0,29,2,0,0,0,0,0,9,0,0,0,0,0,0,0,0
0,45,45,kswapd0,1508,1508,1510,120,1,2,2,50,436,48,1,0,1,273,13,0,150,4,0,9,66,0,0,2,159,0,0,0,28
0,45,45,kswapd0,5237,5237,5239,120,0,2,2,30,17,1,28,0,1,17,0,0,0,0,0,5,1,0,0,0,0,0,0,0,0
0,45,45,kswapd0,142,142,145,120,0,3,3,28,25,5,0,0,23,0,0,12,13,0,0,4,8,0,0,0,9,0,9,0,0
0,45,45,kswapd0,119,119,122,120,0,3,3,39,0,0,39,0,0,0,0,0,0,5,0,5,0,0,0,0,0,0,0,0,0
0,45,45,kswapd0,6,7,9,120,0,3,2,0,0,0,0,0,0,0,0,0,0,0,0,0,1,0,0,0,22,0,0,0,0
0,45,45,kswapd0,0,0,3,120,0,3,3,0,0,0,0,0,0,0,0,0,0,0,0,0,0,0,0,0,0,0,0,0,0
0,45,45,kswapd0,1143,1143,1145,120,0,2,2,17,22,12,5,0,0,0,1,0,21,0,0,2,10,5,0,60,75,0,0,0,0
0,45,45,kswapd0,0,0,3,120,0,3,3,0,0,0,0,0,0,0,0,0,0,0,0,0,0,0,0,0,0,0,0,0,0
0,45,45,kswapd0,0,0,3,120,0,3,3,0,0,0,0,0,0,0,0,0,0,0,0,0,0,0,0,0,0,0,0,0,0
0,45,45,kswapd0,0,0,3,120,0,3,3,0,0,0,0,0,0,0,0,0,0,0,0,0,0,0,0,0,0,0,0,0,0
0,45,45,kswapd0,0,0,3,120,0,3,3,0,0,0,0,0,0,0,0,0,0,0,0,0,0,0,0,0,0,0,0,0,0
0,45,45,kswapd0,155,155,158,120,1,3,3,27,241,23,4,0,0,73,0,168,0,2,0,9,1,0,0,0,4,0,0,0,30
0,45,45,kswapd0,0,0,3,120,0,3,3,0,0,0,0,0,0,0,0,0,0,0,0,0,0,0,0,0,0,0,0,0,0
0,45,45,kswapd0,0,0,3,120,0,3,3,0,0,0,0,0,0,0,0,0,0,0,0,0,0,0,0,0,0,0,0,0,0
0,45,45,kswapd0,248,248,250,120,0,2,2,13,0,12,1,0,0,0,0,0,0,2,0,6,10,0,0,16,0,0,0,0,0
0,45,45,kswapd0,0,0,3,120,0,3,3,0,0,0,0,0,0,0,0,0,0,0,0,0,0,0,0,0,0,0,0,0,0
0,45,45,kswapd0,0,0,3,120,0,3,3,0,0,0,0,0,0,0,0,0,0,0,0,0,0,0,0,0,0,0,0,0,0
0,45,45,kswapd0,0,0,3,120,0,3,3,0,0,0,0,0,0,0,0,0,0,0,0,0,0,0,0,0,0,0,0,0,0
0,45,45,kswapd0,0,0,3,120,0,3,3,0,0,0,0,0,0,0,0,0,0,0,0,0,0,0,0,0,0,0,0,0,0
0,45,45,kswapd0,0,0,3,120,0,3,3,0,0,0,0,0,0,0,0,0,0,0,0,0,0,0,0,0,0,0,0,0,0
0,45,45,kswapd0,0,0,3,120,0,3,3,0,0,0,0,0,0,0,0,0,0,0,0,0,0,0,0,0,0,0,0,0,0
0,45,45,kswapd0,0,0,3,120,0,3,3,0,0,0,0,0,0,0,0,0,0,0,0,0,0,0,0,0,0,0,0,0,0
0,45,45,kswapd0,0,0,3,120,0,3,3,0,0,0,0,0,0,0,0,0,0,0,0,0,0,0,0,0,0,0,0,0,0
0,45,45,kswapd0,7,7,9,120,0,2,2,0,1,0,0,0,0,1,0,0,0,0,0,7,6,0,0,1,0,0,0,0,0
0,45,45,kswapd0,4009,4009,4012,120,1,3,3,53,78,4,43,6,0,5,13,60,0,0,0,0,6,0,1,0,15,0,0,0,4
0,45,45,kswapd0,5267,5267,5269,120,0,2,2,135,382,67,21,0,47,22,206,0,154,0,14,1,188,0,45,4,57,4,41,0,0
0,45,45,kswapd0,5,5,7,120,0,2,2,0,0,0,0,0,0,0,0,0,0,0,0,27,0,0,0,2,0,0,0,0,0
0,45,45,kswapd0,0,0,3,120,0,3,3,0,0,0,0,0,0,0,0,0,0,0,0,0,0,0,0,0,0,0,0,0,0
0,45,45,kswapd0,4009,4009,4012,120,1,3,3,53,74,4,43,6,0,0,14,60,0,0,0,0,6,0,1,0,19,0,0,1,0
0,45,45,kswapd0,10,10,12,120,0,2,2,1,0,1,0,0,0,0,0,0,0,0,0,0,1,0,0,59,0,0,0,0,0
0,45,45,kswapd0,119,119,122,120,1,3,3,39,0,0,39,0,0,0,0,0,0,5,0,5,0,0,0,0,0,0,0,0,0
0,45,45,kswapd0,0,0,3,120,0,3,3,0,0,0,0,0,0,0,0,0,0,0,0,0,0,0,0,0,0,0,0,0,0
0,45,45,kswapd0,0,0,3,120,0,3,3,0,0,0,0,0,0,0,0,0,0,0,0,0,0,0,0,0,0,0,0,0,0
0,45,45,kswapd0,14,14,17,120,0,3,3,1,0,0,0,1,0,0,0,0,0,0,0,96,0,0,0,3,0,0,0,0,0
0,45,45,kswapd0,0,0,3,120,0,3,3,0,0,0,0,0,0,0,0,0,0,0,0,0,0,0,0,0,0,0,0,0,0
0,45,45,kswapd0,0,0,3,120,0,3,3,0,0,0,0,0,0,0,0,0,0,0,0,0,0,0,0,0,0,0,0,0,0
0,45,45,kswapd0,0,0,3,120,0,3,3,0,0,0,0,0,0,0,0,0,0,0,0,0,0,0,0,0,0,0,0,0,0
0,45,45,kswapd0,1105,1105,1108,120,1,3,3,70,157,10,0,58,2,0,134,0,23,0,0,4,66,0,0,0,7,0,0,4,0
0,45,45,kswapd0,39,39,42,120,0,3,3,2,0,0,2,0,0,0,0,0,0,0,0,2,1,0,0,4,0,0,0,0,0
0,45,45,kswapd0,145,145,147,120,0,2,2,0,31,0,0,0,0,29,2,0,0,0,0,0,9,0,0,0,0,0,0,0,0
0,45,45,kswapd0,0,0,3,120,0,3,3,0,0,0,0,0,0,0,0,0,0,0,0,0,0,0,0,0,0,0,0,0,0
0,45,45,kswapd0,0,0,3,120,0,3,3,0,0,0,0,0,0,0,0,0,0,0,0,0,0,0,0,0,0,0,0,0,0
0,45,45,kswapd0,7,7,9,120,0,2,2,0,1,0,0,0,0,1,0,0,0,0,0,7,6,0,0,1,0,0,0,0,0
0,45,45,kswapd0,1508,1508,1510,120,1,2,2,50,408,48,1,0,1,199,13,0,196,4,0,9,66,0,0,2,187,0,0,0,33
0,45,45,kswapd0,6,7,9,120,0,3,2,0,0,0,0,0,0,0,0,0,0,0,0,0,1,0,0,0,22,0,0,0,0
0,45,45,kswapd0,248,248,250,120,0,2,2,13,0,12,1,0,0,0,0,0,0,2,0,6,10,0,0,16,0,0,0,0,0
0,45,45,kswapd0,155,155,158,120,1,3,3,27,211,23,4,0,0,2,0,166,43,2,0,9,1,0,0,0,34,0,0,0,0
0,45,45,kswapd0,155,155,158,120,1,3,3,27,211,23,4,0,0,0,0,166,45,2,0,9,1,0,0,0,34,0,0,1,0
0,45,45,kswapd0,4010,4010,4012,120,1,2,2,52,74,40,8,0,4,14,60,0,0,0,0,0,12,0,0,1,0,0,0,0,4
0,45,45,kswapd0,120,120,122,120,1,2,2,39,0,39,0,0,0,0,0,0,0,2,0,2,0,0,0,0,0,0,0,3,0
0,45,45,kswapd0,1106,1106,1108,120,1,2,2,66,157,0,58,0,8,134,0,0,23,0,0,2,36,0,0,4,0,0,0,0,31
0,45,45,kswapd0,1508,1508,1510,120,0,2,2,50,375,48,1,0,1,135,13,0,227,4,0,9,66,0,0,2,220,0,0,0,0
0,45,45,kswapd0,4010,4010,4012,120,1,2,2,52,70,40,8,0,4,0,70,0,0,0,0,0,12,0,8,1,4,0,0,0,0
0,45,45,kswapd0,121,121,122,120,0,1,1,36,0,11,0,0,25,0,0,0,0,1,0,6,0,0,0,3,0,0,0,0,0
0,45,45,kswapd0,1106,1106,1108,120,0,2,2,66,126,0,58,0,8,44,25,0,57,0,0,2,36,0,25,4,31,0,0,0,0
0,45,45,kswapd0,156,156,158,120,0,2,2,26,211,4,0,0,22,0,166,0,45,1,0,7,17,0,0,1,0,0,0,0,0
0,45,45,kswapd0,4011,4011,4012,120,0,1,1,52,70,8,0,0,44,70,0,0,0,0,0,0,11,0,0,0,0,0,0,0,0
0,45,45,kswapd0,0,0,3,120,0,3,3,0,0,0,0,0,0,0,0,0,0,0,0,0,0,0,0,0,0,0,0,0,0
0,45,45,kswapd0,0,0,3,120,0,3,3,0,0,0,0,0,0,0,0,0,0,0,0,0,0,0,0,0,0,0,0,0,0
0,45,45,kswapd0,14,14,17,120,0,3,3,1,0,0,0,1,0,0,0,0,0,0,0,96,0,0,0,3,0,0,0,0,0
0,45,45,kswapd0,0,0,3,120,0,3,3,0,0,0,0,0,0,0,0,0,0,0,0,0,0,0,0,0,0,0,0,0,0
0,45,45,kswapd0,3643,3643,3646,120,48,3,3,265472,197028,2,110,265174,186,1,334,196693,0,10,3,32651,81,0,0,0,0,0,0,0,0
0,45,45,kswapd0,0,0,3,120,0,3,3,0,0,0,0,0,0,0,0,0,0,0,0,0,0,0,0,0,0,0,0,0,0
0,45,45,kswapd0,142,142,145,120,1,3,3,28,25,5,0,0,23,0,0,12,13,0,0,4,8,0,0,0,9,0,9,5,0
0,45,45,kswapd0,0,0,3,120,0,3,3,0,0,0,0,0,0,0,0,0,0,0,0,0,0,0,0,0,0,0,0,0,0
0,45,45,kswapd0,0,0,3,120,0,3,3,0,0,0,0,0,0,0,0,0,0,0,0,0,0,0,0,0,0,0,0,0,0
0,45,45,kswapd0,39,39,42,120,1,3,3,2,0,0,2,0,0,0,0,0,0,0,0,2,1,0,0,4,0,0,0,0,0
0,45,45,kswapd0,121,121,123,120,1,2,2,36,0,11,25,0,0,0,0,0,0,1,0,6,0,0,0,3,0,0,0,0,0
0,45,45,kswapd0,1106,1106,1109,120,3,3,3,66,126,0,56,10,0,41,25,60,0,0,0,2,36,0,25,4,31,0,0,5,39
0,45,45,kswapd0,0,0,3,120,0,3,3,0,0,0,0,0,0,0,0,0,0,0,0,0,0,0,0,0,0,0,0,0,0
0,45,45,kswapd0,0,0,3,120,0,3,3,0,0,0,0,0,0,0,0,0,0,0,0,0,0,0,0,0,0,0,0,0,0
0,45,45,kswapd0,0,0,3,120,0,3,3,0,0,0,0,0,0,0,0,0,0,0,0,0,0,0,0,0,0,0,0,0,0
0,45,45,kswapd0,0,0,3,120,0,3,3,0,0,0,0,0,0,0,0,0,0,0,0,0,0,0,0,0,0,0,0,0,0
0,45,45,kswapd0,7,7,9,120,0,2,2,0,1,0,0,0,0,1,0,0,0,0,0,7,6,0,0,1,0,0,0,0,0
0,45,45,kswapd0,4011,4011,4013,120,1,2,2,52,72,3,49,0,0,62,10,0,0,0,0,0,11,0,0,0,0,0,0,0,1
0,45,45,kswapd0,5267,5267,5270,120,3,3,3,135,382,8,21,106,0,20,168,194,0,0,14,1,188,0,45,4,57,4,41,3,11
0,45,45,kswapd0,5,5,7,120,0,2,2,0,0,0,0,0,0,0,0,0,0,0,0,27,0,0,0,2,0,0,0,0,0
0,45,45,kswapd0,0,0,3,120,0,3,3,0,0,0,0,0,0,0,0,0,0,0,0,0,0,0,0,0,0,0,0,0,0
0,45,45,kswapd0,6,7,9,120,0,3,2,0,0,0,0,0,0,0,0,0,0,0,0,0,1,0,0,0,22,0,0,0,0
0,45,45,kswapd0,7,7,9,120,0,2,2,0,1,0,0,0,0,1,0,0,0,0,0,7,6,0,0,1,0,0,0,0,0
0,45,45,kswapd0,10,10,12,120,0,2,2,1,0,1,0,0,0,0,0,0,0,0,0,0,1,0,0,59,0,0,0,0,0
0,45,45,kswapd0,0,0,3,120,0,3,3,0,0,0,0,0,0,0,0,0,0,0,0,0,0,0,0,0,0,0,0,0,0
0,45,45,kswapd0,14,14,17,120,0,3,3,1,0,0,0,1,0,0,0,0,0,0,0,96,0,0,0,3,0,0,0,0,0
0,45,45,kswapd0,0,0,3,120,0,3,3,0,0,0,0,0,0,0,0,0,0,0,0,0,0,0,0,0,0,0,0,0,0
0,45,45,kswapd0,0,0,3,120,0,3,3,0,0,0,0,0,0,0,0,0,0,0,0,0,0,0,0,0,0,0,0,0,0
0,45,45,kswapd0,3975,3975,3978,120,3,3,3,94,263,27,47,20,0,69,12,182,0,0,1,40,59,0,0,4,129,0,0,5,54
0,45,45,kswapd0,1143,1143,1146,120,1,3,3,17,22,12,5,0,0,0,1,21,0,0,0,2,10,5,0,60,75,0,0,11,0
0,45,45,kswapd0,0,0,3,120,0,3,3,0,0,0,0,0,0,0,0,0,0,0,0,0,0,0,0,0,0,0,0,0,0
0,45,45,kswapd0,248,248,250,120,1,2,2,13,0,12,1,0,0,0,0,0,0,2,0,6,10,0,0,16,0,0,0,6,0
0,45,45,kswapd0,156,156,159,120,3,3,3,26,211,4,0,22,0,0,166,45,0,1,0,7,17,0,0,1,0,0,0,2,14
0,45,45,kswapd0,0,0,3,120,0,3,3,0,0,0,0,0,0,0,0,0,0,0,0,0,0,0,0,0,0,0,0,0,0
0,45,45,kswapd0,0,0,3,120,0,3,3,0,0,0,0,0,0,0,0,0,0,0,0,0,0,0,0,0,0,0,0,0,0
0,45,45,kswapd0,5237,5237,5239,120,1,2,2,30,17,1,28,0,1,17,0,0,0,0,0,5,1,0,0,0,0,0,0,0,0
0,45,45,kswapd0,0,0,3,120,0,3,3,0,0,0,0,0,0,0,0,0,0,0,0,0,0,0,0,0,0,0,0,0,0
0,45,45,kswapd0,0,0,3,120,0,3,3,0,0,0,0,0,0,0,0,0,0,0,0,0,0,0,0,0,0,0,0,0,0
0,45,45,kswapd0,10,10,12,120,0,2,2,1,0,1,0,0,0,0,0,0,0,0,0,0,1,0,0,59,0,0,0,0,0
0,45,45,kswapd0,0,0,3,120,0,3,3,0,0,0,0,0,0,0,0,0,0,0,0,0,0,0,0,0,0,0,0,0,0
0,45,45,kswapd0,0,0,3,120,0,3,3,0,0,0,0,0,0,0,0,0,0,0,0,0,0,0,0,0,0,0,0,0,0
0,45,45,kswapd0,145,145,147,120,1,2,2,0,31,0,0,0,0,29,2,0,0,0,0,0,9,0,0,0,0,0,0,0,0
0,45,45,kswapd0,0,0,3,120,0,3,3,0,0,0,0,0,0,0,0,0,0,0,0,0,0,0,0,0,0,0,0,0,0
0,45,45,kswapd0,1508,1508,1511,120,3,3,3,50,375,48,1,1,0,135,13,227,0,4,0,9,66,0,0,2,220,0,0,10,76
0,45,45,kswapd0,0,0,3,120,0,3,3,0,0,0,0,0,0,0,0,0,0,0,0,0,0,0,0,0,0,0,0,0,0
0,45,45,kswapd0,5,5,7,120,0,2,2,0,0,0,0,0,0,0,0,0,0,0,0,27,0,0,0,2,0,0,0,0,0
0,45,45,kswapd0,0,0,3,120,0,3,3,0,0,0,0,0,0,0,0,0,0,0,0,0,0,0,0,0,0,0,0,0,0
0,45,45,kswapd0,4011,4011,4013,120,0,2,2,52,71,3,49,0,0,0,20,0,51,0,0,0,11,0,6,0,1,0,0,0,0
0,45,45,kswapd0,0,0,3,120,0,3,3,0,0,0,0,0,0,0,0,0,0,0,0,0,0,0,0,0,0,0,0,0,0
0,45,45,kswapd0,5268,5268,5270,120,0,2,2,132,371,21,105,0,6,0,363,0,8,2,27,2,150,0,168,3,8,0,0,0,0
0,45,45,kswapd0,249,249,250,120,0,1,1,7,0,1,0,0,6,0,0,0,0,1,0,11,5,0,0,6,0,0,0,0,0
0,45,45,kswapd0,157,157,159,120,0,2,2,24,197,1,23,0,0,13,45,0,139,0,0,3,8,0,0,2,14,0,0,0,0
0,45,45,kswapd0,0,0,3,120,0,3,3,0,0,0,0,0,0,0,0,0,0,0,0,0,0,0,0,0,0,0,0,0,0
0,45,45,kswapd0,146,146,147,120,0,1,1,0,31,0,0,0,0,18,0,0,13,0,0,0,12,0,0,0,0,0,0,0,0
0,45,45,kswapd0,1509,1509,1511,120,0,2,2,40,299,3,1,0,36,20,224,0,55,2,0,13,185,0,0,10,0,0,0,0,0
0,45,45,kswapd0,0,0,3,120,0,3,3,0,0,0,0,0,0,0,0,0,0,0,0,0,0,0,0,0,0,0,0,0,0
0,45,45,kswapd0,6,7,9,120,0,3,2,0,0,0,0,0,0,0,0,0,0,0,0,0,1,0,0,0,22,0,0,0,0
0,45,45,kswapd0,0,0,3,120,0,3,3,0,0,0,0,0,0,0,0,0,0,0,0,0,0,0,0,0,0,0,0,0,0
0,45,45,kswapd0,144,144,145,120,0,1,1,23,25,0,0,0,23,12,0,0,13,0,4,2,8,0,0,5,0,0,0,0,0
0,45,45,kswapd0,40,40,42,120,0,2,2,2,0,2,0,0,0,0,0,0,0,0,0,3,0,0,0,0,0,0,0,0,0
0,45,45,kswapd0,122,122,123,120,0,1,1,36,0,25,0,0,11,0,0,0,0,0,0,4,0,0,0,0,0,0,0,0,0
0,45,45,kswapd0,1108,1108,1109,120,0,1,1,61,87,10,0,0,51,59,0,0,28,0,0,1,41,0,0,5,0,0,0,0,0
0,45,45,kswapd0,0,0,3,120,0,3,3,0,0,0,0,0,0,0,0,0,0,0,0,0,0,0,0,0,0,0,0,0,0
0,45,45,kswapd0,0,0,3,120,0,3,3,0,0,0,0,0,0,0,0,0,0,0,0,0,0,0,0,0,0,0,0,0,0
0,45,45,kswapd0,40,40,42,120,0,2,2,2,0,2,0,0,0,0,0,0,0,0,0,3,0,0,0,0,0,0,0,0,0
0,45,45,kswapd0,0,0,3,120,0,3,3,0,0,0,0,0,0,0,0,0,0,0,0,0,0,0,0,0,0,0,0,0,0
0,45,45,kswapd0,0,0,3,120,0,3,3,0,0,0,0,0,0,0,0,0,0,0,0,0,0,0,0,0,0,0,0,0,0
0,45,45,kswapd0,1509,1509,1512,120,1,3,3,40,299,3,1,36,0,20,224,55,0,2,0,13,185,0,0,10,0,0,0,0,13
0,45,45,kswapd0,122,122,124,120,1,2,2,36,0,25,11,0,0,0,0,0,0,0,0,4,0,0,0,0,0,0,0,0,0
0,45,45,kswapd0,5,5,7,120,0,2,2,0,0,0,0,0,0,0,0,0,0,0,0,27,0,0,0,2,0,0,0,0,0
0,45,45,kswapd0,0,0,3,120,0,3,3,0,0,0,0,0,0,0,0,0,0,0,0,0,0,0,0,0,0,0,0,0,0
0,45,45,kswapd0,0,0,3,120,0,3,3,0,0,0,0,0,0,0,0,0,0,0,0,0,0,0,0,0,0,0,0,0,0
0,45,45,kswapd0,0,0,3,120,0,3,3,0,0,0,0,0,0,0,0,0,0,0,0,0,0,0,0,0,0,0,0,0,0
0,45,45,kswapd0,3644,3644,3647,120,231,3,3,268693,197028,109,264667,2866,1051,335,190036,6657,0,5,1,16325,39,0,0,0,0,0,0,32,14571
0,45,45,kswapd0,7,7,9,120,0,2,2,0,1,0,0,0,0,1,0,0,0,0,0,7,6,0,0,1,0,0,0,0,0
0,45,45,kswapd0,0,0,3,120,0,3,3,0,0,0,0,0,0,0,0,0,0,0,0,0,0,0,0,0,0,0,0,0,0
0,45,45,kswapd0,1144,1144,1147,120,0,3,3,6,22,6,0,0,0,1,21,0,0,0,0,33,42,0,0,11,0,0,0,0,0
0,45,45,kswapd0,5237,5237,5240,120,1,3,3,30,17,1,28,1,0,0,1,16,0,0,0,5,1,0,1,0,0,0,0,0,0
0,45,45,kswapd0,0,0,3,120,0,3,3,0,0,0,0,0,0,0,0,0,0,0,0,0,0,0,0,0,0,0,0,0,0
0,45,45,kswapd0,157,157,160,120,1,3,3,24,197,2,22,0,0,13,45,139,0,0,0,3,8,0,0,2,14,0,0,0,10
0,45,45,kswapd0,146,146,148,120,0,2,2,0,31,0,0,0,0,18,13,0,0,0,0,0,12,0,0,0,0,0,0,0,0
0,45,45,kswapd0,1108,1108,1110,120,1,2,2,61,87,10,51,0,0,59,28,0,0,0,0,1,41,0,0,5,0,0,0,0,59
0,45,45,kswapd0,0,0,3,120,0,3,3,0,0,0,0,0,0,0,0,0,0,0,0,0,0,0,0,0,0,0,0,0,0
0,45,45,kswapd0,10,10,12,120,0,2,2,1,0,1,0,0,0,0,0,0,0,0,0,0,1,0,0,59,0,0,0,0,0
0,45,45,kswapd0,0,0,3,120,0,3,3,0,0,0,0,0,0,0,0,0,0,0,0,0,0,0,0,0,0,0,0,0,0
0,45,45,kswapd0,4011,4011,4014,120,1,3,3,52,72,2,44,6,0,0,21,51,0,0,0,0,11,0,6,0,1,0,0,0,0
0,45,45,kswapd0,249,249,251,120,0,2,2,7,0,1,6,0,0,0,0,0,0,1,0,11,5,0,0,6,0,0,0,0,0
0,45,45,kswapd0,144,144,146,120,0,2,2,23,25,0,23,0,0,6,19,0,0,0,4,2,8,0,0,5,0,0,0,0,0
0,45,45,kswapd0,0,0,3,120,0,3,3,0,0,0,0,0,0,0,0,0,0,0,0,0,0,0,0,0,0,0,0,0,0
0,45,45,kswapd0,0,0,3,120,0,3,3,0,0,0,0,0,0,0,0,0,0,0,0,0,0,0,0,0,0,0,0,0,0
0,45,45,kswapd0,0,0,3,120,0,3,3,0,0,0,0,0,0,0,0,0,0,0,0,0,0,0,0,0,0,0,0,0,0
0,45,45,kswapd0,0,0,3,120,0,3,3,0,0,0,0,0,0,0,0,0,0,0,0,0,0,0,0,0,0,0,0,0,0
0,45,45,kswapd0,5,5,7,120,0,2,2,0,0,0,0,0,0,0,0,0,0,0,0,27,0,0,0,2,0,0,0,0,0
0,45,45,kswapd0,10,10,12,120,0,2,2,1,0,1,0,0,0,0,0,0,0,0,0,0,1,0,0,59,0,0,0,0,0
0,45,45,kswapd0,0,0,3,120,0,3,3,0,0,0,0,0,0,0,0,0,0,0,0,0,0,0,0,0,0,0,0,0,0
0,45,45,kswapd0,0,0,3,120,0,3,3,0,0,0,0,0,0,0,0,0,0,0,0,0,0,0,0,0,0,0,0,0,0
0,45,45,kswapd0,14,14,17,120,0,3,3,1,0,0,0,1,0,0,0,0,0,0,0,96,0,0,0,3,0,0,0,0,0
0,45,45,kswapd0,0,0,3,120,0,3,3,0,0,0,0,0,0,0,0,0,0,0,0,0,0,0,0,0,0,0,0,0,0
0,45,45,kswapd0,0,0,3,120,0,3,3,0,0,0,0,0,0,0,0,0,0,0,0,0,0,0,0,0,0,0,0,0,0
0,45,45,kswapd0,6,7,9,120,0,3,2,0,0,0,0,0,0,0,0,0,0,0,0,0,1,0,0,0,22,0,0,0,0
0,45,45,kswapd0,0,0,3,120,0,3,3,0,0,0,0,0,0,0,0,0,0,0,0,0,0,0,0,0,0,0,0,0,0
0,45,45,kswapd0,0,0,3,120,0,3,3,0,0,0,0,0,0,0,0,0,0,0,0,0,0,0,0,0,0,0,0,0,0
0,45,45,kswapd0,0,0,3,120,0,3,3,0,0,0,0,0,0,0,0,0,0,0,0,0,0,0,0,0,0,0,0,0,0
0,45,45,kswapd0,6,7,9,120,0,3,2,0,0,0,0,0,0,0,0,0,0,0,0,0,1,0,0,0,22,0,0,0,0
0,45,45,kswapd0,3976,3976,3979,120,1,3,3,89,209,40,19,30,0,12,182,15,0,0,0,22,120,0,0,5,0,0,0,0,0
0,45,45,kswapd0,5268,5268,5271,120,1,3,3,132,371,21,102,9,0,0,363,8,0,2,27,2,150,0,168,3,8,0,0,0,0
0,45,45,kswapd0,0,0,3,120,0,3,3,0,0,0,0,0,0,0,0,0,0,0,0,0,0,0,0,0,0,0,0,0,0
0,45,45,kswapd0,0,0,3,120,0,3,3,0,0,0,0,0,0,0,0,0,0,0,0,0,0,0,0,0,0,0,0,0,0
0,45,45,kswapd0,40,40,42,120,0,2,2,2,0,2,0,0,0,0,0,0,0,0,0,3,0,0,0,0,0,0,0,0,0
0,45,45,kswapd0,1144,1144,1147,120,0,3,3,6,22,6,0,0,0,1,21,0,0,0,0,33,42,0,0,11,0,0,0,0,0
0,45,45,kswapd0,7,7,9,120,0,2,2,0,1,0,0,0,0,1,0,0,0,0,0,7,6,0,0,1,0,0,0,0,0
0,45,45,kswapd0,0,0,3,120,0,3,3,0,0,0,0,0,0,0,0,0,0,0,0,0,0,0,0,0,0,0,0,0,0
0,45,45,kswapd0,0,0,3,120,0,3,3,0,0,0,0,0,0,0,0,0,0,0,0,0,0,0,0,0,0,0,0,0,0
0,45,45,kswapd0,0,0,3,120,0,3,3,0,0,0,0,0,0,0,0,0,0,0,0,0,0,0,0,0,0,0,0,0,0
0,45,45,kswapd0,40,40,42,120,0,2,2,2,0,2,0,0,0,0,0,0,0,0,0,3,0,0,0,0,0,0,0,0,0
0,45,45,kswapd0,3645,3645,3647,120,460,2,2,290451,182457,264705,2866,0,22880,175755,6657,0,45,2,0,8181,169,0,0,5,14336,0,0,31,3968
0,45,45,kswapd0,5238,5238,5240,120,2,2,2,30,18,28,1,0,1,2,16,0,0,0,0,2,0,0,0,0,0,0,0,0,0
0,45,45,kswapd0,157,157,160,120,2,3,3,24,187,2,22,0,0,0,45,127,15,0,0,3,8,0,0,2,24,0,0,2,45
0,45,45,kswapd0,1108,1108,1110,120,0,2,2,61,28,10,51,0,0,0,28,0,0,0,0,1,41,0,0,5,59,0,0,0,0
0,45,45,kswapd0,14,14,17,120,0,3,3,1,0,0,0,1,0,0,0,0,0,0,0,96,0,0,0,3,0,0,0,0,0
0,45,45,kswapd0,0,0,3,120,0,3,3,0,0,0,0,0,0,0,0,0,0,0,0,0,0,0,0,0,0,0,0,0,0
0,45,45,kswapd0,4012,4012,4014,120,1,2,2,52,73,40,6,0,6,22,51,0,0,0,0,0,8,0,0,0,0,0,0,0,0
0,45,45,kswapd0,0,0,3,120,0,3,3,0,0,0,0,0,0,0,0,0,0,0,0,0,0,0,0,0,0,0,0,0,0
0,45,45,kswapd0,0,0,3,120,0,3,3,0,0,0,0,0,0,0,0,0,0,0,0,0,0,0,0,0,0,0,0,0,0
0,45,45,kswapd0,3976,3976,3979,120,1,3,3,89,209,40,19,30,0,0,182,15,12,0,0,22,120,0,0,5,0,0,0,5,0
0,45,45,kswapd0,5269,5269,5271,120,1,2,2,196,482,97,11,0,88,474,8,0,0,1,12,2,163,0,0,0,0,0,0,0,9
0,45,45,kswapd0,1509,1509,1512,120,2,3,3,40,286,3,1,36,0,0,220,52,14,2,0,13,185,0,0,10,13,0,0,0,64
0,45,45,kswapd0,123,123,124,120,0,1,1,36,0,11,0,0,25,0,0,0,0,0,0,2,0,0,0,0,0,0,0,0,0
0,45,45,kswapd0,0,0,3,120,0,3,3,0,0,0,0,0,0,0,0,0,0,0,0,0,0,0,0,0,0,0,0,0,0
0,45,45,kswapd0,146,146,148,120,1,2,2,0,31,0,0,0,0,18,13,0,0,0,0,0,12,0,0,0,0,0,0,0,0
0,45,45,kswapd0,0,0,3,120,0,3,3,0,0,0,0,0,0,0,0,0,0,0,0,0,0,0,0,0,0,0,0,0,0
0,45,45,kswapd0,3645,3645,3647,120,964,2,2,298938,181089,239112,2869,0,56957,171787,6657,0,2645,2,0,8181,169,3,0,36,18304,0,2599,0,0
0,45,45,kswapd0,5239,5239,5240,120,0,1,1,30,18,0,0,0,30,17,0,0,1,0,0,1,0,0,0,0,0,0,0,0,0
0,45,45,kswapd0,158,158,160,120,0,2,2,22,142,22,0,0,0,0,127,0,15,0,0,2,16,0,0,2,45,0,0,0,0
0,45,45,kswapd0,4012,4012,4014,120,1,2,2,52,73,40,6,0,6,0,58,0,15,0,0,0,8,0,1,0,0,0,0,0,0
0,45,45,kswapd0,3977,3977,3979,120,1,2,2,84,209,19,31,0,34,182,15,0,12,0,0,13,60,0,0,5,0,0,0,0,58
0,45,45,kswapd0,5269,5269,5271,120,1,2,2,133,473,79,9,0,45,294,8,0,171,1,12,2,163,0,0,0,9,0,0,0,41
0,45,45,kswapd0,1510,1510,1512,120,1,2,2,40,222,1,37,0,2,156,52,0,14,1,0,11,98,0,0,0,64,0,0,0,64
0,45,45,kswapd0,147,147,148,120,0,1,1,0,31,0,0,0,0,16,0,0,15,0,0,0,7,0,0,0,0,0,0,0,0
0,45,45,kswapd0,3977,3977,3979,120,1,2,2,84,151,19,31,0,34,118,15,0,18,0,0,13,60,0,0,5,58,0,0,0,1
0,45,45,kswapd0,5269,5269,5271,120,1,2,2,133,432,79,9,0,45,197,28,0,207,1,12,2,163,0,20,0,50,0,0,0,64
0,45,45,kswapd0,1510,1510,1512,120,1,2,2,40,158,1,37,0,2,92,52,0,14,1,0,11,98,0,0,0,128,0,0,0,64
0,45,45,kswapd0,3645,3645,3647,120,1535,2,2,306821,186877,177416,2869,0,126536,171787,6657,0,8433,2,0,8181,169,3,0,36,18304,0,8389,0,0
0,45,45,kswapd0,4013,4013,4014,120,0,1,1,52,73,6,0,0,46,58,0,0,15,0,0,0,4,0,0,0,0,0,0,0,0
0,45,45,kswapd0,3977,3977,3979,120,1,2,2,84,150,20,30,0,34,54,15,0,81,0,0,13,60,0,0,5,59,0,0,0,54
0,45,45,kswapd0,1510,1510,1512,120,0,2,2,40,94,2,36,0,2,28,52,0,14,1,0,11,98,0,0,0,192,0,0,0,0
0,45,45,kswapd0,0,0,3,120,0,3,3,0,0,0,0,0,0,0,0,0,0,0,0,0,0,0,0,0,0,0,0,0,0
0,45,45,kswapd0,0,0,3,120,0,3,3,0,0,0,0,0,0,0,0,0,0,0,0,0,0,0,0,0,0,0,0,0,0
0,45,45,kswapd0,0,0,3,120,0,3,3,0,0,0,0,0,0,0,0,0,0,0,0,0,0,0,0,0,0,0,0,0,0
0,45,45,kswapd0,14,14,17,120,0,3,3,1,0,0,0,1,0,0,0,0,0,0,0,96,0,0,0,3,0,0,0,0,0
0,45,45,kswapd0,0,0,3,120,0,3,3,0,0,0,0,0,0,0,0,0,0,0,0,0,0,0,0,0,0,0,0,0,0
0,45,45,kswapd0,5269,5269,5272,120,1,3,3,135,398,63,5,37,30,121,32,219,26,1,12,2,163,0,20,0,114,0,16,0,34
0,45,45,kswapd0,0,0,3,120,0,3,3,0,0,0,0,0,0,0,0,0,0,0,0,0,0,0,0,0,0,0,0,0,0
0,45,45,kswapd0,0,0,3,120,0,3,3,0,0,0,0,0,0,0,0,0,0,0,0,0,0,0,0,0,0,0,0,0,0
0,45,45,kswapd0,40,40,42,120,0,2,2,2,0,2,0,0,0,0,0,0,0,0,0,3,0,0,0,0,0,0,0,0,0
0,45,45,kswapd0,1108,1108,1111,120,1,3,3,61,28,10,51,0,0,0,28,0,0,0,0,1,41,0,0,5,59,0,0,9,0
0,45,45,kswapd0,5239,5239,5241,120,0,2,2,30,18,0,30,0,0,17,1,0,0,0,0,1,0,0,0,0,0,0,0,0,0
0,45,45,kswapd0,4013,4013,4015,120,1,2,2,52,73,1,51,0,0,58,15,0,0,0,0,0,4,0,0,0,0,0,0,0,9
0,45,45,kswapd0,14,14,17,120,0,3,3,1,0,0,0,1,0,0,0,0,0,0,0,96,0,0,0,3,0,0,0,0,0
0,45,45,kswapd0,5,5,7,120,0,2,2,0,0,0,0,0,0,0,0,0,0,0,0,27,0,0,0,2,0,0,0,0,0
0,45,45,kswapd0,0,0,3,120,0,3,3,0,0,0,0,0,0,0,0,0,0,0,0,0,0,0,0,0,0,0,0,0,0
0,45,45,kswapd0,0,0,3,120,0,3,3,0,0,0,0,0,0,0,0,0,0,0,0,0,0,0,0,0,0,0,0,0,0
0,45,45,kswapd0,0,0,3,120,0,3,3,0,0,0,0,0,0,0,0,0,0,0,0,0,0,0,0,0,0,0,0,0,0
0,45,45,kswapd0,0,0,3,120,0,3,3,0,0,0,0,0,0,0,0,0,0,0,0,0,0,0,0,0,0,0,0,0,0
0,45,45,kswapd0,1510,1510,1513,120,1,3,3,40,94,2,36,2,0,28,52,14,0,1,0,11,98,0,0,0,192,0,0,0,22
0,45,45,kswapd0,0,0,3,120,0,3,3,0,0,0,0,0,0,0,0,0,0,0,0,0,0,0,0,0,0,0,0,0,0
0,45,45,kswapd0,5239,5239,5241,120,0,2,2,30,18,0,30,0,0,17,1,0,0,0,0,1,0,0,0,0,0,0,0,0,0
0,45,45,kswapd0,0,0,3,120,0,3,3,0,0,0,0,0,0,0,0,0,0,0,0,0,0,0,0,0,0,0,0,0,0
0,45,45,kswapd0,144,144,147,120,0,3,3,23,25,0,23,0,0,6,19,0,0,0,4,2,8,0,0,5,0,0,0,0,0
0,45,45,kswapd0,6,7,9,120,0,3,2,0,0,0,0,0,0,0,0,0,0,0,0,0,1,0,0,0,22,0,0,0,0
0,45,45,kswapd0,0,0,3,120,0,3,3,0,0,0,0,0,0,0,0,0,0,0,0,0,0,0,0,0,0,0,0,0,0
0,45,45,kswapd0,123,123,125,120,0,2,2,49,0,11,25,0,13,0,0,0,0,0,0,2,0,0,0,0,0,0,0,0,0
0,45,45,kswapd0,158,158,161,120,1,3,3,22,142,22,0,0,0,0,127,15,0,0,0,2,16,0,0,2,45,0,0,20,0
0,45,45,kswapd0,3977,3977,3980,120,1,3,3,84,96,6,30,48,0,0,15,81,0,0,0,13,60,0,0,5,113,0,0,2,0
0,45,45,kswapd0,0,0,3,120,0,3,3,0,0,0,0,0,0,0,0,0,0,0,0,0,0,0,0,0,0,0,0,0,0
0,45,45,kswapd0,5,5,7,120,0,2,2,0,0,0,0,0,0,0,0,0,0,0,0,27,0,0,0,2,0,0,0,0,0
0,45,45,kswapd0,6,7,9,120,0,3,2,0,0,0,0,0,0,0,0,0,0,0,0,0,1,0,0,0,22,0,0,0,0
0,45,45,kswapd0,10,10,12,120,0,2,2,1,0,1,0,0,0,0,0,0,0,0,0,0,1,0,0,59,0,0,0,0,0
0,45,45,kswapd0,0,0,3,120,0,3,3,0,0,0,0,0,0,0,0,0,0,0,0,0,0,0,0,0,0,0,0,0,0
0,45,45,kswapd0,0,0,3,120,0,3,3,0,0,0,0,0,0,0,0,0,0,0,0,0,0,0,0,0,0,0,0,0,0
0,45,45,kswapd0,147,147,149,120,0,2,2,60,237,0,0,0,60,16,15,0,206,0,0,0,7,0,0,0,0,0,0,0,0
0,45,45,kswapd0,40,40,42,120,0,2,2,2,0,2,0,0,0,0,0,0,0,0,0,3,0,0,0,0,0,0,0,0,0
0,45,45,kswapd0,0,0,3,120,0,3,3,0,0,0,0,0,0,0,0,0,0,0,0,0,0,0,0,0,0,0,0,0,0
0,45,45,kswapd0,10,10,12,120,0,2,2,1,0,1,0,0,0,0,0,0,0,0,0,0,1,0,0,59,0,0,0,0,0
0,45,45,kswapd0,0,0,3,120,0,3,3,0,0,0,0,0,0,0,0,0,0,0,0,0,0,0,0,0,0,0,0,0,0
0,45,45,kswapd0,1144,1144,1147,120,0,3,3,6,22,6,0,0,0,1,21,0,0,0,0,33,42,0,0,11,0,0,0,0,0
0,45,45,kswapd0,7,7,9,120,0,2,2,0,1,0,0,0,0,1,0,0,0,0,0,7,6,0,0,1,0,0,0,0,0
0,45,45,kswapd0,0,0,3,120,0,3,3,0,0,0,0,0,0,0,0,0,0,0,0,0,0,0,0,0,0,0,0,0,0
0,45,45,kswapd0,249,249,252,120,0,3,3,7,0,1,6,0,0,0,0,0,0,1,0,11,5,0,0,6,0,0,0,0,0
0,45,45,kswapd0,0,0,3,120,0,3,3,0,0,0,0,0,0,0,0,0,0,0,0,0,0,0,0,0,0,0,0,0,0
0,45,45,kswapd0,0,0,3,120,0,3,3,0,0,0,0,0,0,0,0,0,0,0,0,0,0,0,0,0,0,0,0,0,0
0,45,45,kswapd0,3645,3645,3648,120,129,3,3,325940,196783,79176,2867,242578,1319,171772,6656,18093,262,2,0,8181,169,3,0,36,18304,0,18304,0,0
0,45,45,kswapd0,0,0,3,120,0,3,3,0,0,0,0,0,0,0,0,0,0,0,0,0,0,0,0,0,0,0,0,0,0
0,45,45,kswapd0,144,144,147,120,0,3,3,23,25,0,23,0,0,6,19,0,0,0,4,2,8,0,0,5,0,0,0,0,0
0,45,45,kswapd0,0,0,3,120,0,3,3,0,0,0,0,0,0,0,0,0,0,0,0,0,0,0,0,0,0,0,0,0,0
0,45,45,kswapd0,3978,3978,3980,120,1,2,2,82,96,30,48,0,4,15,81,0,0,0,0,9,86,0,0,2,0,0,0,0,15
0,45,45,kswapd0,1144,1144,1147,120,0,3,3,6,22,6,0,0,0,1,21,0,0,0,0,33,42,0,0,11,0,0,0,0,0
0,45,45,kswapd0,0,0,3,120,0,3,3,0,0,0,0,0,0,0,0,0,0,0,0,0,0,0,0,0,0,0,0,0,0
0,127608,127676,file_anon_mix_p,159,159,161,120,0,2,2,2,142,2,0,0,0,127,15,0,0,0,0,2,30,0,0,20,0,0,0,0,0
0,127608,127676,file_anon_mix_p,0,0,3,120,0,3,3,0,0,0,0,0,0,0,0,0,0,0,0,0,0,0,0,0,0,0,0,0,0
0,127608,127676,file_anon_mix_p,3978,3978,3980,120,0,2,2,82,81,30,48,0,4,0,81,0,0,0,0,9,86,0,0,2,15,0,0,0,0
0,127608,127676,file_anon_mix_p,3645,3645,3648,120,2,3,3,330023,196794,63624,2867,242578,20954,171772,6656,18093,273,2,0,8181,169,3,0,36,18304,0,18304,0,0
0,127608,127676,file_anon_mix_p,5269,5269,5272,120,0,3,3,135,364,63,5,37,30,0,106,211,47,1,12,2,163,0,93,0,148,0,16,0,0
0,127608,127676,file_anon_mix_p,0,0,3,120,0,3,3,0,0,0,0,0,0,0,0,0,0,0,0,0,0,0,0,0,0,0,0,0,0
0,127608,127676,file_anon_mix_p,0,0,3,120,0,3,3,0,0,0,0,0,0,0,0,0,0,0,0,0,0,0,0,0,0,0,0,0,0
0,127608,127676,file_anon_mix_p,0,0,3,120,0,3,3,0,0,0,0,0,0,0,0,0,0,0,0,0,0,0,0,0,0,0,0,0,0
0,127608,127676,file_anon_mix_p,1109,1109,1111,120,0,2,2,52,28,52,0,0,0,28,0,0,0,0,0,3,50,0,0,9,0,0,0,0,0
0,127608,127676,file_anon_mix_p,4013,4013,4015,120,0,2,2,52,65,1,51,0,0,1,22,0,42,0,0,0,4,0,1,0,9,0,0,0,0
0,127608,127676,file_anon_mix_p,7,7,9,120,0,2,2,0,1,0,0,0,0,1,0,0,0,0,0,7,6,0,0,1,0,0,0,0,0
0,127608,127676,file_anon_mix_p,249,249,252,120,0,3,3,7,0,1,6,0,0,0,0,0,0,1,0,11,5,0,0,6,0,0,0,0,0
0,127608,127676,file_anon_mix_p,159,159,161,120,0,2,2,2,142,2,0,0,0,127,15,0,0,0,0,2,30,0,0,20,0,0,0,0,0
0,127608,127676,file_anon_mix_p,3978,3978,3980,120,0,2,2,82,81,30,48,0,4,0,81,0,0,0,0,9,86,0,0,2,15,0,0,0,0
0,127608,127676,file_anon_mix_p,1510,1510,1513,120,0,3,3,40,72,2,36,2,0,0,57,14,1,1,0,11,98,0,5,0,214,0,0,0,0
0,127608,127676,file_anon_mix_p,0,0,3,120,0,3,3,0,0,0,0,0,0,0,0,0,0,0,0,0,0,0,0,0,0,0,0,0,0
0,127608,127676,file_anon_mix_p,0,0,3,120,0,3,3,0,0,0,0,0,0,0,0,0,0,0,0,0,0,0,0,0,0,0,0,0,0
0,127608,127676,file_anon_mix_p,1510,1510,1513,120,0,3,3,40,72,2,36,2,0,0,57,14,1,1,0,11,98,0,5,0,214,0,0,0,0
0,127608,127676,file_anon_mix_p,5269,5269,5272,120,0,3,3,135,364,63,5,37,30,0,106,211,47,1,12,2,163,0,93,0,148,0,16,0,0
0,126930,126930,mglru_monitor,4013,4013,4015,120,0,2,2,52,65,0,51,0,1,1,22,0,42,0,0,0,4,0,1,0,9,0,0,0,0
0,126930,126930,mglru_monitor,1109,1109,1111,120,0,2,2,52,28,52,0,0,0,28,0,0,0,0,0,3,50,0,0,9,0,0,0,0,0
0,127608,127676,file_anon_mix_p,4013,4013,4015,120,0,2,2,52,65,1,51,0,0,1,22,0,42,0,0,0,4,0,1,0,9,0,0,0,0
0,126930,126930,mglru_monitor,3645,3645,3648,120,2,3,3,330023,196794,62792,2867,242578,21786,171772,6656,18093,273,2,0,8181,169,3,0,36,18304,0,18304,0,0
0,127608,127676,file_anon_mix_p,3645,3645,3648,120,5,3,3,329959,196794,62664,2867,242578,21850,171772,6656,18093,273,2,0,8181,169,3,0,36,18304,0,18304,0,0
0,126930,126930,mglru_monitor,3645,3645,3648,120,5,3,3,330041,196794,61960,2867,242578,22636,171772,6656,18093,273,2,0,8181,169,3,0,36,18304,0,18304,0,0
0,127608,127676,file_anon_mix_p,3645,3645,3648,120,9,3,3,330064,196794,61384,2867,242578,23235,171772,6656,18093,273,2,0,8181,169,3,0,36,18304,0,18304,0,0
0,126930,126930,mglru_monitor,3645,3645,3648,120,9,3,3,329959,196794,60424,2867,242578,24090,171772,6656,18093,273,2,0,8181,169,3,0,36,18304,0,18304,0,0
0,127608,127676,file_anon_mix_p,3645,3645,3648,120,17,3,3,329959,196794,58760,2867,242578,25754,171772,6656,18093,273,2,0,8181,169,3,0,36,18304,0,18304,0,0
0,126930,126930,mglru_monitor,3645,3645,3648,120,17,3,3,329959,196794,57928,2867,242578,26586,171772,6656,18093,273,2,0,8181,169,3,0,36,18304,0,18304,0,0
0,45,45,kswapd0,3645,3645,3648,120,258,3,3,328055,196794,70920,2867,242578,11690,171772,6656,18093,273,2,0,8181,169,3,0,36,18304,0,18304,0,0
0,127608,127676,file_anon_mix_p,3645,3645,3648,120,33,3,3,329988,196794,54408,2867,242578,30135,171772,6656,18093,273,2,0,8181,169,3,0,36,18304,0,18304,0,0
0,126930,126930,mglru_monitor,3645,3645,3648,120,33,3,3,329959,196794,53192,2867,242578,31322,171772,6656,18093,273,2,0,8181,169,3,0,36,18304,0,18304,0,0
0,127608,127676,file_anon_mix_p,3645,3645,3648,120,65,3,3,330034,196794,45128,2867,242578,39461,171772,6656,18093,273,2,0,8181,169,3,0,36,18304,0,18304,0,0
0,126930,126930,mglru_monitor,3645,3645,3648,120,65,3,3,330023,196794,43976,2867,242578,40602,171772,6656,18093,273,2,0,8181,169,3,0,36,18304,0,18304,0,0
0,127608,127676,file_anon_mix_p,3645,3645,3648,120,126,3,3,330045,196794,27528,2867,242578,57072,171772,6656,18093,273,2,0,8181,169,3,0,36,18304,0,18304,0,12
0,126930,126930,mglru_monitor,3645,3645,3648,120,126,3,3,329959,196794,26312,2867,242578,58202,171772,6656,18093,273,2,0,8181,169,3,0,36,18304,0,18304,1,1
0,121783,121783,watch,3645,3645,3648,120,2,3,3,330085,196633,0,2840,242578,84667,160747,6669,15618,13599,2,0,8181,169,3,17,37,18401,0,18304,0,0
0,121783,121783,watch,3645,3645,3648,120,5,3,3,330085,196545,0,2840,242578,84667,159787,6669,15618,14471,2,0,8181,169,3,17,38,18401,0,18304,0,1
0,45,45,kswapd0,3645,3645,3648,120,511,3,3,329969,196794,47112,2867,242578,37412,171772,6656,18093,273,2,0,8181,169,3,0,36,18304,0,18304,1,76
0,121783,121783,watch,3645,3645,3648,120,9,3,3,330085,196583,0,2840,242578,84667,157867,6669,15618,16429,2,0,8181,169,3,17,38,18402,0,18304,0,0
0,121783,121783,watch,3645,3645,3648,120,17,3,3,330085,196575,0,2840,242578,84667,154091,6669,15618,20197,2,0,8181,169,3,17,38,18402,0,18304,0,0
0,121783,121783,watch,3645,3645,3648,120,33,3,3,330085,196568,0,2840,242578,84667,147627,6669,15618,26654,2,0,8181,169,3,17,38,18402,0,18304,0,0
0,121783,121783,watch,3645,3645,3648,120,65,3,3,330085,196568,0,2840,242578,84667,134187,6669,15618,40094,2,0,8181,169,3,17,38,18402,0,18304,0,1
0,127608,127676,file_anon_mix_p,3645,3645,3648,120,256,3,3,330086,196659,0,2840,242579,84667,165176,6656,18093,6734,2,0,8181,169,3,0,37,18328,0,18304,0,1
0,126930,126930,mglru_monitor,3645,3645,3648,120,257,3,3,330086,196705,0,2840,242579,84667,162623,6656,18093,9333,2,0,8181,169,3,0,37,18329,0,18304,0,9
0,121783,121783,watch,3645,3645,3648,120,128,3,3,330085,196631,0,2840,242578,84667,107051,6669,15618,67293,2,0,8181,169,3,17,38,18403,0,18304,0,3
0,45,45,kswapd0,3645,3645,3648,120,925,3,3,330085,196632,0,2840,242578,84667,156203,6669,15618,18142,2,0,8181,169,3,17,38,18402,0,18304,0,1
0,127616,127616,file_anon_mix_p,3645,3645,3648,120,2,3,3,330085,196496,0,2840,242578,84667,43267,6606,15618,131005,2,0,8181,169,3,17,38,18410,0,18304,0,0
0,127616,127616,file_anon_mix_p,3645,3645,3648,120,5,3,3,330085,196558,0,2840,242578,84667,42755,6606,15618,131579,2,0,8181,169,3,17,38,18410,0,18304,0,0
0,127616,127616,file_anon_mix_p,3645,3645,3648,120,9,3,3,330085,196533,0,2840,242578,84667,38019,6606,15618,136290,2,0,8181,169,3,17,38,18410,0,18304,0,0
0,127616,127616,file_anon_mix_p,3645,3645,3648,120,17,3,3,330085,196496,0,2840,242578,84667,30531,6606,15618,143741,2,0,8181,169,3,17,38,18410,0,18304,0,0
0,121783,121783,watch,3645,3645,3648,120,137,3,3,330085,196560,0,2840,242578,84667,55235,6606,15618,119101,2,0,8181,169,3,17,38,18410,0,18304,0,0
0,121783,121783,watch,0,0,3,120,0,3,3,0,0,0,0,0,0,0,0,0,0,0,0,0,0,0,0,0,0,0,0,0,0
0,121783,121783,watch,0,0,3,120,0,3,3,0,0,0,0,0,0,0,0,0,0,0,0,0,0,0,0,0,0,0,0,0,0
0,121783,121783,watch,147,147,150,120,1,3,3,60,237,0,0,60,0,1,15,221,0,0,0,0,7,0,0,0,0,0,0,0,0
0,121783,121783,watch,0,0,3,120,0,3,3,0,0,0,0,0,0,0,0,0,0,0,0,0,0,0,0,0,0,0,0,0,0
0,121783,121783,watch,5269,5269,5272,120,1,3,3,135,364,63,5,37,30,0,106,211,47,1,12,2,163,0,93,0,148,0,16,1,0
0,45,45,kswapd0,3645,3645,3648,120,359,3,3,330085,196496,0,2840,242578,84667,43843,6606,15618,130429,2,0,8181,169,3,17,38,18410,0,18304,0,2
0,45,45,kswapd0,5270,5270,5272,120,0,2,2,134,364,9,55,0,70,106,211,0,47,0,13,3,201,0,0,1,0,0,0,0,0
0,121783,121783,watch,3646,3646,3649,120,7,3,3,329957,196686,2045,242577,84668,667,6606,15617,174271,192,1,9152,4111,9297,0,0,0,2,0,0,43,0
0,126930,126930,mglru_monitor,3645,3645,3648,120,160,3,3,330085,196684,0,2840,242578,84667,58431,6606,15618,116029,2,0,8181,169,3,17,38,18410,0,18304,64,0
0,127616,127616,file_anon_mix_p,3645,3645,3648,120,28,3,3,330085,196524,0,2840,242578,84667,16259,6606,15618,158041,2,0,8181,169,3,17,38,18410,0,18304,64,0
0,127608,127676,file_anon_mix_p,3645,3645,3648,120,108,3,3,330085,196533,0,2840,242578,84667,63722,6606,15618,110587,2,0,8181,169,3,17,38,18405,0,18304,64,1
0,127608,127676,file_anon_mix_p,5239,5239,5241,120,0,2,2,30,20,0,30,0,0,19,1,0,0,0,0,1,0,0,0,0,0,0,0,0,0
0,127608,127676,file_anon_mix_p,3978,3978,3980,120,0,2,2,82,81,30,48,0,4,0,81,0,0,0,0,9,86,0,0,2,15,0,0,0,0
0,127608,127676,file_anon_mix_p,0,0,3,120,0,3,3,0,0,0,0,0,0,0,0,0,0,0,0,0,0,0,0,0,0,0,0,0,0
0,127608,127676,file_anon_mix_p,10,10,12,120,0,2,2,1,0,1,0,0,0,0,0,0,0,0,0,0,1,0,0,59,0,0,0,0,0
0,127608,127676,file_anon_mix_p,0,0,3,120,0,3,3,0,0,0,0,0,0,0,0,0,0,0,0,0,0,0,0,0,0,0,0,0,0
0,127608,127676,file_anon_mix_p,0,0,3,120,0,3,3,0,0,0,0,0,0,0,0,0,0,0,0,0,0,0,0,0,0,0,0,0,0
0,127608,127676,file_anon_mix_p,7,7,9,120,0,2,2,0,1,0,0,0,0,1,0,0,0,0,0,7,6,0,0,1,0,0,0,0,0
0,127608,127676,file_anon_mix_p,1109,1109,1111,120,0,2,2,52,28,52,0,0,0,28,0,0,0,0,0,3,50,0,0,9,0,0,0,0,0
0,127608,127676,file_anon_mix_p,0,0,3,120,0,3,3,0,0,0,0,0,0,0,0,0,0,0,0,0,0,0,0,0,0,0,0,0,0
0,126930,126930,mglru_monitor,0,0,3,120,0,3,3,0,0,0,0,0,0,0,0,0,0,0,0,0,0,0,0,0,0,0,0,0,0
0,126930,126930,mglru_monitor,0,0,3,120,0,3,3,0,0,0,0,0,0,0,0,0,0,0,0,0,0,0,0,0,0,0,0,0,0
0,126930,126930,mglru_monitor,159,159,161,120,0,2,2,2,142,2,0,0,0,127,15,0,0,0,0,2,30,0,0,20,0,0,0,0,0
0,126930,126930,mglru_monitor,1510,1510,1513,120,0,3,3,40,72,2,36,2,0,0,57,14,1,1,0,11,98,0,5,0,214,0,0,0,0
0,126930,126930,mglru_monitor,0,0,3,120,0,3,3,0,0,0,0,0,0,0,0,0,0,0,0,0,0,0,0,0,0,0,0,0,0
0,126930,126930,mglru_monitor,10,10,12,120,0,2,2,1,0,1,0,0,0,0,0,0,0,0,0,0,1,0,0,59,0,0,0,0,0
0,126930,126930,mglru_monitor,5,5,7,120,0,2,2,0,0,0,0,0,0,0,0,0,0,0,0,27,0,0,0,2,0,0,0,0,0
0,126930,126930,mglru_monitor,6,7,9,120,0,3,2,0,0,0,0,0,0,0,0,0,0,0,0,0,1,0,0,0,22,0,0,0,0
0,126930,126930,mglru_monitor,0,0,3,120,0,3,3,0,0,0,0,0,0,0,0,0,0,0,0,0,0,0,0,0,0,0,0,0,0
0,126930,126930,mglru_monitor,0,0,3,120,0,3,3,0,0,0,0,0,0,0,0,0,0,0,0,0,0,0,0,0,0,0,0,0,0
0,126930,126930,mglru_monitor,3978,3978,3980,120,0,2,2,82,81,30,48,0,4,0,81,0,0,0,0,9,86,0,0,2,15,0,0,0,0
0,126930,126930,mglru_monitor,7,7,9,120,0,2,2,0,1,0,0,0,0,1,0,0,0,0,0,7,6,0,0,1,0,0,0,0,0
0,126930,126930,mglru_monitor,1109,1109,1111,120,0,2,2,52,28,52,0,0,0,28,0,0,0,0,0,3,50,0,0,9,0,0,0,0,0
0,126930,126930,mglru_monitor,0,0,3,120,0,3,3,0,0,0,0,0,0,0,0,0,0,0,0,0,0,0,0,0,0,0,0,0,0
0,126930,126930,mglru_monitor,123,123,126,120,0,3,3,49,0,11,25,13,0,0,0,0,0,0,0,2,0,0,0,0,0,0,0,0,0
0,126930,126930,mglru_monitor,40,40,42,120,0,2,2,2,0,2,0,0,0,0,0,0,0,0,0,3,0,0,0,0,0,0,0,0,0
0,126930,126930,mglru_monitor,1144,1144,1147,120,0,3,3,6,22,6,0,0,0,1,21,0,0,0,0,33,42,0,0,11,0,0,0,0,0
0,126930,126930,mglru_monitor,0,0,3,120,0,3,3,0,0,0,0,0,0,0,0,0,0,0,0,0,0,0,0,0,0,0,0,0,0
0,126930,126930,mglru_monitor,249,249,252,120,0,3,3,7,0,1,6,0,0,0,0,0,0,1,0,11,5,0,0,6,0,0,0,0,0
0,126930,126930,mglru_monitor,4013,4013,4016,120,0,3,3,52,67,0,46,6,0,1,24,42,0,0,0,0,4,0,1,0,9,0,0,0,0
0,126930,126930,mglru_monitor,0,0,3,120,0,3,3,0,0,0,0,0,0,0,0,0,0,0,0,0,0,0,0,0,0,0,0,0,0
0,126930,126930,mglru_monitor,1510,1510,1513,120,0,3,3,40,72,2,36,2,0,0,57,14,1,1,0,11,98,0,5,0,214,0,0,0,0
0,126930,126930,mglru_monitor,40,40,42,120,0,2,2,2,0,2,0,0,0,0,0,0,0,0,0,3,0,0,0,0,0,0,0,0,0
0,126930,126930,mglru_monitor,14,14,17,120,0,3,3,1,0,0,0,1,0,0,0,0,0,0,0,96,0,0,0,3,0,0,0,0,0
0,126930,126930,mglru_monitor,144,144,147,120,0,3,3,23,25,0,23,0,0,6,19,0,0,0,4,2,8,0,0,5,0,0,0,0,0
0,126930,126930,mglru_monitor,0,0,3,120,0,3,3,0,0,0,0,0,0,0,0,0,0,0,0,0,0,0,0,0,0,0,0,0,0
0,126930,126930,mglru_monitor,0,0,3,120,0,3,3,0,0,0,0,0,0,0,0,0,0,0,0,0,0,0,0,0,0,0,0,0,0
0,126930,126930,mglru_monitor,0,0,3,120,0,3,3,0,0,0,0,0,0,0,0,0,0,0,0,0,0,0,0,0,0,0,0,0,0
0,126930,126930,mglru_monitor,0,0,3,120,0,3,3,0,0,0,0,0,0,0,0,0,0,0,0,0,0,0,0,0,0,0,0,0,0
0,126930,126930,mglru_monitor,1144,1144,1147,120,0,3,3,6,22,6,0,0,0,1,21,0,0,0,0,33,42,0,0,11,0,0,0,0,0
0,126930,126930,mglru_monitor,0,0,3,120,0,3,3,0,0,0,0,0,0,0,0,0,0,0,0,0,0,0,0,0,0,0,0,0,0
0,126930,126930,mglru_monitor,0,0,3,120,0,3,3,0,0,0,0,0,0,0,0,0,0,0,0,0,0,0,0,0,0,0,0,0,0
0,126930,126930,mglru_monitor,0,0,3,120,0,3,3,0,0,0,0,0,0,0,0,0,0,0,0,0,0,0,0,0,0,0,0,0,0
0,126930,126930,mglru_monitor,159,159,161,120,0,2,2,2,142,2,0,0,0,127,15,0,0,0,0,2,30,0,0,20,0,0,0,0,0
0,126930,126930,mglru_monitor,0,0,3,120,0,3,3,0,0,0,0,0,0,0,0,0,0,0,0,0,0,0,0,0,0,0,0,0,0
0,126930,126930,mglru_monitor,0,0,3,120,0,3,3,0,0,0,0,0,0,0,0,0,0,0,0,0,0,0,0,0,0,0,0,0,0
0,126930,126930,mglru_monitor,123,123,126,120,0,3,3,49,0,11,25,13,0,0,0,0,0,0,0,2,0,0,0,0,0,0,0,0,0
0,126930,126930,mglru_monitor,5,5,7,120,0,2,2,0,0,0,0,0,0,0,0,0,0,0,0,27,0,0,0,2,0,0,0,0,0
0,126930,126930,mglru_monitor,6,7,9,120,0,3,2,0,0,0,0,0,0,0,0,0,0,0,0,0,1,0,0,0,22,0,0,0,0
0,126930,126930,mglru_monitor,0,0,3,120,0,3,3,0,0,0,0,0,0,0,0,0,0,0,0,0,0,0,0,0,0,0,0,0,0
0,126930,126930,mglru_monitor,4013,4013,4016,120,0,3,3,52,67,0,46,6,0,1,24,42,0,0,0,0,4,0,1,0,9,0,0,0,0
0,126930,126930,mglru_monitor,0,0,3,120,0,3,3,0,0,0,0,0,0,0,0,0,0,0,0,0,0,0,0,0,0,0,0,0,0
0,127608,127676,file_anon_mix_p,3647,3647,3649,120,3,2,2,331849,196718,232784,84668,0,14397,6206,170463,0,20049,0,4576,2308,4654,0,0,0,0,0,0,0,0
0,127608,127676,file_anon_mix_p,0,0,3,120,0,3,3,0,0,0,0,0,0,0,0,0,0,0,0,0,0,0,0,0,0,0,0,0,0
0,127608,127676,file_anon_mix_p,5239,5239,5241,120,0,2,2,30,20,0,30,0,0,19,1,0,0,0,0,1,0,0,0,0,0,0,0,0,0
0,127608,127676,file_anon_mix_p,0,0,3,120,0,3,3,0,0,0,0,0,0,0,0,0,0,0,0,0,0,0,0,0,0,0,0,0,0
0,127608,127676,file_anon_mix_p,0,0,3,120,0,3,3,0,0,0,0,0,0,0,0,0,0,0,0,0,0,0,0,0,0,0,0,0,0
0,127608,127676,file_anon_mix_p,0,0,3,120,0,3,3,0,0,0,0,0,0,0,0,0,0,0,0,0,0,0,0,0,0,0,0,0,0
0,127608,127676,file_anon_mix_p,249,249,252,120,0,3,3,7,0,1,6,0,0,0,0,0,0,1,0,11,5,0,0,6,0,0,0,0,0
0,127608,127676,file_anon_mix_p,14,14,17,120,0,3,3,1,0,0,0,1,0,0,0,0,0,0,0,96,0,0,0,3,0,0,0,0,0
0,127608,127676,file_anon_mix_p,144,144,147,120,0,3,3,23,25,0,23,0,0,6,19,0,0,0,4,2,8,0,0,5,0,0,0,0,0
0,126930,126930,mglru_monitor,3647,3647,3649,120,3,2,2,331833,196718,232400,84668,0,14765,6206,170463,0,20049,0,4576,2308,4654,0,0,0,0,0,0,0,0
0,127608,127676,file_anon_mix_p,3647,3647,3649,120,5,2,2,331769,196718,232080,84668,0,15021,6206,170463,0,20049,0,4576,2308,4654,0,0,0,0,0,0,0,0
0,126930,126930,mglru_monitor,3647,3647,3649,120,5,2,2,331779,196718,231322,84668,0,15789,6206,170463,0,20049,0,4576,2308,4654,0,0,0,0,0,0,0,0
0,127703,127703,cat,3647,3647,3649,120,3,2,2,331802,196718,231376,84668,0,15758,6206,170463,0,20049,0,4576,2308,4654,0,0,0,0,0,0,0,0
0,126930,126930,mglru_monitor,3647,3647,3649,120,9,2,2,331723,196718,230416,84668,0,16639,6206,170463,0,20049,0,4576,2308,4654,0,0,0,0,0,0,0,0
0,127703,127703,cat,3647,3647,3649,120,5,2,2,331833,196718,230224,84668,0,16941,6206,170463,0,20049,0,4576,2308,4654,0,0,0,0,0,0,0,0
0,127608,127676,file_anon_mix_p,3647,3647,3649,120,9,2,2,331705,196718,230672,84668,0,16365,6206,170463,0,20049,0,4576,2308,4654,0,0,0,0,0,0,0,0
0,126930,126930,mglru_monitor,3647,3647,3649,120,17,2,2,331731,196718,228202,84668,0,18861,6206,170463,0,20049,0,4576,2308,4654,0,0,0,0,0,0,0,0
0,127703,127703,cat,3647,3647,3649,120,9,2,2,331762,196718,228112,84668,0,18982,6206,170463,0,20049,0,4576,2308,4654,0,0,0,0,0,0,0,0
0,127608,127676,file_anon_mix_p,3647,3647,3649,120,16,2,2,331706,196718,227920,84668,0,19118,6206,170463,0,20049,0,4576,2308,4654,0,0,0,0,0,0,6,0
0,127703,127703,cat,3647,3647,3649,120,16,2,2,331705,196718,223829,84668,0,23208,6206,170463,0,20049,0,4576,2308,4654,0,0,3,0,0,0,65,0
0,126930,126930,mglru_monitor,3647,3647,3649,120,20,2,2,331705,196718,223893,84668,0,23144,6206,170463,0,20049,0,4576,2308,4654,0,0,3,0,0,0,78,0
0,127608,127676,file_anon_mix_p,3647,3647,3649,120,16,2,2,331780,196718,222944,84674,0,24162,6206,170463,0,20049,0,4576,2308,4654,0,0,6,0,0,0,64,0
0,127703,127703,cat,3647,3647,3649,120,1,2,2,331383,196718,216592,84674,0,30117,6206,170463,0,20049,0,4576,2308,4654,0,0,481,0,0,0,64,0
0,127608,127676,file_anon_mix_p,3647,3647,3649,120,1,2,2,332183,196718,214608,84668,0,32907,6206,170463,0,20049,0,4576,2308,4654,0,0,2481,0,0,0,64,0
0,127608,127676,file_anon_mix_p,3647,3647,3649,120,2,2,2,332082,196718,214288,84668,0,33126,6206,170463,0,20049,0,4576,2308,4654,0,0,2782,0,0,0,10,0
0,127608,127676,file_anon_mix_p,3647,3647,3649,120,4,2,2,332072,196718,214084,84668,0,33320,6206,170463,0,20049,0,4576,2308,4654,0,0,2828,0,0,0,3,0
0,127608,127676,file_anon_mix_p,3647,3647,3649,120,8,2,2,332005,196718,213282,84668,0,34055,6206,170463,0,20049,0,4576,2308,4654,0,0,2831,0,0,0,0,0
0,127608,127676,file_anon_mix_p,3647,3647,3649,120,15,2,2,332005,196718,212715,84668,0,34622,6206,170463,0,20049,0,4576,2308,4654,0,0,2836,0,0,0,0,0
0,127608,127676,file_anon_mix_p,3647,3647,3649,120,5,2,2,332036,196718,211263,84669,0,36104,6206,170463,0,20049,0,4576,2308,4654,0,0,2860,0,0,0,78,0
0,127608,127676,file_anon_mix_p,3647,3647,3649,120,1,2,2,331835,196718,210553,84670,0,36612,6206,170463,0,20049,0,4576,2308,4654,0,0,3052,0,0,0,52,0
0,127608,127676,file_anon_mix_p,3647,3647,3649,120,1,2,2,332024,196718,210126,84670,0,37228,6206,170463,0,20049,0,4576,2308,4654,0,0,3387,0,0,0,64,0
0,127608,127676,file_anon_mix_p,3647,3647,3649,120,1,2,2,332147,196718,209689,84670,0,37788,6206,170463,0,20049,0,4576,2308,4654,0,0,3729,0,0,0,58,0
0,127608,127676,file_anon_mix_p,3647,3647,3649,120,1,2,2,332041,196718,209535,84670,0,37836,6206,170463,0,20049,0,4576,2308,4654,0,0,3879,0,0,0,64,0
0,127608,127676,file_anon_mix_p,3647,3647,3649,120,1,2,2,332168,196718,209188,84670,0,38310,6206,170463,0,20049,0,4576,2308,4654,0,0,4181,0,0,0,56,0
0,127608,127676,file_anon_mix_p,3647,3647,3649,120,1,2,2,332079,196718,208965,84670,0,38444,6206,170463,0,20049,0,4576,2308,4654,0,0,4334,0,0,0,64,0
0,127608,127676,file_anon_mix_p,3647,3647,3649,120,1,2,2,332273,196718,208615,84670,0,38988,6206,170463,0,20049,0,4576,2308,4654,0,0,4674,0,0,0,64,0
0,127608,127676,file_anon_mix_p,3647,3647,3649,120,1,2,2,332442,196718,208208,84670,0,39564,6206,170463,0,20049,0,4576,2308,4654,0,0,4994,0,0,0,64,0
0,127608,127676,file_anon_mix_p,3647,3647,3649,120,1,2,2,332587,196718,207809,84670,0,40108,6206,170463,0,20049,0,4576,2308,4654,0,0,5336,0,0,0,42,0
0,127608,127676,file_anon_mix_p,3647,3647,3649,120,1,2,2,332761,196718,207453,84670,0,40638,6206,170463,0,20049,0,4576,2308,4654,0,0,5598,0,0,0,60,0
0,394,394,sshd-session,3647,3647,3649,120,1,2,2,332637,196718,207301,84694,0,40642,6206,170463,0,20049,0,4576,2308,4654,0,0,5732,0,0,0,64,0
0,127608,127676,file_anon_mix_p,3647,3647,3649,120,1,2,2,332967,196718,207014,84669,0,41284,6206,170463,0,20049,0,4576,2308,4654,0,0,5975,0,0,0,42,0
0,127608,127676,file_anon_mix_p,3647,3647,3649,120,1,2,2,333202,196718,206721,84669,0,41812,6206,170463,0,20049,0,4576,2308,4654,0,0,6235,0,0,0,64,0
0,127608,127676,file_anon_mix_p,3647,3647,3649,120,1,2,2,333358,196718,206375,84669,0,42314,6206,170463,0,20049,0,4576,2308,4654,0,0,6553,0,0,0,64,0
0,127608,127676,file_anon_mix_p,3647,3647,3649,120,1,2,2,333192,196718,206119,84669,0,42404,6206,170463,0,20049,0,4576,2308,4654,0,0,6720,0,0,0,52,0
0,394,394,sshd-session,3647,3647,3649,120,1,2,2,333166,196718,206183,84669,0,42314,6206,170463,0,20049,0,4576,2308,4654,0,0,6712,0,0,0,64,0
0,127608,127676,file_anon_mix_p,3647,3647,3649,120,1,2,2,333466,196718,205753,84669,0,43044,6206,170463,0,20049,0,4576,2308,4654,0,0,7021,0,0,0,64,0
0,127608,127676,file_anon_mix_p,3647,3647,3649,120,1,2,2,333676,196718,205387,84669,0,43620,6206,170463,0,20049,0,4576,2308,4654,0,0,7357,0,0,0,46,0
0,127608,127676,file_anon_mix_p,3647,3647,3649,120,1,2,2,333886,196718,205053,84669,0,44164,6206,170463,0,20049,0,4576,2308,4654,0,0,7663,0,0,0,46,0
0,394,394,sshd-session,3647,3647,3649,120,1,2,2,333746,196718,204861,84669,0,44216,6206,170463,0,20049,0,4576,2308,4654,0,0,7782,0,0,0,64,0
0,127608,127676,file_anon_mix_p,3647,3647,3649,120,1,2,2,334021,196718,204712,84669,0,44640,6206,170463,0,20049,0,4576,2308,4654,0,0,7954,0,0,0,64,0
0,127608,127676,file_anon_mix_p,3647,3647,3649,120,1,2,2,334261,196718,204276,84669,0,45316,6206,170463,0,20049,0,4576,2308,4654,0,0,8273,0,0,0,64,0
0,127608,127676,file_anon_mix_p,3647,3647,3649,120,1,2,2,334554,196718,203993,84669,0,45892,6206,170463,0,20049,0,4576,2308,4654,0,0,8485,0,0,0,57,0
0,127608,127676,file_anon_mix_p,3647,3647,3649,120,1,2,2,334881,196718,203776,84669,0,46436,6206,170463,0,20049,0,4576,2308,4654,0,0,8699,0,0,0,64,0
0,127608,127676,file_anon_mix_p,3647,3647,3649,120,1,2,2,335034,196718,203423,84669,0,46942,6206,170463,0,20049,0,4576,2308,4654,0,0,8974,0,0,0,50,0
0,127608,127676,file_anon_mix_p,3647,3647,3649,120,1,2,2,334926,196718,203213,84669,0,47044,6206,170463,0,20049,0,4576,2308,4654,0,0,9179,0,0,0,48,0
0,121783,121783,watch,3647,3647,3649,120,1,2,2,334873,196718,202749,84669,0,47455,6206,170463,0,20049,0,4576,2308,4654,0,0,9539,0,0,0,64,0
0,127608,127676,file_anon_mix_p,3647,3647,3649,120,1,2,2,335001,196718,202877,84669,0,47455,6206,170463,0,20049,0,4576,2308,4654,0,0,9461,0,0,0,56,0
0,121783,121783,watch,3647,3647,3649,120,1,2,2,334656,196718,202469,84669,0,47518,6206,170463,0,20049,0,4576,2308,4654,0,0,9847,0,0,0,64,0
0,127704,127704,watch,3647,3647,3649,120,1,2,2,334598,196718,202079,84669,0,47850,6206,170463,0,20049,0,4576,2308,4654,0,0,10102,0,0,0,64,0
0,127608,127676,file_anon_mix_p,3647,3647,3649,120,1,2,2,334694,196718,201951,84669,0,48074,6206,170463,0,20049,0,4576,2308,4654,0,0,10188,0,0,0,64,0
0,127608,127676,file_anon_mix_p,3647,3647,3649,120,1,2,2,334604,196718,201643,84669,0,48292,6206,170463,0,20049,0,4576,2308,4654,0,0,10495,0,0,0,62,0
0,127705,127705,sh,3647,3647,3649,120,1,2,2,334540,196718,201579,84669,0,48292,6206,170463,0,20049,0,4576,2308,4654,0,0,10522,0,0,0,64,0
0,127705,127705,sh,3647,3647,3649,120,1,2,2,334592,196718,201168,84669,0,48755,6206,170463,0,20049,0,4576,2308,4654,0,0,10902,0,0,0,64,0
0,127608,127676,file_anon_mix_p,3647,3647,3649,120,1,2,2,334504,196718,200903,84669,0,48932,6206,170463,0,20049,0,4576,2308,4654,0,0,11104,0,0,0,64,0
0,127608,127676,file_anon_mix_p,3647,3647,3649,120,1,2,2,334259,196718,200050,84669,0,49540,6206,170463,0,20049,0,4576,2308,4654,0,0,11800,0,0,0,56,0
0,127706,127706,sh,3647,3647,3649,120,1,2,2,334278,196718,200178,84669,0,49431,6206,170463,0,20049,0,4576,2308,4654,0,0,11771,0,0,0,51,0
0,394,394,sshd-session,3647,3647,3649,120,1,2,2,334358,196718,199657,84669,0,50032,6206,170463,0,20049,0,4576,2308,4654,0,0,12127,0,0,0,64,0
0,127608,127676,file_anon_mix_p,3647,3647,3649,120,1,2,2,334692,196718,199359,84669,0,50664,6206,170463,0,20049,0,4576,2308,4654,0,0,12390,0,0,0,64,0
0,127706,127706,cat,3647,3647,3649,120,1,2,2,334628,196718,199295,84669,0,50664,6206,170463,0,20049,0,4576,2308,4654,0,0,12390,0,0,0,64,0
0,127608,127676,file_anon_mix_p,3647,3647,3649,120,1,2,2,334573,196718,199167,84669,0,50737,6206,170463,0,20049,0,4576,2308,4654,0,0,12607,0,0,0,64,0
0,127608,127676,file_anon_mix_p,3647,3647,3649,120,1,2,2,334438,196718,197880,84669,0,51889,6206,170463,0,20049,0,4576,2308,4654,0,0,13713,0,0,0,52,0
0,394,394,sshd-session,3647,3647,3649,120,1,2,2,334322,196718,197745,84669,0,51908,6206,170463,0,20049,0,4576,2308,4654,0,0,13855,0,0,0,50,0
0,127608,127676,file_anon_mix_p,3647,3647,3649,120,1,2,2,334533,196718,197380,84669,0,52484,6206,170463,0,20049,0,4576,2308,4654,0,0,14189,0,0,0,64,0
0,127608,127676,file_anon_mix_p,3647,3647,3649,120,1,2,2,334341,196718,197188,84669,0,52484,6206,170463,0,20049,0,4576,2308,4654,0,0,14337,0,0,0,64,0
0,394,394,sshd-session,3647,3647,3649,120,1,2,2,334165,196718,196980,84669,0,52516,6206,170463,0,20049,0,4576,2308,4654,0,0,14497,0,0,0,64,0
0,127608,127676,file_anon_mix_p,3647,3647,3649,120,1,2,2,334632,196718,196359,84669,0,53604,6206,170463,0,20049,0,4576,2308,4654,0,0,15109,0,0,0,64,0
0,127608,127676,file_anon_mix_p,3647,3647,3649,120,1,2,2,334697,196718,195880,84669,0,54148,6206,170463,0,20049,0,4576,2308,4654,0,0,15501,0,0,0,64,0
0,127608,127676,file_anon_mix_p,3647,3647,3649,120,1,2,2,334826,196718,195598,84669,0,54559,6206,170463,0,20049,0,4576,2308,4654,0,0,15794,0,0,0,64,0
0,127608,127676,file_anon_mix_p,3647,3647,3649,120,1,2,2,334770,196718,195377,84669,0,54724,6206,170463,0,20049,0,4576,2308,4654,0,0,15994,0,0,0,64,0
0,127608,127676,file_anon_mix_p,3647,3647,3649,120,1,2,2,334829,196718,195057,84669,0,55103,6206,170463,0,20049,0,4576,2308,4654,0,0,16296,0,0,0,64,0
0,394,394,sshd-session,3647,3647,3649,120,1,2,2,334644,196718,194840,84669,0,55135,6206,170463,0,20049,0,4576,2308,4654,0,0,16464,0,0,0,64,0
0,127608,127676,file_anon_mix_p,3647,3647,3649,120,1,2,2,334649,196718,194712,84669,0,55268,6206,170463,0,20049,0,4576,2308,4654,0,0,16630,0,0,0,64,0
0,127608,127676,file_anon_mix_p,3647,3647,3649,120,1,2,2,334714,196718,194239,84669,0,55806,6206,170463,0,20049,0,4576,2308,4654,0,0,17035,0,0,0,64,0
0,127608,127676,file_anon_mix_p,3647,3647,3649,120,1,2,2,334592,196718,194111,84669,0,55812,6206,170463,0,20049,0,4576,2308,4654,0,0,17171,0,0,0,64,0
0,127608,127676,file_anon_mix_p,3647,3647,3649,120,1,2,2,334740,196718,193715,84669,0,56356,6206,170463,0,20049,0,4576,2308,4654,0,0,17540,0,0,0,64,0
0,127608,127676,file_anon_mix_p,3647,3647,3649,120,1,2,2,334675,196718,193523,84669,0,56483,6206,170463,0,20049,0,4576,2308,4654,0,0,17744,0,0,0,64,0
0,394,394,sshd-session,3647,3647,3649,120,1,2,2,334494,196718,193310,84669,0,56515,6206,170463,0,20049,0,4576,2308,4654,0,0,17888,0,0,0,64,0
0,127608,127676,file_anon_mix_p,3647,3647,3649,120,1,2,2,334623,196718,193054,84669,0,56900,6206,170463,0,20049,0,4576,2308,4654,0,0,18175,0,0,0,64,0
0,127608,127676,file_anon_mix_p,3647,3647,3649,120,1,2,2,334768,196718,192623,84669,0,57476,6206,170463,0,20049,0,4576,2308,4654,0,0,18526,0,0,0,64,0
0,127608,127676,file_anon_mix_p,3647,3647,3649,120,1,2,2,334827,196718,192303,84669,0,57855,6206,170463,0,20049,0,4576,2308,4654,0,0,18845,0,0,0,64,0
0,127608,127676,file_anon_mix_p,3647,3647,3649,120,1,2,2,334704,196718,192047,84669,0,57988,6206,170463,0,20049,0,4576,2308,4654,0,0,19104,0,0,0,64,0
0,127578,127578,kworker/0:0,3647,3647,3649,120,1,2,2,334640,196718,191983,84669,0,57988,6206,170463,0,20049,0,4576,2308,4654,0,0,19119,0,0,0,0,24
0,127578,127578,kworker/0:0,3647,3647,3649,120,1,2,2,334700,196694,191919,84669,0,58112,5267,171359,0,20068,0,4576,2308,4654,0,896,19239,24,0,0,0,0
0,127578,127578,kworker/0:0,3647,3647,3649,120,1,2,2,334725,196694,191919,84669,0,58137,3603,173023,0,20068,0,4576,2308,4654,0,2560,19239,24,0,0,0,0
0,127578,127578,kworker/0:0,3647,3647,3649,120,1,2,2,334692,196694,191855,84669,0,58168,1763,174863,0,20068,0,4576,2308,4654,0,4400,19239,24,0,0,0,0
0,394,394,sshd-session,3647,3647,3649,120,1,2,2,334725,196694,191919,84669,0,58137,3603,173023,0,20068,0,4576,2308,4654,0,2560,19239,24,0,0,48,0
0,127578,127578,kworker/0:0,3647,3647,3649,120,2,2,2,334723,196694,191855,84669,0,58199,19,176607,0,20068,0,4576,2308,4654,0,6144,19239,24,0,0,0,3
0,127578,127578,kworker/0:0,3647,3647,3649,120,1,2,2,334688,196691,191710,84669,0,58309,0,176608,0,20083,0,4576,2308,4654,0,6144,19412,27,0,0,0,0
0,127578,127578,kworker/0:0,3647,3647,3649,120,1,2,2,334688,196691,191710,84669,0,58309,0,176608,0,20083,0,4576,2308,4654,0,6144,19412,27,0,0,0,0
0,127578,127578,kworker/0:0,3647,3647,3649,120,1,2,2,334688,196691,191710,84669,0,58309,0,176608,0,20083,0,4576,2308,4654,0,6144,19412,27,0,0,0,0
0,127578,127578,kworker/0:0,3647,3647,3649,120,1,2,2,334688,196691,191710,84669,0,58309,0,176608,0,20083,0,4576,2308,4654,0,6144,19412,27,0,0,0,0
0,127578,127578,kworker/0:0,3647,3647,3649,120,1,2,2,334688,196691,191710,84669,0,58309,0,176608,0,20083,0,4576,2308,4654,0,6144,19412,27,0,0,0,0
0,127578,127578,kworker/0:0,3647,3647,3649,120,1,2,2,334688,196691,191710,84669,0,58309,0,176608,0,20083,0,4576,2308,4654,0,6144,19412,27,0,0,0,0
0,127578,127578,kworker/0:0,3647,3647,3649,120,1,2,2,334688,196691,191710,84669,0,58309,0,176608,0,20083,0,4576,2308,4654,0,6144,19412,27,0,0,0,0
0,127578,127578,kworker/0:0,3647,3647,3649,120,1,2,2,334688,196691,191710,84669,0,58309,0,176608,0,20083,0,4576,2308,4654,0,6144,19412,27,0,0,0,0
0,127608,127676,file_anon_mix_p,3647,3647,3649,120,1,2,2,334673,196691,191582,84669,0,58422,0,176608,0,20083,0,4576,2308,4654,0,6144,19524,27,0,0,64,0
0,394,394,sshd-session,3647,3647,3649,120,1,2,2,334386,196691,191211,84669,0,58506,0,176608,0,20083,0,4576,2308,4654,0,6144,19807,27,0,0,64,0
0,127608,127676,file_anon_mix_p,3647,3647,3649,120,1,2,2,334252,196691,190955,84669,0,58628,0,176608,0,20083,0,4576,2308,4654,0,6144,20074,27,0,0,64,0
0,127608,127676,file_anon_mix_p,3647,3647,3649,120,1,2,2,334316,196691,190507,84669,0,59140,0,176608,0,20083,0,4576,2308,4654,0,6144,20500,27,0,0,64,0
0,127608,127676,file_anon_mix_p,3647,3647,3649,120,1,2,2,334507,196691,190099,84669,0,59739,0,176608,0,20083,0,4576,2308,4654,0,6144,20916,27,0,0,64,0
0,127608,127676,file_anon_mix_p,3647,3647,3649,120,1,2,2,334580,196691,189715,84669,0,60196,0,176608,0,20083,0,4576,2308,4654,0,6144,21272,27,0,0,58,0
0,127608,127676,file_anon_mix_p,3647,3647,3649,120,1,2,2,334654,196691,189369,84669,0,60616,0,176608,0,20083,0,4576,2308,4654,0,6144,21555,27,0,0,64,0
0,127608,127676,file_anon_mix_p,3647,3647,3649,120,1,2,2,334842,196691,188957,84669,0,61216,0,176608,0,20083,0,4576,2308,4654,0,6144,21946,27,0,0,64,0
0,121783,121783,watch,3647,3647,3649,120,1,2,2,334599,196691,188637,84669,0,61293,0,176608,0,20083,0,4576,2308,4654,0,6144,22216,27,0,0,64,0
0,127608,127676,file_anon_mix_p,3647,3647,3649,120,1,2,2,334727,196691,188765,84669,0,61293,0,176608,0,20083,0,4576,2308,4654,0,6144,22182,27,0,0,64,0
0,126930,126930,mglru_monitor,3647,3647,3649,120,1,2,2,334348,196691,188354,84669,0,61325,0,176608,0,20083,0,4576,2308,4654,0,6144,22513,27,0,0,64,0
0,121783,121783,watch,3647,3647,3649,120,1,2,2,334284,196691,188290,84669,0,61325,0,176608,0,20083,0,4576,2308,4654,0,6144,22536,27,0,0,64,0
0,127708,127708,sh,3647,3647,3649,120,1,2,2,334233,196691,187622,84669,0,61942,0,176608,0,20083,0,4576,2308,4654,0,6144,23213,27,0,0,64,0
0,127708,127708,sh,3647,3647,3649,120,1,2,2,334286,196691,186951,84669,0,62666,0,176608,0,20083,0,4576,2308,4654,0,6144,23908,27,0,0,51,0
0,394,394,sshd-session,3647,3647,3649,120,1,2,2,334137,196691,186676,84669,0,62792,0,176608,0,20083,0,4576,2308,4654,0,6144,24101,27,0,0,64,0
0,127608,127676,file_anon_mix_p,3647,3647,3649,120,1,2,2,334252,196691,186804,84669,0,62779,0,176608,0,20083,0,4576,2308,4654,0,6144,23989,27,0,0,64,0
0,127709,127709,sh,3647,3647,3649,120,1,2,2,333881,196691,186420,84669,0,62792,0,176608,0,20083,0,4576,2308,4654,0,6144,24396,27,0,0,64,0
0,127608,127676,file_anon_mix_p,3647,3647,3649,120,1,2,2,334399,196691,186023,84669,0,63707,0,176608,0,20083,0,4576,2308,4654,0,6144,24720,27,0,0,64,0
0,127608,127676,file_anon_mix_p,3647,3647,3649,120,2,2,2,334449,196691,185767,84669,0,64013,0,176608,0,20083,0,4576,2308,4654,0,6144,24965,27,0,0,76,0
0,127709,127709,cat,3647,3647,3649,120,1,2,2,334455,196691,185831,84669,0,63955,0,176608,0,20083,0,4576,2308,4654,0,6144,24959,27,0,0,52,0
0,127709,127709,cat,3647,3647,3649,120,1,2,2,334525,196691,185351,84669,0,64505,0,176608,0,20083,0,4576,2308,4654,0,6144,25278,27,0,0,64,0
0,127608,127676,file_anon_mix_p,3647,3647,3649,120,1,2,2,334461,196691,185159,84669,0,64633,0,176608,0,20083,0,4576,2308,4654,0,6144,25483,27,0,0,64,0
0,127709,127709,cat,3647,3647,3649,120,1,2,2,334154,196691,184683,84669,0,64802,0,176608,0,20083,0,4576,2308,4654,0,6144,25927,27,0,0,64,0
0,127608,127676,file_anon_mix_p,3647,3647,3649,120,1,2,2,334354,196691,183964,84669,0,65721,0,176608,0,20083,0,4576,2308,4654,0,6144,26599,27,0,0,64,0
0,127608,127676,file_anon_mix_p,3647,3647,3649,120,1,2,2,334546,196691,183644,84669,0,66233,0,176608,0,20083,0,4576,2308,4654,0,6144,26952,27,0,0,64,0
0,127608,127676,file_anon_mix_p,3647,3647,3649,120,1,2,2,334632,196691,183276,84669,0,66687,0,176608,0,20083,0,4576,2308,4654,0,6144,27239,27,0,0,64,0
0,127608,127676,file_anon_mix_p,3647,3647,3649,120,1,2,2,334630,196691,183084,84669,0,66877,0,176608,0,20083,0,4576,2308,4654,0,6144,27441,27,0,0,64,0
0,127608,127676,file_anon_mix_p,3647,3647,3649,120,1,2,2,334752,196691,182764,84669,0,67319,0,176608,0,20083,0,4576,2308,4654,0,6144,27765,27,0,0,48,0
0,394,394,sshd-session,3647,3647,3649,120,1,2,2,334585,196691,182549,84669,0,67367,0,176608,0,20083,0,4576,2308,4654,0,6144,27894,27,0,0,64,0
0,127608,127676,file_anon_mix_p,3647,3647,3649,120,1,2,2,334534,196691,182485,84669,0,67380,0,176608,0,20083,0,4576,2308,4654,0,6144,27942,27,0,0,64,0
0,127608,127676,file_anon_mix_p,3647,3647,3649,120,1,2,2,334662,196691,182043,84669,0,67950,0,176608,0,20083,0,4576,2308,4654,0,6144,28382,27,0,0,61,0
0,127608,127676,file_anon_mix_p,3647,3647,3649,120,1,2,2,334495,196691,181838,84669,0,67988,0,176608,0,20083,0,4576,2308,4654,0,6144,28514,27,0,0,49,0
0,127608,127676,file_anon_mix_p,3647,3647,3649,120,1,2,2,334584,196691,181484,84669,0,68431,0,176608,0,20083,0,4576,2308,4654,0,6144,28805,27,0,0,64,0
0,127608,127676,file_anon_mix_p,3647,3647,3649,120,1,2,2,334532,196691,181267,84669,0,68596,0,176608,0,20083,0,4576,2308,4654,0,6144,29023,27,0,0,62,0
0,127608,127676,file_anon_mix_p,3647,3647,3649,120,1,2,2,334597,196691,180889,84669,0,69039,0,176608,0,20083,0,4576,2308,4654,0,6144,29331,27,0,0,64,0
0,127608,127676,file_anon_mix_p,3647,3647,3649,120,1,2,2,334443,196691,180538,84669,0,69236,0,176608,0,20083,0,4576,2308,4654,0,6144,29592,27,0,0,64,0
0,127608,127676,file_anon_mix_p,3647,3647,3649,120,1,2,2,334589,196691,180140,84669,0,69780,0,176608,0,20083,0,4576,2308,4654,0,6144,29969,27,0,0,64,0
0,127608,127676,file_anon_mix_p,3647,3647,3649,120,1,2,2,334524,196691,179649,84669,0,70206,0,176608,0,20083,0,4576,2308,4654,0,6144,30387,27,0,0,64,0
0,127608,127676,file_anon_mix_p,3647,3647,3649,120,1,2,2,334608,196691,179006,84669,0,70933,0,176608,0,20083,0,4576,2308,4654,0,6144,30957,27,0,0,64,0
0,127608,127676,file_anon_mix_p,3647,3647,3649,120,1,2,2,334431,196691,178814,84669,0,70948,0,176608,0,20083,0,4576,2308,4654,0,6144,31170,27,0,0,46,0
0,127608,127676,file_anon_mix_p,3647,3647,3649,120,1,2,2,334665,196691,178385,84669,0,71611,0,176608,0,20083,0,4576,2308,4654,0,6144,31538,27,0,0,64,0
0,127608,127676,file_anon_mix_p,3647,3647,3649,120,1,2,2,334706,196691,178001,84669,0,72036,0,176608,0,20083,0,4576,2308,4654,0,6144,31876,27,0,0,64,0
0,127608,127676,file_anon_mix_p,3647,3647,3649,120,1,2,2,334829,196691,177745,84669,0,72415,0,176608,0,20083,0,4576,2308,4654,0,6144,32184,27,0,0,53,0
0,127608,127676,file_anon_mix_p,3647,3647,3649,120,1,2,2,334789,196691,177529,84669,0,72591,0,176608,0,20083,0,4576,2308,4654,0,6144,32351,27,0,0,64,0
0,394,394,sshd-session,3647,3647,3649,120,1,2,2,334597,196691,177337,84669,0,72591,0,176608,0,20083,0,4576,2308,4654,0,6144,32512,27,0,0,54,0
0,127608,127676,file_anon_mix_p,3647,3647,3649,120,1,2,2,334723,196691,177034,84669,0,73020,0,176608,0,20083,0,4576,2308,4654,0,6144,32783,27,0,0,64,0
0,127608,127676,file_anon_mix_p,3647,3647,3649,120,1,2,2,334628,196691,176760,84669,0,73199,0,176608,0,20083,0,4576,2308,4654,0,6144,32978,27,0,0,64,0
0,127608,127676,file_anon_mix_p,3647,3647,3649,120,1,2,2,334648,196691,176337,84669,0,73642,0,176608,0,20083,0,4576,2308,4654,0,6144,33365,27,0,0,64,0
0,127608,127676,file_anon_mix_p,3647,3647,3649,120,1,2,2,334589,196691,176145,84669,0,73775,0,176608,0,20083,0,4576,2308,4654,0,6144,33558,27,0,0,53,0
0,394,394,sshd-session,3647,3647,3649,120,1,2,2,334408,196691,175932,84669,0,73807,0,176608,0,20083,0,4576,2308,4654,0,6144,33731,27,0,0,64,0
0,127608,127676,file_anon_mix_p,3647,3647,3649,120,1,2,2,334617,196691,175597,84669,0,74351,0,176608,0,20083,0,4576,2308,4654,0,6144,34073,27,0,0,64,0
0,127608,127676,file_anon_mix_p,3647,3647,3649,120,1,2,2,334746,196691,175182,84669,0,74895,0,176608,0,20083,0,4576,2308,4654,0,6144,34456,27,0,0,64,0
0,127608,127676,file_anon_mix_p,3647,3647,3649,120,1,2,2,334805,196691,174862,84669,0,75274,0,176608,0,20083,0,4576,2308,4654,0,6144,34731,27,0,0,55,0
0,127608,127676,file_anon_mix_p,3647,3647,3649,120,1,2,2,334767,196691,174659,84669,0,75439,0,176608,0,20083,0,4576,2308,4654,0,6144,34949,27,0,0,64,0
0,394,394,sshd-session,3647,3647,3649,120,1,2,2,334603,196691,174454,84669,0,75480,0,176608,0,20083,0,4576,2308,4654,0,6144,35077,27,0,0,64,0
0,121783,121783,watch,3647,3647,3649,120,1,2,2,334717,196691,174012,84669,0,76036,0,176608,0,20083,0,4576,2308,4654,0,6144,35448,27,0,0,64,0
0,127608,127676,file_anon_mix_p,3647,3647,3649,120,1,2,2,334781,196691,174076,84669,0,76036,0,176608,0,20083,0,4576,2308,4654,0,6144,35435,27,0,0,64,0
0,121783,121783,watch,3647,3647,3649,120,1,2,2,334476,196691,173707,84669,0,76100,0,176608,0,20083,0,4576,2308,4654,0,6144,35753,27,0,0,64,0
0,126930,126930,mglru_monitor,3647,3647,3649,120,1,2,2,334346,196691,173375,84669,0,76302,0,176608,0,20083,0,4576,2308,4654,0,6144,36028,27,0,0,64,0
0,127711,127711,watch,3647,3647,3649,120,1,2,2,334305,196691,173108,84669,0,76528,0,176608,0,20083,0,4576,2308,4654,0,6144,36244,27,0,0,64,0
0,127608,127676,file_anon_mix_p,3647,3647,3649,120,1,2,2,334325,196691,172980,84669,0,76676,0,176608,0,20083,0,4576,2308,4654,0,6144,36363,27,0,0,64,0
0,127711,127711,sh,3647,3647,3649,120,1,2,2,334149,196691,172228,84669,0,77252,0,176608,0,20083,0,4576,2308,4654,0,6144,37040,27,0,0,64,0
0,127608,127676,file_anon_mix_p,3647,3647,3649,120,1,2,2,334213,196691,172292,84669,0,77252,0,176608,0,20083,0,4576,2308,4654,0,6144,37038,27,0,0,64,0
0,127608,127676,file_anon_mix_p,3647,3647,3649,120,1,2,2,334077,196691,171526,84669,0,77882,0,176608,0,20083,0,4576,2308,4654,0,6144,37647,27,0,0,53,0
0,127712,127712,sh,3647,3647,3649,120,1,2,2,333945,196691,171673,84669,0,77603,0,176608,0,20083,0,4576,2308,4654,0,6144,37561,27,0,0,64,0
0,127608,127676,file_anon_mix_p,3647,3647,3649,120,1,2,2,334380,196691,171035,84669,0,78676,0,176608,0,20083,0,4576,2308,4654,0,6144,38084,27,0,0,64,0
0,127712,127712,cat,3647,3647,3649,120,1,2,2,334334,196691,171163,84690,0,78481,0,176608,0,20083,0,4576,2308,4654,0,6144,38009,27,0,0,64,0
0,127608,127676,file_anon_mix_p,3647,3647,3649,120,1,2,2,334210,196691,170529,84669,0,79012,0,176608,0,20083,0,4576,2308,4654,0,6144,38530,27,0,0,64,0
0,391,391,sshd-session,3647,3647,3649,120,1,2,2,334312,196691,169607,84669,0,80036,0,176608,0,20083,0,4576,2308,4654,0,6144,39392,27,0,0,64,0
0,127608,127676,file_anon_mix_p,3647,3647,3649,120,1,2,2,334393,196691,169271,84669,0,80453,0,176608,0,20083,0,4576,2308,4654,0,6144,39684,27,0,0,64,0
0,127608,127676,file_anon_mix_p,3647,3647,3649,120,1,2,2,334457,196691,168831,84669,0,80957,0,176608,0,20083,0,4576,2308,4654,0,6144,40027,27,0,0,64,0
0,127608,127676,file_anon_mix_p,3647,3647,3649,120,1,2,2,334441,196691,168488,84669,0,81284,0,176608,0,20083,0,4576,2308,4654,0,6144,40361,27,0,0,64,0
0,127608,127676,file_anon_mix_p,3647,3647,3649,120,1,2,2,334582,196691,168085,84669,0,81828,0,176608,0,20083,0,4576,2308,4654,0,6144,40743,27,0,0,50,0
0,127608,127676,file_anon_mix_p,3647,3647,3649,120,1,2,2,334420,196691,167460,84669,0,82291,0,176608,0,20083,0,4576,2308,4654,0,6144,41271,27,0,0,39,0
0,127608,127676,file_anon_mix_p,3647,3647,3649,120,1,2,2,334309,196691,167197,84669,0,82443,0,176608,0,20083,0,4576,2308,4654,0,6144,41536,27,0,0,55,0
0,127608,127676,file_anon_mix_p,3647,3647,3649,120,1,2,2,334469,196691,166781,84669,0,83019,0,176608,0,20083,0,4576,2308,4654,0,6144,41868,27,0,0,64,0
0,127608,127676,file_anon_mix_p,3647,3647,3649,120,1,2,2,334608,196691,166344,84669,0,83595,0,176608,0,20083,0,4576,2308,4654,0,6144,42216,27,0,0,64,0
0,394,394,sshd-session,3647,3647,3649,120,1,2,2,334483,196691,166187,84669,0,83627,0,176608,0,20083,0,4576,2308,4654,0,6144,42382,27,0,0,64,0
0,127608,127676,file_anon_mix_p,3647,3647,3649,120,1,2,2,334685,196691,165852,84669,0,84164,0,176608,0,20083,0,4576,2308,4654,0,6144,42658,27,0,0,41,0
0,127608,127676,file_anon_mix_p,3647,3647,3649,120,1,2,2,334895,196691,165619,84669,0,84607,0,176608,0,20083,0,4576,2308,4654,0,6144,42880,27,0,0,64,0
0,127608,127676,file_anon_mix_p,3647,3647,3649,120,1,2,2,334733,196691,165427,84669,0,84637,0,176608,0,20083,0,4576,2308,4654,0,6144,43069,27,0,0,61,0
0,394,394,sshd-session,3647,3647,3649,120,1,2,2,334608,196691,165270,84669,0,84669,0,176608,0,20083,0,4576,2308,4654,0,6144,43191,27,0,0,64,0
0,127608,127676,file_anon_mix_p,3647,3647,3649,120,1,2,2,334768,196691,164886,84669,0,85213,0,176608,0,20083,0,4576,2308,4654,0,6144,43520,27,0,0,64,0
0,127608,127676,file_anon_mix_p,3647,3647,3649,120,1,2,2,334716,196691,164731,84669,0,85316,0,176608,0,20083,0,4576,2308,4654,0,6144,43703,27,0,0,64,0
0,394,394,sshd-session,3647,3647,3649,120,1,2,2,334524,196691,164539,84669,0,85316,0,176608,0,20083,0,4576,2308,4654,0,6144,43836,27,0,0,64,0
0,127608,127676,file_anon_mix_p,3647,3647,3649,120,1,2,2,334672,196691,164111,84669,0,85892,0,176608,0,20083,0,4576,2308,4654,0,6144,44235,27,0,0,64,0
0,394,394,sshd-session,3647,3647,3649,120,1,2,2,334544,196691,163983,84669,0,85892,0,176608,0,20083,0,4576,2308,4654,0,6144,44352,27,0,0,43,0
0,127608,127676,file_anon_mix_p,3647,3647,3649,120,1,2,2,334757,196691,163652,84669,0,86436,0,176608,0,20083,0,4576,2308,4654,0,6144,44642,27,0,0,64,0
0,127608,127676,file_anon_mix_p,3647,3647,3649,120,1,2,2,334904,196691,163388,84669,0,86847,0,176608,0,20083,0,4576,2308,4654,0,6144,44911,27,0,0,47,0
0,127608,127676,file_anon_mix_p,3647,3647,3649,120,1,2,2,334798,196691,163117,84669,0,87012,0,176608,0,20083,0,4576,2308,4654,0,6144,45102,27,0,0,39,0
0,394,394,sshd-session,3647,3647,3649,120,1,2,2,334659,196691,162899,84669,0,87091,0,176608,0,20083,0,4576,2308,4654,0,6144,45243,27,0,0,64,0
0,127608,127676,file_anon_mix_p,3647,3647,3649,120,1,2,2,334730,196691,162426,84669,0,87635,0,176608,0,20083,0,4576,2308,4654,0,6144,45678,27,0,0,64,0
0,127608,127676,file_anon_mix_p,3647,3647,3649,120,1,2,2,334853,196691,162170,84669,0,88014,0,176608,0,20083,0,4576,2308,4654,0,6144,45972,27,0,0,64,0
0,127608,127676,file_anon_mix_p,3647,3647,3649,120,1,2,2,334674,196691,161826,84669,0,88179,0,176608,0,20083,0,4576,2308,4654,0,6144,46243,27,0,0,64,0
0,127608,127676,file_anon_mix_p,3647,3647,3649,120,1,2,2,334797,196691,161570,84669,0,88558,0,176608,0,20083,0,4576,2308,4654,0,6144,46524,27,0,0,35,0
0,126930,126930,mglru_monitor,3647,3647,3649,120,1,2,2,334729,196691,161439,84669,0,88621,0,176608,0,20083,0,4576,2308,4654,0,6144,46642,27,0,0,54,0
0,127608,127676,file_anon_mix_p,3647,3647,3649,120,1,2,2,334703,196691,161311,84669,0,88723,0,176608,0,20083,0,4576,2308,4654,0,6144,46707,27,0,0,60,0
0,126930,126930,mglru_monitor,3647,3647,3649,120,1,2,2,334649,196691,161229,84669,0,88751,0,176608,0,20083,0,4576,2308,4654,0,6144,46771,27,0,0,64,0
0,263,470,clash-linux-amd,3647,3647,3649,120,1,2,2,334504,196691,160904,84669,0,88931,0,176608,0,20083,0,4576,2308,4654,0,6144,47059,27,0,0,64,0
0,127608,127676,file_anon_mix_p,3647,3647,3649,120,1,2,2,334620,196691,161037,84669,0,88914,0,176608,0,20083,0,4576,2308,4654,0,6144,47020,27,0,0,64,0
0,127608,127676,file_anon_mix_p,3647,3647,3649,120,1,2,2,334394,196691,160482,84669,0,89243,0,176608,0,20083,0,4576,2308,4654,0,6144,47492,27,0,0,64,0
0,127608,127676,file_anon_mix_p,3647,3647,3649,120,1,2,2,334192,196691,160111,84669,0,89412,0,176608,0,20083,0,4576,2308,4654,0,6144,47749,27,0,0,64,0
0,121783,121783,watch,3647,3647,3649,120,1,2,2,334157,196691,159983,84669,0,89505,0,176608,0,20083,0,4576,2308,4654,0,6144,47915,27,0,0,64,0
0,121783,121783,watch,3647,3647,3649,120,1,2,2,334128,196691,159727,84669,0,89732,0,176608,0,20083,0,4576,2308,4654,0,6144,48148,27,0,0,64,0
0,127608,127676,file_anon_mix_p,3647,3647,3649,120,1,2,2,334317,196691,159380,84669,0,90268,0,176608,0,20083,0,4576,2308,4654,0,6144,48435,27,0,0,45,0
0,127608,127676,file_anon_mix_p,3647,3647,3649,120,1,2,2,334239,196691,159239,84669,0,90331,0,176608,0,20083,0,4576,2308,4654,0,6144,48578,27,0,0,60,0
0,127713,127713,watch,3647,3647,3649,120,1,2,2,334207,196691,159444,84669,0,90094,0,176608,0,20083,0,4576,2308,4654,0,6144,48404,27,0,0,56,0
0,127608,127676,file_anon_mix_p,3647,3647,3649,120,1,2,2,334241,196691,159019,84669,0,90553,0,176608,0,20083,0,4576,2308,4654,0,6144,48766,27,0,0,64,0
0,127714,127714,watch,3647,3647,3649,120,1,2,2,334121,196691,158891,84669,0,90561,0,176608,0,20083,0,4576,2308,4654,0,6144,48816,27,0,0,64,0
0,127608,127676,file_anon_mix_p,3647,3647,3649,120,1,2,2,334192,196691,158375,84669,0,91148,0,176608,0,20083,0,4576,2308,4654,0,6144,49336,27,0,0,64,0
0,127714,127714,sh,3647,3647,3649,120,1,2,2,334013,196691,158196,84669,0,91148,0,176608,0,20083,0,4576,2308,4654,0,6144,49458,27,0,0,64,0
0,127608,127676,file_anon_mix_p,3647,3647,3649,120,1,2,2,334158,196691,157374,84669,0,92115,0,176608,0,20083,0,4576,2308,4654,0,6144,50160,27,0,0,64,0
0,127715,127715,sh,3647,3647,3649,120,1,2,2,334062,196691,157502,84669,0,91891,0,176608,0,20083,0,4576,2308,4654,0,6144,50068,27,0,0,64,0
0,127608,127676,file_anon_mix_p,3647,3647,3649,120,1,2,2,334168,196691,157162,84669,0,92337,0,176608,0,20083,0,4576,2308,4654,0,6144,50361,27,0,0,64,0
0,127715,127715,cat,3647,3647,3649,120,1,2,2,333953,196691,156348,84669,0,92936,0,176608,0,20083,0,4576,2308,4654,0,6144,51086,27,0,0,64,0
0,127608,127676,file_anon_mix_p,3647,3647,3649,120,1,2,2,334017,196691,156412,84669,0,92936,0,176608,0,20083,0,4576,2308,4654,0,6144,51072,27,0,0,64,0
0,127608,127676,file_anon_mix_p,3647,3647,3649,120,1,2,2,333897,196691,155752,84669,0,93476,0,176608,0,20083,0,4576,2308,4654,0,6144,51685,27,0,0,56,0
0,127608,127676,file_anon_mix_p,3647,3647,3649,120,1,2,2,333796,196691,155493,84669,0,93634,0,176608,0,20083,0,4576,2308,4654,0,6144,51863,27,0,0,64,0
0,127608,127676,file_anon_mix_p,3647,3647,3649,120,1,2,2,333623,196691,154838,84669,0,94116,0,176608,0,20083,0,4576,2308,4654,0,6144,52463,27,0,0,64,0
0,127608,127676,file_anon_mix_p,3647,3647,3649,120,1,2,2,333757,196691,154428,84669,0,94660,0,176608,0,20083,0,4576,2308,4654,0,6144,52803,27,0,0,64,0
0,127608,127676,file_anon_mix_p,3647,3647,3649,120,1,2,2,333827,196691,154088,84669,0,95070,0,176608,0,20083,0,4576,2308,4654,0,6144,53124,27,0,0,64,0
0,127608,127676,file_anon_mix_p,3647,3647,3649,120,1,2,2,333708,196691,153747,84669,0,95292,0,176608,0,20083,0,4576,2308,4654,0,6144,53452,27,0,0,64,0
0,127608,127676,file_anon_mix_p,3647,3647,3649,120,1,2,2,333819,196691,153338,84669,0,95812,0,176608,0,20083,0,4576,2308,4654,0,6144,53783,27,0,0,64,0
0,127608,127676,file_anon_mix_p,3647,3647,3649,120,1,2,2,334256,196691,152860,84669,0,96727,0,176608,0,20083,0,4576,2308,4654,0,6144,54209,27,0,0,61,0
0,127608,127676,file_anon_mix_p,3647,3647,3649,120,1,2,2,334524,196691,152436,84669,0,97419,0,176608,0,20083,0,4576,2308,4654,0,6144,54573,27,0,0,47,0
0,127608,127676,file_anon_mix_p,3647,3647,3649,120,1,2,2,334438,196691,152293,84669,0,97476,0,176608,0,20083,0,4576,2308,4654,0,6144,54718,27,0,0,64,0
0,394,394,sshd-session,3647,3647,3649,120,1,2,2,334341,196691,152165,84669,0,97507,0,176608,0,20083,0,4576,2308,4654,0,6144,54836,27,0,0,45,0
0,127608,127676,file_anon_mix_p,3647,3647,3649,120,1,2,2,334585,196691,151864,84669,0,98052,0,176608,0,20083,0,4576,2308,4654,0,6144,55086,27,0,0,64,0
0,127608,127676,file_anon_mix_p,3647,3647,3649,120,1,2,2,334708,196691,151608,84669,0,98431,0,176608,0,20083,0,4576,2308,4654,0,6144,55348,27,0,0,64,0
0,127608,127676,file_anon_mix_p,3647,3647,3649,120,1,2,2,334706,196691,151416,84669,0,98621,0,176608,0,20083,0,4576,2308,4654,0,6144,55547,27,0,0,62,0
0,127608,127676,file_anon_mix_p,3647,3647,3649,120,1,2,2,334832,196691,151068,84669,0,99095,0,176608,0,20083,0,4576,2308,4654,0,6144,55815,27,0,0,54,0
0,127608,127676,file_anon_mix_p,3647,3647,3649,120,1,2,2,334727,196691,150918,84669,0,99140,0,176608,0,20083,0,4576,2308,4654,0,6144,55982,27,0,0,64,0
0,394,394,sshd-session,3647,3647,3649,120,1,2,2,334487,196691,150631,84669,0,99187,0,176608,0,20083,0,4576,2308,4654,0,6144,56205,27,0,0,63,0
0,127608,127676,file_anon_mix_p,3647,3647,3649,120,1,2,2,334660,196691,150280,84669,0,99711,0,176608,0,20083,0,4576,2308,4654,0,6144,56509,27,0,0,59,0
0,127608,127676,file_anon_mix_p,3647,3647,3649,120,1,2,2,334542,196691,150125,84669,0,99748,0,176608,0,20083,0,4576,2308,4654,0,6144,56669,27,0,0,64,0
0,127608,127676,file_anon_mix_p,3647,3647,3649,120,1,2,2,334604,196691,149776,84669,0,100159,0,176608,0,20083,0,4576,2308,4654,0,6144,56963,27,0,0,63,0
0,127608,127676,file_anon_mix_p,3647,3647,3649,120,1,2,2,334418,196691,149425,84669,0,100324,0,176608,0,20083,0,4576,2308,4654,0,6144,57253,27,0,0,64,0
0,127608,127676,file_anon_mix_p,3647,3647,3649,120,1,2,2,334478,196691,149074,84669,0,100735,0,176608,0,20083,0,4576,2308,4654,0,6144,57577,27,0,0,64,0
0,394,394,sshd-session,3647,3647,3649,120,1,2,2,334355,196691,148946,84669,0,100740,0,176608,0,20083,0,4576,2308,4654,0,6144,57727,27,0,0,64,0
0,127608,127676,file_anon_mix_p,3647,3647,3649,120,1,2,2,334304,196691,148735,84669,0,100900,0,176608,0,20083,0,4576,2308,4654,0,6144,57889,27,0,0,64,0
0,127608,127676,file_anon_mix_p,3647,3647,3649,120,1,2,2,334504,196691,148397,84669,0,101438,0,176608,0,20083,0,4576,2308,4654,0,6144,58217,27,0,0,49,0
0,127578,127578,kworker/0:0,3647,3647,3649,120,1,2,2,334328,196691,148174,84669,0,101485,0,176608,0,20083,0,4576,2308,4654,0,6144,58360,27,2,0,0,0
0,127578,127578,kworker/0:0,3647,3647,3649,120,1,2,2,334328,196691,148174,84669,0,101485,0,176608,0,20083,0,4576,2308,4654,0,6144,58363,27,2,0,0,0
0,127578,127578,kworker/0:0,3647,3647,3649,120,1,2,2,334328,196691,148174,84669,0,101485,0,176608,0,20083,0,4576,2308,4654,0,6144,58363,27,2,0,0,0
0,127578,127578,kworker/0:0,3647,3647,3649,120,1,2,2,334328,196691,148174,84669,0,101485,0,176608,0,20083,0,4576,2308,4654,0,6144,58363,27,2,0,0,0
0,127578,127578,kworker/0:0,3647,3647,3649,120,1,2,2,334328,196691,148174,84669,0,101485,0,176608,0,20083,0,4576,2308,4654,0,6144,58363,27,2,0,0,0
0,127578,127578,kworker/0:0,3647,3647,3649,120,1,2,2,334328,196691,148174,84669,0,101485,0,176608,0,20083,0,4576,2308,4654,0,6144,58363,27,2,0,0,0
0,127578,127578,kworker/0:0,3647,3647,3649,120,1,2,2,334328,196691,148174,84669,0,101485,0,176608,0,20083,0,4576,2308,4654,0,6144,58365,27,2,0,0,0
0,127578,127578,kworker/0:0,3647,3647,3649,120,1,2,2,334328,196691,148174,84669,0,101485,0,176608,0,20083,0,4576,2308,4654,0,6144,58367,27,2,0,0,0
0,127578,127578,kworker/0:0,3647,3647,3649,120,1,2,2,334328,196691,148174,84669,0,101485,0,176608,0,20083,0,4576,2308,4654,0,6144,58367,27,2,0,0,0
0,127578,127578,kworker/0:0,3647,3647,3649,120,1,2,2,334328,196691,148174,84669,0,101485,0,176608,0,20083,0,4576,2308,4654,0,6144,58367,27,2,9,0,0
0,127578,127578,kworker/0:0,3647,3647,3649,120,1,2,2,334343,196699,148174,84669,0,101500,0,176608,0,20091,0,4576,2308,4654,0,6144,58367,27,2,14,0,0
0,127578,127578,kworker/0:0,3647,3647,3649,120,1,2,2,334343,196707,148174,84669,0,101500,0,176608,0,20099,0,4576,2308,4654,0,6144,58367,27,2,16,0,0
0,127578,127578,kworker/0:0,3647,3647,3649,120,1,2,2,334343,196707,148174,84669,0,101500,0,176608,0,20099,0,4576,2308,4654,0,6144,58368,27,2,16,0,0
0,127578,127578,kworker/0:0,3647,3647,3649,120,1,2,2,334343,196707,148174,84669,0,101500,0,176608,0,20099,0,4576,2308,4654,0,6144,58371,27,2,16,0,0
0,127578,127578,kworker/0:0,3647,3647,3649,120,1,2,2,334343,196707,148174,84669,0,101500,0,176608,0,20099,0,4576,2308,4654,0,6144,58373,27,2,16,0,0
0,127578,127578,kworker/0:0,3647,3647,3649,120,1,2,2,334343,196707,148174,84669,0,101500,0,176608,0,20099,0,4576,2308,4654,0,6144,58374,27,2,16,0,0
0,127578,127578,kworker/0:0,3647,3647,3649,120,1,2,2,334343,196707,148174,84669,0,101500,0,176608,0,20099,0,4576,2308,4654,0,6144,58374,27,2,16,0,0
0,127578,127578,kworker/0:0,3647,3647,3649,120,1,2,2,334343,196707,148174,84669,0,101500,0,176608,0,20099,0,4576,2308,4654,0,6144,58374,27,2,16,0,0
0,127578,127578,kworker/0:0,3647,3647,3649,120,1,2,2,334343,196707,148174,84669,0,101500,0,176608,0,20099,0,4576,2308,4654,0,6144,58374,27,2,16,0,0
0,127578,127578,kworker/0:0,3647,3647,3649,120,1,2,2,334343,196707,148174,84669,0,101500,0,176608,0,20099,0,4576,2308,4654,0,6144,58376,27,2,16,0,0
0,127578,127578,kworker/0:0,3647,3647,3649,120,1,2,2,334343,196707,148174,84669,0,101500,0,176608,0,20099,0,4576,2308,4654,0,6144,58378,27,2,16,0,0
0,127578,127578,kworker/0:0,3647,3647,3649,120,1,2,2,334343,196707,148174,84669,0,101500,0,176608,0,20099,0,4576,2308,4654,0,6144,58380,27,2,16,0,0
0,127578,127578,kworker/0:0,3647,3647,3649,120,1,2,2,334343,196707,148174,84669,0,101500,0,176608,0,20099,0,4576,2308,4654,0,6144,58382,27,2,16,0,0
0,127578,127578,kworker/0:0,3647,3647,3649,120,1,2,2,334343,196707,148174,84669,0,101500,0,176608,0,20099,0,4576,2308,4654,0,6144,58384,27,2,16,0,0
0,127578,127578,kworker/0:0,3647,3647,3649,120,1,2,2,334343,196707,148174,84669,0,101500,0,176608,0,20099,0,4576,2308,4654,0,6144,58386,27,2,16,0,0
0,127578,127578,kworker/0:0,3647,3647,3649,120,1,2,2,334343,196707,148174,84669,0,101500,0,176608,0,20099,0,4576,2308,4654,0,6144,58388,27,2,16,0,0
0,127578,127578,kworker/0:0,3647,3647,3649,120,1,2,2,334343,196707,148174,84669,0,101500,0,176608,0,20099,0,4576,2308,4654,0,6144,58394,27,2,16,0,0
0,127578,127578,kworker/0:0,3647,3647,3649,120,1,2,2,334343,196707,148174,84669,0,101500,0,176608,0,20099,0,4576,2308,4654,0,6144,58394,27,2,16,0,0
0,127578,127578,kworker/0:0,3647,3647,3649,120,1,2,2,334343,196707,148174,84669,0,101500,0,176608,0,20099,0,4576,2308,4654,0,6144,58394,27,2,16,0,0
0,127578,127578,kworker/0:0,3647,3647,3649,120,1,2,2,334343,196707,148174,84669,0,101500,0,176608,0,20099,0,4576,2308,4654,0,6144,58395,27,2,16,0,0
0,127578,127578,kworker/0:0,3647,3647,3649,120,1,2,2,334343,196707,148174,84669,0,101500,0,176608,0,20099,0,4576,2308,4654,0,6144,58397,27,2,16,0,0
0,127578,127578,kworker/0:0,3647,3647,3649,120,1,2,2,334343,196707,148174,84669,0,101500,0,176608,0,20099,0,4576,2308,4654,0,6144,58400,27,2,16,0,0
0,127578,127578,kworker/0:0,3647,3647,3649,120,1,2,2,334343,196707,148174,84669,0,101500,0,176608,0,20099,0,4576,2308,4654,0,6144,58402,27,2,16,0,0
0,127578,127578,kworker/0:0,3647,3647,3649,120,1,2,2,334343,196707,148174,84669,0,101500,0,176608,0,20099,0,4576,2308,4654,0,6144,58404,27,2,16,0,0
0,127578,127578,kworker/0:0,3647,3647,3649,120,1,2,2,334343,196707,148174,84669,0,101500,0,176608,0,20099,0,4576,2308,4654,0,6144,58406,27,2,16,0,0
0,127578,127578,kworker/0:0,3647,3647,3649,120,1,2,2,334343,196707,148174,84669,0,101500,0,176608,0,20099,0,4576,2308,4654,0,6144,58409,27,2,16,0,0
0,127578,127578,kworker/0:0,3647,3647,3649,120,1,2,2,334343,196707,148174,84669,0,101500,0,176608,0,20099,0,4576,2308,4654,0,6144,58410,27,2,16,0,0
0,127578,127578,kworker/0:0,3647,3647,3649,120,1,2,2,334343,196707,148174,84669,0,101500,0,176608,0,20099,0,4576,2308,4654,0,6144,58410,27,2,16,0,0
0,127578,127578,kworker/0:0,3647,3647,3649,120,1,2,2,334343,196707,148174,84669,0,101500,0,176608,0,20099,0,4576,2308,4654,0,6144,58410,27,2,16,0,0
0,127578,127578,kworker/0:0,3647,3647,3649,120,1,2,2,334343,196707,148174,84669,0,101500,0,176608,0,20099,0,4576,2308,4654,0,6144,58410,27,2,16,0,0
0,127578,127578,kworker/0:0,3647,3647,3649,120,1,2,2,334343,196707,148174,84669,0,101500,0,176608,0,20099,0,4576,2308,4654,0,6144,58410,27,2,16,0,0
0,127578,127578,kworker/0:0,3647,3647,3649,120,1,2,2,334343,196707,148174,84669,0,101500,0,176608,0,20099,0,4576,2308,4654,0,6144,58410,27,2,16,0,0
0,127578,127578,kworker/0:0,3647,3647,3649,120,1,2,2,334343,196707,148174,84669,0,101500,0,176608,0,20099,0,4576,2308,4654,0,6144,58410,27,2,16,0,0
0,127578,127578,kworker/0:0,3647,3647,3649,120,1,2,2,334343,196707,148174,84669,0,101500,0,176608,0,20099,0,4576,2308,4654,0,6144,58411,27,2,16,0,0
0,127578,127578,kworker/0:0,3647,3647,3649,120,1,2,2,334343,196707,148174,84669,0,101500,0,176608,0,20099,0,4576,2308,4654,0,6144,58411,27,2,16,0,0
0,127578,127578,kworker/0:0,3647,3647,3649,120,1,2,2,334343,196737,148174,84669,0,101500,0,176608,0,20129,0,4576,2308,4654,0,6144,58411,27,2,25,0,0
0,127578,127578,kworker/0:0,3647,3647,3649,120,1,2,2,334343,196737,148174,84669,0,101500,0,176608,0,20129,0,4576,2308,4654,0,6144,58411,27,2,25,0,0
0,127578,127578,kworker/0:0,3647,3647,3649,120,1,2,2,334343,196737,148174,84669,0,101500,0,176608,0,20129,0,4576,2308,4654,0,6144,58413,27,2,25,0,0
0,127578,127578,kworker/0:0,3647,3647,3649,120,1,2,2,334343,196737,148174,84669,0,101500,0,176608,0,20129,0,4576,2308,4654,0,6144,58415,27,2,25,0,0
0,127578,127578,kworker/0:0,3647,3647,3649,120,1,2,2,334343,196737,148174,84669,0,101500,0,176608,0,20129,0,4576,2308,4654,0,6144,58417,27,2,25,0,0
0,127578,127578,kworker/0:0,3647,3647,3649,120,1,2,2,334343,196737,148174,84669,0,101500,0,176608,0,20129,0,4576,2308,4654,0,6144,58419,27,2,25,0,0
0,127578,127578,kworker/0:0,3647,3647,3649,120,1,2,2,334343,196737,148174,84669,0,101500,0,176608,0,20129,0,4576,2308,4654,0,6144,58419,27,2,25,0,0
0,127578,127578,kworker/0:0,3647,3647,3649,120,1,2,2,334215,196742,148046,84669,0,101500,0,176608,0,20134,0,4576,2308,4654,0,6144,58424,27,2,25,0,0
0,127578,127578,kworker/0:0,3647,3647,3649,120,1,2,2,334215,196742,148046,84669,0,101500,0,176608,0,20134,0,4576,2308,4654,0,6144,58427,27,2,25,0,0
0,127578,127578,kworker/0:0,3647,3647,3649,120,1,2,2,334215,196742,148046,84669,0,101500,0,176608,0,20134,0,4576,2308,4654,0,6144,58429,27,2,25,0,0
0,127578,127578,kworker/0:0,3647,3647,3649,120,1,2,2,334215,196742,148046,84669,0,101500,0,176608,0,20134,0,4576,2308,4654,0,6144,58432,27,2,25,0,0
0,127578,127578,kworker/0:0,3647,3647,3649,120,1,2,2,334215,196742,148046,84669,0,101500,0,176608,0,20134,0,4576,2308,4654,0,6144,58435,27,2,25,0,0
0,127578,127578,kworker/0:0,3647,3647,3649,120,1,2,2,334215,196742,148046,84669,0,101500,0,176608,0,20134,0,4576,2308,4654,0,6144,58437,27,2,25,0,0
0,127578,127578,kworker/0:0,3647,3647,3649,120,1,2,2,334215,196742,148046,84669,0,101500,0,176608,0,20134,0,4576,2308,4654,0,6144,58439,27,2,25,0,0
0,127578,127578,kworker/0:0,3647,3647,3649,120,1,2,2,334215,196742,148046,84669,0,101500,0,176608,0,20134,0,4576,2308,4654,0,6144,58441,27,2,25,0,0
0,127578,127578,kworker/0:0,3647,3647,3649,120,1,2,2,334215,196742,148046,84669,0,101500,0,176608,0,20134,0,4576,2308,4654,0,6144,58443,27,2,25,0,0
0,127578,127578,kworker/0:0,3647,3647,3649,120,1,2,2,334215,196742,148046,84669,0,101500,0,176608,0,20134,0,4576,2308,4654,0,6144,58443,27,2,25,0,0
0,127578,127578,kworker/0:0,3647,3647,3649,120,1,2,2,334215,196742,148046,84669,0,101500,0,176608,0,20134,0,4576,2308,4654,0,6144,58443,27,2,25,0,0
0,127578,127578,kworker/0:0,3647,3647,3649,120,1,2,2,334215,196742,148046,84669,0,101500,0,176608,0,20134,0,4576,2308,4654,0,6144,58443,27,2,25,0,0
0,127578,127578,kworker/0:0,3647,3647,3649,120,1,2,2,334215,196742,148046,84669,0,101500,0,176608,0,20134,0,4576,2308,4654,0,6144,58444,27,2,25,0,0
0,127578,127578,kworker/0:0,3647,3647,3649,120,1,2,2,334215,196742,148046,84669,0,101500,0,176608,0,20134,0,4576,2308,4654,0,6144,58444,27,2,25,0,0
0,127578,127578,kworker/0:0,3647,3647,3649,120,1,2,2,334215,196742,148046,84669,0,101500,0,176608,0,20134,0,4576,2308,4654,0,6144,58444,27,2,25,0,0
0,127578,127578,kworker/0:0,3647,3647,3649,120,1,2,2,334215,196742,148046,84669,0,101500,0,176608,0,20134,0,4576,2308,4654,0,6144,58444,27,2,25,0,0
0,127578,127578,kworker/0:0,3647,3647,3649,120,1,2,2,334215,196742,148046,84669,0,101500,0,176608,0,20134,0,4576,2308,4654,0,6144,58444,27,2,25,0,0
0,127578,127578,kworker/0:0,3647,3647,3649,120,1,2,2,334215,196742,148046,84669,0,101500,0,176608,0,20134,0,4576,2308,4654,0,6144,58444,27,2,25,0,0
0,127578,127578,kworker/0:0,3647,3647,3649,120,1,2,2,334215,196742,148046,84669,0,101500,0,176608,0,20134,0,4576,2308,4654,0,6144,58444,27,2,25,0,0
0,127578,127578,kworker/0:0,3647,3647,3649,120,1,2,2,334215,196742,148046,84669,0,101500,0,176608,0,20134,0,4576,2308,4654,0,6144,58444,27,2,25,0,0
0,127578,127578,kworker/0:0,3647,3647,3649,120,1,2,2,334215,196742,148046,84669,0,101500,0,176608,0,20134,0,4576,2308,4654,0,6144,58444,27,2,25,0,0
0,127578,127578,kworker/0:0,3647,3647,3649,120,1,2,2,334215,196742,148046,84669,0,101500,0,176608,0,20134,0,4576,2308,4654,0,6144,58444,27,2,25,0,0
0,127578,127578,kworker/0:0,3647,3647,3649,120,1,2,2,334215,196742,148046,84669,0,101500,0,176608,0,20134,0,4576,2308,4654,0,6144,58444,27,2,25,0,0
0,127578,127578,kworker/0:0,3647,3647,3649,120,1,2,2,334215,196742,148046,84669,0,101500,0,176608,0,20134,0,4576,2308,4654,0,6144,58444,27,2,25,0,0
0,127578,127578,kworker/0:0,3647,3647,3649,120,1,2,2,334215,196742,148046,84669,0,101500,0,176608,0,20134,0,4576,2308,4654,0,6144,58444,27,2,25,0,0
0,127578,127578,kworker/0:0,3647,3647,3649,120,1,2,2,334216,196742,148046,84669,0,101501,0,176608,0,20134,0,4576,2308,4654,0,6144,58451,27,2,25,0,0
0,127578,127578,kworker/0:0,3647,3647,3649,120,1,2,2,334217,196742,148046,84669,0,101502,0,176608,0,20134,0,4576,2308,4654,0,6144,58469,27,3,25,0,0
0,127578,127578,kworker/0:0,3647,3647,3649,120,1,2,2,334217,196742,148046,84669,0,101502,0,176608,0,20134,0,4576,2308,4654,0,6144,58472,27,3,25,0,0
0,127578,127578,kworker/0:0,3647,3647,3649,120,1,2,2,334217,196742,148046,84669,0,101502,0,176608,0,20134,0,4576,2308,4654,0,6144,58474,27,3,25,0,0
0,127578,127578,kworker/0:0,3647,3647,3649,120,1,2,2,334217,196742,148046,84669,0,101502,0,176608,0,20134,0,4576,2308,4654,0,6144,58477,27,3,25,0,0
0,127578,127578,kworker/0:0,3647,3647,3649,120,1,2,2,334217,196742,148046,84669,0,101502,0,176608,0,20134,0,4576,2308,4654,0,6144,58480,27,3,25,0,0
0,127578,127578,kworker/0:0,3647,3647,3649,120,1,2,2,334217,196742,148046,84669,0,101502,0,176608,0,20134,0,4576,2308,4654,0,6144,58482,27,3,25,0,0
0,127578,127578,kworker/0:0,3647,3647,3649,120,1,2,2,334217,196742,148046,84669,0,101502,0,176608,0,20134,0,4576,2308,4654,0,6144,58484,27,3,25,0,0
0,127578,127578,kworker/0:0,3647,3647,3649,120,1,2,2,334217,196742,148046,84669,0,101502,0,176608,0,20134,0,4576,2308,4654,0,6144,58487,27,3,25,0,0
0,127578,127578,kworker/0:0,3647,3647,3649,120,1,2,2,334217,196742,148046,84669,0,101502,0,176608,0,20134,0,4576,2308,4654,0,6144,58489,27,3,25,0,0
0,127578,127578,kworker/0:0,3647,3647,3649,120,1,2,2,334217,196742,148046,84669,0,101502,0,176608,0,20134,0,4576,2308,4654,0,6144,58491,27,3,25,0,0
0,127578,127578,kworker/0:0,3647,3647,3649,120,1,2,2,334217,196742,148046,84669,0,101502,0,176608,0,20134,0,4576,2308,4654,0,6144,58493,27,3,25,0,0
0,127578,127578,kworker/0:0,3647,3647,3649,120,1,2,2,334217,196742,148046,84669,0,101502,0,176608,0,20134,0,4576,2308,4654,0,6144,58495,27,3,25,0,0
0,127578,127578,kworker/0:0,3647,3647,3649,120,1,2,2,334217,196742,148046,84669,0,101502,0,176608,0,20134,0,4576,2308,4654,0,6144,58496,27,3,25,0,0
0,127578,127578,kworker/0:0,3647,3647,3649,120,1,2,2,334217,196742,148046,84669,0,101502,0,176608,0,20134,0,4576,2308,4654,0,6144,58498,27,3,25,0,0
0,127578,127578,kworker/0:0,3647,3647,3649,120,1,2,2,334217,196742,148046,84669,0,101502,0,176608,0,20134,0,4576,2308,4654,0,6144,58500,27,3,25,0,0
0,127578,127578,kworker/0:0,3647,3647,3649,120,1,2,2,334217,196742,148046,84669,0,101502,0,176608,0,20134,0,4576,2308,4654,0,6144,58502,27,3,25,0,0
0,127578,127578,kworker/0:0,3647,3647,3649,120,1,2,2,334217,196742,148046,84669,0,101502,0,176608,0,20134,0,4576,2308,4654,0,6144,58505,27,3,25,0,0
0,127578,127578,kworker/0:0,3647,3647,3649,120,1,2,2,334217,196742,148046,84669,0,101502,0,176608,0,20134,0,4576,2308,4654,0,6144,58508,27,3,25,0,0
0,127578,127578,kworker/0:0,3647,3647,3649,120,1,2,2,334217,196742,148046,84669,0,101502,0,176608,0,20134,0,4576,2308,4654,0,6144,58510,27,3,25,0,0
0,127578,127578,kworker/0:0,3647,3647,3649,120,1,2,2,334217,196742,148046,84669,0,101502,0,176608,0,20134,0,4576,2308,4654,0,6144,58512,27,3,25,0,0
0,127578,127578,kworker/0:0,3647,3647,3649,120,1,2,2,334217,196742,148046,84669,0,101502,0,176608,0,20134,0,4576,2308,4654,0,6144,58513,27,3,25,0,0
0,127578,127578,kworker/0:0,3647,3647,3649,120,1,2,2,334217,196742,148046,84669,0,101502,0,176608,0,20134,0,4576,2308,4654,0,6144,58513,27,3,25,0,0
0,127578,127578,kworker/0:0,3647,3647,3649,120,1,2,2,334217,196742,148046,84669,0,101502,0,176608,0,20134,0,4576,2308,4654,0,6144,58513,27,4,25,0,0
0,127578,127578,kworker/0:0,3647,3647,3649,120,1,2,2,334217,196742,148046,84669,0,101502,0,176608,0,20134,0,4576,2308,4654,0,6144,58513,27,4,25,0,0
0,127578,127578,kworker/0:0,3647,3647,3649,120,1,2,2,334217,196742,148046,84669,0,101502,0,176608,0,20134,0,4576,2308,4654,0,6144,58514,27,4,25,0,0
0,127578,127578,kworker/0:0,3647,3647,3649,120,1,2,2,334217,196742,148046,84669,0,101502,0,176608,0,20134,0,4576,2308,4654,0,6144,58516,27,4,25,0,0
0,127578,127578,kworker/0:0,3647,3647,3649,120,1,2,2,334156,196742,147982,84669,0,101505,0,176608,0,20134,0,4576,2308,4654,0,6144,58529,27,6,25,0,0
0,127578,127578,kworker/0:0,3647,3647,3649,120,1,2,2,334156,196742,147982,84669,0,101505,0,176608,0,20134,0,4576,2308,4654,0,6144,58529,27,6,25,0,0
0,127578,127578,kworker/0:0,3647,3647,3649,120,1,2,2,334156,196742,147982,84669,0,101505,0,176608,0,20134,0,4576,2308,4654,0,6144,58529,27,6,25,0,0
0,127578,127578,kworker/0:0,3647,3647,3649,120,1,2,2,334156,196742,147982,84669,0,101505,0,176608,0,20134,0,4576,2308,4654,0,6144,58529,27,6,25,0,0
0,127578,127578,kworker/0:0,3647,3647,3649,120,1,2,2,334156,196742,147982,84669,0,101505,0,176608,0,20134,0,4576,2308,4654,0,6144,58531,27,6,25,0,0
0,127578,127578,kworker/0:0,3647,3647,3649,120,1,2,2,334156,196742,147982,84669,0,101505,0,176608,0,20134,0,4576,2308,4654,0,6144,58532,27,6,25,0,0
0,127578,127578,kworker/0:0,3647,3647,3649,120,1,2,2,334156,196742,147982,84669,0,101505,0,176608,0,20134,0,4576,2308,4654,0,6144,58536,27,6,25,0,0
0,127578,127578,kworker/0:0,3647,3647,3649,120,1,2,2,334156,196742,147982,84669,0,101505,0,176608,0,20134,0,4576,2308,4654,0,6144,58539,27,6,25,0,0
0,127578,127578,kworker/0:0,3647,3647,3649,120,1,2,2,334156,196742,147982,84669,0,101505,0,176608,0,20134,0,4576,2308,4654,0,6144,58541,27,6,25,0,0
0,127578,127578,kworker/0:0,3647,3647,3649,120,1,2,2,334156,196742,147982,84669,0,101505,0,176608,0,20134,0,4576,2308,4654,0,6144,58543,27,6,25,0,0
0,127578,127578,kworker/0:0,3647,3647,3649,120,1,2,2,334157,196742,147982,84669,0,101506,0,176608,0,20134,0,4576,2308,4654,0,6144,58543,27,6,25,0,0
0,127578,127578,kworker/0:0,3647,3647,3649,120,1,2,2,334157,196742,147982,84669,0,101506,0,176608,0,20134,0,4576,2308,4654,0,6144,58543,27,6,25,0,0
0,127578,127578,kworker/0:0,3647,3647,3649,120,1,2,2,334157,196742,147982,84669,0,101506,0,176608,0,20134,0,4576,2308,4654,0,6144,58551,27,6,25,0,0
0,127578,127578,kworker/0:0,3647,3647,3649,120,1,2,2,334157,196742,147982,84669,0,101506,0,176608,0,20134,0,4576,2308,4654,0,6144,58553,27,6,25,0,0
0,127578,127578,kworker/0:0,3647,3647,3649,120,1,2,2,334157,196742,147982,84669,0,101506,0,176608,0,20134,0,4576,2308,4654,0,6144,58555,27,6,25,0,0
0,127578,127578,kworker/0:0,3647,3647,3649,120,1,2,2,334157,196742,147982,84669,0,101506,0,176608,0,20134,0,4576,2308,4654,0,6144,58558,27,6,25,0,0
0,127578,127578,kworker/0:0,3647,3647,3649,120,1,2,2,334157,196742,147982,84669,0,101506,0,176608,0,20134,0,4576,2308,4654,0,6144,58558,27,6,25,0,0
0,127578,127578,kworker/0:0,3647,3647,3649,120,1,2,2,334157,196742,147982,84669,0,101506,0,176608,0,20134,0,4576,2308,4654,0,6144,58558,27,6,25,0,0
0,127578,127578,kworker/0:0,3647,3647,3649,120,1,2,2,334157,196742,147982,84669,0,101506,0,176608,0,20134,0,4576,2308,4654,0,6144,58558,27,6,25,0,0
0,127578,127578,kworker/0:0,3647,3647,3649,120,1,2,2,334157,196742,147982,84669,0,101506,0,176608,0,20134,0,4576,2308,4654,0,6144,58558,27,6,25,0,0
0,127578,127578,kworker/0:0,3647,3647,3649,120,1,2,2,334157,196742,147982,84669,0,101506,0,176608,0,20134,0,4576,2308,4654,0,6144,58558,27,6,25,0,0
0,127578,127578,kworker/0:0,3647,3647,3649,120,1,2,2,334157,196742,147982,84669,0,101506,0,176608,0,20134,0,4576,2308,4654,0,6144,58558,27,6,25,0,0
0,127578,127578,kworker/0:0,3647,3647,3649,120,1,2,2,334157,196742,147982,84669,0,101506,0,176608,0,20134,0,4576,2308,4654,0,6144,58558,27,6,25,0,0
0,127578,127578,kworker/0:0,3647,3647,3649,120,1,2,2,334157,196742,147982,84669,0,101506,0,176608,0,20134,0,4576,2308,4654,0,6144,58558,27,6,25,0,0
0,127578,127578,kworker/0:0,3647,3647,3649,120,1,2,2,334157,196742,147982,84669,0,101506,0,176608,0,20134,0,4576,2308,4654,0,6144,58558,27,6,25,0,0
0,126930,126930,mglru_monitor,3647,3647,3649,120,1,2,2,334343,196742,148174,84669,0,101500,0,176608,0,20134,0,4576,2308,4654,0,6144,58419,27,2,25,64,0
0,127578,127578,kworker/0:0,3647,3647,3649,120,1,2,2,334157,196742,147982,84669,0,101506,0,176608,0,20134,0,4576,2308,4654,0,6144,58580,27,6,25,0,0
0,127578,127578,kworker/0:0,3647,3647,3649,120,1,2,2,334157,196742,147982,84669,0,101506,0,176608,0,20134,0,4576,2308,4654,0,6144,58592,27,6,25,0,0
0,127578,127578,kworker/0:0,3647,3647,3649,120,1,2,2,334157,196742,147982,84669,0,101506,0,176608,0,20134,0,4576,2308,4654,0,6144,58592,27,6,25,0,0
0,127578,127578,kworker/0:0,3647,3647,3649,120,1,2,2,334157,196742,147982,84669,0,101506,0,176608,0,20134,0,4576,2308,4654,0,6144,58592,27,6,25,0,0
0,127578,127578,kworker/0:0,3647,3647,3649,120,1,2,2,334157,196742,147982,84669,0,101506,0,176608,0,20134,0,4576,2308,4654,0,6144,58592,27,6,25,0,0
0,127578,127578,kworker/0:0,3647,3647,3649,120,1,2,2,334157,196742,147982,84669,0,101506,0,176608,0,20134,0,4576,2308,4654,0,6144,58592,27,6,25,0,0
0,127578,127578,kworker/0:0,3647,3647,3649,120,1,2,2,334157,196742,147982,84669,0,101506,0,176608,0,20134,0,4576,2308,4654,0,6144,58592,27,6,25,0,0
0,127578,127578,kworker/0:0,3647,3647,3649,120,1,2,2,334157,196742,147982,84669,0,101506,0,176608,0,20134,0,4576,2308,4654,0,6144,58592,27,6,25,0,0
0,127578,127578,kworker/0:0,3647,3647,3649,120,1,2,2,334157,196742,147982,84669,0,101506,0,176608,0,20134,0,4576,2308,4654,0,6144,58592,27,6,25,0,0
0,127578,127578,kworker/0:0,3647,3647,3649,120,1,2,2,334157,196742,147982,84669,0,101506,0,176608,0,20134,0,4576,2308,4654,0,6144,58592,27,6,25,0,0
0,127578,127578,kworker/0:0,3647,3647,3649,120,1,2,2,334157,196742,147982,84669,0,101506,0,176608,0,20134,0,4576,2308,4654,0,6144,58592,27,6,25,0,0
0,127578,127578,kworker/0:0,3647,3647,3649,120,1,2,2,334157,196742,147982,84669,0,101506,0,176608,0,20134,0,4576,2308,4654,0,6144,58592,27,6,25,0,0
0,127578,127578,kworker/0:0,3647,3647,3649,120,1,2,2,334157,196742,147982,84669,0,101506,0,176608,0,20134,0,4576,2308,4654,0,6144,58592,27,6,25,0,0
0,127578,127578,kworker/0:0,3647,3647,3649,120,1,2,2,334157,196742,147982,84669,0,101506,0,176608,0,20134,0,4576,2308,4654,0,6144,58598,27,6,25,0,0
0,127578,127578,kworker/0:0,3647,3647,3649,120,1,2,2,334157,196742,147982,84669,0,101506,0,176608,0,20134,0,4576,2308,4654,0,6144,58598,27,6,25,0,0
0,127578,127578,kworker/0:0,3647,3647,3649,120,1,2,2,334157,196742,147982,84669,0,101506,0,176608,0,20134,0,4576,2308,4654,0,6144,58598,27,6,25,0,0
0,127578,127578,kworker/0:0,3647,3647,3649,120,1,2,2,334157,196742,147982,84669,0,101506,0,176608,0,20134,0,4576,2308,4654,0,6144,58598,27,6,25,0,0
0,127578,127578,kworker/0:0,3647,3647,3649,120,1,2,2,334157,196742,147982,84669,0,101506,0,176608,0,20134,0,4576,2308,4654,0,6144,58598,27,6,25,0,0
0,127578,127578,kworker/0:0,3647,3647,3649,120,1,2,2,334157,196742,147982,84669,0,101506,0,176608,0,20134,0,4576,2308,4654,0,6144,58598,27,6,25,0,0
0,127578,127578,kworker/0:0,3647,3647,3649,120,1,2,2,334157,196742,147982,84669,0,101506,0,176608,0,20134,0,4576,2308,4654,0,6144,58598,27,6,25,0,0
0,127578,127578,kworker/0:0,3647,3647,3649,120,1,2,2,334157,196742,147982,84669,0,101506,0,176608,0,20134,0,4576,2308,4654,0,6144,58598,27,6,25,0,0
0,127578,127578,kworker/0:0,3647,3647,3649,120,1,2,2,334157,196742,147982,84669,0,101506,0,176608,0,20134,0,4576,2308,4654,0,6144,58598,27,6,25,0,0
0,127578,127578,kworker/0:0,3647,3647,3649,120,1,2,2,334157,196742,147982,84669,0,101506,0,176608,0,20134,0,4576,2308,4654,0,6144,58598,27,6,25,0,0
0,127578,127578,kworker/0:0,3647,3647,3649,120,1,2,2,334157,196742,147982,84669,0,101506,0,176608,0,20134,0,4576,2308,4654,0,6144,58598,27,6,25,0,0
0,127578,127578,kworker/0:0,3647,3647,3649,120,1,2,2,334157,196742,147982,84669,0,101506,0,176608,0,20134,0,4576,2308,4654,0,6144,58598,27,6,25,0,0
0,127578,127578,kworker/0:0,3647,3647,3649,120,1,2,2,334157,196742,147982,84669,0,101506,0,176608,0,20134,0,4576,2308,4654,0,6144,58598,27,6,25,0,0
0,127578,127578,kworker/0:0,3647,3647,3649,120,1,2,2,334029,196742,147854,84669,0,101506,0,176608,0,20134,0,4576,2308,4654,0,6144,58629,27,6,25,0,0
0,127578,127578,kworker/0:0,3647,3647,3649,120,1,2,2,334029,196742,147854,84669,0,101506,0,176608,0,20134,0,4576,2308,4654,0,6144,58643,27,6,25,0,0
0,127578,127578,kworker/0:0,3647,3647,3649,120,1,2,2,334029,196742,147854,84669,0,101506,0,176608,0,20134,0,4576,2308,4654,0,6144,58643,27,6,25,0,0
0,127578,127578,kworker/0:0,3647,3647,3649,120,1,2,2,334029,196742,147854,84669,0,101506,0,176608,0,20134,0,4576,2308,4654,0,6144,58643,27,6,25,0,0
0,127578,127578,kworker/0:0,3647,3647,3649,120,1,2,2,334029,196742,147854,84669,0,101506,0,176608,0,20134,0,4576,2308,4654,0,6144,58643,27,6,25,0,0
0,127578,127578,kworker/0:0,3647,3647,3649,120,1,2,2,334029,196742,147854,84669,0,101506,0,176608,0,20134,0,4576,2308,4654,0,6144,58643,27,6,25,0,0
0,127578,127578,kworker/0:0,3647,3647,3649,120,1,2,2,334029,196742,147854,84669,0,101506,0,176608,0,20134,0,4576,2308,4654,0,6144,58643,27,6,25,0,0
0,127578,127578,kworker/0:0,3647,3647,3649,120,1,2,2,334029,196742,147854,84669,0,101506,0,176608,0,20134,0,4576,2308,4654,0,6144,58643,27,6,25,0,0
0,127578,127578,kworker/0:0,3647,3647,3649,120,1,2,2,334029,196742,147854,84669,0,101506,0,176608,0,20134,0,4576,2308,4654,0,6144,58643,27,6,25,0,0
0,127578,127578,kworker/0:0,3647,3647,3649,120,1,2,2,334029,196742,147854,84669,0,101506,0,176608,0,20134,0,4576,2308,4654,0,6144,58643,27,6,25,0,0
0,127578,127578,kworker/0:0,3647,3647,3649,120,1,2,2,334029,196742,147854,84669,0,101506,0,176608,0,20134,0,4576,2308,4654,0,6144,58643,27,6,25,0,0
0,127578,127578,kworker/0:0,3647,3647,3649,120,1,2,2,334029,196742,147854,84669,0,101506,0,176608,0,20134,0,4576,2308,4654,0,6144,58645,27,6,25,0,0
0,127578,127578,kworker/0:0,3647,3647,3649,120,1,2,2,334029,196742,147854,84669,0,101506,0,176608,0,20134,0,4576,2308,4654,0,6144,58647,27,6,25,0,0
0,127578,127578,kworker/0:0,3647,3647,3649,120,1,2,2,334029,196742,147854,84669,0,101506,0,176608,0,20134,0,4576,2308,4654,0,6144,58664,27,6,25,0,0
0,127578,127578,kworker/0:0,3647,3647,3649,120,1,2,2,334029,196742,147854,84669,0,101506,0,176608,0,20134,0,4576,2308,4654,0,6144,58664,27,6,25,0,0
0,127578,127578,kworker/0:0,3647,3647,3649,120,1,2,2,334029,196742,147854,84669,0,101506,0,176608,0,20134,0,4576,2308,4654,0,6144,58664,27,6,25,0,0
0,127578,127578,kworker/0:0,3647,3647,3649,120,1,2,2,334029,196742,147854,84669,0,101506,0,176608,0,20134,0,4576,2308,4654,0,6144,58664,27,6,25,0,0
0,127578,127578,kworker/0:0,3647,3647,3649,120,1,2,2,334029,196742,147854,84669,0,101506,0,176608,0,20134,0,4576,2308,4654,0,6144,58664,27,6,25,0,0
0,127578,127578,kworker/0:0,3647,3647,3649,120,1,2,2,334029,196742,147854,84669,0,101506,0,176608,0,20134,0,4576,2308,4654,0,6144,58666,27,6,25,0,0
0,127578,127578,kworker/0:0,3647,3647,3649,120,1,2,2,334029,196742,147854,84669,0,101506,0,176608,0,20134,0,4576,2308,4654,0,6144,58668,27,6,25,0,0
0,127578,127578,kworker/0:0,3647,3647,3649,120,1,2,2,334029,196742,147854,84669,0,101506,0,176608,0,20134,0,4576,2308,4654,0,6144,58670,27,6,25,0,0
0,127578,127578,kworker/0:0,3647,3647,3649,120,1,2,2,334029,196742,147854,84669,0,101506,0,176608,0,20134,0,4576,2308,4654,0,6144,58672,27,6,25,0,0
0,127578,127578,kworker/0:0,3647,3647,3649,120,1,2,2,334029,196742,147854,84669,0,101506,0,176608,0,20134,0,4576,2308,4654,0,6144,58672,27,6,25,0,0
0,127578,127578,kworker/0:0,3647,3647,3649,120,1,2,2,334029,196742,147854,84669,0,101506,0,176608,0,20134,0,4576,2308,4654,0,6144,58672,27,6,25,0,0
0,127578,127578,kworker/0:0,3647,3647,3649,120,1,2,2,334029,196742,147854,84669,0,101506,0,176608,0,20134,0,4576,2308,4654,0,6144,58672,27,6,25,0,0
0,127578,127578,kworker/0:0,3647,3647,3649,120,1,2,2,334029,196742,147854,84669,0,101506,0,176608,0,20134,0,4576,2308,4654,0,6144,58672,27,6,25,0,0
0,127578,127578,kworker/0:0,3647,3647,3649,120,1,2,2,334029,196742,147854,84669,0,101506,0,176608,0,20134,0,4576,2308,4654,0,6144,58684,27,6,25,0,0
0,127578,127578,kworker/0:0,3647,3647,3649,120,1,2,2,334029,196742,147854,84669,0,101506,0,176608,0,20134,0,4576,2308,4654,0,6144,58686,27,6,25,0,0
0,127578,127578,kworker/0:0,3647,3647,3649,120,1,2,2,334029,196742,147854,84669,0,101506,0,176608,0,20134,0,4576,2308,4654,0,6144,58686,27,6,25,0,0
0,127578,127578,kworker/0:0,3647,3647,3649,120,1,2,2,334029,196742,147854,84669,0,101506,0,176608,0,20134,0,4576,2308,4654,0,6144,58686,27,6,25,0,0
0,127578,127578,kworker/0:0,3647,3647,3649,120,1,2,2,334029,196742,147854,84669,0,101506,0,176608,0,20134,0,4576,2308,4654,0,6144,58686,27,6,25,0,0
0,127578,127578,kworker/0:0,3647,3647,3649,120,1,2,2,334029,196742,147854,84669,0,101506,0,176608,0,20134,0,4576,2308,4654,0,6144,58687,27,6,25,0,0
0,127578,127578,kworker/0:0,3647,3647,3649,120,1,2,2,334029,196742,147854,84669,0,101506,0,176608,0,20134,0,4576,2308,4654,0,6144,58687,27,6,25,0,0
0,127578,127578,kworker/0:0,3647,3647,3649,120,1,2,2,334029,196742,147854,84669,0,101506,0,176608,0,20134,0,4576,2308,4654,0,6144,58687,27,6,25,0,0
0,127578,127578,kworker/0:0,3647,3647,3649,120,1,2,2,334029,196742,147854,84669,0,101506,0,176608,0,20134,0,4576,2308,4654,0,6144,58687,27,6,25,0,0
0,127578,127578,kworker/0:0,3647,3647,3649,120,1,2,2,334029,196742,147854,84669,0,101506,0,176608,0,20134,0,4576,2308,4654,0,6144,58687,27,6,25,0,0
0,127578,127578,kworker/0:0,3647,3647,3649,120,1,2,2,334029,196742,147854,84669,0,101506,0,176608,0,20134,0,4576,2308,4654,0,6144,58687,27,6,25,0,0
0,127578,127578,kworker/0:0,3647,3647,3649,120,1,2,2,334029,196742,147854,84669,0,101506,0,176608,0,20134,0,4576,2308,4654,0,6144,58689,27,6,25,0,0
0,127578,127578,kworker/0:0,3647,3647,3649,120,1,2,2,334029,196742,147854,84669,0,101506,0,176608,0,20134,0,4576,2308,4654,0,6144,58691,27,6,25,0,0
0,127578,127578,kworker/0:0,3647,3647,3649,120,1,2,2,333965,196742,147790,84669,0,101506,0,176608,0,20134,0,4576,2308,4654,0,6144,58711,27,6,25,0,0
0,127578,127578,kworker/0:0,3647,3647,3649,120,1,2,2,333965,196742,147790,84669,0,101506,0,176608,0,20134,0,4576,2308,4654,0,6144,58711,27,6,25,0,0
0,127578,127578,kworker/0:0,3647,3647,3649,120,1,2,2,333965,196742,147790,84669,0,101506,0,176608,0,20134,0,4576,2308,4654,0,6144,58711,27,6,25,0,0
0,127578,127578,kworker/0:0,3647,3647,3649,120,1,2,2,333965,196742,147790,84669,0,101506,0,176608,0,20134,0,4576,2308,4654,0,6144,58711,27,6,25,0,0
0,127578,127578,kworker/0:0,3647,3647,3649,120,1,2,2,333965,196742,147790,84669,0,101506,0,176608,0,20134,0,4576,2308,4654,0,6144,58711,27,6,25,0,0
0,127578,127578,kworker/0:0,3647,3647,3649,120,1,2,2,333965,196742,147790,84669,0,101506,0,176608,0,20134,0,4576,2308,4654,0,6144,58711,27,6,25,0,0
0,127578,127578,kworker/0:0,3647,3647,3649,120,1,2,2,333965,196742,147790,84669,0,101506,0,176608,0,20134,0,4576,2308,4654,0,6144,58711,27,6,25,0,0
0,127578,127578,kworker/0:0,3647,3647,3649,120,1,2,2,333965,196742,147790,84669,0,101506,0,176608,0,20134,0,4576,2308,4654,0,6144,58711,27,6,25,0,0
0,127578,127578,kworker/0:0,3647,3647,3649,120,1,2,2,333965,196742,147790,84669,0,101506,0,176608,0,20134,0,4576,2308,4654,0,6144,58711,27,6,25,0,0
0,127578,127578,kworker/0:0,3647,3647,3649,120,1,2,2,333965,196742,147790,84669,0,101506,0,176608,0,20134,0,4576,2308,4654,0,6144,58711,27,6,25,0,0
0,127578,127578,kworker/0:0,3647,3647,3649,120,1,2,2,333965,196742,147790,84669,0,101506,0,176608,0,20134,0,4576,2308,4654,0,6144,58713,27,6,25,0,0
0,127578,127578,kworker/0:0,3647,3647,3649,120,1,2,2,333965,196742,147790,84669,0,101506,0,176608,0,20134,0,4576,2308,4654,0,6144,58714,27,6,25,0,0
0,127578,127578,kworker/0:0,3647,3647,3649,120,1,2,2,333965,196742,147790,84669,0,101506,0,176608,0,20134,0,4576,2308,4654,0,6144,58714,27,6,25,0,0
0,127578,127578,kworker/0:0,3647,3647,3649,120,1,2,2,333965,196742,147790,84669,0,101506,0,176608,0,20134,0,4576,2308,4654,0,6144,58728,27,6,25,0,0
0,127578,127578,kworker/0:0,3647,3647,3649,120,1,2,2,333965,196742,147790,84669,0,101506,0,176608,0,20134,0,4576,2308,4654,0,6144,58738,27,6,25,0,0
0,127578,127578,kworker/0:0,3647,3647,3649,120,1,2,2,333965,196742,147790,84669,0,101506,0,176608,0,20134,0,4576,2308,4654,0,6144,58738,27,6,25,0,0
0,127578,127578,kworker/0:0,3647,3647,3649,120,1,2,2,333965,196742,147790,84669,0,101506,0,176608,0,20134,0,4576,2308,4654,0,6144,58738,27,6,25,0,0
0,127578,127578,kworker/0:0,3647,3647,3649,120,1,2,2,333965,196742,147790,84669,0,101506,0,176608,0,20134,0,4576,2308,4654,0,6144,58739,27,6,25,0,0
0,127578,127578,kworker/0:0,3647,3647,3649,120,1,2,2,333965,196742,147759,84669,0,101537,0,176608,0,20134,0,4576,2308,4654,0,6144,58739,27,6,25,0,0
0,127578,127578,kworker/0:0,3647,3647,3649,120,1,2,2,333965,196742,147759,84669,0,101537,0,176608,0,20134,0,4576,2308,4654,0,6144,58739,27,6,25,0,0
0,127578,127578,kworker/0:0,3647,3647,3649,120,1,2,2,333965,196742,147759,84669,0,101537,0,176608,0,20134,0,4576,2308,4654,0,6144,58739,27,6,25,0,0
0,127578,127578,kworker/0:0,3647,3647,3649,120,1,2,2,333965,196742,147759,84669,0,101537,0,176608,0,20134,0,4576,2308,4654,0,6144,58739,27,6,25,0,0
0,127578,127578,kworker/0:0,3647,3647,3649,120,1,2,2,333965,196742,147759,84669,0,101537,0,176608,0,20134,0,4576,2308,4654,0,6144,58739,27,6,25,0,0
0,127578,127578,kworker/0:0,3647,3647,3649,120,1,2,2,333965,196742,147759,84669,0,101537,0,176608,0,20134,0,4576,2308,4654,0,6144,58739,27,6,25,0,0
0,127578,127578,kworker/0:0,3647,3647,3649,120,1,2,2,333965,196742,147759,84669,0,101537,0,176608,0,20134,0,4576,2308,4654,0,6144,58740,27,6,25,0,0
0,127578,127578,kworker/0:0,3647,3647,3649,120,1,2,2,333965,196742,147759,84669,0,101537,0,176608,0,20134,0,4576,2308,4654,0,6144,58742,27,6,25,0,0
0,127578,127578,kworker/0:0,3647,3647,3649,120,1,2,2,333965,196742,147759,84669,0,101537,0,176608,0,20134,0,4576,2308,4654,0,6144,58744,27,6,25,0,0
0,127578,127578,kworker/0:0,3647,3647,3649,120,1,2,2,333965,196742,147759,84669,0,101537,0,176608,0,20134,0,4576,2308,4654,0,6144,58746,27,6,25,0,0
0,127578,127578,kworker/0:0,3647,3647,3649,120,1,2,2,333975,196742,147759,84669,0,101547,0,176608,0,20134,0,4576,2308,4654,0,6144,58748,27,6,25,0,0
0,127578,127578,kworker/0:0,3647,3647,3649,120,1,2,2,333982,196742,147712,84669,0,101601,0,176608,0,20134,0,4576,2308,4654,0,6144,58748,27,6,25,0,0
0,127578,127578,kworker/0:0,3647,3647,3649,120,1,2,2,333932,196742,147662,84669,0,101601,0,176608,0,20134,0,4576,2308,4654,0,6144,58749,27,6,25,0,0
0,127578,127578,kworker/0:0,3647,3647,3649,120,1,2,2,333932,196742,147662,84669,0,101601,0,176608,0,20134,0,4576,2308,4654,0,6144,58750,27,6,25,0,0
0,127578,127578,kworker/0:0,3647,3647,3649,120,1,2,2,333932,196742,147662,84669,0,101601,0,176608,0,20134,0,4576,2308,4654,0,6144,58753,27,6,25,0,0
0,127578,127578,kworker/0:0,3647,3647,3649,120,1,2,2,333932,196742,147662,84669,0,101601,0,176608,0,20134,0,4576,2308,4654,0,6144,58755,27,6,25,0,0
0,127578,127578,kworker/0:0,3647,3647,3649,120,1,2,2,333932,196742,147662,84669,0,101601,0,176608,0,20134,0,4576,2308,4654,0,6144,58757,27,6,25,0,0
0,127578,127578,kworker/0:0,3647,3647,3649,120,1,2,2,333932,196742,147662,84669,0,101601,0,176608,0,20134,0,4576,2308,4654,0,6144,58760,27,6,25,0,0
0,127578,127578,kworker/0:0,3647,3647,3649,120,1,2,2,333932,196742,147662,84669,0,101601,0,176608,0,20134,0,4576,2308,4654,0,6144,58762,27,6,25,0,0
0,127578,127578,kworker/0:0,3647,3647,3649,120,1,2,2,333932,196742,147662,84669,0,101601,0,176608,0,20134,0,4576,2308,4654,0,6144,58764,27,6,25,0,0
0,127578,127578,kworker/0:0,3647,3647,3649,120,1,2,2,333932,196742,147662,84669,0,101601,0,176608,0,20134,0,4576,2308,4654,0,6144,58766,27,6,25,0,0
0,127578,127578,kworker/0:0,3647,3647,3649,120,1,2,2,333932,196742,147662,84669,0,101601,0,176608,0,20134,0,4576,2308,4654,0,6144,58768,27,6,25,0,0
0,394,394,sshd-session,3647,3647,3649,120,1,2,2,334157,196742,147982,84669,0,101506,0,176608,0,20134,0,4576,2308,4654,0,6144,58602,27,6,25,45,0
0,127578,127578,kworker/0:0,3647,3647,3649,120,1,2,2,333951,196742,147662,84669,0,101620,0,176608,0,20134,0,4576,2308,4654,0,6144,58777,27,6,25,0,0
0,127578,127578,kworker/0:0,3647,3647,3649,120,1,2,2,333951,196742,147662,84669,0,101620,0,176608,0,20134,0,4576,2308,4654,0,6144,58778,27,6,25,0,0
0,127578,127578,kworker/0:0,3647,3647,3649,120,1,2,2,333951,196742,147662,84669,0,101620,0,176608,0,20134,0,4576,2308,4654,0,6144,58780,27,6,25,0,0
0,127578,127578,kworker/0:0,3647,3647,3649,120,1,2,2,333951,196742,147662,84669,0,101620,0,176608,0,20134,0,4576,2308,4654,0,6144,58782,27,6,25,0,0
0,127578,127578,kworker/0:0,3647,3647,3649,120,1,2,2,333951,196742,147662,84669,0,101620,0,176608,0,20134,0,4576,2308,4654,0,6144,58784,27,6,25,0,0
0,127578,127578,kworker/0:0,3647,3647,3649,120,1,2,2,333951,196742,147662,84669,0,101620,0,176608,0,20134,0,4576,2308,4654,0,6144,58786,27,6,25,0,0
0,127578,127578,kworker/0:0,3647,3647,3649,120,1,2,2,333951,196742,147662,84669,0,101620,0,176608,0,20134,0,4576,2308,4654,0,6144,58788,27,6,25,0,0
0,127578,127578,kworker/0:0,3647,3647,3649,120,1,2,2,333951,196742,147662,84669,0,101620,0,176608,0,20134,0,4576,2308,4654,0,6144,58791,27,6,25,0,0
0,127578,127578,kworker/0:0,3647,3647,3649,120,1,2,2,333951,196742,147662,84669,0,101620,0,176608,0,20134,0,4576,2308,4654,0,6144,58792,27,6,25,0,0
0,127578,127578,kworker/0:0,3647,3647,3649,120,1,2,2,333951,196742,147662,84669,0,101620,0,176608,0,20134,0,4576,2308,4654,0,6144,58792,27,6,25,0,0
0,127578,127578,kworker/0:0,3647,3647,3649,120,1,2,2,333951,196742,147662,84669,0,101620,0,176608,0,20134,0,4576,2308,4654,0,6144,58792,27,6,25,0,0
0,127578,127578,kworker/0:0,3647,3647,3649,120,1,2,2,333951,196742,147662,84669,0,101620,0,176608,0,20134,0,4576,2308,4654,0,6144,58792,27,6,25,0,0
0,127578,127578,kworker/0:0,3647,3647,3649,120,1,2,2,333951,196742,147662,84669,0,101620,0,176608,0,20134,0,4576,2308,4654,0,6144,58792,27,6,25,0,0
0,127578,127578,kworker/0:0,3647,3647,3649,120,1,2,2,333951,196742,147662,84669,0,101620,0,176608,0,20134,0,4576,2308,4654,0,6144,58792,27,6,25,0,0
0,127578,127578,kworker/0:0,3647,3647,3649,120,1,2,2,333951,196742,147662,84669,0,101620,0,176608,0,20134,0,4576,2308,4654,0,6144,58794,27,6,25,0,0
0,127578,127578,kworker/0:0,3647,3647,3649,120,1,2,2,333951,196742,147662,84669,0,101620,0,176608,0,20134,0,4576,2308,4654,0,6144,58796,27,6,25,0,0
0,127578,127578,kworker/0:0,3647,3647,3649,120,1,2,2,333951,196742,147662,84669,0,101620,0,176608,0,20134,0,4576,2308,4654,0,6144,58798,27,6,25,0,0
0,127578,127578,kworker/0:0,3647,3647,3649,120,1,2,2,333951,196742,147662,84669,0,101620,0,176608,0,20134,0,4576,2308,4654,0,6144,58801,27,6,25,0,0
0,127578,127578,kworker/0:0,3647,3647,3649,120,1,2,2,333951,196742,147662,84669,0,101620,0,176608,0,20134,0,4576,2308,4654,0,6144,58803,27,6,25,0,0
0,127578,127578,kworker/0:0,3647,3647,3649,120,1,2,2,333951,196742,147662,84669,0,101620,0,176608,0,20134,0,4576,2308,4654,0,6144,58804,27,6,25,0,0
0,127578,127578,kworker/0:0,3647,3647,3649,120,1,2,2,333951,196742,147662,84669,0,101620,0,176608,0,20134,0,4576,2308,4654,0,6144,58807,27,6,25,0,0
0,127578,127578,kworker/0:0,3647,3647,3649,120,1,2,2,333951,196742,147662,84669,0,101620,0,176608,0,20134,0,4576,2308,4654,0,6144,58807,27,6,25,0,0
0,127578,127578,kworker/0:0,3647,3647,3649,120,1,2,2,333951,196742,147662,84669,0,101620,0,176608,0,20134,0,4576,2308,4654,0,6144,58807,27,6,25,0,0
0,127578,127578,kworker/0:0,3647,3647,3649,120,1,2,2,333951,196742,147662,84669,0,101620,0,176608,0,20134,0,4576,2308,4654,0,6144,58807,27,6,25,0,0
0,127578,127578,kworker/0:0,3647,3647,3649,120,1,2,2,333951,196742,147662,84669,0,101620,0,176608,0,20134,0,4576,2308,4654,0,6144,58807,27,6,25,0,0
0,127578,127578,kworker/0:0,3647,3647,3649,120,1,2,2,333951,196742,147662,84669,0,101620,0,176608,0,20134,0,4576,2308,4654,0,6144,58810,27,6,25,0,0
0,127716,127716,watch,3647,3647,3649,120,1,2,2,333470,196742,147117,84669,0,101684,0,176608,0,20134,0,4576,2308,4654,0,6144,59249,27,6,25,64,0
0,45,45,kswapd0,3646,3646,3649,120,1189,3,3,330019,196686,909,242577,84668,1865,6606,6205,170463,13412,1,9152,4111,9297,0,0,0,2,0,0,48396,10
0,45,45,kswapd0,0,0,3,120,0,3,3,0,0,0,0,0,0,0,0,0,0,0,0,0,0,0,0,0,0,0,0,0,0
0,45,45,kswapd0,0,0,3,120,0,3,3,0,0,0,0,0,0,0,0,0,0,0,0,0,0,0,0,0,0,0,0,0,0
0,45,45,kswapd0,6,7,9,120,0,3,2,0,0,0,0,0,0,0,0,0,0,0,0,0,1,0,0,0,22,0,0,0,0
0,45,45,kswapd0,40,40,42,120,0,2,2,2,0,2,0,0,0,0,0,0,0,0,0,3,0,0,0,0,0,0,0,0,0
0,45,45,kswapd0,0,0,3,120,0,3,3,0,0,0,0,0,0,0,0,0,0,0,0,0,0,0,0,0,0,0,0,0,0
0,45,45,kswapd0,0,0,3,120,0,3,3,0,0,0,0,0,0,0,0,0,0,0,0,0,0,0,0,0,0,0,0,0,0
0,45,45,kswapd0,0,0,3,120,0,3,3,0,0,0,0,0,0,0,0,0,0,0,0,0,0,0,0,0,0,0,0,0,0
0,45,45,kswapd0,249,249,252,120,0,3,3,7,0,1,6,0,0,0,0,0,0,1,0,11,5,0,0,6,0,0,0,0,0
0,45,45,kswapd0,144,144,147,120,0,3,3,23,25,0,23,0,0,6,19,0,0,0,4,2,8,0,0,5,0,0,0,0,0
0,45,45,kswapd0,0,0,3,120,0,3,3,0,0,0,0,0,0,0,0,0,0,0,0,0,0,0,0,0,0,0,0,0,0
0,45,45,kswapd0,0,0,3,120,0,3,3,0,0,0,0,0,0,0,0,0,0,0,0,0,0,0,0,0,0,0,0,0,0
0,45,45,kswapd0,3978,3978,3980,120,0,2,2,88,262,30,48,0,10,0,81,0,181,0,0,9,86,0,0,2,15,0,0,0,0
0,45,45,kswapd0,7,7,9,120,0,2,2,0,1,0,0,0,0,1,0,0,0,0,0,7,6,0,0,1,0,0,0,0,0
0,45,45,kswapd0,0,0,3,120,0,3,3,0,0,0,0,0,0,0,0,0,0,0,0,0,0,0,0,0,0,0,0,0,0
0,45,45,kswapd0,4013,4013,4016,120,1,3,3,52,87,0,46,6,0,6,39,42,0,0,0,0,4,0,1,0,9,0,0,0,6
0,45,45,kswapd0,5239,5239,5241,120,0,2,2,30,22,0,30,0,0,21,1,0,0,0,0,1,0,0,0,0,0,0,0,0,0
0,45,45,kswapd0,0,0,3,120,0,3,3,0,0,0,0,0,0,0,0,0,0,0,0,0,0,0,0,0,0,0,0,0,0
0,45,45,kswapd0,10,10,12,120,0,2,2,1,0,1,0,0,0,0,0,0,0,0,0,0,1,0,0,59,0,0,0,0,0
0,45,45,kswapd0,1510,1510,1513,120,1,3,3,40,72,2,36,2,0,0,57,14,1,1,0,11,98,0,5,0,214,0,0,1,0
0,45,45,kswapd0,0,0,3,120,0,3,3,0,0,0,0,0,0,0,0,0,0,0,0,0,0,0,0,0,0,0,0,0,0
0,45,45,kswapd0,0,0,3,120,0,3,3,0,0,0,0,0,0,0,0,0,0,0,0,0,0,0,0,0,0,0,0,0,0
0,45,45,kswapd0,159,159,161,120,1,2,2,2,142,2,0,0,0,127,15,0,0,0,0,2,30,0,0,20,0,0,0,0,36
0,45,45,kswapd0,0,0,3,120,0,3,3,0,0,0,0,0,0,0,0,0,0,0,0,0,0,0,0,0,0,0,0,0,0
0,45,45,kswapd0,249,249,252,120,0,3,3,7,0,1,6,0,0,0,0,0,0,1,0,11,5,0,0,6,0,0,0,0,0
0,45,45,kswapd0,144,144,147,120,0,3,3,23,25,0,23,0,0,6,19,0,0,0,4,2,8,0,0,5,0,0,0,0,0
0,45,45,kswapd0,5270,5270,5273,120,1,3,3,135,470,27,33,42,33,106,284,72,8,0,13,3,201,0,0,1,0,1,0,0,31
0,45,45,kswapd0,1109,1109,1111,120,1,2,2,52,28,52,0,0,0,28,0,0,0,0,0,3,50,0,0,9,0,0,0,0,3
0,45,45,kswapd0,0,0,3,120,0,3,3,0,0,0,0,0,0,0,0,0,0,0,0,0,0,0,0,0,0,0,0,0,0
0,45,45,kswapd0,6,7,9,120,0,3,2,0,0,0,0,0,0,0,0,0,0,0,0,0,1,0,0,0,22,0,0,0,0
0,45,45,kswapd0,40,40,42,120,0,2,2,2,0,2,0,0,0,0,0,0,0,0,0,3,0,0,0,0,0,0,0,0,0
0,45,45,kswapd0,0,0,3,120,0,3,3,0,0,0,0,0,0,0,0,0,0,0,0,0,0,0,0,0,0,0,0,0,0
0,45,45,kswapd0,7,7,9,120,0,2,2,0,1,0,0,0,0,1,0,0,0,0,0,7,6,0,0,1,0,0,0,0,0
0,45,45,kswapd0,0,0,3,120,0,3,3,0,0,0,0,0,0,0,0,0,0,0,0,0,0,0,0,0,0,0,0,0,0
0,45,45,kswapd0,148,148,151,120,2,3,3,60,237,0,60,0,0,16,221,0,0,0,0,0,4,0,0,0,0,0,0,0,23
0,45,45,kswapd0,0,0,3,120,0,3,3,0,0,0,0,0,0,0,0,0,0,0,0,0,0,0,0,0,0,0,0,0,0
0,45,45,kswapd0,1144,1144,1147,120,0,3,3,6,22,6,0,0,0,1,21,0,0,0,0,33,42,0,0,11,0,0,0,0,0
0,45,45,kswapd0,5,5,7,120,0,2,2,0,0,0,0,0,0,0,0,0,0,0,0,27,0,0,0,2,0,0,0,0,0
0,45,45,kswapd0,0,0,3,120,0,3,3,0,0,0,0,0,0,0,0,0,0,0,0,0,0,0,0,0,0,0,0,0,0
0,45,45,kswapd0,0,0,3,120,0,3,3,0,0,0,0,0,0,0,0,0,0,0,0,0,0,0,0,0,0,0,0,0,0
0,45,45,kswapd0,14,14,17,120,0,3,3,1,0,0,0,1,0,0,0,0,0,0,0,96,0,0,0,3,0,0,0,0,0
0,45,45,kswapd0,3647,3647,3650,120,107,3,3,310745,196742,123913,84667,102165,0,0,175115,21627,0,0,4576,2308,4654,0,6144,61137,27,6,25,1,0
0,45,45,kswapd0,0,0,3,120,0,3,3,0,0,0,0,0,0,0,0,0,0,0,0,0,0,0,0,0,0,0,0,0,0
0,45,45,kswapd0,123,123,126,120,0,3,3,49,0,11,25,13,0,0,0,0,0,0,0,2,0,0,0,0,0,0,0,0,0
0,45,45,kswapd0,0,0,3,120,0,3,3,0,0,0,0,0,0,0,0,0,0,0,0,0,0,0,0,0,0,0,0,0,0
0,45,45,kswapd0,0,0,3,120,0,3,3,0,0,0,0,0,0,0,0,0,0,0,0,0,0,0,0,0,0,0,0,0,0
0,45,45,kswapd0,0,0,3,120,0,3,3,0,0,0,0,0,0,0,0,0,0,0,0,0,0,0,0,0,0,0,0,0,0
0,45,45,kswapd0,5239,5239,5241,120,0,2,2,30,22,0,30,0,0,21,1,0,0,0,0,1,0,0,0,0,0,0,0,0,0
0,45,45,kswapd0,123,123,126,120,0,3,3,49,0,11,25,13,0,0,0,0,0,0,0,2,0,0,0,0,0,0,0,0,0
0,45,45,kswapd0,5270,5270,5273,120,1,3,3,135,439,27,33,42,33,0,352,72,15,0,13,3,201,0,67,1,31,1,0,22,0
0,45,45,kswapd0,1109,1109,1111,120,1,2,2,52,25,52,0,0,0,0,25,0,0,0,0,3,50,0,25,9,3,0,0,50,0
0,45,45,kswapd0,0,0,3,120,0,3,3,0,0,0,0,0,0,0,0,0,0,0,0,0,0,0,0,0,0,0,0,0,0
0,45,45,kswapd0,149,149,151,120,1,2,2,60,214,60,0,0,0,169,1,0,44,0,0,0,10,0,1,0,23,0,0,0,64
0,45,45,kswapd0,3647,3647,3650,120,206,3,3,283244,196742,93054,84667,102165,3358,0,175115,21627,0,0,4576,2308,4654,0,6144,61138,27,6,25,0,0
0,45,45,kswapd0,0,0,3,120,0,3,3,0,0,0,0,0,0,0,0,0,0,0,0,0,0,0,0,0,0,0,0,0,0
0,45,45,kswapd0,0,0,3,120,0,3,3,0,0,0,0,0,0,0,0,0,0,0,0,0,0,0,0,0,0,0,0,0,0
0,45,45,kswapd0,5,5,7,120,0,2,2,0,0,0,0,0,0,0,0,0,0,0,0,27,0,0,0,2,0,0,0,0,0
0,45,45,kswapd0,0,0,3,120,0,3,3,0,0,0,0,0,0,0,0,0,0,0,0,0,0,0,0,0,0,0,0,0,0
0,45,45,kswapd0,10,10,12,120,0,2,2,1,0,1,0,0,0,0,0,0,0,0,0,0,1,0,0,59,0,0,0,0,0
0,45,45,kswapd0,0,0,3,120,0,3,3,0,0,0,0,0,0,0,0,0,0,0,0,0,0,0,0,0,0,0,0,0,0
0,45,45,kswapd0,1144,1144,1147,120,0,3,3,6,22,6,0,0,0,1,21,0,0,0,0,33,42,0,0,11,0,0,0,0,0
0,45,45,kswapd0,14,14,17,120,0,3,3,1,0,0,0,1,0,0,0,0,0,0,0,96,0,0,0,3,0,0,0,0,0
0,45,45,kswapd0,4013,4013,4016,120,2,3,3,52,82,0,46,6,0,0,40,42,0,0,0,0,4,0,1,0,15,0,0,0,9
0,45,45,kswapd0,0,0,3,120,0,3,3,0,0,0,0,0,0,0,0,0,0,0,0,0,0,0,0,0,0,0,0,0,0
0,45,45,kswapd0,0,0,3,120,0,3,3,0,0,0,0,0,0,0,0,0,0,0,0,0,0,0,0,0,0,0,0,0,0
0,45,45,kswapd0,0,0,3,120,0,3,3,0,0,0,0,0,0,0,0,0,0,0,0,0,0,0,0,0,0,0,0,0,0
0,45,45,kswapd0,1110,1110,1111,120,0,1,1,2,25,2,0,0,0,25,0,0,0,0,0,6,39,0,0,50,0,0,0,0,0
0,45,45,kswapd0,1511,1511,1513,120,1,2,2,39,72,36,3,0,0,57,14,0,1,0,0,5,158,0,0,1,0,0,0,0,48
0,45,45,kswapd0,159,159,161,120,1,2,2,2,106,2,0,0,0,63,15,0,28,0,0,2,30,0,0,20,36,0,0,0,57
0,45,45,kswapd0,1511,1511,1513,120,1,2,2,39,24,37,2,0,0,0,23,0,1,0,0,5,158,0,9,1,48,0,0,35,0
0,45,45,kswapd0,159,159,161,120,0,2,2,2,49,2,0,0,0,0,15,0,34,0,0,2,30,0,0,20,93,0,0,0,0
0,45,45,kswapd0,5271,5271,5273,120,1,2,2,113,439,33,42,0,38,352,72,0,15,0,6,2,148,0,0,22,0,0,0,0,59
0,45,45,kswapd0,149,149,151,120,1,2,2,60,150,60,0,0,0,105,1,0,44,0,0,0,10,0,1,0,87,0,0,0,49
0,45,45,kswapd0,3647,3647,3650,120,322,3,3,235841,196742,35891,84667,102165,13118,0,175115,21627,0,0,4576,2308,4654,0,6144,61138,27,6,25,36,0
0,45,45,kswapd0,4014,4014,4016,120,1,2,2,52,73,46,6,0,0,0,73,0,0,0,0,0,10,0,16,0,9,0,0,0,0
0,45,45,kswapd0,1512,1512,1513,120,0,1,1,4,24,3,0,0,1,23,0,0,1,0,0,3,107,0,0,35,0,0,0,0,0
0,45,45,kswapd0,5271,5271,5273,120,1,2,2,118,407,24,42,0,52,204,82,0,121,0,6,2,148,0,74,22,59,4,0,0,35
0,45,45,kswapd0,149,149,151,120,1,2,2,60,101,60,0,0,0,41,1,0,59,0,0,0,10,0,1,0,136,0,0,0,28
0,45,45,kswapd0,3648,3648,3650,120,0,2,2,257230,196746,0,17,0,257213,175115,20250,0,1381,3,2300,31725,5412,0,0,32,0,0,0,0,0
0,45,45,kswapd0,4015,4015,4016,120,0,1,1,52,73,0,0,0,52,66,0,0,7,0,0,0,17,0,0,0,0,0,0,0,0
0,45,45,kswapd0,5271,5271,5273,120,0,2,2,118,372,24,42,0,52,0,249,0,123,0,6,2,148,0,240,22,94,4,0,0,0
0,45,45,kswapd0,149,149,151,120,0,2,2,60,73,60,0,0,0,0,1,0,72,0,0,0,10,0,1,0,164,0,0,0,0
0,45,45,kswapd0,0,0,3,120,0,3,3,0,0,0,0,0,0,0,0,0,0,0,0,0,0,0,0,0,0,0,0,0,0
0,45,45,kswapd0,1110,1110,1112,120,1,2,2,2,25,2,0,0,0,25,0,0,0,0,0,6,39,0,0,50,0,0,0,2,0
0,45,45,kswapd0,0,0,3,120,0,3,3,0,0,0,0,0,0,0,0,0,0,0,0,0,0,0,0,0,0,0,0,0,0
0,45,45,kswapd0,3978,3978,3981,120,1,3,3,1565,1827,8,13,66,1478,0,81,181,1565,0,0,9,86,0,0,2,15,2,0,0,0
0,45,45,kswapd0,144,144,147,120,1,3,3,23,25,0,22,0,1,6,19,0,0,0,4,2,8,0,0,5,0,0,0,0,0
0,45,45,kswapd0,7,7,9,120,0,2,2,0,1,0,0,0,0,0,1,0,0,0,0,7,6,0,0,1,0,0,0,0,0
0,45,45,kswapd0,0,0,3,120,0,3,3,0,0,0,0,0,0,0,0,0,0,0,0,0,0,0,0,0,0,0,0,0,0
0,45,45,kswapd0,0,0,3,120,0,3,3,0,0,0,0,0,0,0,0,0,0,0,0,0,0,0,0,0,0,0,0,0,0
0,45,45,kswapd0,10,10,12,120,0,2,2,1,0,1,0,0,0,0,0,0,0,0,0,0,1,0,0,59,0,0,0,0,0
0,45,45,kswapd0,5271,5271,5274,120,2,3,3,118,372,21,38,59,0,0,240,132,0,0,6,2,148,0,240,22,94,4,0,1,47
0,45,45,kswapd0,0,0,3,120,0,3,3,0,0,0,0,0,0,0,0,0,0,0,0,0,0,0,0,0,0,0,0,0,0
0,45,45,kswapd0,40,40,42,120,0,2,2,4,0,2,0,0,2,0,0,0,0,0,0,3,0,0,0,0,0,0,0,0,0
0,45,45,kswapd0,5239,5239,5241,120,1,2,2,33,26,0,30,0,3,25,1,0,0,0,0,1,0,0,0,0,0,0,0,0,12
0,45,45,kswapd0,0,0,3,120,0,3,3,0,0,0,0,0,0,0,0,0,0,0,0,0,0,0,0,0,0,0,0,0,0
0,45,45,kswapd0,5,5,7,120,0,2,2,0,0,0,0,0,0,0,0,0,0,0,0,27,0,0,0,2,0,0,0,0,0
0,45,45,kswapd0,14,14,17,120,0,3,3,5,0,0,0,1,4,0,0,0,0,0,0,96,0,0,0,3,0,0,0,0,0
0,45,45,kswapd0,159,159,162,120,1,3,3,4,49,1,1,0,2,0,15,9,25,0,0,2,30,0,0,20,93,0,0,1,0
0,45,45,kswapd0,10,10,12,120,0,2,2,1,0,1,0,0,0,0,0,0,0,0,0,0,1,0,0,59,0,0,0,0,0
0,45,45,kswapd0,0,0,3,120,0,3,3,0,0,0,0,0,0,0,0,0,0,0,0,0,0,0,0,0,0,0,0,0,0
0,45,45,kswapd0,0,0,3,120,0,3,3,0,0,0,0,0,0,0,0,0,0,0,0,0,0,0,0,0,0,0,0,0,0
0,45,45,kswapd0,0,0,3,120,0,3,3,0,0,0,0,0,0,0,0,0,0,0,0,0,0,0,0,0,0,0,0,0,0
0,45,45,kswapd0,5,5,7,120,0,2,2,0,0,0,0,0,0,0,0,0,0,0,0,27,0,0,0,2,0,0,0,0,0
0,45,45,kswapd0,0,0,3,120,0,3,3,0,0,0,0,0,0,0,0,0,0,0,0,0,0,0,0,0,0,0,0,0,0
0,45,45,kswapd0,1144,1144,1147,120,1,3,3,6,22,6,0,0,0,1,21,0,0,0,0,33,42,0,0,11,0,0,0,1,0
0,45,45,kswapd0,6,7,9,120,0,3,2,0,0,0,0,0,0,0,0,0,0,0,0,0,1,0,0,0,22,0,0,0,0
0,45,45,kswapd0,0,0,3,120,0,3,3,0,0,0,0,0,0,0,0,0,0,0,0,0,0,0,0,0,0,0,0,0,0
0,45,45,kswapd0,149,149,152,120,1,3,3,60,73,60,0,0,0,0,1,72,0,0,0,0,10,0,1,0,164,0,0,47,0
0,45,45,kswapd0,0,0,3,120,0,3,3,0,0,0,0,0,0,0,0,0,0,0,0,0,0,0,0,0,0,0,0,0,0
0,45,45,kswapd0,6,7,9,120,0,3,2,0,0,0,0,0,0,0,0,0,0,0,0,0,1,0,0,0,22,0,0,0,0
0,45,45,kswapd0,0,0,3,120,0,3,3,0,0,0,0,0,0,0,0,0,0,0,0,0,0,0,0,0,0,0,0,0,0
0,45,45,kswapd0,249,249,252,120,2,3,3,22,111,1,6,0,15,0,96,0,15,1,0,11,5,0,0,6,0,3,0,0,50
0,45,45,kswapd0,0,0,3,120,0,3,3,0,0,0,0,0,0,0,0,0,0,0,0,0,0,0,0,0,0,0,0,0,0
0,45,45,kswapd0,0,0,3,120,0,3,3,0,0,0,0,0,0,0,0,0,0,0,0,0,0,0,0,0,0,0,0,0,0
0,45,45,kswapd0,1512,1512,1514,120,1,2,2,4,24,3,1,0,0,23,1,0,0,0,0,3,107,0,0,35,0,0,0,0,3
0,45,45,kswapd0,4015,4015,4017,120,1,2,2,52,74,0,52,0,0,57,17,0,0,0,0,0,17,0,0,0,0,0,0,0,13
0,45,45,kswapd0,0,0,3,120,0,3,3,0,0,0,0,0,0,0,0,0,0,0,0,0,0,0,0,0,0,0,0,0,0
0,45,45,kswapd0,123,123,126,120,1,3,3,49,0,11,14,24,0,0,0,0,0,0,0,2,0,0,0,0,0,0,0,0,0
0,45,45,kswapd0,0,0,3,120,0,3,3,0,0,0,0,0,0,0,0,0,0,0,0,0,0,0,0,0,0,0,0,0,0
0,45,45,kswapd0,0,0,3,120,0,3,3,0,0,0,0,0,0,0,0,0,0,0,0,0,0,0,0,0,0,0,0,0,0
0,45,45,kswapd0,0,0,3,120,0,3,3,0,0,0,0,0,0,0,0,0,0,0,0,0,0,0,0,0,0,0,0,0,0
0,45,45,kswapd0,0,0,3,120,0,3,3,0,0,0,0,0,0,0,0,0,0,0,0,0,0,0,0,0,0,0,0,0,0
0,45,45,kswapd0,3648,3648,3651,120,283,3,3,259485,196746,0,15,258794,676,175115,128,21503,0,3,2300,31725,5412,0,0,32,0,0,0,0,41
0,45,45,kswapd0,0,0,3,120,0,3,3,0,0,0,0,0,0,0,0,0,0,0,0,0,0,0,0,0,0,0,0,0,0
0,45,45,kswapd0,0,0,3,120,0,3,3,0,0,0,0,0,0,0,0,0,0,0,0,0,0,0,0,0,0,0,0,0,0
0,45,45,kswapd0,0,0,3,120,0,3,3,0,0,0,0,0,0,0,0,0,0,0,0,0,0,0,0,0,0,0,0,0,0
0,45,45,kswapd0,1145,1145,1147,120,1,2,2,5,22,0,0,0,5,22,0,0,0,0,0,22,21,0,0,1,0,0,0,0,0
0,45,45,kswapd0,0,0,3,120,0,3,3,0,0,0,0,0,0,0,0,0,0,0,0,0,0,0,0,0,0,0,0,0,0
0,45,45,kswapd0,150,150,152,120,0,2,2,13,73,0,4,0,9,1,72,0,0,0,0,0,87,0,0,47,0,0,0,0,0
0,45,45,kswapd0,0,0,3,120,0,3,3,0,0,0,0,0,0,0,0,0,0,0,0,0,0,0,0,0,0,0,0,0,0
0,45,45,kswapd0,250,250,252,120,0,2,2,22,61,6,0,0,16,30,2,0,29,2,0,8,2,0,2,0,50,0,0,0,0
0,45,45,kswapd0,1512,1512,1514,120,0,2,2,4,21,3,1,0,0,0,17,0,4,0,0,3,107,0,19,35,3,0,0,0,0
0,45,45,kswapd0,4016,4016,4017,120,0,1,1,52,61,52,0,0,0,19,0,0,42,0,0,0,11,0,0,0,13,0,0,0,0
0,45,45,kswapd0,0,0,3,120,0,3,3,0,0,0,0,0,0,0,0,0,0,0,0,0,0,0,0,0,0,0,0,0,0
0,45,45,kswapd0,124,124,126,120,1,2,2,49,0,14,24,0,11,0,0,0,0,0,0,0,0,0,0,0,0,0,0,0,0
0,45,45,kswapd0,3648,3648,3651,120,820,3,3,266231,196705,0,15,258794,7422,148484,101,21503,26617,3,2300,31725,5412,0,4,32,41,0,0,0,0
0,45,45,kswapd0,1111,1111,1112,120,0,1,1,0,25,0,0,0,0,25,0,0,0,0,0,28,31,0,0,2,0,0,0,0,0
0,45,45,kswapd0,0,0,3,120,0,3,3,0,0,0,0,0,0,0,0,0,0,0,0,0,0,0,0,0,0,0,0,0,0
0,45,45,kswapd0,0,0,3,120,0,3,3,0,0,0,0,0,0,0,0,0,0,0,0,0,0,0,0,0,0,0,0,0,0
0,45,45,kswapd0,0,0,3,120,0,3,3,0,0,0,0,0,0,0,0,0,0,0,0,0,0,0,0,0,0,0,0,0,0
0,45,45,kswapd0,145,145,147,120,1,2,2,23,25,22,0,0,1,13,0,0,12,0,2,3,4,0,0,0,0,0,0,0,13
0,45,45,kswapd0,5272,5272,5274,120,1,2,2,118,366,33,28,0,57,146,146,0,74,2,2,11,241,0,24,1,47,1,37,0,17
0,45,45,kswapd0,40,40,42,120,0,2,2,4,0,2,0,0,2,0,0,0,0,0,0,3,0,0,0,0,0,0,0,0,0
0,45,45,kswapd0,14,14,17,120,0,3,3,5,0,0,0,1,4,0,0,0,0,0,0,96,0,0,0,3,0,0,0,0,0
0,45,45,kswapd0,5239,5239,5241,120,0,2,2,33,14,0,30,0,3,0,4,0,10,0,0,1,0,0,0,0,12,0,0,0,0
0,45,45,kswapd0,0,0,3,120,0,3,3,0,0,0,0,0,0,0,0,0,0,0,0,0,0,0,0,0,0,0,0,0,0
0,45,45,kswapd0,125,125,126,120,0,1,1,49,0,24,0,0,25,0,0,0,0,0,0,0,0,0,0,0,0,0,0,0,0
0,45,45,kswapd0,3648,3648,3651,120,1220,3,3,280712,196705,0,15,258794,21903,88838,99,21503,86265,3,2300,31725,5412,0,4,32,41,0,0,0,0
0,45,45,kswapd0,145,145,147,120,1,2,2,23,12,22,0,0,1,0,0,0,12,0,2,3,4,0,0,0,13,0,0,15,0
0,45,45,kswapd0,5272,5272,5274,120,0,2,2,141,360,33,29,0,79,74,139,0,147,2,2,11,241,0,24,1,64,1,48,0,0
0,45,45,kswapd0,1146,1146,1147,120,0,1,1,5,22,0,0,0,5,22,0,0,0,0,0,11,21,0,0,0,0,0,0,0,0
0,45,45,kswapd0,146,146,147,120,0,1,1,8,12,2,0,0,6,0,0,0,12,0,1,1,8,0,0,15,0,0,0,0,0
0,45,45,kswapd0,160,160,163,120,0,3,3,3,49,1,0,2,0,15,9,25,0,0,0,11,61,0,0,1,0,0,0,0,0
0,45,45,kswapd0,0,0,3,120,0,3,3,0,0,0,0,0,0,0,0,0,0,0,0,0,0,0,0,0,0,0,0,0,0
0,45,45,kswapd0,0,0,3,120,0,3,3,0,0,0,0,0,0,0,0,0,0,0,0,0,0,0,0,0,0,0,0,0,0
0,45,45,kswapd0,0,0,3,120,0,3,3,0,0,0,0,0,0,0,0,0,0,0,0,0,0,0,0,0,0,0,0,0,0
0,45,45,kswapd0,14,14,17,120,0,3,3,5,0,0,0,1,4,0,0,0,0,0,0,96,0,0,0,3,0,0,0,0,0
0,45,45,kswapd0,3649,3649,3652,120,3,3,3,316499,196705,15,258792,57568,124,98,4,196603,0,1,1150,15878,2729,0,0,0,0,0,0,0,5
0,45,45,kswapd0,5272,5272,5275,120,1,3,3,142,360,31,16,94,1,49,101,210,0,2,2,11,241,0,24,1,64,1,48,0,27
0,45,45,kswapd0,1146,1146,1148,120,0,2,2,5,22,0,5,0,0,22,0,0,0,0,0,11,21,0,0,0,0,0,0,0,0
0,45,45,kswapd0,250,250,253,120,1,3,3,22,61,0,0,22,0,30,2,29,0,2,0,8,2,0,2,0,50,0,0,0,18
0,45,45,kswapd0,0,0,3,120,0,3,3,0,0,0,0,0,0,0,0,0,0,0,0,0,0,0,0,0,0,0,0,0,0
0,45,45,kswapd0,0,0,3,120,0,3,3,0,0,0,0,0,0,0,0,0,0,0,0,0,0,0,0,0,0,0,0,0,0
0,45,45,kswapd0,40,40,42,120,0,2,2,4,0,2,0,0,2,0,0,0,0,0,0,3,0,0,0,0,0,0,0,0,0
0,45,45,kswapd0,0,0,3,120,0,3,3,0,0,0,0,0,0,0,0,0,0,0,0,0,0,0,0,0,0,0,0,0,0
0,45,45,kswapd0,0,0,3,120,0,3,3,0,0,0,0,0,0,0,0,0,0,0,0,0,0,0,0,0,0,0,0,0,0
0,45,45,kswapd0,6,7,9,120,0,3,2,0,0,0,0,0,0,0,0,0,0,0,0,0,1,0,0,0,22,0,0,0,0
0,45,45,kswapd0,0,0,3,120,0,3,3,0,0,0,0,0,0,0,0,0,0,0,0,0,0,0,0,0,0,0,0,0,0
0,45,45,kswapd0,1111,1111,1113,120,0,2,2,0,25,0,0,0,0,25,0,0,0,0,0,28,31,0,0,2,0,0,0,0,0
0,45,45,kswapd0,0,0,3,120,0,3,3,0,0,0,0,0,0,0,0,0,0,0,0,0,0,0,0,0,0,0,0,0,0
0,45,45,kswapd0,160,160,163,120,0,3,3,3,49,1,0,2,0,15,9,25,0,0,0,11,61,0,0,1,0,0,0,0,0
0,45,45,kswapd0,0,0,3,120,0,3,3,0,0,0,0,0,0,0,0,0,0,0,0,0,0,0,0,0,0,0,0,0,0
0,45,45,kswapd0,3979,3979,3982,120,1,3,3,1565,1827,6,55,1504,0,81,181,1565,0,1,0,5,50,0,0,0,0,0,0,0,0
0,45,45,kswapd0,10,10,12,120,0,2,2,1,0,1,0,0,0,0,0,0,0,0,0,0,1,0,0,59,0,0,0,0,0
0,45,45,kswapd0,5239,5239,5242,120,0,3,3,33,14,0,30,3,0,0,4,10,0,0,0,1,0,0,0,0,12,0,0,0,0
0,45,45,kswapd0,40,40,42,120,0,2,2,4,0,2,0,0,2,0,0,0,0,0,0,3,0,0,0,0,0,0,0,0,0
0,45,45,kswapd0,7,7,10,120,0,3,3,0,1,0,0,0,0,0,1,0,0,0,0,7,6,0,0,1,0,0,0,0,0
0,45,45,kswapd0,0,0,3,120,0,3,3,0,0,0,0,0,0,0,0,0,0,0,0,0,0,0,0,0,0,0,0,0,0
0,45,45,kswapd0,0,0,3,120,0,3,3,0,0,0,0,0,0,0,0,0,0,0,0,0,0,0,0,0,0,0,0,0,0
0,45,45,kswapd0,0,0,3,120,0,3,3,0,0,0,0,0,0,0,0,0,0,0,0,0,0,0,0,0,0,0,0,0,0
0,45,45,kswapd0,0,0,3,120,0,3,3,0,0,0,0,0,0,0,0,0,0,0,0,0,0,0,0,0,0,0,0,0,0
0,45,45,kswapd0,5239,5239,5242,120,0,3,3,33,14,0,30,3,0,0,4,10,0,0,0,1,0,0,0,0,12,0,0,0,0
0,45,45,kswapd0,0,0,3,120,0,3,3,0,0,0,0,0,0,0,0,0,0,0,0,0,0,0,0,0,0,0,0,0,0
0,45,45,kswapd0,4016,4016,4018,120,1,2,2,52,62,46,6,0,0,20,42,0,0,0,0,0,11,0,0,0,13,0,0,0,0
0,45,45,kswapd0,0,0,3,120,0,3,3,0,0,0,0,0,0,0,0,0,0,0,0,0,0,0,0,0,0,0,0,0,0
0,45,45,kswapd0,0,0,3,120,0,3,3,0,0,0,0,0,0,0,0,0,0,0,0,0,0,0,0,0,0,0,0,0,0
0,45,45,kswapd0,6,7,9,120,0,3,2,0,0,0,0,0,0,0,0,0,0,0,0,0,1,0,0,0,22,0,0,0,0
0,45,45,kswapd0,0,0,3,120,0,3,3,0,0,0,0,0,0,0,0,0,0,0,0,0,0,0,0,0,0,0,0,0,0
0,45,45,kswapd0,150,150,153,120,1,3,3,13,73,4,0,9,0,1,72,0,0,0,0,0,87,0,0,47,0,0,0,4,0
0,45,45,kswapd0,146,146,148,120,0,2,2,8,12,2,6,0,0,0,12,0,0,0,1,1,8,0,0,15,0,0,0,0,0
0,45,45,kswapd0,14,14,17,120,0,3,3,5,0,0,0,1,4,0,0,0,0,0,0,96,0,0,0,3,0,0,0,0,0
0,45,45,kswapd0,1146,1146,1148,120,0,2,2,5,22,0,5,0,0,22,0,0,0,0,0,11,21,0,0,0,0,0,0,0,0
0,45,45,kswapd0,10,10,12,120,0,2,2,1,0,1,0,0,0,0,0,0,0,0,0,0,1,0,0,59,0,0,0,0,0
0,45,45,kswapd0,0,0,3,120,0,3,3,0,0,0,0,0,0,0,0,0,0,0,0,0,0,0,0,0,0,0,0,0,0
0,45,45,kswapd0,5,5,7,120,0,2,2,0,0,0,0,0,0,0,0,0,0,0,0,27,0,0,0,2,0,0,0,0,0
0,45,45,kswapd0,0,0,3,120,0,3,3,0,0,0,0,0,0,0,0,0,0,0,0,0,0,0,0,0,0,0,0,0,0
0,45,45,kswapd0,0,0,3,120,0,3,3,0,0,0,0,0,0,0,0,0,0,0,0,0,0,0,0,0,0,0,0,0,0
0,45,45,kswapd0,1512,1512,1515,120,0,3,3,4,21,3,1,0,0,0,17,4,0,0,0,3,107,0,19,35,3,0,0,0,0
0,45,45,kswapd0,125,125,127,120,0,2,2,49,0,24,25,0,0,0,0,0,0,0,0,0,0,0,0,0,0,0,0,0,0
0,45,45,kswapd0,0,0,3,120,0,3,3,0,0,0,0,0,0,0,0,0,0,0,0,0,0,0,0,0,0,0,0,0,0
0,45,45,kswapd0,0,0,3,120,0,3,3,0,0,0,0,0,0,0,0,0,0,0,0,0,0,0,0,0,0,0,0,0,0
0,45,45,kswapd0,7,7,10,120,0,3,3,0,1,0,0,0,0,0,1,0,0,0,0,7,6,0,0,1,0,0,0,0,0
0,45,45,kswapd0,3979,3979,3982,120,2,3,3,1565,1827,6,55,1504,0,13,129,1368,317,1,0,5,50,0,0,0,0,0,0,0,0
0,45,45,kswapd0,0,0,3,120,0,3,3,0,0,0,0,0,0,0,0,0,0,0,0,0,0,0,0,0,0,0,0,0,0
0,45,45,kswapd0,1512,1512,1515,120,0,3,3,4,21,3,1,0,0,0,17,4,0,0,0,3,107,0,19,35,3,0,0,0,0
0,45,45,kswapd0,125,125,127,120,1,2,2,49,0,24,25,0,0,0,0,0,0,0,0,0,0,0,0,0,0,0,0,0,0
0,45,45,kswapd0,4016,4016,4018,120,1,2,2,52,62,46,6,0,0,0,47,0,15,0,0,0,11,0,1,0,13,0,0,4,0
0,45,45,kswapd0,151,151,153,120,1,2,2,9,73,0,9,0,0,73,0,0,0,0,0,23,43,0,0,4,0,0,0,0,42
0,45,45,kswapd0,5,5,7,120,0,2,2,0,0,0,0,0,0,0,0,0,0,0,0,27,0,0,0,2,0,0,0,0,0
0,45,45,kswapd0,0,0,3,120,0,3,3,0,0,0,0,0,0,0,0,0,0,0,0,0,0,0,0,0,0,0,0,0,0
0,45,45,kswapd0,3649,3649,3652,120,127,3,3,318682,196700,0,258793,57569,2320,86,7,196603,4,1,1150,15878,2729,3,3,0,5,0,0,508,63
0,45,45,kswapd0,5272,5272,5275,120,1,3,3,142,333,31,16,94,1,0,115,167,51,2,2,11,241,0,37,1,91,1,49,0,0
0,45,45,kswapd0,0,0,3,120,0,3,3,0,0,0,0,0,0,0,0,0,0,0,0,0,0,0,0,0,0,0,0,0,0
0,45,45,kswapd0,1111,1111,1113,120,0,2,2,0,25,0,0,0,0,25,0,0,0,0,0,28,31,0,0,2,0,0,0,0,0
0,45,45,kswapd0,0,0,3,120,0,3,3,0,0,0,0,0,0,0,0,0,0,0,0,0,0,0,0,0,0,0,0,0,0
0,45,45,kswapd0,0,0,3,120,0,3,3,0,0,0,0,0,0,0,0,0,0,0,0,0,0,0,0,0,0,0,0,0,0
0,45,45,kswapd0,250,250,253,120,1,3,3,22,43,0,0,22,0,0,2,29,12,2,0,8,2,0,2,0,68,0,0,0,0
0,45,45,kswapd0,0,0,3,120,0,3,3,0,0,0,0,0,0,0,0,0,0,0,0,0,0,0,0,0,0,0,0,0,0
0,45,45,kswapd0,0,0,3,120,0,3,3,0,0,0,0,0,0,0,0,0,0,0,0,0,0,0,0,0,0,0,0,0,0
0,45,45,kswapd0,3650,3650,3652,120,506,2,2,323864,196637,250835,57569,0,15460,22,196603,0,12,0,575,7940,1381,0,0,508,52,0,0,1,0
0,45,45,kswapd0,5273,5273,5275,120,1,2,2,156,334,11,67,0,78,115,167,0,52,1,25,6,183,0,0,0,0,0,0,0,49
0,45,45,kswapd0,126,126,127,120,0,1,1,49,0,25,0,0,24,0,0,0,0,0,0,0,0,0,0,0,0,0,0,0,0
0,45,45,kswapd0,4017,4017,4018,120,0,1,1,50,63,8,0,0,42,48,0,0,15,0,0,0,12,0,0,4,0,2,0,0,0
0,45,45,kswapd0,152,152,153,120,0,1,1,9,31,9,0,0,0,18,0,0,13,0,0,13,29,0,0,0,42,0,0,0,0
0,127608,127725,file_anon_mix_p,3650,3650,3652,120,2,2,2,329202,196637,190113,57542,0,81547,22,196603,0,12,0,575,7940,1381,0,0,509,52,0,0,0,0
0,127608,127725,file_anon_mix_p,5273,5273,5275,120,0,2,2,156,285,11,67,0,78,6,160,0,119,1,25,6,183,0,44,0,49,0,0,0,0
0,127608,127725,file_anon_mix_p,3650,3650,3652,120,4,2,2,329266,196637,189665,57542,0,82059,22,196603,0,12,0,575,7940,1381,0,0,509,52,0,0,0,0
0,127608,127725,file_anon_mix_p,5273,5273,5275,120,0,2,2,156,285,11,67,0,78,6,160,0,119,1,25,6,183,0,44,0,49,0,0,0,0
0,127608,127725,file_anon_mix_p,3650,3650,3652,120,9,2,2,329202,196637,188065,57542,0,83595,22,196603,0,12,0,575,7940,1381,0,0,509,52,0,0,0,0
0,127608,127725,file_anon_mix_p,3650,3650,3652,120,17,2,2,329266,196637,186465,57542,0,85259,22,196603,0,12,0,575,7940,1381,0,0,509,52,0,0,0,0
0,127608,127725,file_anon_mix_p,3650,3650,3652,120,33,2,2,329202,196637,183201,57542,0,88459,22,196603,0,12,0,575,7940,1381,0,0,509,52,0,0,0,0
0,127608,127725,file_anon_mix_p,3650,3650,3652,120,65,2,2,329200,196637,177183,57542,0,94475,22,196603,0,12,0,575,7940,1381,0,0,511,52,0,0,1,0
0,127608,127725,file_anon_mix_p,3650,3650,3652,120,129,2,2,329198,196637,164959,57542,0,106697,22,196603,0,12,0,575,7940,1381,0,0,513,52,0,0,1,0
0,45,45,kswapd0,3650,3650,3652,120,1026,2,2,325131,196637,218145,57542,0,49444,22,196603,0,12,0,575,7940,1381,0,0,509,52,0,0,3,0
0,127608,127725,file_anon_mix_p,3650,3650,3652,120,48,2,2,329261,196637,140575,57542,0,131144,22,196603,0,12,0,575,7940,1381,0,0,514,52,0,0,0,0
0,127608,127725,file_anon_mix_p,0,0,3,120,0,3,3,0,0,0,0,0,0,0,0,0,0,0,0,0,0,0,0,0,0,0,0,0,0
0,127608,127725,file_anon_mix_p,251,251,254,120,2,3,3,22,43,0,22,0,0,2,29,12,0,1,0,3,35,0,0,0,0,0,0,0,15
0,127608,127725,file_anon_mix_p,0,0,3,120,0,3,3,0,0,0,0,0,0,0,0,0,0,0,0,0,0,0,0,0,0,0,0,0,0
0,127608,127725,file_anon_mix_p,7,7,10,120,0,3,3,0,1,0,0,0,0,0,1,0,0,0,0,7,6,0,0,1,0,0,0,0,0
0,127608,127725,file_anon_mix_p,0,0,3,120,0,3,3,0,0,0,0,0,0,0,0,0,0,0,0,0,0,0,0,0,0,0,0,0,0
0,127608,127725,file_anon_mix_p,40,40,42,120,0,2,2,4,0,2,0,0,2,0,0,0,0,0,0,3,0,0,0,0,0,0,0,0,0
0,127608,127725,file_anon_mix_p,0,0,3,120,0,3,3,0,0,0,0,0,0,0,0,0,0,0,0,0,0,0,0,0,0,0,0,0,0
0,127608,127725,file_anon_mix_p,14,14,17,120,0,3,3,5,0,0,0,1,4,0,0,0,0,0,0,96,0,0,0,3,0,0,0,0,0
0,45,45,kswapd0,3650,3650,3652,120,21,2,2,329197,196637,133343,57542,0,138312,22,196603,0,12,0,575,7940,1381,0,0,514,52,0,0,0,0
0,45,45,kswapd0,1513,1513,1515,120,1,2,2,1,21,1,0,0,0,17,4,0,0,0,0,18,64,0,0,0,0,0,0,0,6
0,45,45,kswapd0,0,0,3,120,0,3,3,0,0,0,0,0,0,0,0,0,0,0,0,0,0,0,0,0,0,0,0,0,0
0,127608,127725,file_anon_mix_p,1512,1512,1515,120,1,3,3,4,21,3,1,0,0,0,17,4,0,0,0,3,107,0,19,35,3,0,0,3,0
0,127608,127725,file_anon_mix_p,1112,1112,1113,120,0,1,1,0,0,0,0,0,0,0,0,0,0,0,0,15,15,0,0,0,0,0,0,0,0
0,45,45,kswapd0,1111,1111,1113,120,1,2,2,0,25,0,0,0,0,25,0,0,0,0,0,28,31,0,0,2,0,0,0,0,0
0,45,45,kswapd0,1513,1513,1515,120,0,2,2,1,15,1,0,0,0,0,1,0,14,0,0,18,64,0,0,3,6,0,0,0,0
0,45,45,kswapd0,4017,4017,4019,120,0,2,2,50,22,1,49,0,0,0,22,0,0,0,0,0,12,0,1,4,0,2,0,0,0
0,45,45,kswapd0,7,7,10,120,0,3,3,0,1,0,0,0,0,0,1,0,0,0,0,7,6,0,0,1,0,0,0,0,0
0,45,45,kswapd0,0,0,3,120,0,3,3,0,0,0,0,0,0,0,0,0,0,0,0,0,0,0,0,0,0,0,0,0,0
0,45,45,kswapd0,0,0,3,120,0,3,3,0,0,0,0,0,0,0,0,0,0,0,0,0,0,0,0,0,0,0,0,0,0
0,45,45,kswapd0,1146,1146,1148,120,1,2,2,5,22,0,5,0,0,22,0,0,0,0,0,11,21,0,0,0,0,0,0,0,2
0,45,45,kswapd0,0,0,3,120,0,3,3,0,0,0,0,0,0,0,0,0,0,0,0,0,0,0,0,0,0,0,0,0,0
0,45,45,kswapd0,0,0,3,120,0,3,3,0,0,0,0,0,0,0,0,0,0,0,0,0,0,0,0,0,0,0,0,0,0
0,45,45,kswapd0,0,0,3,120,0,3,3,0,0,0,0,0,0,0,0,0,0,0,0,0,0,0,0,0,0,0,0,0,0
0,45,45,kswapd0,0,0,3,120,0,3,3,0,0,0,0,0,0,0,0,0,0,0,0,0,0,0,0,0,0,0,0,0,0
0,45,45,kswapd0,0,0,3,120,0,3,3,0,0,0,0,0,0,0,0,0,0,0,0,0,0,0,0,0,0,0,0,0,0
0,45,45,kswapd0,6,7,9,120,0,3,2,0,0,0,0,0,0,0,0,0,0,0,0,0,1,0,0,0,22,0,0,0,0
0,45,45,kswapd0,146,146,149,120,2,3,3,8,12,2,6,0,0,0,12,0,0,0,1,1,8,0,0,15,0,0,0,2,11
0,45,45,kswapd0,0,0,3,120,0,3,3,0,0,0,0,0,0,0,0,0,0,0,0,0,0,0,0,0,0,0,0,0,0
0,127608,127725,file_anon_mix_p,4017,4017,4019,120,1,2,2,50,64,1,49,0,0,49,15,0,0,0,0,0,12,0,0,4,0,2,0,0,0
0,127608,127725,file_anon_mix_p,0,0,3,120,0,3,3,0,0,0,0,0,0,0,0,0,0,0,0,0,0,0,0,0,0,0,0,0,0
0,127608,127725,file_anon_mix_p,1147,1147,1148,120,0,1,1,5,20,5,0,0,0,1,0,0,19,0,0,5,10,0,0,0,2,0,0,0,0
0,127608,127725,file_anon_mix_p,6,7,9,120,0,3,2,0,0,0,0,0,0,0,0,0,0,0,0,0,1,0,0,0,22,0,0,0,0
0,127608,127725,file_anon_mix_p,147,147,149,120,0,2,2,6,1,6,0,0,0,0,0,0,1,0,0,8,4,0,0,2,11,0,0,0,0
0,127608,127725,file_anon_mix_p,127,127,128,120,0,1,1,24,0,24,0,0,0,0,0,0,0,0,0,0,0,0,0,7,0,0,0,0,0
0,45,45,kswapd0,126,126,128,120,1,2,2,49,0,25,24,0,0,0,0,0,0,0,0,0,0,0,0,0,0,0,0,11,0
0,45,45,kswapd0,5274,5274,5276,120,1,2,2,150,285,65,85,0,0,76,209,0,0,0,12,5,139,0,0,0,0,0,0,0,41
0,127608,127725,file_anon_mix_p,5273,5273,5276,120,1,3,3,156,285,11,60,85,0,6,70,209,0,1,25,6,183,0,44,0,49,0,0,1,0
0,127608,127725,file_anon_mix_p,3650,3650,3653,120,176,3,3,329261,196637,130719,57541,140297,704,22,159744,36871,0,0,575,7940,1381,0,0,514,52,0,0,20,0
0,127608,127725,file_anon_mix_p,3650,3650,3653,120,2,3,3,330610,196637,76895,57541,140297,55877,22,159744,36871,0,0,575,7940,1381,0,0,534,52,0,0,0,0
0,127608,127725,file_anon_mix_p,0,0,3,120,0,3,3,0,0,0,0,0,0,0,0,0,0,0,0,0,0,0,0,0,0,0,0,0,0
0,127608,127725,file_anon_mix_p,10,10,12,120,0,2,2,1,0,1,0,0,0,0,0,0,0,0,0,0,1,0,0,59,0,0,0,0,0
0,127608,127725,file_anon_mix_p,0,0,3,120,0,3,3,0,0,0,0,0,0,0,0,0,0,0,0,0,0,0,0,0,0,0,0,0,0
0,127608,127725,file_anon_mix_p,5,5,7,120,0,2,2,0,0,0,0,0,0,0,0,0,0,0,0,27,0,0,0,2,0,0,0,0,0
0,127608,127725,file_anon_mix_p,0,0,3,120,0,3,3,0,0,0,0,0,0,0,0,0,0,0,0,0,0,0,0,0,0,0,0,0,0
0,127608,127725,file_anon_mix_p,14,14,17,120,0,3,3,5,0,0,0,1,4,0,0,0,0,0,0,96,0,0,0,3,0,0,0,0,0
0,127608,127725,file_anon_mix_p,0,0,3,120,0,3,3,0,0,0,0,0,0,0,0,0,0,0,0,0,0,0,0,0,0,0,0,0,0
0,127608,127725,file_anon_mix_p,0,0,3,120,0,3,3,0,0,0,0,0,0,0,0,0,0,0,0,0,0,0,0,0,0,0,0,0,0
0,127608,127725,file_anon_mix_p,160,160,163,120,0,3,3,3,49,1,0,2,0,15,9,25,0,0,0,11,61,0,0,1,0,0,0,0,0
0,127608,127725,file_anon_mix_p,3980,3980,3983,120,0,3,3,1565,1827,18,1190,357,0,118,1027,682,0,0,0,2,25,0,0,0,0,0,0,0,0
0,127608,127725,file_anon_mix_p,0,0,3,120,0,3,3,0,0,0,0,0,0,0,0,0,0,0,0,0,0,0,0,0,0,0,0,0,0
0,127608,127725,file_anon_mix_p,0,0,3,120,0,3,3,0,0,0,0,0,0,0,0,0,0,0,0,0,0,0,0,0,0,0,0,0,0
0,127608,127725,file_anon_mix_p,0,0,3,120,0,3,3,0,0,0,0,0,0,0,0,0,0,0,0,0,0,0,0,0,0,0,0,0,0
0,127608,127725,file_anon_mix_p,5239,5239,5242,120,0,3,3,33,14,0,30,3,0,0,4,10,0,0,0,1,0,0,0,0,12,0,0,0,0
0,127608,127725,file_anon_mix_p,0,0,3,120,0,3,3,0,0,0,0,0,0,0,0,0,0,0,0,0,0,0,0,0,0,0,0,0,0
0,127608,127725,file_anon_mix_p,0,0,3,120,0,3,3,0,0,0,0,0,0,0,0,0,0,0,0,0,0,0,0,0,0,0,0,0,0
0,127608,127725,file_anon_mix_p,152,152,154,120,0,2,2,9,31,9,0,0,0,18,13,0,0,0,0,13,29,0,0,0,42,0,0,0,0
0,127608,127725,file_anon_mix_p,0,0,3,120,0,3,3,0,0,0,0,0,0,0,0,0,0,0,0,0,0,0,0,0,0,0,0,0,0
0,127608,127725,file_anon_mix_p,0,0,3,120,0,3,3,0,0,0,0,0,0,0,0,0,0,0,0,0,0,0,0,0,0,0,0,0,0
0,127608,127725,file_anon_mix_p,252,252,254,120,0,2,2,22,28,22,0,0,0,0,12,0,16,0,0,1,17,0,0,0,15,0,0,0,0
0,127608,127725,file_anon_mix_p,40,40,42,120,0,2,2,4,0,2,0,0,2,0,0,0,0,0,0,3,0,0,0,0,0,0,0,0,0
0,127608,127725,file_anon_mix_p,147,147,149,120,0,2,2,6,1,6,0,0,0,0,0,0,1,0,0,8,4,0,0,2,11,0,0,0,0
0,127608,127725,file_anon_mix_p,5,5,7,120,0,2,2,0,0,0,0,0,0,0,0,0,0,0,0,27,0,0,0,2,0,0,0,0,0
0,127608,127725,file_anon_mix_p,0,0,3,120,0,3,3,0,0,0,0,0,0,0,0,0,0,0,0,0,0,0,0,0,0,0,0,0,0
0,127608,127725,file_anon_mix_p,160,160,163,120,0,3,3,3,49,1,0,2,0,15,9,25,0,0,0,11,61,0,0,1,0,0,0,0,0
0,127608,127725,file_anon_mix_p,10,10,12,120,0,2,2,1,0,1,0,0,0,0,0,0,0,0,0,0,1,0,0,59,0,0,0,0,0
0,127608,127725,file_anon_mix_p,5239,5239,5242,120,0,3,3,33,14,0,30,3,0,0,4,10,0,0,0,1,0,0,0,0,12,0,0,0,0
0,127608,127725,file_anon_mix_p,0,0,3,120,0,3,3,0,0,0,0,0,0,0,0,0,0,0,0,0,0,0,0,0,0,0,0,0,0
0,127608,127725,file_anon_mix_p,3980,3980,3983,120,0,3,3,1565,1827,18,1190,357,0,118,1027,682,0,0,0,2,25,0,0,0,0,0,0,0,0
0,127608,127725,file_anon_mix_p,152,152,154,120,0,2,2,9,31,9,0,0,0,18,13,0,0,0,0,13,29,0,0,0,42,0,0,0,0
0,127608,127725,file_anon_mix_p,252,252,254,120,0,2,2,22,28,22,0,0,0,0,12,0,16,0,0,1,17,0,0,0,15,0,0,0,0
0,127608,127725,file_anon_mix_p,0,0,3,120,0,3,3,0,0,0,0,0,0,0,0,0,0,0,0,0,0,0,0,0,0,0,0,0,0
0,127608,127725,file_anon_mix_p,0,0,3,120,0,3,3,0,0,0,0,0,0,0,0,0,0,0,0,0,0,0,0,0,0,0,0,0,0
0,127608,127725,file_anon_mix_p,3650,3650,3653,120,5,3,3,330618,196637,75359,57541,140297,57421,22,159744,36871,0,0,575,7940,1381,0,0,534,52,0,0,0,0
0,127608,127725,file_anon_mix_p,3650,3650,3653,120,9,3,3,330650,196637,74015,57541,140297,58797,22,159744,36871,0,0,575,7940,1381,0,0,534,52,0,0,0,0
0,127608,127725,file_anon_mix_p,3650,3650,3653,120,17,3,3,330632,196637,71583,57541,140297,61211,22,159744,36871,0,0,575,7940,1381,0,0,534,52,0,0,0,0
0,126930,126930,mglru_monitor,3650,3650,3653,120,2,3,3,330627,196637,67423,57541,140297,65366,22,159744,36871,0,0,575,7940,1381,0,0,534,52,0,0,0,0
0,126930,126930,mglru_monitor,3650,3650,3653,120,5,3,3,330564,196637,66335,57541,140297,66391,22,159744,36871,0,0,575,7940,1381,0,0,534,52,0,0,0,0
0,126930,126930,mglru_monitor,3650,3650,3653,120,9,3,3,330625,196637,64991,57541,140297,67796,22,159744,36871,0,0,575,7940,1381,0,0,544,52,0,0,0,0
0,127608,127725,file_anon_mix_p,3650,3650,3653,120,32,3,3,330594,196637,67103,57541,140297,65653,22,159744,36871,0,0,575,7940,1381,0,0,534,52,0,0,10,0
0,126930,126930,mglru_monitor,3650,3650,3653,120,17,3,3,330531,196637,62367,57541,140297,70326,22,159744,36871,0,0,575,7940,1381,0,0,544,52,0,0,0,0
0,126930,126930,mglru_monitor,3650,3650,3653,120,33,3,3,330543,196637,57567,57541,140297,75138,22,159744,36871,0,0,575,7940,1381,0,0,544,52,0,0,1,0
0,127608,127725,file_anon_mix_p,3650,3650,3653,120,65,3,3,330567,196637,58143,57541,140297,74586,22,159744,36871,0,0,575,7940,1381,0,0,544,52,0,0,1,0
0,126930,126930,mglru_monitor,3650,3650,3653,120,65,3,3,330556,196637,48543,57541,140297,84175,22,159744,36871,0,0,575,7940,1381,0,0,546,52,0,0,1,0
0,127608,127725,file_anon_mix_p,3650,3650,3653,120,129,3,3,330593,196637,40223,57541,140297,92532,22,159744,36871,0,0,575,7940,1381,0,0,546,52,0,0,0,0
0,126930,126930,mglru_monitor,3650,3650,3653,120,95,3,3,330560,196637,30175,57541,140297,102547,22,159744,36871,0,0,575,7940,1381,0,0,547,52,0,0,1,21
0,126930,126930,mglru_monitor,3651,3651,3653,120,35,2,2,330544,196616,56318,140298,0,133928,159745,36871,0,0,0,287,4247,715,0,0,3,21,0,0,16,0
0,394,394,sshd-session,3651,3651,3653,120,2,2,2,330500,196616,50013,140323,0,140164,159745,36871,0,0,0,287,4247,715,0,0,19,21,0,0,1,0
0,60,60,jbd2/sda-8,3651,3651,3653,120,2,2,2,330498,196616,49725,140297,0,140476,159745,36871,0,0,0,287,4247,715,0,0,21,21,0,0,0,0
0,126930,126930,mglru_monitor,3651,3651,3653,120,2,2,2,330498,196616,49725,140298,0,140475,159745,36871,0,0,0,287,4247,715,0,0,21,21,0,0,1,0
0,394,394,sshd-session,3651,3651,3653,120,5,2,2,330443,196616,49541,140298,0,140604,159745,36871,0,0,0,287,4247,715,0,0,21,21,0,0,0,0
0,126930,126930,mglru_monitor,3651,3651,3653,120,5,2,2,330496,196616,49052,140297,0,141147,159745,36871,0,0,0,287,4247,715,0,0,23,21,0,0,0,0
0,60,60,jbd2/sda-8,3651,3651,3653,120,5,2,2,330434,196616,49468,140297,0,140669,159745,36871,0,0,0,287,4247,715,0,0,21,21,0,0,0,0
0,394,394,sshd-session,3651,3651,3653,120,9,2,2,330496,196616,48092,140297,0,142107,159745,36871,0,0,0,287,4247,715,0,0,23,21,0,0,0,0
0,60,60,jbd2/sda-8,3651,3651,3653,120,8,2,2,330368,196616,47708,140297,0,142363,159745,36871,0,0,0,287,4247,715,0,0,23,21,0,0,0,0
0,126930,126930,mglru_monitor,3651,3651,3653,120,9,2,2,330496,196616,47964,140297,0,142235,159745,36871,0,0,0,287,4247,715,0,0,23,21,0,0,1,0
0,394,394,sshd-session,3651,3651,3653,120,17,2,2,330426,196616,46172,140297,0,143957,159745,36871,0,0,0,287,4247,715,0,0,24,21,0,0,0,0
0,60,60,jbd2/sda-8,3651,3651,3653,120,17,2,2,330431,196616,45692,140297,0,144442,159745,36871,0,0,0,287,4247,715,0,0,24,21,0,0,0,0
0,126930,126930,mglru_monitor,3651,3651,3653,120,16,2,2,330367,196616,45436,140297,0,144634,159745,36871,0,0,0,287,4247,715,0,0,24,21,0,0,0,0
0,126743,126743,kworker/u8:0,3651,3651,3653,120,2,2,2,330304,196616,36197,140297,0,153810,159745,36871,0,0,0,287,4247,715,0,0,24,21,0,0,0,0
0,126743,126743,kworker/u8:0,3651,3651,3653,120,5,2,2,330385,196616,34999,140297,0,155089,159745,36871,0,0,0,287,4247,715,0,0,24,21,0,0,0,0
0,60,60,jbd2/sda-8,3651,3651,3653,120,33,2,2,330380,196616,40293,140297,0,149790,159745,36871,0,0,0,287,4247,715,0,0,24,21,0,0,0,0
0,126743,126743,kworker/u8:0,3651,3651,3653,120,9,2,2,330367,196616,33573,140297,0,156497,159745,36871,0,0,0,287,4247,715,0,0,24,21,0,0,0,0
0,126743,126743,kworker/u8:0,3651,3651,3653,120,17,2,2,330579,196616,30649,140297,0,159633,159745,36871,0,0,0,287,4247,715,0,0,24,21,0,0,0,0
0,126743,126743,kworker/u8:0,3651,3651,3653,120,33,2,2,330367,196616,24101,140297,0,165969,159745,36871,0,0,0,287,4247,715,0,0,24,21,0,0,0,0
0,126930,126930,mglru_monitor,3651,3651,3653,120,33,2,2,330388,196616,39973,140297,0,150118,159745,36871,0,0,0,287,4247,715,0,0,24,21,0,0,0,0
0,60,60,jbd2/sda-8,3651,3651,3653,120,65,2,2,330367,196616,33061,140297,0,157009,159745,36871,0,0,0,287,4247,715,0,0,24,21,0,0,0,0
0,394,394,sshd-session,3651,3651,3653,120,33,2,2,330461,196616,40741,140320,0,149400,159745,36871,0,0,0,287,4247,715,0,0,24,21,0,0,0,0
0,126743,126743,kworker/u8:0,3651,3651,3653,120,65,2,2,330430,196616,15141,140297,0,174992,159745,36871,0,0,0,287,4247,715,0,0,25,21,0,0,0,0
0,60,60,jbd2/sda-8,3651,3651,3653,120,62,2,2,330301,196616,13093,140297,0,176911,159745,36871,0,0,0,287,4247,715,0,0,26,21,0,0,2,0
0,394,394,sshd-session,3651,3651,3653,120,4,2,2,330555,196616,3493,140297,0,186765,159745,36871,0,0,0,287,4247,715,0,0,28,21,0,0,0,0
0,126743,126743,kworker/u8:0,3651,3651,3653,120,63,2,2,330298,196616,385,140297,0,189616,159745,36871,0,0,0,287,4247,715,0,0,29,21,0,0,0,0
0,121783,121783,watch,3651,3651,3653,120,2,2,2,330617,196308,0,140269,0,190348,138669,36878,0,20761,0,287,4247,715,0,0,30,36,0,0,0,0
0,45,45,kswapd0,3650,3650,3653,120,1718,3,3,329261,196637,131423,57541,140297,0,22,159744,36871,0,0,575,7940,1381,0,0,514,52,0,0,5,5
0,126743,126743,kworker/u8:0,3651,3651,3653,120,49,2,2,330617,196347,0,140269,0,190348,145618,36876,0,13853,0,287,4247,715,0,0,30,35,0,0,0,0
0,126743,126743,kworker/u8:0,0,0,3,120,0,3,3,0,0,0,0,0,0,0,0,0,0,0,0,0,0,0,0,0,0,0,0,0,0
0,126743,126743,kworker/u8:0,6,7,9,120,0,3,2,0,0,0,0,0,0,0,0,0,0,0,0,0,1,0,0,0,22,0,0,0,0
0,45,45,kswapd0,7,7,10,120,0,3,3,0,1,0,0,0,0,0,1,0,0,0,0,7,6,0,0,1,0,0,0,0,0
0,45,45,kswapd0,0,0,3,120,0,3,3,0,0,0,0,0,0,0,0,0,0,0,0,0,0,0,0,0,0,0,0,0,0
0,45,45,kswapd0,127,127,129,120,0,2,2,22,0,8,0,0,14,0,0,0,0,0,0,0,0,0,0,11,0,0,0,0,0
0,45,45,kswapd0,160,160,163,120,0,3,3,3,49,1,0,2,0,15,9,25,0,0,0,11,61,0,0,1,0,0,0,0,0
0,45,45,kswapd0,252,252,254,120,0,2,2,22,28,22,0,0,0,0,12,0,16,0,0,1,17,0,0,0,15,0,0,0,0
0,45,45,kswapd0,0,0,3,120,0,3,3,0,0,0,0,0,0,0,0,0,0,0,0,0,0,0,0,0,0,0,0,0,0
0,45,45,kswapd0,160,160,163,120,0,3,3,3,49,1,0,2,0,15,9,25,0,0,0,11,61,0,0,1,0,0,0,0,0
0,126743,126743,kworker/u8:0,127,127,129,120,1,2,2,38,0,24,0,0,14,0,0,0,0,0,0,0,0,0,0,11,0,0,0,12,0
0,45,45,kswapd0,5274,5274,5277,120,1,3,3,117,464,48,43,6,20,7,261,58,138,0,12,5,139,0,0,1,41,0,40,0,0
0,45,45,kswapd0,147,147,149,120,0,2,2,6,1,6,0,0,0,0,0,0,1,0,0,8,4,0,0,2,11,0,0,0,0
0,60,60,jbd2/sda-8,3651,3651,3653,120,90,2,2,330617,196490,0,140297,0,190320,158706,36871,0,913,0,287,4247,715,0,0,30,21,0,0,0,9
0,45,45,kswapd0,3980,3980,3983,120,1,3,3,1565,1827,18,1190,357,0,118,1027,682,0,0,0,2,25,0,0,0,0,0,0,0,46
0,121783,121783,watch,3651,3651,3653,120,5,2,2,330617,196344,0,140269,0,190348,134674,36880,0,24790,0,287,4247,715,0,0,30,37,0,0,0,0
0,121783,121783,watch,0,0,3,120,0,3,3,0,0,0,0,0,0,0,0,0,0,0,0,0,0,0,0,0,0,0,0,0,0
0,121783,121783,watch,0,0,3,120,0,3,3,0,0,0,0,0,0,0,0,0,0,0,0,0,0,0,0,0,0,0,0,0,0
0,121783,121783,watch,0,0,3,120,0,3,3,0,0,0,0,0,0,0,0,0,0,0,0,0,0,0,0,0,0,0,0,0,0
0,121783,121783,watch,0,0,3,120,0,3,3,0,0,0,0,0,0,0,0,0,0,0,0,0,0,0,0,0,0,0,0,0,0
0,121783,121783,watch,0,0,3,120,0,3,3,0,0,0,0,0,0,0,0,0,0,0,0,0,0,0,0,0,0,0,0,0,0
0,121783,121783,watch,10,10,12,120,0,2,2,1,0,1,0,0,0,0,0,0,0,0,0,0,1,0,0,59,0,0,0,0,0
0,121783,121783,watch,5239,5239,5242,120,0,3,3,33,14,0,30,3,0,0,4,10,0,0,0,1,0,0,0,0,12,0,0,0,0
0,126743,126743,kworker/u8:0,5274,5274,5277,120,1,3,3,117,458,48,43,6,20,0,262,58,138,0,12,5,139,0,0,1,41,0,40,10,0
0,126743,126743,kworker/u8:0,3980,3980,3983,120,3,3,3,1565,1781,18,1190,357,0,33,988,682,78,0,0,2,25,0,0,0,46,0,0,0,66
0,60,60,jbd2/sda-8,5275,5275,5277,120,1,2,2,70,464,44,6,0,20,262,58,0,144,0,25,3,90,0,0,0,0,0,0,0,58
0,121783,121783,watch,0,0,3,120,0,3,3,0,0,0,0,0,0,0,0,0,0,0,0,0,0,0,0,0,0,0,0,0,0
0,121783,121783,watch,252,252,254,120,0,2,2,22,28,22,0,0,0,0,12,0,16,0,0,1,17,0,0,0,15,0,0,0,0
0,121783,121783,watch,0,0,3,120,0,3,3,0,0,0,0,0,0,0,0,0,0,0,0,0,0,0,0,0,0,0,0,0,0
0,121783,121783,watch,1112,1112,1114,120,0,2,2,0,25,0,0,0,0,0,0,0,25,0,0,15,15,0,0,0,0,0,0,0,0
0,121783,121783,watch,4017,4017,4020,120,0,3,3,50,66,1,44,5,0,0,24,0,42,0,0,0,12,0,1,4,0,2,0,0,0
0,121783,121783,watch,5,5,7,120,0,2,2,0,0,0,0,0,0,0,0,0,0,0,0,27,0,0,0,2,0,0,0,0,0
0,121783,121783,watch,1513,1513,1516,120,0,3,3,1,15,1,0,0,0,0,1,14,0,0,0,18,64,0,0,3,6,0,0,0,0
0,121783,121783,watch,0,0,3,120,0,3,3,0,0,0,0,0,0,0,0,0,0,0,0,0,0,0,0,0,0,0,0,0,0
0,121783,121783,watch,0,0,3,120,0,3,3,0,0,0,0,0,0,0,0,0,0,0,0,0,0,0,0,0,0,0,0,0,0
0,121783,121783,watch,152,152,154,120,0,2,2,9,31,9,0,0,0,18,13,0,0,0,0,13,29,0,0,0,42,0,0,0,0
0,121783,121783,watch,0,0,3,120,0,3,3,0,0,0,0,0,0,0,0,0,0,0,0,0,0,0,0,0,0,0,0,0,0
0,121783,121783,watch,7,7,10,120,0,3,3,0,1,0,0,0,0,0,1,0,0,0,0,7,6,0,0,1,0,0,0,0,0
0,121783,121783,watch,5,5,7,120,0,2,2,0,0,0,0,0,0,0,0,0,0,0,0,27,0,0,0,2,0,0,0,0,0
0,121783,121783,watch,152,152,154,120,0,2,2,9,31,9,0,0,0,18,13,0,0,0,0,13,29,0,0,0,42,0,0,0,0
0,121783,121783,watch,0,0,3,120,0,3,3,0,0,0,0,0,0,0,0,0,0,0,0,0,0,0,0,0,0,0,0,0,0
0,121783,121783,watch,14,14,17,120,0,3,3,5,0,0,0,1,4,0,0,0,0,0,0,96,0,0,0,3,0,0,0,0,0
0,121783,121783,watch,0,0,3,120,0,3,3,0,0,0,0,0,0,0,0,0,0,0,0,0,0,0,0,0,0,0,0,0,0
0,121783,121783,watch,40,40,42,120,0,2,2,4,0,2,0,0,2,0,0,0,0,0,0,3,0,0,0,0,0,0,0,0,0
0,121783,121783,watch,6,7,9,120,0,3,2,0,0,0,0,0,0,0,0,0,0,0,0,0,1,0,0,0,22,0,0,0,0
0,121783,121783,watch,1147,1147,1149,120,0,2,2,5,20,5,0,0,0,1,19,0,0,0,0,5,10,0,0,0,2,0,0,0,0
0,121783,121783,watch,0,0,3,120,0,3,3,0,0,0,0,0,0,0,0,0,0,0,0,0,0,0,0,0,0,0,0,0,0
0,121783,121783,watch,0,0,3,120,0,3,3,0,0,0,0,0,0,0,0,0,0,0,0,0,0,0,0,0,0,0,0,0,0
0,121783,121783,watch,0,0,3,120,0,3,3,0,0,0,0,0,0,0,0,0,0,0,0,0,0,0,0,0,0,0,0,0,0
0,121783,121783,watch,0,0,3,120,0,3,3,0,0,0,0,0,0,0,0,0,0,0,0,0,0,0,0,0,0,0,0,0,0
0,121783,121783,watch,0,0,3,120,0,3,3,0,0,0,0,0,0,0,0,0,0,0,0,0,0,0,0,0,0,0,0,0,0
0,121783,121783,watch,40,40,42,120,0,2,2,4,0,2,0,0,2,0,0,0,0,0,0,3,0,0,0,0,0,0,0,0,0
0,121783,121783,watch,147,147,149,120,0,2,2,6,1,6,0,0,0,0,0,0,1,0,0,8,4,0,0,2,11,0,0,0,0
0,121783,121783,watch,0,0,3,120,0,3,3,0,0,0,0,0,0,0,0,0,0,0,0,0,0,0,0,0,0,0,0,0,0
0,121783,121783,watch,0,0,3,120,0,3,3,0,0,0,0,0,0,0,0,0,0,0,0,0,0,0,0,0,0,0,0,0,0
0,121783,121783,watch,10,10,12,120,0,2,2,1,0,1,0,0,0,0,0,0,0,0,0,0,1,0,0,59,0,0,0,0,0
0,121783,121783,watch,1513,1513,1516,120,0,3,3,1,15,1,0,0,0,0,1,14,0,0,0,18,64,0,0,3,6,0,0,0,0
0,121783,121783,watch,5275,5275,5277,120,0,2,2,107,406,44,7,0,56,195,58,0,153,0,25,3,90,0,0,10,58,0,0,0,0
0,121783,121783,watch,3981,3981,3983,120,1,2,2,1565,1715,1107,357,0,101,893,682,0,140,0,0,1,36,0,0,0,64,0,0,0,33
0,45,45,kswapd0,3651,3651,3654,120,117,3,3,330617,196536,0,140268,190349,0,131347,36869,27988,332,0,287,4247,715,0,0,30,37,0,0,0,1
0,45,45,kswapd0,0,0,3,120,0,3,3,0,0,0,0,0,0,0,0,0,0,0,0,0,0,0,0,0,0,0,0,0,0
0,45,45,kswapd0,0,0,3,120,0,3,3,0,0,0,0,0,0,0,0,0,0,0,0,0,0,0,0,0,0,0,0,0,0
0,45,45,kswapd0,5239,5239,5242,120,0,3,3,33,14,0,30,3,0,0,4,10,0,0,0,1,0,0,0,0,12,0,0,0,0
0,45,45,kswapd0,0,0,3,120,0,3,3,0,0,0,0,0,0,0,0,0,0,0,0,0,0,0,0,0,0,0,0,0,0
0,45,45,kswapd0,0,0,3,120,0,3,3,0,0,0,0,0,0,0,0,0,0,0,0,0,0,0,0,0,0,0,0,0,0
0,45,45,kswapd0,4017,4017,4020,120,1,3,3,50,66,1,44,5,0,0,24,0,42,0,0,0,12,0,1,4,0,2,0,0,0
0,45,45,kswapd0,0,0,3,120,0,3,3,0,0,0,0,0,0,0,0,0,0,0,0,0,0,0,0,0,0,0,0,0,0
0,45,45,kswapd0,0,0,3,120,0,3,3,0,0,0,0,0,0,0,0,0,0,0,0,0,0,0,0,0,0,0,0,0,0
0,45,45,kswapd0,0,0,3,120,0,3,3,0,0,0,0,0,0,0,0,0,0,0,0,0,0,0,0,0,0,0,0,0,0
0,45,45,kswapd0,0,0,3,120,0,3,3,0,0,0,0,0,0,0,0,0,0,0,0,0,0,0,0,0,0,0,0,0,0
0,45,45,kswapd0,14,14,17,120,0,3,3,5,0,0,0,1,4,0,0,0,0,0,0,96,0,0,0,3,0,0,0,0,0
0,45,45,kswapd0,5275,5275,5277,120,1,2,2,107,406,45,6,0,56,195,58,0,153,0,25,3,90,0,0,10,58,0,0,0,57
0,126930,126930,mglru_monitor,3651,3651,3653,120,58,2,2,330419,196616,13594,140297,0,176528,159745,36871,0,0,0,287,4247,715,0,0,25,21,0,0,1,3
0,45,45,kswapd0,3981,3981,3983,120,1,2,2,1565,1682,1107,357,0,101,799,682,0,201,0,0,1,36,0,0,0,97,0,0,0,63
0,127608,127725,file_anon_mix_p,3650,3650,3653,120,254,3,3,330536,196637,18143,57541,140297,114555,22,159744,36871,0,0,575,7940,1381,0,0,547,52,0,0,11,2
0,126930,126930,mglru_monitor,3981,3981,3983,120,1,2,2,1565,1618,1107,357,0,101,735,682,0,201,0,0,1,36,0,0,0,97,0,0,0,41
0,127608,127725,file_anon_mix_p,5275,5275,5277,120,0,2,2,118,351,45,6,0,67,113,50,0,188,0,25,3,90,0,0,10,115,0,0,0,0
0,127608,127725,file_anon_mix_p,3981,3981,3983,120,1,2,2,1565,1578,1107,357,0,101,671,682,0,225,0,0,1,36,0,0,0,201,0,0,0,49
0,45,45,kswapd0,3651,3651,3654,120,230,3,3,330617,196480,0,140268,190349,0,115519,36869,27988,16104,0,287,4247,715,0,0,30,41,0,0,0,1
0,45,45,kswapd0,4018,4018,4020,120,1,2,2,50,66,44,5,0,1,24,0,0,42,1,0,2,6,0,0,0,0,0,0,0,6
0,45,45,kswapd0,3981,3981,3983,120,3,2,2,1565,1529,1107,357,0,101,573,682,0,274,0,0,1,36,0,0,0,250,0,0,0,68
0,127748,127748,sh,3981,3981,3983,120,0,2,2,1565,1461,1107,357,0,101,350,682,0,429,0,0,1,36,0,0,0,318,0,0,0,0
0,127748,127748,sh,3651,3651,3654,120,2,3,3,331480,196525,0,140268,190349,863,90610,36873,27988,41054,0,287,4247,715,0,0,30,48,0,0,0,0
0,127748,127748,sh,4018,4018,4020,120,0,2,2,50,62,44,5,0,1,2,3,0,57,1,0,2,6,0,1,0,6,0,0,0,0
0,127748,127748,sh,3981,3981,3983,120,0,2,2,1565,1461,1107,357,0,101,350,682,0,429,0,0,1,36,0,0,0,318,0,0,0,0
0,127608,127725,file_anon_mix_p,3651,3651,3654,120,2,3,3,331596,196461,0,140268,190349,979,90322,36869,27988,41282,0,287,4247,715,0,0,30,48,0,0,0,0
0,127608,127725,file_anon_mix_p,3651,3651,3654,120,4,3,3,331596,196434,0,140268,190349,979,89975,36869,27988,41602,0,287,4247,715,0,0,30,48,0,0,0,5
0,127608,127725,file_anon_mix_p,3651,3651,3654,120,9,3,3,331596,196456,0,140268,190349,979,89426,36869,27988,42173,0,287,4247,715,0,0,30,53,0,0,0,1
0,127748,127748,sh,3651,3651,3654,120,5,3,3,331542,196525,0,140268,190349,925,90450,36873,27988,41214,0,287,4247,715,0,0,30,48,0,0,0,0
0,127608,127725,file_anon_mix_p,3651,3651,3654,120,16,3,3,331596,196391,0,140268,190349,979,88274,36870,27988,43259,0,287,4247,715,0,0,30,54,0,0,0,0
0,127608,127725,file_anon_mix_p,3651,3651,3654,120,31,3,3,331596,196391,0,140268,190349,979,85968,36869,27988,45566,0,287,4247,715,0,0,30,54,0,0,0,0
0,127748,127748,sh,3651,3651,3654,120,8,3,3,331596,196455,0,140268,190349,979,87062,36869,27988,44536,0,287,4247,715,0,0,30,54,0,0,0,2
0,394,394,sshd-session,3651,3651,3653,120,120,2,2,330617,196420,0,140269,0,190348,156143,36892,0,3385,0,287,4247,715,0,0,30,21,0,0,0,6
0,127608,127725,file_anon_mix_p,3651,3651,3654,120,59,3,3,331596,196453,0,140268,190349,979,81336,36873,27988,50256,0,287,4247,715,0,0,30,56,0,0,0,10
0,127748,127748,sh,3651,3651,3654,120,15,3,3,331596,196451,0,140268,190349,979,79916,36869,27988,51678,0,287,4247,715,0,0,30,57,0,0,0,2
0,127748,127748,sh,3651,3651,3654,120,28,3,3,331596,196459,0,140268,190349,979,68807,36872,27966,62814,0,287,4247,715,0,0,30,73,0,0,0,1
0,127748,127748,sh,3651,3651,3654,120,60,3,3,331596,196423,0,140268,190349,979,59871,36888,27966,71698,0,287,4247,715,0,0,30,84,0,0,0,4
0,127608,127725,file_anon_mix_p,3651,3651,3654,120,116,3,3,331596,196501,0,140268,190349,979,72467,36869,27988,59177,0,287,4247,715,0,0,30,72,0,0,0,14
0,45,45,kswapd0,3651,3651,3654,120,485,3,3,331113,196595,0,140268,190349,496,97458,36869,27988,34280,0,287,4247,715,0,0,30,42,0,0,0,23
0,127608,127725,file_anon_mix_p,3651,3651,3654,120,23,3,3,331596,196475,0,140268,190349,979,28321,36889,27966,103299,0,287,4247,715,0,0,30,113,0,0,0,8
0,127608,127725,file_anon_mix_p,3651,3651,3654,120,2,3,3,331749,196443,0,140268,190349,1132,14689,36869,27966,116919,0,287,4247,715,0,0,30,130,0,0,0,0
0,127608,127725,file_anon_mix_p,3651,3651,3654,120,4,3,3,331749,196393,0,140268,190349,1132,13281,36869,27966,118277,0,287,4247,715,0,0,30,130,0,0,0,0
0,127608,127725,file_anon_mix_p,3651,3651,3654,120,7,3,3,331749,196378,0,140268,190349,1132,11649,36869,27966,119894,0,287,4247,715,0,0,30,131,0,0,0,1
0,127748,127748,sh,3651,3651,3654,120,71,3,3,331596,196335,0,140268,190349,979,32065,36889,27966,99415,0,287,4247,715,0,0,30,110,0,0,0,5
0,127608,127725,file_anon_mix_p,3651,3651,3654,120,17,3,3,331749,196377,0,140268,190349,1132,7841,36869,27966,123701,0,287,4247,715,0,0,30,132,0,0,0,1
0,127608,127725,file_anon_mix_p,3651,3651,3654,120,8,3,3,331749,196439,0,140268,190349,1132,512,36869,27966,131092,0,287,4247,715,0,0,30,133,0,0,61,0
0,394,394,sshd-session,3651,3651,3654,120,162,3,3,331596,196375,0,140268,190349,979,75506,36892,27988,55989,0,287,4247,715,0,0,30,70,0,0,33,3
0,127748,127748,sh,3651,3651,3654,120,8,3,3,331749,196376,0,140268,190349,1132,705,36869,27966,130836,0,287,4247,715,0,0,30,133,0,0,37,0
0,127748,127748,sh,3652,3652,3654,120,1,2,2,331588,196504,138955,190351,0,2282,36870,27966,0,131668,0,143,2138,423,0,0,306,0,0,0,64,0
0,127748,127748,sh,3652,3652,3654,120,1,2,2,331616,196504,138635,190350,0,2631,36870,27966,0,131668,0,143,2138,423,0,0,582,0,0,0,35,0
0,394,394,sshd-session,3652,3652,3654,120,1,2,2,331563,196504,138508,190349,0,2706,36870,27966,0,131668,0,143,2138,423,0,0,607,0,0,0,64,0
0,126930,126930,mglru_monitor,3652,3652,3654,120,2,2,2,331553,196504,138444,190349,0,2760,36870,27966,0,131668,0,143,2138,423,0,0,685,0,0,0,94,0
0,127608,127725,file_anon_mix_p,3652,3652,3654,120,1,2,2,331180,196616,133413,190352,0,7415,36870,27966,0,131780,0,143,2138,423,0,0,5660,0,0,0,64,0
0,127608,127725,file_anon_mix_p,3652,3652,3654,120,1,2,2,331454,196616,132709,190352,0,8393,36870,27966,0,131780,0,143,2138,423,0,0,6345,0,0,0,64,0
0,127608,127725,file_anon_mix_p,3652,3652,3654,120,1,2,2,331483,196616,132261,190352,0,8870,36870,27966,0,131780,0,143,2138,423,0,0,6781,0,0,0,64,0
0,127608,127725,file_anon_mix_p,3652,3652,3654,120,1,2,2,331574,196616,131877,190352,0,9345,36870,27966,0,131780,0,143,2138,423,0,0,7198,0,0,0,64,0
0,127608,127725,file_anon_mix_p,3652,3652,3654,120,1,2,2,331630,196616,131429,190352,0,9849,36870,27966,0,131780,0,143,2138,423,0,0,7639,0,0,0,64,0
0,127608,127725,file_anon_mix_p,3652,3652,3654,120,1,2,2,331654,196616,130981,190352,0,10321,36870,27966,0,131780,0,143,2138,423,0,0,8077,0,0,0,64,0
0,127608,127725,file_anon_mix_p,3652,3652,3654,120,1,2,2,331739,196616,130597,190352,0,10790,36870,27966,0,131780,0,143,2138,423,0,0,8482,0,0,0,64,0
0,127608,127725,file_anon_mix_p,3652,3652,3654,120,1,2,2,331668,196616,130277,190352,0,11039,36870,27966,0,131780,0,143,2138,423,0,0,8785,0,0,0,64,0
0,127608,127725,file_anon_mix_p,3652,3652,3654,120,1,2,2,331562,196616,129893,190352,0,11317,36870,27966,0,131780,0,143,2138,423,0,0,9146,0,0,0,64,0
0,127608,127725,file_anon_mix_p,3652,3652,3654,120,1,2,2,331519,196616,129573,190352,0,11594,36870,27966,0,131780,0,143,2138,423,0,0,9469,0,0,0,64,0
0,127608,127725,file_anon_mix_p,3652,3652,3654,120,1,2,2,331586,196616,129189,190352,0,12045,36870,27966,0,131780,0,143,2138,423,0,0,9883,0,0,0,64,0
0,127608,127725,file_anon_mix_p,3652,3652,3654,120,1,2,2,331618,196616,128741,190352,0,12525,36870,27966,0,131780,0,143,2138,423,0,0,10304,0,0,0,64,0
0,127608,127725,file_anon_mix_p,3652,3652,3654,120,1,2,2,331714,196616,128357,190352,0,13005,36870,27966,0,131780,0,143,2138,423,0,0,10690,0,0,0,64,0
0,127608,127725,file_anon_mix_p,3652,3652,3654,120,1,2,2,331622,196616,128037,190352,0,13233,36870,27966,0,131780,0,143,2138,423,0,0,10979,0,0,0,64,0
0,127608,127725,file_anon_mix_p,3652,3652,3654,120,1,2,2,331589,196616,127781,190352,0,13456,36870,27966,0,131780,0,143,2138,423,0,0,11263,0,0,0,64,0
0,127608,127725,file_anon_mix_p,3652,3652,3654,120,1,2,2,331706,196616,127397,190352,0,13957,36870,27966,0,131780,0,143,2138,423,0,0,11662,0,0,0,64,0
0,127608,127725,file_anon_mix_p,3652,3652,3654,120,1,2,2,331671,196616,127141,190352,0,14178,36870,27966,0,131780,0,143,2138,423,0,0,11939,0,0,0,64,0
0,127608,127725,file_anon_mix_p,3652,3652,3654,120,1,2,2,331630,196616,126821,190352,0,14457,36870,27966,0,131780,0,143,2138,423,0,0,12243,0,0,0,64,0
0,121783,121783,watch,3652,3652,3654,120,1,2,2,331645,196616,126309,190352,0,14984,36870,27966,0,131780,0,143,2138,423,0,0,12696,0,0,0,64,0
0,127608,127725,file_anon_mix_p,3652,3652,3654,120,1,2,2,331709,196616,126373,190352,0,14984,36870,27966,0,131780,0,143,2138,423,0,0,12686,0,0,0,64,0
0,127608,127725,file_anon_mix_p,3652,3652,3654,120,1,2,2,330789,196616,123301,190352,0,17136,36870,27966,0,131780,0,143,2138,423,0,0,15762,0,0,0,64,0
0,127608,127725,file_anon_mix_p,3652,3652,3654,120,1,2,2,331117,196616,122661,190352,0,18104,36870,27966,0,131780,0,143,2138,423,0,0,16388,0,0,0,64,0
0,127608,127725,file_anon_mix_p,3652,3652,3654,120,1,2,2,331200,196616,122277,190352,0,18571,36870,27966,0,131780,0,143,2138,423,0,0,16785,0,0,0,64,0
0,127608,127725,file_anon_mix_p,3652,3652,3654,120,1,2,2,331580,196616,121637,190352,0,19591,36870,27966,0,131780,0,143,2138,423,0,0,17396,0,0,0,64,0
0,127608,127725,file_anon_mix_p,3652,3652,3654,120,1,2,2,331534,196616,121317,190352,0,19865,36870,27966,0,131780,0,143,2138,423,0,0,17706,0,0,0,64,0
0,127608,127725,file_anon_mix_p,3652,3652,3654,120,1,2,2,331236,196616,120165,190352,0,20719,36870,27966,0,131780,0,143,2138,423,0,0,18870,0,0,0,64,0
0,127608,127725,file_anon_mix_p,3652,3652,3654,120,1,2,2,331339,196616,119781,190352,0,21206,36870,27966,0,131780,0,143,2138,423,0,0,19272,0,0,0,64,0
0,127608,127725,file_anon_mix_p,3652,3652,3654,120,1,2,2,331378,196616,119333,190352,0,21693,36870,27966,0,131780,0,143,2138,423,0,0,19699,0,0,0,64,0
0,127608,127725,file_anon_mix_p,3652,3652,3654,120,1,2,2,331351,196616,119077,190352,0,21922,36870,27966,0,131780,0,143,2138,423,0,0,19990,0,0,0,64,0
0,127608,127725,file_anon_mix_p,3652,3652,3654,120,1,2,2,331441,196616,118693,190352,0,22396,36870,27966,0,131780,0,143,2138,423,0,0,20369,0,0,0,64,0
0,127608,127725,file_anon_mix_p,3652,3652,3654,120,1,2,2,331398,196616,118373,190352,0,22673,36870,27966,0,131780,0,143,2138,423,0,0,20663,0,0,0,64,0
0,127608,127725,file_anon_mix_p,3652,3652,3654,120,1,2,2,331419,196616,118117,190352,0,22950,36870,27966,0,131780,0,143,2138,423,0,0,20951,0,0,0,64,0
0,127608,127725,file_anon_mix_p,3652,3652,3654,120,1,2,2,331337,196616,117797,190352,0,23188,36870,27966,0,131780,0,143,2138,423,0,0,21223,0,0,0,64,0
0,127608,127725,file_anon_mix_p,3652,3652,3654,120,1,2,2,331285,196616,117541,190352,0,23392,36870,27966,0,131780,0,143,2138,423,0,0,21494,0,0,0,64,0
0,127608,127725,file_anon_mix_p,3652,3652,3654,120,1,2,2,331377,196616,117157,190352,0,23868,36870,27966,0,131780,0,143,2138,423,0,0,21905,0,0,0,64,0
0,127608,127725,file_anon_mix_p,3652,3652,3654,120,2,2,2,331450,196616,115598,190353,0,25499,36870,27966,0,131780,0,143,2138,423,0,0,22007,0,0,0,2,0
0,127608,127725,file_anon_mix_p,3652,3652,3654,120,4,2,2,331512,196616,115213,190353,0,25946,36870,27966,0,131780,0,143,2138,423,0,0,22009,0,0,0,0,0
0,127608,127725,file_anon_mix_p,3652,3652,3654,120,8,2,2,331496,196616,114317,190353,0,26826,36870,27966,0,131780,0,143,2138,423,0,0,22010,0,0,0,11,0
0,127608,127725,file_anon_mix_p,3652,3652,3654,120,17,2,2,331431,196616,112824,190353,0,28254,36870,27966,0,131780,0,143,2138,423,0,0,22026,0,0,0,0,0
0,127608,127725,file_anon_mix_p,3652,3652,3654,120,7,2,2,331485,196616,110445,190353,0,30687,36870,27966,0,131780,0,143,2138,423,0,0,22031,0,0,0,32,0
0,127608,127725,file_anon_mix_p,3652,3652,3654,120,1,2,2,331495,196616,108964,190353,0,32178,36870,27966,0,131780,0,143,2138,423,0,0,22244,0,0,0,64,0
0,127608,127725,file_anon_mix_p,3652,3652,3654,120,1,2,2,331879,196616,108324,190353,0,33202,36870,27966,0,131780,0,143,2138,423,0,0,22889,0,0,0,64,0
0,121783,121783,watch,3652,3652,3654,120,1,2,2,331847,196616,107940,190353,0,33554,36870,27966,0,131780,0,143,2138,423,0,0,23234,0,0,0,64,0
0,127754,127754,sh,3652,3652,3654,120,1,2,2,331912,196616,107492,190353,0,34067,36870,27966,0,131780,0,143,2138,423,0,0,23720,0,0,0,64,0
0,127608,127725,file_anon_mix_p,3652,3652,3654,120,1,2,2,331879,196616,107300,190353,0,34226,36870,27966,0,131780,0,143,2138,423,0,0,23898,0,0,0,64,0
0,127608,127725,file_anon_mix_p,3652,3652,3654,120,1,2,2,331371,196616,104868,190353,0,36150,36870,27966,0,131780,0,143,2138,423,0,0,26319,0,0,0,64,0
0,127608,127725,file_anon_mix_p,3652,3652,3654,120,1,2,2,331753,196616,104292,190353,0,37108,36870,27966,0,131780,0,143,2138,423,0,0,26883,0,0,0,64,0
0,127608,127725,file_anon_mix_p,3652,3652,3654,120,1,2,2,332007,196616,103844,190353,0,37810,36870,27966,0,131780,0,143,2138,423,0,0,27337,0,0,0,64,0
0,127608,127725,file_anon_mix_p,3652,3652,3654,120,1,2,2,332135,196616,103460,190353,0,38322,36870,27966,0,131780,0,143,2138,423,0,0,27739,0,0,0,64,0
0,127608,127725,file_anon_mix_p,3652,3652,3654,120,1,2,2,332184,196616,103012,190353,0,38819,36870,27966,0,131780,0,143,2138,423,0,0,28162,0,0,0,64,0
0,127608,127725,file_anon_mix_p,3652,3652,3654,120,1,2,2,332007,196616,102820,190353,0,38834,36870,27966,0,131780,0,143,2138,423,0,0,28354,0,0,0,64,0
0,127608,127725,file_anon_mix_p,3652,3652,3654,120,1,2,2,332199,196616,102500,190353,0,39346,36870,27966,0,131780,0,143,2138,423,0,0,28720,0,0,0,64,0
0,127608,127725,file_anon_mix_p,3652,3652,3654,120,1,2,2,332263,196616,102052,190353,0,39858,36870,27966,0,131780,0,143,2138,423,0,0,29122,0,0,0,64,0
0,127608,127725,file_anon_mix_p,3652,3652,3654,120,1,2,2,332455,196616,101732,190353,0,40370,36870,27966,0,131780,0,143,2138,423,0,0,29499,0,0,0,64,0
0,60,60,jbd2/sda-8,3652,3652,3654,120,1,2,2,332460,196616,101348,190353,0,40759,36870,27966,0,131780,0,143,2138,423,0,0,29869,0,0,0,64,0
0,127608,127725,file_anon_mix_p,3652,3652,3654,120,1,2,2,332547,196616,100964,190353,0,41230,36870,27966,0,131780,0,143,2138,423,0,0,30210,0,0,0,64,0
0,127608,127725,file_anon_mix_p,3652,3652,3654,120,1,2,2,332724,196616,100644,190353,0,41727,36870,27966,0,131780,0,143,2138,423,0,0,30583,0,0,0,64,0
0,127608,127725,file_anon_mix_p,3652,3652,3654,120,1,2,2,332647,196616,100388,190353,0,41906,36870,27966,0,131780,0,143,2138,423,0,0,30797,0,0,0,64,0
0,127608,127725,file_anon_mix_p,3652,3652,3654,120,1,2,2,332706,196616,100004,190353,0,42349,36870,27966,0,131780,0,143,2138,423,0,0,31193,0,0,0,64,0
0,127608,127725,file_anon_mix_p,3652,3652,3654,120,1,2,2,332583,196616,99812,190353,0,42418,36870,27966,0,131780,0,143,2138,423,0,0,31381,0,0,0,64,0
0,127608,127725,file_anon_mix_p,3652,3652,3654,120,1,2,2,332711,196616,99428,190353,0,42930,36870,27966,0,131780,0,143,2138,423,0,0,31785,0,0,0,64,0
0,127608,127725,file_anon_mix_p,3652,3652,3654,120,1,2,2,332770,196616,99044,190353,0,43373,36870,27966,0,131780,0,143,2138,423,0,0,32141,0,0,0,64,0
0,127608,127725,file_anon_mix_p,3652,3652,3654,120,1,2,2,332647,196616,98852,190353,0,43442,36870,27966,0,131780,0,143,2138,423,0,0,32349,0,0,0,64,0
0,127608,127725,file_anon_mix_p,3652,3652,3654,120,1,2,2,332775,196616,98468,190353,0,43954,36870,27966,0,131780,0,143,2138,423,0,0,32718,0,0,0,64,0
0,127608,127725,file_anon_mix_p,3652,3652,3654,120,1,2,2,332903,196616,98084,190353,0,44466,36870,27966,0,131780,0,143,2138,423,0,0,33106,0,0,0,64,0
0,127608,127725,file_anon_mix_p,3652,3652,3654,120,1,2,2,333144,196616,97700,190353,0,45091,36870,27966,0,131780,0,143,2138,423,0,0,33497,0,0,0,64,0
0,394,394,sshd-session,3652,3652,3654,120,1,2,2,332954,196616,97508,190353,0,45093,36870,27966,0,131780,0,143,2138,423,0,0,33694,0,0,0,64,0
0,127608,127725,file_anon_mix_p,3652,3652,3654,120,1,2,2,333031,196616,97188,190353,0,45490,36870,27966,0,131780,0,143,2138,423,0,0,33998,0,0,0,64,0
0,121783,121783,watch,3652,3652,3654,120,1,2,2,333039,196616,96868,190353,0,45818,36870,27966,0,131780,0,143,2138,423,0,0,34331,0,0,0,64,0
0,127608,127725,file_anon_mix_p,3652,3652,3654,120,1,2,2,333735,196616,95332,190352,0,48051,36870,27964,0,131782,0,143,2138,423,0,0,35902,0,0,0,64,0
0,394,394,sshd-session,3652,3652,3654,120,1,2,2,333671,196616,95268,190352,0,48051,36870,27964,0,131782,0,143,2138,423,0,0,35966,0,0,0,64,0
0,127608,127725,file_anon_mix_p,3652,3652,3654,120,1,2,2,334119,196616,95204,190352,0,48563,36870,27964,0,131782,0,143,2138,423,0,0,36030,0,0,0,64,0
0,45,45,kswapd0,3651,3651,3654,120,772,3,3,331596,196460,0,140268,190349,979,24420,36869,27966,107205,0,287,4247,715,0,0,30,113,0,0,31373,5
0,45,45,kswapd0,0,0,3,120,0,3,3,0,0,0,0,0,0,0,0,0,0,0,0,0,0,0,0,0,0,0,0,0,0
0,45,45,kswapd0,0,0,3,120,0,3,3,0,0,0,0,0,0,0,0,0,0,0,0,0,0,0,0,0,0,0,0,0,0
0,45,45,kswapd0,0,0,3,120,0,3,3,0,0,0,0,0,0,0,0,0,0,0,0,0,0,0,0,0,0,0,0,0,0
0,45,45,kswapd0,0,0,3,120,0,3,3,0,0,0,0,0,0,0,0,0,0,0,0,0,0,0,0,0,0,0,0,0,0
0,127608,127725,file_anon_mix_p,160,160,163,120,0,3,3,3,49,1,0,2,0,15,9,25,0,0,0,11,61,0,0,1,0,0,0,0,0
0,127608,127725,file_anon_mix_p,152,152,154,120,0,2,2,9,31,9,0,0,0,18,13,0,0,0,0,13,29,0,0,0,42,0,0,0,0
0,127608,127725,file_anon_mix_p,5239,5239,5242,120,0,3,3,33,18,0,30,3,0,3,5,10,0,0,0,1,0,0,0,0,12,0,0,0,0
0,127608,127725,file_anon_mix_p,4018,4018,4020,120,0,2,2,53,66,44,5,0,4,7,2,0,57,1,0,2,6,0,1,0,6,0,0,0,0
0,127608,127725,file_anon_mix_p,0,0,3,120,0,3,3,0,0,0,0,0,0,0,0,0,0,0,0,0,0,0,0,0,0,0,0,0,0
0,127608,127725,file_anon_mix_p,0,0,3,120,0,3,3,0,0,0,0,0,0,0,0,0,0,0,0,0,0,0,0,0,0,0,0,0,0
0,127608,127725,file_anon_mix_p,5,5,7,120,0,2,2,0,0,0,0,0,0,0,0,0,0,0,0,27,0,0,0,2,0,0,0,0,0
0,127608,127725,file_anon_mix_p,6,7,9,120,0,3,2,0,0,0,0,0,0,0,0,0,0,0,0,0,1,0,0,0,22,0,0,0,0
0,127608,127725,file_anon_mix_p,0,0,3,120,0,3,3,0,0,0,0,0,0,0,0,0,0,0,0,0,0,0,0,0,0,0,0,0,0
0,127608,127725,file_anon_mix_p,0,0,3,120,0,3,3,0,0,0,0,0,0,0,0,0,0,0,0,0,0,0,0,0,0,0,0,0,0
0,127608,127725,file_anon_mix_p,252,252,254,120,0,2,2,22,28,22,0,0,0,0,12,0,16,0,0,1,17,0,0,0,15,0,0,0,0
0,127608,127725,file_anon_mix_p,0,0,3,120,0,3,3,0,0,0,0,0,0,0,0,0,0,0,0,0,0,0,0,0,0,0,0,0,0
0,127608,127725,file_anon_mix_p,0,0,3,120,0,3,3,0,0,0,0,0,0,0,0,0,0,0,0,0,0,0,0,0,0,0,0,0,0
0,127608,127725,file_anon_mix_p,0,0,3,120,0,3,3,0,0,0,0,0,0,0,0,0,0,0,0,0,0,0,0,0,0,0,0,0,0
0,127608,127725,file_anon_mix_p,14,14,17,120,0,3,3,5,0,0,0,1,4,0,0,0,0,0,0,96,0,0,0,3,0,0,0,0,0
0,127608,127725,file_anon_mix_p,5275,5275,5278,120,0,3,3,112,453,36,5,36,35,95,78,227,53,0,25,3,90,0,0,10,115,5,53,0,0
0,127608,127725,file_anon_mix_p,5239,5239,5242,120,0,3,3,33,18,0,30,3,0,3,5,10,0,0,0,1,0,0,0,0,12,0,0,0,0
0,45,45,kswapd0,3981,3981,3983,120,7,2,2,1565,1461,1107,357,0,101,350,682,0,429,0,0,1,36,0,0,0,318,0,0,49,240
0,45,45,kswapd0,0,0,3,120,0,3,3,0,0,0,0,0,0,0,0,0,0,0,0,0,0,0,0,0,0,0,0,0,0
0,45,45,kswapd0,128,128,130,120,0,2,2,28,0,1,14,0,13,0,0,0,0,0,0,5,0,0,0,12,0,0,0,0,0
0,45,45,kswapd0,0,0,3,120,0,3,3,0,0,0,0,0,0,0,0,0,0,0,0,0,0,0,0,0,0,0,0,0,0
0,45,45,kswapd0,0,0,3,120,0,3,3,0,0,0,0,0,0,0,0,0,0,0,0,0,0,0,0,0,0,0,0,0,0
0,127608,127725,file_anon_mix_p,0,0,3,120,0,3,3,0,0,0,0,0,0,0,0,0,0,0,0,0,0,0,0,0,0,0,0,0,0
0,127608,127725,file_anon_mix_p,14,14,17,120,0,3,3,5,0,0,0,1,4,0,0,0,0,0,0,96,0,0,0,3,0,0,0,0,0
0,127608,127725,file_anon_mix_p,1112,1112,1115,120,0,3,3,0,25,0,0,0,0,0,0,25,0,0,0,15,15,0,0,0,0,0,0,0,0
0,127608,127725,file_anon_mix_p,7,7,10,120,0,3,3,0,1,0,0,0,0,0,1,0,0,0,0,7,6,0,0,1,0,0,0,0,0
0,127608,127725,file_anon_mix_p,0,0,3,120,0,3,3,0,0,0,0,0,0,0,0,0,0,0,0,0,0,0,0,0,0,0,0,0,0
0,127608,127725,file_anon_mix_p,40,40,42,120,0,2,2,4,0,2,0,0,2,0,0,0,0,0,0,3,0,0,0,0,0,0,0,0,0
0,127608,127725,file_anon_mix_p,147,147,149,120,0,2,2,11,1,6,0,0,5,0,0,0,1,0,0,8,4,0,0,2,11,0,0,0,0
0,127608,127725,file_anon_mix_p,10,10,12,120,0,2,2,1,0,1,0,0,0,0,0,0,0,0,0,0,1,0,0,59,0,0,0,0,0
0,127608,127725,file_anon_mix_p,1513,1513,1516,120,0,3,3,1,15,1,0,0,0,0,1,14,0,0,0,18,64,0,0,3,6,0,0,0,0
0,127608,127725,file_anon_mix_p,0,0,3,120,0,3,3,0,0,0,0,0,0,0,0,0,0,0,0,0,0,0,0,0,0,0,0,0,0
0,45,45,kswapd0,160,160,163,120,1,3,3,3,49,1,0,2,0,15,9,25,0,0,0,11,61,0,0,1,0,0,0,0,15
0,45,45,kswapd0,4018,4018,4020,120,0,2,2,53,66,44,5,0,4,7,2,0,57,1,0,2,6,0,1,0,6,0,0,0,0
0,45,45,kswapd0,6,7,9,120,0,3,2,0,0,0,0,0,0,0,0,0,0,0,0,0,1,0,0,0,22,0,0,0,0
0,45,45,kswapd0,0,0,3,120,0,3,3,0,0,0,0,0,0,0,0,0,0,0,0,0,0,0,0,0,0,0,0,0,0
0,45,45,kswapd0,0,0,3,120,0,3,3,0,0,0,0,0,0,0,0,0,0,0,0,0,0,0,0,0,0,0,0,0,0
0,394,394,sshd-session,3981,3981,3983,120,0,2,2,1516,1221,982,356,0,178,0,682,0,539,0,0,1,36,0,0,49,558,0,0,0,0
0,394,394,sshd-session,1513,1513,1516,120,0,3,3,1,15,1,0,0,0,0,1,14,0,0,0,18,64,0,0,3,6,0,0,0,0
0,394,394,sshd-session,160,160,163,120,0,3,3,3,34,1,0,2,0,0,9,25,0,0,0,11,61,0,0,1,15,0,0,0,0
0,394,394,sshd-session,5276,5276,5278,120,0,2,2,110,446,5,38,0,67,166,227,0,53,2,38,7,146,0,0,0,1,0,0,0,0
0,394,394,sshd-session,3981,3981,3983,120,0,2,2,1516,1221,982,356,0,178,0,682,0,539,0,0,1,36,0,0,49,558,0,0,0,0
0,394,394,sshd-session,1147,1147,1150,120,0,3,3,76,106,5,0,0,71,1,19,0,86,0,0,5,10,0,0,0,2,0,0,0,0
0,394,394,sshd-session,152,152,154,120,0,2,2,9,31,9,0,0,0,18,13,0,0,0,0,13,29,0,0,0,42,0,0,0,0
0,394,394,sshd-session,1112,1112,1115,120,0,3,3,0,25,0,0,0,0,0,0,25,0,0,0,15,15,0,0,0,0,0,0,0,0
0,394,394,sshd-session,10,10,12,120,0,2,2,1,0,1,0,0,0,0,0,0,0,0,0,0,1,0,0,59,0,0,0,0,0
0,394,394,sshd-session,0,0,3,120,0,3,3,0,0,0,0,0,0,0,0,0,0,0,0,0,0,0,0,0,0,0,0,0,0
0,394,394,sshd-session,0,0,3,120,0,3,3,0,0,0,0,0,0,0,0,0,0,0,0,0,0,0,0,0,0,0,0,0,0
0,394,394,sshd-session,0,0,3,120,0,3,3,0,0,0,0,0,0,0,0,0,0,0,0,0,0,0,0,0,0,0,0,0,0
0,394,394,sshd-session,0,0,3,120,0,3,3,0,0,0,0,0,0,0,0,0,0,0,0,0,0,0,0,0,0,0,0,0,0
0,394,394,sshd-session,0,0,3,120,0,3,3,0,0,0,0,0,0,0,0,0,0,0,0,0,0,0,0,0,0,0,0,0,0
0,394,394,sshd-session,0,0,3,120,0,3,3,0,0,0,0,0,0,0,0,0,0,0,0,0,0,0,0,0,0,0,0,0,0
0,394,394,sshd-session,40,40,42,120,0,2,2,4,0,2,0,0,2,0,0,0,0,0,0,3,0,0,0,0,0,0,0,0,0
0,394,394,sshd-session,0,0,3,120,0,3,3,0,0,0,0,0,0,0,0,0,0,0,0,0,0,0,0,0,0,0,0,0,0
0,394,394,sshd-session,0,0,3,120,0,3,3,0,0,0,0,0,0,0,0,0,0,0,0,0,0,0,0,0,0,0,0,0,0
0,394,394,sshd-session,252,252,254,120,0,2,2,22,28,22,0,0,0,0,12,0,16,0,0,1,17,0,0,0,15,0,0,0,0
0,394,394,sshd-session,147,147,149,120,0,2,2,11,1,6,0,0,5,0,0,0,1,0,0,8,4,0,0,2,11,0,0,0,0
0,394,394,sshd-session,0,0,3,120,0,3,3,0,0,0,0,0,0,0,0,0,0,0,0,0,0,0,0,0,0,0,0,0,0
0,45,45,kswapd0,5275,5275,5278,120,2,3,3,112,453,36,5,36,35,95,78,227,53,0,25,3,90,0,0,10,115,5,53,2,3
0,45,45,kswapd0,1147,1147,1150,120,1,3,3,76,106,5,0,0,71,1,19,0,86,0,0,5,10,0,0,0,2,0,0,0,0
0,127608,127725,file_anon_mix_p,3652,3652,3655,120,1,3,3,334865,196616,95140,190349,48749,627,36863,27120,132633,0,0,143,2138,423,0,0,36094,0,0,0,64,0
0,127608,127725,file_anon_mix_p,3652,3652,3655,120,1,3,3,334887,196616,94949,190348,48749,841,36863,27120,132633,0,0,143,2138,423,0,0,36226,0,0,0,64,0
0,394,394,sshd-session,3652,3652,3655,120,1,3,3,334806,196616,95077,190348,48749,632,36863,27120,132633,0,0,143,2138,423,0,0,36125,0,0,0,64,0
0,127608,127725,file_anon_mix_p,3652,3652,3655,120,1,3,3,334951,196616,94501,190348,48749,1353,36863,27120,132633,0,0,143,2138,423,0,0,36707,0,0,0,64,0
0,127608,127725,file_anon_mix_p,3652,3652,3655,120,1,3,3,335143,196616,94181,190348,48749,1865,36863,27120,132633,0,0,143,2138,423,0,0,37031,0,0,0,64,0
0,127608,127725,file_anon_mix_p,3652,3652,3655,120,1,3,3,335202,196616,93861,190348,48749,2244,36863,27120,132633,0,0,143,2138,423,0,0,37330,0,0,0,64,0
0,127608,127725,file_anon_mix_p,3652,3652,3655,120,1,3,3,335079,196616,93605,190348,48749,2377,36863,27120,132633,0,0,143,2138,423,0,0,37591,0,0,0,64,0
0,126930,126930,mglru_monitor,3652,3652,3655,120,1,3,3,334887,196616,93413,190348,48749,2377,36863,27120,132633,0,0,143,2138,423,0,0,37781,0,0,0,64,0
0,127608,127725,file_anon_mix_p,3652,3652,3655,120,1,3,3,335079,196616,93093,190348,48749,2889,36863,27120,132633,0,0,143,2138,423,0,0,38120,0,0,0,64,0
0,127608,127725,file_anon_mix_p,3652,3652,3655,120,1,3,3,335207,196616,92709,190348,48749,3401,36863,27120,132633,0,0,143,2138,423,0,0,38484,0,0,0,64,0
0,127608,127725,file_anon_mix_p,3652,3652,3655,120,1,3,3,335079,196616,92581,190348,48749,3401,36863,27120,132633,0,0,143,2138,423,0,0,38641,0,0,0,39,0
0,127608,127725,file_anon_mix_p,3652,3652,3655,120,1,3,3,335231,196616,92297,190348,48749,3837,36863,27120,132633,0,0,143,2138,423,0,0,38874,0,0,0,64,0
0,394,394,sshd-session,3652,3652,3655,120,1,3,3,334950,196616,91819,190348,48749,4034,36863,27120,132633,0,0,143,2138,423,0,0,39226,0,0,0,64,0
0,127608,127725,file_anon_mix_p,3652,3652,3655,120,2,3,3,335108,196616,92041,190348,48749,3970,36863,27120,132633,0,0,143,2138,423,0,0,39126,0,0,0,94,0
0,127608,127725,file_anon_mix_p,3652,3652,3655,120,1,3,3,334976,196616,91301,190348,48749,4578,36863,27120,132633,0,0,143,2138,423,0,0,39721,0,0,0,64,0
0,127608,127725,file_anon_mix_p,3652,3652,3655,120,1,3,3,335135,196616,90916,190348,48749,5122,36863,27120,132633,0,0,143,2138,423,0,0,40071,0,0,0,33,0
0,127608,127725,file_anon_mix_p,3652,3652,3655,120,1,3,3,335102,196616,90851,190348,48749,5154,36863,27120,132633,0,0,143,2138,423,0,0,40124,0,0,0,64,0
0,394,394,sshd-session,3652,3652,3655,120,1,3,3,334974,196616,90723,190348,48749,5154,36863,27120,132633,0,0,143,2138,423,0,0,40294,0,0,0,64,0
0,127608,127725,file_anon_mix_p,3652,3652,3655,120,1,3,3,335033,196616,90339,190348,48749,5597,36863,27120,132633,0,0,143,2138,423,0,0,40615,0,0,0,36,0
0,127608,127725,file_anon_mix_p,3652,3652,3655,120,1,3,3,335004,196616,90170,190348,48749,5737,36863,27120,132633,0,0,143,2138,423,0,0,40714,0,0,0,64,0
0,127608,127725,file_anon_mix_p,3652,3652,3655,120,1,3,3,335127,196616,89914,190348,48749,6116,36863,27120,132633,0,0,143,2138,423,0,0,40978,0,0,0,43,0
0,394,394,sshd-session,3652,3652,3655,120,1,3,3,335036,196616,89775,190348,48749,6164,36863,27120,132633,0,0,143,2138,423,0,0,41109,0,0,0,64,0
0,127608,127725,file_anon_mix_p,3652,3652,3655,120,1,3,3,335025,196616,89647,190348,48749,6281,36863,27120,132633,0,0,143,2138,423,0,0,41208,0,0,0,59,0
0,127608,127725,file_anon_mix_p,3652,3652,3655,120,1,3,3,335166,196616,89208,190348,48749,6861,36863,27120,132633,0,0,143,2138,423,0,0,41605,0,0,0,61,0
0,127608,127725,file_anon_mix_p,3652,3652,3655,120,1,3,3,335052,196616,89051,190348,48749,6904,36863,27120,132633,0,0,143,2138,423,0,0,41732,0,0,0,64,0
0,127608,127725,file_anon_mix_p,3652,3652,3655,120,1,3,3,335177,196616,88765,190348,48749,7315,36863,27120,132633,0,0,143,2138,423,0,0,41990,0,0,0,63,0
0,127608,127725,file_anon_mix_p,3652,3652,3655,120,1,3,3,335055,196616,88478,190348,48749,7480,36863,27120,132633,0,0,143,2138,423,0,0,42218,0,0,0,64,0
0,127608,127725,file_anon_mix_p,3652,3652,3655,120,1,3,3,335145,196616,88157,190348,48749,7891,36863,27120,132633,0,0,143,2138,423,0,0,42498,0,0,0,46,0
0,127608,127725,file_anon_mix_p,3652,3652,3655,120,1,3,3,335133,196616,87948,190348,48749,8088,36863,27120,132633,0,0,143,2138,423,0,0,42644,0,0,0,64,0
0,127608,127725,file_anon_mix_p,3652,3652,3655,120,1,3,3,335256,196616,87692,190348,48749,8467,36863,27120,132633,0,0,143,2138,423,0,0,42931,0,0,0,36,0
0,127608,127725,file_anon_mix_p,3652,3652,3655,120,1,3,3,335289,196616,87560,190348,48749,8632,36863,27120,132633,0,0,143,2138,423,0,0,43042,0,0,0,64,0
0,127608,127725,file_anon_mix_p,3652,3652,3655,120,1,3,3,335097,196616,87368,190348,48749,8632,36863,27120,132633,0,0,143,2138,423,0,0,43207,0,0,0,64,0
0,127608,127725,file_anon_mix_p,3652,3652,3655,120,1,3,3,335099,196616,86959,190348,48749,9043,36863,27120,132633,0,0,143,2138,423,0,0,43590,0,0,0,64,0
0,394,394,sshd-session,3652,3652,3655,120,1,3,3,334997,196616,86825,190348,48749,9075,36863,27120,132633,0,0,143,2138,423,0,0,43696,0,0,0,64,0
0,127608,127725,file_anon_mix_p,3652,3652,3655,120,2,3,3,335059,196616,86697,190348,48749,9265,36863,27120,132633,0,0,143,2138,423,0,0,43781,0,0,0,90,0
0,121783,121783,watch,3652,3652,3655,120,1,3,3,334995,196616,86633,190348,48749,9265,36863,27120,132633,0,0,143,2138,423,0,0,43803,0,0,0,46,0
0,121783,121783,watch,3652,3652,3655,120,1,3,3,334948,196616,86256,190348,48749,9595,36863,27120,132633,0,0,143,2138,423,0,0,44170,0,0,0,64,0
0,127608,127725,file_anon_mix_p,3652,3652,3655,120,1,3,3,335058,196616,86128,190348,48749,9833,36863,27120,132633,0,0,143,2138,423,0,0,44257,0,0,0,64,0
0,127578,127578,kworker/0:0,3652,3652,3655,120,3,3,3,335056,196616,85844,190348,48749,10115,36863,27120,132633,0,0,143,2138,423,0,0,44522,0,1,0,0,0
0,127578,127578,kworker/0:0,0,0,3,120,0,3,3,0,0,0,0,0,0,0,0,0,0,0,0,0,0,0,0,0,0,0,0,0,0
0,127578,127578,kworker/0:0,5,5,7,120,0,2,2,0,0,0,0,0,0,0,0,0,0,0,0,27,0,0,0,2,0,0,0,0,0
0,127578,127578,kworker/0:0,0,0,3,120,0,3,3,0,0,0,0,0,0,0,0,0,0,0,0,0,0,0,0,0,0,0,0,0,0
0,127578,127578,kworker/0:0,7,7,10,120,0,3,3,0,1,0,0,0,0,0,1,0,0,0,0,7,6,0,0,1,0,0,0,0,0
0,127578,127578,kworker/0:0,3652,3652,3655,120,4,3,3,335083,196616,85716,190348,48749,10270,35112,27120,132633,1751,0,143,2138,423,0,0,44624,0,1,0,0,0
0,127760,127760,sh,3652,3652,3655,120,1,3,3,335083,196552,85716,190348,48749,10270,34800,27120,132633,1999,0,143,2138,423,0,0,44653,0,1,0,64,0
0,127578,127578,kworker/0:0,3652,3652,3655,120,8,3,3,334903,196616,85396,190348,48749,10410,32310,27120,132633,4553,0,143,2138,423,0,0,44830,0,1,0,0,0
0,127608,127725,file_anon_mix_p,3652,3652,3655,120,1,3,3,335031,196552,85524,190348,48749,10410,32638,27120,132633,4161,0,143,2138,423,0,0,44792,0,1,0,64,0
0,394,394,sshd-session,3652,3652,3655,120,1,3,3,334903,196552,85396,190348,48749,10410,31767,27120,132633,5032,0,143,2138,423,0,0,44897,0,1,0,64,0
0,127578,127578,kworker/0:0,3652,3652,3655,120,16,3,3,334714,196616,85175,190348,48749,10442,30030,27120,132633,6833,0,143,2138,423,0,0,45073,0,1,0,0,0
0,127578,127578,kworker/0:0,3652,3652,3655,120,31,3,3,334493,196616,84735,190348,48749,10661,25472,27120,132633,11391,0,143,2138,423,0,0,45476,0,1,0,0,1
0,127761,127761,sh,3652,3652,3655,120,1,3,3,334826,196551,84479,190348,48749,11250,21556,27124,132633,15238,0,143,2138,423,0,4,45773,1,1,0,64,0
0,127578,127578,kworker/0:0,3652,3652,3655,120,62,3,3,334735,196615,84543,190348,48749,11095,22832,27124,132633,14026,0,143,2138,423,0,4,45673,1,1,0,0,0
0,127608,127725,file_anon_mix_p,3652,3652,3655,120,1,3,3,334881,196551,84222,190348,48749,11562,19894,27130,132633,16894,0,143,2138,423,0,4,45962,1,1,0,64,0
0,127761,127761,cat,3652,3652,3655,120,1,3,3,334689,196555,84030,190348,48749,11562,17113,27124,132633,19685,0,143,2138,423,0,4,46159,1,1,0,64,0
0,127578,127578,kworker/0:0,3652,3652,3655,120,125,3,3,334753,196615,84094,190348,48749,11562,18224,27124,132633,18634,0,143,2138,423,0,4,46092,1,1,0,0,0
0,127761,127761,cat,3652,3652,3655,120,1,3,3,334561,196551,83644,190348,48749,11820,10506,27124,132633,26288,0,143,2138,423,0,4,46550,1,1,0,64,0
0,127761,127761,cat,3652,3652,3655,120,1,3,3,334463,196557,83260,190348,48749,12106,6803,27135,132633,29986,0,143,2138,423,0,4,46863,1,1,0,64,0
0,127608,127725,file_anon_mix_p,3652,3652,3655,120,2,3,3,334527,196615,83324,190348,48749,12106,7287,27124,132633,29571,0,143,2138,423,0,4,46827,1,1,0,70,0
0,127578,127578,kworker/0:0,3652,3652,3655,120,132,3,3,334469,196615,83452,190348,48749,11920,9261,27124,132633,27597,0,143,2138,423,0,4,46705,1,1,0,0,0
0,127578,127578,kworker/0:0,3652,3652,3655,120,1,3,3,334200,196615,82652,190348,48749,12451,0,27125,132633,36857,0,143,2138,423,0,4,47433,1,1,0,0,0
0,127578,127578,kworker/0:0,3652,3652,3655,120,1,3,3,334200,196615,82652,190348,48749,12451,0,27125,132633,36857,0,143,2138,423,0,4,47434,1,1,0,0,0
0,127578,127578,kworker/0:0,3652,3652,3655,120,1,3,3,334224,196615,82644,190348,48749,12483,0,27125,132633,36857,0,143,2138,423,0,4,47437,1,1,0,0,0
0,127578,127578,kworker/0:0,3652,3652,3655,120,1,3,3,334209,196615,82629,190348,48749,12483,0,27125,132633,36857,0,143,2138,423,0,4,47437,1,1,0,0,0
0,127578,127578,kworker/0:0,3652,3652,3655,120,1,3,3,334160,196615,82580,190348,48749,12483,0,27125,132633,36857,0,143,2138,423,0,4,47439,1,1,0,0,0
0,127608,127725,file_anon_mix_p,3652,3652,3655,120,1,3,3,334837,196615,81810,190348,48749,13930,0,27125,132633,36857,0,143,2138,423,0,4,48063,1,1,0,64,0
0,127608,127725,file_anon_mix_p,3652,3652,3655,120,1,3,3,334960,196615,81554,190348,48749,14309,0,27125,132633,36857,0,143,2138,423,0,4,48339,1,1,0,64,0
0,127608,127725,file_anon_mix_p,3652,3652,3655,120,1,3,3,334901,196615,81362,190348,48749,14442,0,27125,132633,36857,0,143,2138,423,0,4,48499,1,1,0,64,0
0,127608,127725,file_anon_mix_p,3652,3652,3655,120,1,3,3,335016,196615,80978,190348,48749,14941,0,27125,132633,36857,0,143,2138,423,0,4,48915,1,1,0,64,0
0,127608,127725,file_anon_mix_p,3652,3652,3655,120,1,3,3,334901,196615,80850,190348,48749,14954,0,27125,132633,36857,0,143,2138,423,0,4,49057,1,1,0,52,0
0,127608,127725,file_anon_mix_p,3652,3652,3655,120,1,3,3,334954,196615,80416,190348,48749,15441,0,27125,132633,36857,0,143,2138,423,0,4,49394,1,1,0,64,0
0,127608,127725,file_anon_mix_p,3652,3652,3655,120,1,3,3,334895,196615,80224,190348,48749,15574,0,27125,132633,36857,0,143,2138,423,0,4,49553,1,1,0,64,0
0,127608,127725,file_anon_mix_p,3652,3652,3655,120,1,3,3,334912,196615,79798,190348,48749,16017,0,27125,132633,36857,0,143,2138,423,0,4,49927,1,1,0,64,0
0,127608,127725,file_anon_mix_p,3652,3652,3655,120,1,3,3,334853,196615,79606,190348,48749,16150,0,27125,132633,36857,0,143,2138,423,0,4,50068,1,1,0,64,0
0,126930,126930,mglru_monitor,3652,3652,3655,120,2,3,3,334877,196615,79670,190348,48749,16110,0,27125,132633,36857,0,143,2138,423,0,4,50063,1,1,0,68,0
0,127608,127725,file_anon_mix_p,3652,3652,3655,120,1,3,3,334946,196615,79256,190378,48749,16563,0,27125,132633,36857,0,143,2138,423,0,4,50336,1,1,0,64,0
0,126930,126930,mglru_monitor,3652,3652,3655,120,1,3,3,334908,196615,79192,190378,48749,16589,0,27125,132633,36857,0,143,2138,423,0,4,50418,1,1,0,64,0
0,127608,127725,file_anon_mix_p,3652,3652,3655,120,1,3,3,334791,196615,78910,190378,48749,16754,0,27125,132633,36857,0,143,2138,423,0,4,50661,1,1,0,64,0
0,127608,127725,file_anon_mix_p,3652,3652,3655,120,1,3,3,334699,196615,78406,190378,48749,17166,0,27125,132633,36857,0,143,2138,423,0,4,51089,1,1,0,64,0
0,127608,127725,file_anon_mix_p,3652,3652,3655,120,1,3,3,334657,196615,78136,190378,48749,17394,0,27125,132633,36857,0,143,2138,423,0,4,51306,1,1,0,64,0
0,127608,127725,file_anon_mix_p,3652,3652,3655,120,1,3,3,334816,196615,77700,190378,48749,17989,0,27125,132633,36857,0,143,2138,423,0,4,51647,1,1,0,64,0
0,127608,127725,file_anon_mix_p,3652,3652,3655,120,1,3,3,334955,196615,77288,190378,48749,18540,0,27125,132633,36857,0,143,2138,423,0,4,52069,1,1,0,42,0
0,127608,127725,file_anon_mix_p,3652,3652,3655,120,1,3,3,335048,196615,76948,190378,48749,18973,0,27125,132633,36857,0,143,2138,423,0,4,52367,1,1,0,64,0
0,127608,127725,file_anon_mix_p,3652,3652,3655,120,1,3,3,334967,196615,76670,190378,48749,19170,0,27125,132633,36857,0,143,2138,423,0,4,52566,1,1,0,64,0
0,127608,127725,file_anon_mix_p,3652,3652,3655,120,1,3,3,335044,196615,76304,190378,48749,19613,0,27125,132633,36857,0,143,2138,423,0,4,52889,1,1,0,64,0
0,127608,127725,file_anon_mix_p,3652,3652,3655,120,1,3,3,334864,196615,75959,190378,48749,19778,0,27125,132633,36857,0,143,2138,423,0,4,53170,1,1,0,64,0
0,127608,127725,file_anon_mix_p,3652,3652,3655,120,1,3,3,335003,196615,75522,190378,48749,20354,0,27125,132633,36857,0,143,2138,423,0,4,53527,1,1,0,64,0
0,127608,127725,file_anon_mix_p,3652,3652,3655,120,2,3,3,335066,196615,75174,190378,48749,20765,0,27125,132633,36857,0,143,2138,423,0,4,53847,1,1,0,94,0
0,127608,127725,file_anon_mix_p,3652,3652,3655,120,1,3,3,334913,196615,74824,190378,48749,20962,0,27125,132633,36857,0,143,2138,423,0,4,54130,1,1,0,64,0
0,127608,127725,file_anon_mix_p,3652,3652,3655,120,1,3,3,335037,196615,74537,190378,48749,21373,0,27125,132633,36857,0,143,2138,423,0,4,54389,1,1,0,64,0
0,127608,127725,file_anon_mix_p,3652,3652,3655,120,1,3,3,334912,196615,74205,190378,48749,21580,0,27125,132633,36857,0,143,2138,423,0,4,54644,1,1,0,64,0
0,127608,127725,file_anon_mix_p,3652,3652,3655,120,1,3,3,335035,196615,73949,190378,48749,21959,0,27125,132633,36857,0,143,2138,423,0,4,54901,1,1,0,63,0
0,127608,127725,file_anon_mix_p,3652,3652,3655,120,1,3,3,334898,196615,73614,190378,48749,22157,0,27125,132633,36857,0,143,2138,423,0,4,55159,1,1,0,64,0
0,121783,121783,watch,3652,3652,3655,120,1,3,3,334846,196615,72792,190348,48749,22957,0,27125,132633,36857,0,143,2138,423,0,4,55888,1,1,0,64,0
0,127608,127725,file_anon_mix_p,3652,3652,3655,120,1,3,3,335041,196615,72573,190348,48749,23371,0,27125,132633,36857,0,143,2138,423,0,4,56052,1,1,0,64,0
0,121783,121783,watch,3652,3652,3655,120,1,3,3,334849,196615,72381,190348,48749,23371,0,27125,132633,36857,0,143,2138,423,0,4,56229,1,1,0,64,0
0,127608,127725,file_anon_mix_p,3652,3652,3655,120,1,3,3,335062,196615,72018,190348,48749,23947,0,27125,132633,36857,0,143,2138,423,0,4,56565,1,1,0,55,0
0,127762,127762,watch,3652,3652,3655,120,1,3,3,334889,196615,71739,190348,48749,24053,0,27125,132633,36857,0,143,2138,423,0,4,56817,1,1,0,64,0
0,127608,127725,file_anon_mix_p,3652,3652,3655,120,1,3,3,334849,196615,71197,190348,48749,24555,0,27125,132633,36857,0,143,2138,423,0,4,57250,1,1,0,64,0
0,127608,127725,file_anon_mix_p,3652,3652,3655,120,1,3,3,334919,196615,70825,190348,48749,24997,0,27125,132633,36857,0,143,2138,423,0,4,57570,1,1,0,64,0
0,127763,127763,watch,3652,3652,3655,120,1,3,3,334785,196615,71261,190348,48749,24427,0,27125,132633,36857,0,143,2138,423,0,4,57246,1,1,0,64,0
0,127763,127763,sh,3652,3652,3655,120,1,3,3,334820,196615,70541,190348,48749,25182,0,27125,132633,36857,0,143,2138,423,0,4,57810,1,1,0,64,0
0,127764,127764,sh,3652,3652,3655,120,1,3,3,334482,196677,70112,190348,48749,25273,0,27125,132633,36919,0,143,2138,423,0,4,58182,1,7,0,64,0
0,45,45,kswapd0,3652,3652,3655,120,652,3,3,334742,196616,95013,190348,48749,632,36863,27120,132633,0,0,143,2138,423,0,0,36141,0,0,0,24602,0
0,45,45,kswapd0,128,128,131,120,0,3,3,40,0,1,14,13,12,0,0,0,0,0,0,5,0,0,0,12,0,0,0,0,0
0,45,45,kswapd0,0,0,3,120,0,3,3,0,0,0,0,0,0,0,0,0,0,0,0,0,0,0,0,0,0,0,0,0,0
0,45,45,kswapd0,0,0,3,120,0,3,3,0,0,0,0,0,0,0,0,0,0,0,0,0,0,0,0,0,0,0,0,0,0
0,45,45,kswapd0,3981,3981,3983,120,1,2,2,1529,1221,983,355,0,191,0,682,0,539,0,0,1,36,0,0,49,558,12,0,61,0
0,45,45,kswapd0,40,40,42,120,0,2,2,4,0,2,0,0,2,0,0,0,0,0,0,3,0,0,0,0,0,0,0,0,0
0,45,45,kswapd0,6,7,9,120,0,3,2,0,0,0,0,0,0,0,0,0,0,0,0,0,1,0,0,0,22,0,0,0,0
0,45,45,kswapd0,10,10,12,120,0,2,2,1,0,1,0,0,0,0,0,0,0,0,0,0,1,0,0,59,0,0,0,0,0
0,45,45,kswapd0,0,0,3,120,0,3,3,0,0,0,0,0,0,0,0,0,0,0,0,0,0,0,0,0,0,0,0,0,0
0,45,45,kswapd0,1148,1148,1151,120,1,3,3,76,106,0,0,76,0,20,0,86,0,0,0,2,5,0,0,0,0,0,0,0,0
0,45,45,kswapd0,5,5,7,120,0,2,2,0,0,0,0,0,0,0,0,0,0,0,0,27,0,0,0,2,0,0,0,0,0
0,45,45,kswapd0,10,10,12,120,0,2,2,1,0,1,0,0,0,0,0,0,0,0,0,0,1,0,0,59,0,0,0,0,0
0,45,45,kswapd0,14,14,17,120,0,3,3,5,0,0,0,1,4,0,0,0,0,0,0,96,0,0,0,3,0,0,0,0,0
0,45,45,kswapd0,4018,4018,4021,120,1,3,3,53,72,44,0,9,0,7,8,57,0,1,0,2,6,0,1,0,6,0,0,0,7
0,45,45,kswapd0,1513,1513,1516,120,0,3,3,1,15,1,0,0,0,0,1,14,0,0,0,18,64,0,0,3,6,0,0,0,0
0,45,45,kswapd0,0,0,3,120,0,3,3,0,0,0,0,0,0,0,0,0,0,0,0,0,0,0,0,0,0,0,0,0,0
0,45,45,kswapd0,0,0,3,120,0,3,3,0,0,0,0,0,0,0,0,0,0,0,0,0,0,0,0,0,0,0,0,0,0
0,45,45,kswapd0,6,7,9,120,0,3,2,0,0,0,0,0,0,0,0,0,0,0,0,0,1,0,0,0,22,0,0,0,0
0,45,45,kswapd0,0,0,3,120,0,3,3,0,0,0,0,0,0,0,0,0,0,0,0,0,0,0,0,0,0,0,0,0,0
0,45,45,kswapd0,1112,1112,1115,120,0,3,3,0,25,0,0,0,0,0,0,25,0,0,0,15,15,0,0,0,0,0,0,0,0
0,45,45,kswapd0,0,0,3,120,0,3,3,0,0,0,0,0,0,0,0,0,0,0,0,0,0,0,0,0,0,0,0,0,0
0,45,45,kswapd0,0,0,3,120,0,3,3,0,0,0,0,0,0,0,0,0,0,0,0,0,0,0,0,0,0,0,0,0,0
0,45,45,kswapd0,0,0,3,120,0,3,3,0,0,0,0,0,0,0,0,0,0,0,0,0,0,0,0,0,0,0,0,0,0
0,45,45,kswapd0,5276,5276,5278,120,1,2,2,111,450,7,35,0,69,166,227,0,57,2,38,7,146,0,0,0,3,0,0,0,26
0,45,45,kswapd0,0,0,3,120,0,3,3,0,0,0,0,0,0,0,0,0,0,0,0,0,0,0,0,0,0,0,0,0,0
0,45,45,kswapd0,0,0,3,120,0,3,3,0,0,0,0,0,0,0,0,0,0,0,0,0,0,0,0,0,0,0,0,0,0
0,45,45,kswapd0,0,0,3,120,0,3,3,0,0,0,0,0,0,0,0,0,0,0,0,0,0,0,0,0,0,0,0,0,0
0,45,45,kswapd0,128,128,131,120,0,3,3,40,0,1,14,13,12,0,0,0,0,0,0,5,0,0,0,12,0,0,0,0,0
0,45,45,kswapd0,0,0,3,120,0,3,3,0,0,0,0,0,0,0,0,0,0,0,0,0,0,0,0,0,0,0,0,0,0
0,45,45,kswapd0,160,160,163,120,0,3,3,3,34,1,0,2,0,0,9,25,0,0,0,11,61,0,0,1,15,0,0,0,0
0,45,45,kswapd0,0,0,3,120,0,3,3,0,0,0,0,0,0,0,0,0,0,0,0,0,0,0,0,0,0,0,0,0,0
0,45,45,kswapd0,252,252,254,120,0,2,2,22,28,22,0,0,0,0,12,0,16,0,0,1,17,0,0,0,15,0,0,0,0
0,45,45,kswapd0,0,0,3,120,0,3,3,0,0,0,0,0,0,0,0,0,0,0,0,0,0,0,0,0,0,0,0,0,0
0,45,45,kswapd0,5,5,7,120,0,2,2,0,0,0,0,0,0,0,0,0,0,0,0,27,0,0,0,2,0,0,0,0,0
0,45,45,kswapd0,14,14,17,120,0,3,3,5,0,0,0,1,4,0,0,0,0,0,0,96,0,0,0,3,0,0,0,0,0
0,45,45,kswapd0,0,0,3,120,0,3,3,0,0,0,0,0,0,0,0,0,0,0,0,0,0,0,0,0,0,0,0,0,0
0,45,45,kswapd0,5239,5239,5242,120,0,3,3,33,22,0,30,3,0,3,9,10,0,0,0,1,0,0,0,0,12,0,0,0,0
0,45,45,kswapd0,0,0,3,120,0,3,3,0,0,0,0,0,0,0,0,0,0,0,0,0,0,0,0,0,0,0,0,0,0
0,45,45,kswapd0,7,7,10,120,0,3,3,0,1,0,0,0,0,0,1,0,0,0,0,7,6,0,0,1,0,0,0,0,0
0,45,45,kswapd0,3653,3653,3656,120,69,3,3,243628,196681,1,4,12,243611,27125,23,169529,4,3,71,30840,213,0,0,6467,0,0,0,0,0
0,45,45,kswapd0,0,0,3,120,0,3,3,0,0,0,0,0,0,0,0,0,0,0,0,0,0,0,0,0,0,0,0,0,0
0,45,45,kswapd0,152,152,154,120,0,2,2,9,31,9,0,0,0,18,13,0,0,0,0,13,29,0,0,0,42,0,0,0,0
0,45,45,kswapd0,0,0,3,120,0,3,3,0,0,0,0,0,0,0,0,0,0,0,0,0,0,0,0,0,0,0,0,0,0
0,45,45,kswapd0,147,147,149,120,0,2,2,11,1,6,0,0,5,0,0,0,1,0,0,8,4,0,0,2,11,0,0,0,0
0,45,45,kswapd0,40,40,42,120,0,2,2,4,0,2,0,0,2,0,0,0,0,0,0,3,0,0,0,0,0,0,0,0,0
0,45,45,kswapd0,0,0,3,120,0,3,3,0,0,0,0,0,0,0,0,0,0,0,0,0,0,0,0,0,0,0,0,0,0
0,45,45,kswapd0,160,160,163,120,0,3,3,3,34,1,0,2,0,0,9,25,0,0,0,11,61,0,0,1,15,0,0,0,0
0,45,45,kswapd0,0,0,3,120,0,3,3,0,0,0,0,0,0,0,0,0,0,0,0,0,0,0,0,0,0,0,0,0,0
0,45,45,kswapd0,152,152,154,120,0,2,2,9,31,9,0,0,0,18,13,0,0,0,0,13,29,0,0,0,42,0,0,0,0
0,45,45,kswapd0,0,0,3,120,0,3,3,0,0,0,0,0,0,0,0,0,0,0,0,0,0,0,0,0,0,0,0,0,0
0,45,45,kswapd0,1513,1513,1516,120,0,3,3,1,15,1,0,0,0,0,1,14,0,0,0,18,64,0,0,3,6,0,0,0,0
0,45,45,kswapd0,4018,4018,4021,120,1,3,3,53,65,44,0,9,0,0,8,57,0,1,0,2,6,0,1,0,13,0,0,0,0
0,45,45,kswapd0,1112,1112,1115,120,0,3,3,0,25,0,0,0,0,0,0,25,0,0,0,15,15,0,0,0,0,0,0,0,0
0,45,45,kswapd0,0,0,3,120,0,3,3,0,0,0,0,0,0,0,0,0,0,0,0,0,0,0,0,0,0,0,0,0,0
0,45,45,kswapd0,0,0,3,120,0,3,3,0,0,0,0,0,0,0,0,0,0,0,0,0,0,0,0,0,0,0,0,0,0
0,45,45,kswapd0,0,0,3,120,0,3,3,0,0,0,0,0,0,0,0,0,0,0,0,0,0,0,0,0,0,0,0,0,0
0,45,45,kswapd0,0,0,3,120,0,3,3,0,0,0,0,0,0,0,0,0,0,0,0,0,0,0,0,0,0,0,0,0,0
0,45,45,kswapd0,0,0,3,120,0,3,3,0,0,0,0,0,0,0,0,0,0,0,0,0,0,0,0,0,0,0,0,0,0
0,45,45,kswapd0,0,0,3,120,0,3,3,0,0,0,0,0,0,0,0,0,0,0,0,0,0,0,0,0,0,0,0,0,0
0,45,45,kswapd0,5276,5276,5278,120,0,2,2,111,424,7,35,0,69,0,358,0,66,2,38,7,146,0,130,0,29,0,0,0,0
0,45,45,kswapd0,0,0,3,120,0,3,3,0,0,0,0,0,0,0,0,0,0,0,0,0,0,0,0,0,0,0,0,0,0
0,45,45,kswapd0,5239,5239,5242,120,1,3,3,33,22,0,30,3,0,3,9,10,0,0,0,1,0,0,0,0,12,0,0,0,1
0,45,45,kswapd0,3653,3653,3656,120,154,3,3,245995,196681,0,4,11,245980,20570,18,169529,6564,3,71,30840,213,0,4,6467,0,0,0,0,0
0,45,45,kswapd0,3981,3981,3983,120,2,2,2,1468,1221,919,356,0,193,0,682,0,539,0,0,1,36,0,0,110,558,12,0,113,0
0,45,45,kswapd0,0,0,3,120,0,3,3,0,0,0,0,0,0,0,0,0,0,0,0,0,0,0,0,0,0,0,0,0,0
0,45,45,kswapd0,252,252,254,120,1,2,2,22,28,22,0,0,0,0,12,0,16,0,0,1,17,0,0,0,15,0,0,18,0
0,45,45,kswapd0,7,7,10,120,0,3,3,0,1,0,0,0,0,0,1,0,0,0,0,7,6,0,0,1,0,0,0,0,0
0,45,45,kswapd0,147,147,149,120,0,2,2,11,1,6,0,0,5,0,0,0,1,0,0,8,4,0,0,2,11,0,0,0,0
0,45,45,kswapd0,3981,3981,3983,120,2,2,2,1355,1221,796,354,0,205,0,682,0,539,0,0,1,36,0,0,223,558,12,0,93,0
0,45,45,kswapd0,253,253,254,120,0,1,1,4,28,4,0,0,0,12,0,0,16,0,0,0,15,0,0,18,0,0,0,0,0
0,45,45,kswapd0,4019,4019,4021,120,0,2,2,53,66,0,7,0,46,9,57,0,0,0,0,1,9,0,0,0,0,0,0,0,0
0,45,45,kswapd0,5239,5239,5242,120,2,3,3,33,21,0,30,3,0,0,11,10,0,0,0,1,0,0,0,0,13,0,0,0,0
0,45,45,kswapd0,3653,3653,3656,120,79,3,3,253095,196681,0,4,11,253080,6464,12,169529,20676,3,71,30840,213,0,4,6467,0,0,0,0,0
0,45,45,kswapd0,3981,3981,3983,120,0,2,2,1262,1221,565,354,0,343,0,682,0,539,0,0,1,36,0,0,316,558,12,0,0,0
0,45,45,kswapd0,5240,5240,5242,120,1,2,2,33,21,30,3,0,0,0,13,0,8,0,0,0,6,0,1,0,0,0,0,29,0
0,45,45,kswapd0,5241,5241,5242,120,0,1,1,4,21,4,0,0,0,13,0,0,8,0,0,0,2,0,0,29,0,0,0,0,0
0,45,45,kswapd0,10,10,12,120,0,2,2,1,0,1,0,0,0,0,0,0,0,0,0,0,1,0,0,59,0,0,0,0,0
0,45,45,kswapd0,0,0,3,120,0,3,3,0,0,0,0,0,0,0,0,0,0,0,0,0,0,0,0,0,0,0,0,0,0
0,45,45,kswapd0,40,40,42,120,1,2,2,4,0,2,0,0,2,0,0,0,0,0,0,3,0,0,0,0,0,0,0,2,0
0,45,45,kswapd0,0,0,3,120,0,3,3,0,0,0,0,0,0,0,0,0,0,0,0,0,0,0,0,0,0,0,0,0,0
0,45,45,kswapd0,0,0,3,120,0,3,3,0,0,0,0,0,0,0,0,0,0,0,0,0,0,0,0,0,0,0,0,0,0
0,45,45,kswapd0,6,7,9,120,0,3,2,0,0,0,0,0,0,0,0,0,0,0,0,0,1,0,0,0,22,0,0,0,0
0,45,45,kswapd0,0,0,3,120,0,3,3,0,0,0,0,0,0,0,0,0,0,0,0,0,0,0,0,0,0,0,0,0,0
0,45,45,kswapd0,0,0,3,120,0,3,3,0,0,0,0,0,0,0,0,0,0,0,0,0,0,0,0,0,0,0,0,0,0
0,45,45,kswapd0,1513,1513,1516,120,1,3,3,1,15,1,0,0,0,0,1,14,0,0,0,18,64,0,0,3,6,0,0,1,0
0,45,45,kswapd0,5276,5276,5279,120,4,3,3,111,424,7,35,69,0,0,358,66,0,2,38,7,146,0,130,0,29,0,0,2,167
0,45,45,kswapd0,0,0,3,120,0,3,3,0,0,0,0,0,0,0,0,0,0,0,0,0,0,0,0,0,0,0,0,0,0
0,45,45,kswapd0,10,10,12,120,0,2,2,1,0,1,0,0,0,0,0,0,0,0,0,0,1,0,0,59,0,0,0,0,0
0,45,45,kswapd0,0,0,3,120,0,3,3,0,0,0,0,0,0,0,0,0,0,0,0,0,0,0,0,0,0,0,0,0,0
0,45,45,kswapd0,6,7,9,120,0,3,2,0,0,0,0,0,0,0,0,0,0,0,0,0,1,0,0,0,22,0,0,0,0
0,45,45,kswapd0,128,128,131,120,2,3,3,40,0,1,14,13,12,0,0,0,0,0,0,5,0,0,0,12,0,0,0,1,0
0,45,45,kswapd0,0,0,3,120,0,3,3,0,0,0,0,0,0,0,0,0,0,0,0,0,0,0,0,0,0,0,0,0,0
0,45,45,kswapd0,0,0,3,120,0,3,3,0,0,0,0,0,0,0,0,0,0,0,0,0,0,0,0,0,0,0,0,0,0
0,45,45,kswapd0,0,0,3,120,0,3,3,0,0,0,0,0,0,0,0,0,0,0,0,0,0,0,0,0,0,0,0,0,0
0,45,45,kswapd0,0,0,3,120,0,3,3,0,0,0,0,0,0,0,0,0,0,0,0,0,0,0,0,0,0,0,0,0,0
0,45,45,kswapd0,5241,5241,5243,120,1,2,2,4,21,4,0,0,0,13,8,0,0,0,0,0,2,0,0,29,0,0,0,0,0
0,45,45,kswapd0,0,0,3,120,0,3,3,0,0,0,0,0,0,0,0,0,0,0,0,0,0,0,0,0,0,0,0,0,0
0,45,45,kswapd0,0,0,3,120,0,3,3,0,0,0,0,0,0,0,0,0,0,0,0,0,0,0,0,0,0,0,0,0,0
0,45,45,kswapd0,160,160,163,120,2,3,3,3,34,1,0,2,0,0,9,25,0,0,0,11,61,0,0,1,15,0,0,1,9
0,45,45,kswapd0,1112,1112,1115,120,1,3,3,0,25,0,0,0,0,0,0,25,0,0,0,15,15,0,0,0,0,0,0,0,0
0,45,45,kswapd0,7,7,10,120,0,3,3,0,1,0,0,0,0,0,1,0,0,0,0,7,6,0,0,1,0,0,0,0,0
0,45,45,kswapd0,4019,4019,4022,120,3,3,3,53,66,0,2,51,0,9,47,10,0,0,0,1,9,0,0,0,0,0,0,0,5
0,45,45,kswapd0,3981,3981,3984,120,11,3,3,1262,1221,559,308,395,0,0,671,550,0,0,0,1,36,0,0,316,558,12,0,545,60
0,45,45,kswapd0,7,7,10,120,0,3,3,0,1,0,0,0,0,0,1,0,0,0,0,7,6,0,0,1,0,0,0,0,0
0,45,45,kswapd0,14,14,17,120,1,3,3,5,0,0,0,1,4,0,0,0,0,0,0,96,0,0,0,3,0,0,0,0,0
0,45,45,kswapd0,253,253,255,120,1,2,2,4,28,4,0,0,0,12,16,0,0,0,0,0,15,0,0,18,0,0,0,0,12
0,45,45,kswapd0,3654,3654,3657,120,34,3,3,273241,196681,4,9,267807,5421,12,62,196607,0,1,35,18653,107,0,0,0,0,0,0,0,0
0,45,45,kswapd0,0,0,3,120,0,3,3,0,0,0,0,0,0,0,0,0,0,0,0,0,0,0,0,0,0,0,0,0,0
0,45,45,kswapd0,1149,1149,1152,120,2,3,3,76,106,0,76,0,0,20,86,0,0,0,0,1,11,0,0,0,0,0,0,0,82
0,45,45,kswapd0,0,0,3,120,0,3,3,0,0,0,0,0,0,0,0,0,0,0,0,0,0,0,0,0,0,0,0,0,0
0,45,45,kswapd0,152,152,154,120,1,2,2,9,31,9,0,0,0,18,13,0,0,0,0,13,29,0,0,0,42,0,0,7,0
0,45,45,kswapd0,0,0,3,120,0,3,3,0,0,0,0,0,0,0,0,0,0,0,0,0,0,0,0,0,0,0,0,0,0
0,45,45,kswapd0,0,0,3,120,0,3,3,0,0,0,0,0,0,0,0,0,0,0,0,0,0,0,0,0,0,0,0,0,0
0,45,45,kswapd0,0,0,3,120,0,3,3,0,0,0,0,0,0,0,0,0,0,0,0,0,0,0,0,0,0,0,0,0,0
0,45,45,kswapd0,0,0,3,120,0,3,3,0,0,0,0,0,0,0,0,0,0,0,0,0,0,0,0,0,0,0,0,0,0
0,45,45,kswapd0,5,5,7,120,0,2,2,0,0,0,0,0,0,0,0,0,0,0,0,27,0,0,0,2,0,0,0,0,0
0,45,45,kswapd0,0,0,3,120,0,3,3,0,0,0,0,0,0,0,0,0,0,0,0,0,0,0,0,0,0,0,0,0,0
0,45,45,kswapd0,0,0,3,120,0,3,3,0,0,0,0,0,0,0,0,0,0,0,0,0,0,0,0,0,0,0,0,0,0
0,45,45,kswapd0,147,147,149,120,1,2,2,11,1,6,0,0,5,0,0,0,1,0,0,8,4,0,0,2,11,0,0,4,0
0,45,45,kswapd0,0,0,3,120,0,3,3,0,0,0,0,0,0,0,0,0,0,0,0,0,0,0,0,0,0,0,0,0,0
0,45,45,kswapd0,148,148,149,120,0,1,1,7,1,1,0,0,6,0,0,0,1,0,0,5,7,0,0,4,0,0,0,0,0
0,45,45,kswapd0,41,41,42,120,0,1,1,2,0,0,0,0,2,0,0,0,0,0,0,1,0,0,0,2,0,0,0,0,0
0,45,45,kswapd0,0,0,3,120,0,3,3,0,0,0,0,0,0,0,0,0,0,0,0,0,0,0,0,0,0,0,0,0,0
0,45,45,kswapd0,5277,5277,5279,120,1,2,2,109,462,35,38,0,36,173,130,0,159,1,18,3,152,0,84,2,167,0,135,0,0
0,45,45,kswapd0,0,0,3,120,0,3,3,0,0,0,0,0,0,0,0,0,0,0,0,0,0,0,0,0,0,0,0,0,0
0,45,45,kswapd0,0,0,3,120,0,3,3,0,0,0,0,0,0,0,0,0,0,0,0,0,0,0,0,0,0,0,0,0,0
0,45,45,kswapd0,0,0,3,120,0,3,3,0,0,0,0,0,0,0,0,0,0,0,0,0,0,0,0,0,0,0,0,0,0
0,45,45,kswapd0,5,5,7,120,0,2,2,0,0,0,0,0,0,0,0,0,0,0,0,27,0,0,0,2,0,0,0,0,0
0,45,45,kswapd0,0,0,3,120,0,3,3,0,0,0,0,0,0,0,0,0,0,0,0,0,0,0,0,0,0,0,0,0,0
0,45,45,kswapd0,130,130,131,120,0,1,1,39,0,13,0,0,26,0,0,0,0,0,0,4,0,0,0,0,0,0,0,0,0
0,45,45,kswapd0,5241,5241,5243,120,0,2,2,4,21,4,0,0,0,0,11,0,10,0,0,0,2,0,0,29,0,0,0,0,0
0,45,45,kswapd0,162,162,163,120,0,1,1,2,25,2,0,0,0,25,0,0,0,0,0,3,19,0,0,0,9,0,0,0,0
0,45,45,kswapd0,1114,1114,1115,120,0,1,1,0,25,0,0,0,0,25,0,0,0,0,0,7,7,0,0,0,0,0,0,0,0
0,45,45,kswapd0,4020,4020,4022,120,0,2,2,53,62,2,51,0,0,1,19,0,42,0,0,0,7,0,5,0,0,0,0,0,0
0,45,45,kswapd0,3982,3982,3984,120,1,2,2,717,1161,318,395,0,4,528,550,0,83,6,0,409,297,0,0,43,60,0,0,0,64
0,45,45,kswapd0,0,0,3,120,0,3,3,0,0,0,0,0,0,0,0,0,0,0,0,0,0,0,0,0,0,0,0,0,0
0,45,45,kswapd0,0,0,3,120,0,3,3,0,0,0,0,0,0,0,0,0,0,0,0,0,0,0,0,0,0,0,0,0,0
0,45,45,kswapd0,16,16,17,120,0,1,1,5,0,1,0,0,4,0,0,0,0,0,0,49,0,0,0,0,0,0,0,0,0
0,45,45,kswapd0,0,0,3,120,0,3,3,0,0,0,0,0,0,0,0,0,0,0,0,0,0,0,0,0,0,0,0,0,0
0,45,45,kswapd0,1150,1150,1152,120,1,2,2,76,24,76,0,0,0,23,0,0,1,0,0,0,5,0,0,0,82,0,0,0,22
0,45,45,kswapd0,153,153,154,120,0,1,1,2,31,2,0,0,0,31,0,0,0,0,0,6,44,0,0,7,0,0,0,0,0
0,45,45,kswapd0,1150,1150,1152,120,1,2,2,76,2,76,0,0,0,0,1,0,1,0,0,0,5,0,0,0,104,0,0,45,0
0,45,45,kswapd0,5277,5277,5279,120,1,2,2,109,462,0,38,0,71,173,130,0,159,1,18,3,152,0,84,2,167,0,135,0,46
0,45,45,kswapd0,3982,3982,3984,120,1,2,2,717,1097,318,395,0,4,464,550,0,83,6,0,409,297,0,0,43,124,0,0,0,64
0,45,45,kswapd0,3982,3982,3984,120,2,2,2,717,1033,318,395,0,4,400,550,0,83,6,0,409,297,0,0,43,188,0,0,0,128
0,45,45,kswapd0,1150,1150,1152,120,1,2,2,31,2,16,1,0,14,0,1,0,1,0,0,0,5,0,0,45,104,0,0,15,0
0,45,45,kswapd0,5277,5277,5279,120,0,2,2,109,416,0,38,0,71,108,131,0,177,1,18,3,152,0,85,2,213,0,135,0,0
0,45,45,kswapd0,3982,3982,3984,120,3,2,2,717,905,318,395,0,4,272,550,0,83,6,0,409,297,0,0,43,316,0,0,0,192
0,45,45,kswapd0,1151,1151,1152,120,0,1,1,16,2,2,0,0,14,1,0,0,1,0,0,22,54,0,0,15,0,0,0,0,0
0,45,45,kswapd0,3982,3982,3984,120,1,2,2,717,713,318,395,0,4,80,550,0,83,6,0,409,297,0,0,43,508,0,0,0,64
0,45,45,kswapd0,0,0,3,120,0,3,3,0,0,0,0,0,0,0,0,0,0,0,0,0,0,0,0,0,0,0,0,0,0
0,45,45,kswapd0,5241,5241,5244,120,2,3,3,4,21,4,0,0,0,0,11,10,0,0,0,0,2,0,0,29,0,0,0,4,8
0,45,45,kswapd0,10,10,12,120,0,2,2,1,0,1,0,0,0,0,0,0,0,0,0,0,1,0,0,59,0,0,0,0,0
0,45,45,kswapd0,0,0,3,120,0,3,3,0,0,0,0,0,0,0,0,0,0,0,0,0,0,0,0,0,0,0,0,0,0
0,45,45,kswapd0,148,148,150,120,0,2,2,7,1,1,6,0,0,0,1,0,0,0,0,5,7,0,0,4,0,0,0,0,0
0,45,45,kswapd0,0,0,3,120,0,3,3,0,0,0,0,0,0,0,0,0,0,0,0,0,0,0,0,0,0,0,0,0,0
0,45,45,kswapd0,0,0,3,120,0,3,3,0,0,0,0,0,0,0,0,0,0,0,0,0,0,0,0,0,0,0,0,0,0
0,45,45,kswapd0,0,0,3,120,0,3,3,0,0,0,0,0,0,0,0,0,0,0,0,0,0,0,0,0,0,0,0,0,0
0,45,45,kswapd0,10,10,12,120,0,2,2,1,0,1,0,0,0,0,0,0,0,0,0,0,1,0,0,59,0,0,0,0,0
0,45,45,kswapd0,0,0,3,120,0,3,3,0,0,0,0,0,0,0,0,0,0,0,0,0,0,0,0,0,0,0,0,0,0
0,45,45,kswapd0,0,0,3,120,0,3,3,0,0,0,0,0,0,0,0,0,0,0,0,0,0,0,0,0,0,0,0,0,0
0,45,45,kswapd0,3655,3655,3658,120,945,3,3,273613,196681,9,267805,5799,0,63,27140,169478,0,0,17,9326,53,0,0,0,0,0,0,518,35
0,45,45,kswapd0,0,0,3,120,0,3,3,0,0,0,0,0,0,0,0,0,0,0,0,0,0,0,0,0,0,0,0,0,0
0,45,45,kswapd0,0,0,3,120,0,3,3,0,0,0,0,0,0,0,0,0,0,0,0,0,0,0,0,0,0,0,0,0,0
0,45,45,kswapd0,1514,1514,1517,120,2,3,3,0,15,0,0,0,0,1,14,0,0,0,0,10,34,0,0,1,0,0,0,0,0
0,45,45,kswapd0,7,7,10,120,0,3,3,0,1,0,0,0,0,0,1,0,0,0,0,7,6,0,0,1,0,0,0,0,0
0,45,45,kswapd0,0,0,3,120,0,3,3,0,0,0,0,0,0,0,0,0,0,0,0,0,0,0,0,0,0,0,0,0,0
0,45,45,kswapd0,41,41,43,120,0,2,2,2,0,0,2,0,0,0,0,0,0,0,0,1,0,0,0,2,0,0,0,0,0
0,45,45,kswapd0,0,0,3,120,0,3,3,0,0,0,0,0,0,0,0,0,0,0,0,0,0,0,0,0,0,0,0,0,0
0,45,45,kswapd0,153,153,155,120,1,2,2,2,31,2,0,0,0,31,0,0,0,0,0,6,44,0,0,7,0,0,0,0,0
0,45,45,kswapd0,0,0,3,120,0,3,3,0,0,0,0,0,0,0,0,0,0,0,0,0,0,0,0,0,0,0,0,0,0
0,45,45,kswapd0,0,0,3,120,0,3,3,0,0,0,0,0,0,0,0,0,0,0,0,0,0,0,0,0,0,0,0,0,0
0,45,45,kswapd0,130,130,132,120,1,2,2,39,0,13,26,0,0,0,0,0,0,0,0,4,0,0,0,0,0,0,0,2,0
0,45,45,kswapd0,0,0,3,120,0,3,3,0,0,0,0,0,0,0,0,0,0,0,0,0,0,0,0,0,0,0,0,0,0
0,45,45,kswapd0,0,0,3,120,0,3,3,0,0,0,0,0,0,0,0,0,0,0,0,0,0,0,0,0,0,0,0,0,0
0,45,45,kswapd0,0,0,3,120,0,3,3,0,0,0,0,0,0,0,0,0,0,0,0,0,0,0,0,0,0,0,0,0,0
0,45,45,kswapd0,253,253,256,120,2,3,3,4,16,4,0,0,0,0,16,0,0,0,0,0,15,0,0,18,12,0,0,4,16
0,45,45,kswapd0,0,0,3,120,0,3,3,0,0,0,0,0,0,0,0,0,0,0,0,0,0,0,0,0,0,0,0,0,0
0,45,45,kswapd0,5,5,7,120,0,2,2,0,0,0,0,0,0,0,0,0,0,0,0,27,0,0,0,2,0,0,0,0,0
0,45,45,kswapd0,1114,1114,1116,120,1,2,2,0,25,0,0,0,0,25,0,0,0,0,0,7,7,0,0,0,0,0,0,0,0
0,45,45,kswapd0,16,16,18,120,0,2,2,5,0,1,4,0,0,0,0,0,0,0,0,49,0,0,0,0,0,0,0,0,0
0,45,45,kswapd0,5277,5277,5280,120,3,3,3,161,416,0,6,105,50,96,116,204,0,1,18,3,152,0,85,2,213,0,135,1,37
0,45,45,kswapd0,1151,1151,1153,120,0,2,2,16,2,2,14,0,0,1,1,0,0,0,0,22,54,0,0,15,0,0,0,0,0
0,45,45,kswapd0,0,0,3,120,0,3,3,0,0,0,0,0,0,0,0,0,0,0,0,0,0,0,0,0,0,0,0,0,0
0,45,45,kswapd0,0,0,3,120,0,3,3,0,0,0,0,0,0,0,0,0,0,0,0,0,0,0,0,0,0,0,0,0,0
0,45,45,kswapd0,0,0,3,120,0,3,3,0,0,0,0,0,0,0,0,0,0,0,0,0,0,0,0,0,0,0,0,0,0
0,45,45,kswapd0,0,0,3,120,0,3,3,0,0,0,0,0,0,0,0,0,0,0,0,0,0,0,0,0,0,0,0,0,0
0,45,45,kswapd0,0,0,3,120,0,3,3,0,0,0,0,0,0,0,0,0,0,0,0,0,0,0,0,0,0,0,0,0,0
0,45,45,kswapd0,0,0,3,120,0,3,3,0,0,0,0,0,0,0,0,0,0,0,0,0,0,0,0,0,0,0,0,0,0
0,45,45,kswapd0,6,7,9,120,0,3,2,0,0,0,0,0,0,0,0,0,0,0,0,0,1,0,0,0,22,0,0,0,0
0,45,45,kswapd0,0,0,3,120,0,3,3,0,0,0,0,0,0,0,0,0,0,0,0,0,0,0,0,0,0,0,0,0,0
0,45,45,kswapd0,162,162,164,120,1,2,2,2,25,2,0,0,0,25,0,0,0,0,0,3,19,0,0,0,9,0,0,0,25
0,45,45,kswapd0,4020,4020,4023,120,3,3,3,53,63,1,46,6,0,1,20,42,0,0,0,0,7,0,5,0,0,0,0,4,0
0,45,45,kswapd0,3982,3982,3985,120,8,3,3,717,649,318,395,4,0,16,550,83,0,6,0,409,297,0,0,43,572,0,0,306,144
0,45,45,kswapd0,0,0,3,120,0,3,3,0,0,0,0,0,0,0,0,0,0,0,0,0,0,0,0,0,0,0,0,0,0
0,45,45,kswapd0,0,0,3,120,0,3,3,0,0,0,0,0,0,0,0,0,0,0,0,0,0,0,0,0,0,0,0,0,0
0,45,45,kswapd0,162,162,164,120,0,2,2,2,0,2,0,0,0,0,0,0,0,0,0,3,19,0,0,0,34,0,0,0,0
0,45,45,kswapd0,4022,4022,4023,120,0,1,1,49,63,7,0,0,42,48,0,0,15,0,0,0,3,0,0,3,0,0,0,0,0
0,45,45,kswapd0,3983,3983,3985,120,1,2,2,411,505,399,4,0,8,422,83,0,0,3,0,348,442,0,0,62,128,0,0,0,64
0,45,45,kswapd0,5243,5243,5244,120,0,1,1,0,13,0,0,0,0,13,0,0,0,0,0,9,0,0,0,0,8,0,0,0,0
0,45,45,kswapd0,7,7,10,120,0,3,3,0,1,0,0,0,0,0,1,0,0,0,0,7,6,0,0,1,0,0,0,0,0
0,45,45,kswapd0,255,255,256,120,0,1,1,0,0,0,0,0,0,0,0,0,0,0,0,6,6,0,0,0,16,0,0,0,0
0,45,45,kswapd0,5,5,7,120,0,2,2,0,0,0,0,0,0,0,0,0,0,0,0,27,0,0,0,2,0,0,0,0,0
0,45,45,kswapd0,3656,3656,3658,120,114,2,2,273721,196646,228760,5786,0,39175,0,169479,0,27167,0,8,4666,44,0,0,518,22,0,0,0,0
0,45,45,kswapd0,0,0,3,120,0,3,3,0,0,0,0,0,0,0,0,0,0,0,0,0,0,0,0,0,0,0,0,0,0
0,45,45,kswapd0,6,7,9,120,0,3,2,0,0,0,0,0,0,0,0,0,0,0,0,0,1,0,0,0,22,0,0,0,0
0,45,45,kswapd0,1516,1516,1517,120,0,1,1,0,15,0,0,0,0,11,0,0,4,0,0,2,14,0,0,0,0,0,0,0,0
0,45,45,kswapd0,153,153,155,120,0,2,2,2,31,2,0,0,0,0,1,0,30,0,0,6,44,0,0,7,0,0,0,0,0
0,45,45,kswapd0,0,0,3,120,0,3,3,0,0,0,0,0,0,0,0,0,0,0,0,0,0,0,0,0,0,0,0,0,0
0,45,45,kswapd0,0,0,3,120,0,3,3,0,0,0,0,0,0,0,0,0,0,0,0,0,0,0,0,0,0,0,0,0,0
0,45,45,kswapd0,131,131,132,120,0,1,1,37,0,26,0,0,11,0,0,0,0,0,0,2,0,0,0,2,0,0,0,0,0
0,45,45,kswapd0,162,162,164,120,0,2,2,2,0,2,0,0,0,0,0,0,0,0,0,3,19,0,0,0,34,0,0,0,0
0,45,45,kswapd0,1115,1115,1116,120,0,1,1,0,25,0,0,0,0,25,0,0,0,0,0,3,15,0,0,0,0,0,0,0,0
0,45,45,kswapd0,5278,5278,5280,120,0,2,2,160,379,0,110,0,50,40,127,0,212,0,76,2,252,5,38,1,37,0,0,0,0
0,45,45,kswapd0,0,0,3,120,0,3,3,0,0,0,0,0,0,0,0,0,0,0,0,0,0,0,0,0,0,0,0,0,0
0,45,45,kswapd0,3656,3656,3658,120,230,2,2,273788,196646,221400,5786,0,46602,0,169479,0,27167,0,8,4666,44,0,0,518,22,0,0,0,0
0,45,45,kswapd0,3983,3983,3985,120,1,2,2,411,441,399,4,0,8,358,83,0,0,3,0,348,442,0,0,62,192,0,0,0,64
0,45,45,kswapd0,3656,3656,3658,120,461,2,2,274004,196646,206680,5786,0,61538,0,169479,0,27167,0,8,4666,44,0,0,518,22,0,0,0,0
0,45,45,kswapd0,3983,3983,3985,120,1,2,2,411,377,399,4,0,8,294,83,0,0,3,0,348,442,0,0,62,256,0,0,0,64
0,45,45,kswapd0,3656,3656,3658,120,911,2,2,275452,196646,177176,5786,0,92490,0,169479,0,27167,0,8,4666,44,0,0,518,22,0,0,0,0
0,45,45,kswapd0,3983,3983,3985,120,2,2,2,411,313,399,4,0,8,230,83,0,0,3,0,348,442,0,0,62,320,0,0,0,128
0,45,45,kswapd0,3983,3983,3985,120,3,2,2,411,185,399,4,0,8,102,83,0,0,3,0,348,442,0,0,62,448,0,0,6,92
0,45,45,kswapd0,3983,3983,3985,120,3,2,2,405,93,327,4,0,74,0,83,0,10,3,0,348,442,0,0,68,540,0,0,187,0
0,45,45,kswapd0,3983,3983,3985,120,1,2,2,218,93,134,10,0,74,0,83,0,10,3,0,348,442,6,0,255,540,0,0,63,0
0,45,45,kswapd0,3983,3983,3985,120,1,2,2,155,93,71,10,0,74,0,83,0,10,3,0,348,442,6,0,318,540,0,0,63,0
0,45,45,kswapd0,3983,3983,3985,120,0,2,2,92,93,8,10,0,74,0,83,0,10,3,0,348,442,6,0,381,540,0,0,0,0
0,45,45,kswapd0,41,41,44,120,0,3,3,2,0,0,2,0,0,0,0,0,0,0,0,1,0,0,0,2,0,0,0,0,0
0,45,45,kswapd0,0,0,3,120,0,3,3,0,0,0,0,0,0,0,0,0,0,0,0,0,0,0,0,0,0,0,0,0,0
0,45,45,kswapd0,16,16,19,120,0,3,3,5,0,1,4,0,0,0,0,0,0,0,0,49,0,0,0,0,0,0,0,0,0
0,45,45,kswapd0,0,0,3,120,0,3,3,0,0,0,0,0,0,0,0,0,0,0,0,0,0,0,0,0,0,0,0,0,0
0,45,45,kswapd0,7,7,10,120,0,3,3,0,1,0,0,0,0,0,1,0,0,0,0,7,6,0,0,1,0,0,0,0,0
0,45,45,kswapd0,5,5,7,120,0,2,2,0,0,0,0,0,0,0,0,0,0,0,0,27,0,0,0,2,0,0,0,0,0
0,45,45,kswapd0,0,0,3,120,0,3,3,0,0,0,0,0,0,0,0,0,0,0,0,0,0,0,0,0,0,0,0,0,0
0,45,45,kswapd0,0,0,3,120,0,3,3,0,0,0,0,0,0,0,0,0,0,0,0,0,0,0,0,0,0,0,0,0,0
0,45,45,kswapd0,0,0,3,120,0,3,3,0,0,0,0,0,0,0,0,0,0,0,0,0,0,0,0,0,0,0,0,0,0
0,45,45,kswapd0,5243,5243,5245,120,1,2,2,0,13,0,0,0,0,13,0,0,0,0,0,9,0,0,0,0,8,0,0,0,2
0,45,45,kswapd0,153,153,156,120,1,3,3,2,31,2,0,0,0,0,1,30,0,0,0,6,44,0,0,7,0,0,0,2,0
0,45,45,kswapd0,1115,1115,1117,120,1,2,2,0,25,0,0,0,0,25,0,0,0,0,0,3,15,0,0,0,0,0,0,0,0
0,45,45,kswapd0,5,5,7,120,0,2,2,0,0,0,0,0,0,0,0,0,0,0,0,27,0,0,0,2,0,0,0,0,0
0,45,45,kswapd0,0,0,3,120,0,3,3,0,0,0,0,0,0,0,0,0,0,0,0,0,0,0,0,0,0,0,0,0,0
0,45,45,kswapd0,1516,1516,1518,120,1,2,2,0,15,0,0,0,0,11,4,0,0,0,0,2,14,0,0,0,0,0,0,0,0
0,45,45,kswapd0,0,0,3,120,0,3,3,0,0,0,0,0,0,0,0,0,0,0,0,0,0,0,0,0,0,0,0,0,0
0,45,45,kswapd0,41,41,44,120,0,3,3,2,0,0,2,0,0,0,0,0,0,0,0,1,0,0,0,2,0,0,0,0,0
0,45,45,kswapd0,0,0,3,120,0,3,3,0,0,0,0,0,0,0,0,0,0,0,0,0,0,0,0,0,0,0,0,0,0
0,45,45,kswapd0,0,0,3,120,0,3,3,0,0,0,0,0,0,0,0,0,0,0,0,0,0,0,0,0,0,0,0,0,0
0,45,45,kswapd0,6,7,9,120,0,3,2,0,0,0,0,0,0,0,0,0,0,0,0,0,1,0,0,0,22,0,0,0,0
0,45,45,kswapd0,0,0,3,120,0,3,3,0,0,0,0,0,0,0,0,0,0,0,0,0,0,0,0,0,0,0,0,0,0
0,45,45,kswapd0,3656,3656,3659,120,947,3,3,279106,196646,118872,5785,154422,27,0,12,196634,0,0,8,4666,44,0,0,518,22,0,0,0,0
0,45,45,kswapd0,10,10,12,120,0,2,2,1,0,1,0,0,0,0,0,0,0,0,0,0,1,0,0,59,0,0,0,0,0
0,45,45,kswapd0,0,0,3,120,0,3,3,0,0,0,0,0,0,0,0,0,0,0,0,0,0,0,0,0,0,0,0,0,0
0,45,45,kswapd0,255,255,257,120,0,2,2,0,0,0,0,0,0,0,0,0,0,0,0,6,6,0,0,0,16,0,0,0,0
0,45,45,kswapd0,131,131,133,120,1,2,2,37,0,26,11,0,0,0,0,0,0,0,0,2,0,0,0,2,0,0,0,1,0
0,45,45,kswapd0,0,0,3,120,0,3,3,0,0,0,0,0,0,0,0,0,0,0,0,0,0,0,0,0,0,0,0,0,0
0,45,45,kswapd0,16,16,19,120,0,3,3,5,0,1,4,0,0,0,0,0,0,0,0,49,0,0,0,0,0,0,0,0,0
0,45,45,kswapd0,7,7,10,120,0,3,3,0,1,0,0,0,0,0,1,0,0,0,0,7,6,0,0,1,0,0,0,0,0
0,45,45,kswapd0,10,10,12,120,0,2,2,1,0,1,0,0,0,0,0,0,0,0,0,0,1,0,0,59,0,0,0,0,0
0,45,45,kswapd0,0,0,3,120,0,3,3,0,0,0,0,0,0,0,0,0,0,0,0,0,0,0,0,0,0,0,0,0,0
0,45,45,kswapd0,0,0,3,120,0,3,3,0,0,0,0,0,0,0,0,0,0,0,0,0,0,0,0,0,0,0,0,0,0
0,45,45,kswapd0,4022,4022,4024,120,1,2,2,49,65,2,47,0,0,50,15,0,0,0,0,0,3,0,0,3,0,0,0,0,7
0,45,45,kswapd0,0,0,3,120,0,3,3,0,0,0,0,0,0,0,0,0,0,0,0,0,0,0,0,0,0,0,0,0,0
0,45,45,kswapd0,3983,3983,3986,120,2,3,3,94,197,8,10,74,2,0,83,10,104,3,0,348,442,6,0,381,540,2,67,6,0
0,45,45,kswapd0,0,0,3,120,0,3,3,0,0,0,0,0,0,0,0,0,0,0,0,0,0,0,0,0,0,0,0,0,0
0,45,45,kswapd0,0,0,3,120,0,3,3,0,0,0,0,0,0,0,0,0,0,0,0,0,0,0,0,0,0,0,0,0,0
0,45,45,kswapd0,0,0,3,120,0,3,3,0,0,0,0,0,0,0,0,0,0,0,0,0,0,0,0,0,0,0,0,0,0
0,45,45,kswapd0,1151,1151,1154,120,1,3,3,16,2,2,14,0,0,1,1,0,0,0,0,22,54,0,0,15,0,0,0,2,0
0,45,45,kswapd0,0,0,3,120,0,3,3,0,0,0,0,0,0,0,0,0,0,0,0,0,0,0,0,0,0,0,0,0,0
0,45,45,kswapd0,162,162,164,120,0,2,2,2,0,2,0,0,0,0,0,0,0,0,0,3,19,0,0,0,34,0,0,0,0
0,45,45,kswapd0,5278,5278,5281,120,2,3,3,108,419,0,66,22,20,32,65,282,40,0,76,2,252,5,38,1,37,0,26,0,35
0,45,45,kswapd0,0,0,3,120,0,3,3,0,0,0,0,0,0,0,0,0,0,0,0,0,0,0,0,0,0,0,0,0,0
0,45,45,kswapd0,6,7,9,120,0,3,2,0,0,0,0,0,0,0,0,0,0,0,0,0,1,0,0,0,22,0,0,0,0
0,45,45,kswapd0,0,0,3,120,0,3,3,0,0,0,0,0,0,0,0,0,0,0,0,0,0,0,0,0,0,0,0,0,0
0,45,45,kswapd0,148,148,151,120,1,3,3,7,1,1,6,0,0,0,1,0,0,0,0,5,7,0,0,4,0,0,0,1,0
0,45,45,kswapd0,1517,1517,1518,120,0,1,1,0,15,0,0,0,0,1,0,0,14,0,0,1,7,0,0,0,0,0,0,0,0
0,45,45,kswapd0,0,0,3,120,0,3,3,0,0,0,0,0,0,0,0,0,0,0,0,0,0,0,0,0,0,0,0,0,0
0,45,45,kswapd0,0,0,3,120,0,3,3,0,0,0,0,0,0,0,0,0,0,0,0,0,0,0,0,0,0,0,0,0,0
0,45,45,kswapd0,0,0,3,120,0,3,3,0,0,0,0,0,0,0,0,0,0,0,0,0,0,0,0,0,0,0,0,0,0
0,45,45,kswapd0,3656,3656,3659,120,907,3,3,288710,196646,58264,5785,154422,70239,0,12,196634,0,0,8,4666,44,0,0,518,22,0,0,1,0
0,45,45,kswapd0,0,0,3,120,0,3,3,0,0,0,0,0,0,0,0,0,0,0,0,0,0,0,0,0,0,0,0,0,0
0,45,45,kswapd0,255,255,257,120,0,2,2,0,0,0,0,0,0,0,0,0,0,0,0,6,6,0,0,0,16,0,0,0,0
0,45,45,kswapd0,0,0,3,120,0,3,3,0,0,0,0,0,0,0,0,0,0,0,0,0,0,0,0,0,0,0,0,0,0
0,45,45,kswapd0,0,0,3,120,0,3,3,0,0,0,0,0,0,0,0,0,0,0,0,0,0,0,0,0,0,0,0,0,0
0,45,45,kswapd0,132,132,133,120,0,1,1,36,0,11,0,0,25,0,0,0,0,0,0,2,0,0,0,1,0,0,0,0,0
0,45,45,kswapd0,162,162,164,120,0,2,2,2,0,2,0,0,0,0,0,0,0,0,0,3,19,0,0,0,34,0,0,0,0
0,45,45,kswapd0,4022,4022,4024,120,0,2,2,49,58,2,47,0,0,0,23,0,35,0,0,0,3,0,1,3,7,0,0,0,0
0,45,45,kswapd0,3984,3984,3986,120,0,2,2,88,215,11,72,0,5,8,10,0,197,2,33,367,491,0,0,6,0,0,0,0,0
0,45,45,kswapd0,1152,1152,1154,120,2,2,2,14,2,14,0,0,0,2,0,0,0,0,0,18,26,0,0,2,0,0,0,12,1
0,45,45,kswapd0,5279,5279,5281,120,0,2,2,123,418,66,22,0,35,34,300,0,84,0,51,3,162,0,26,0,35,0,7,0,0
0,45,45,kswapd0,149,149,151,120,1,2,2,6,1,6,0,0,0,1,0,0,0,0,0,4,3,0,0,1,0,0,0,0,1
0,45,45,kswapd0,0,0,3,120,0,3,3,0,0,0,0,0,0,0,0,0,0,0,0,0,0,0,0,0,0,0,0,0,0
0,45,45,kswapd0,0,0,3,120,0,3,3,0,0,0,0,0,0,0,0,0,0,0,0,0,0,0,0,0,0,0,0,0,0
0,45,45,kswapd0,1153,1153,1154,120,0,1,1,2,1,2,0,0,0,1,0,0,0,0,0,10,12,0,0,12,0,0,0,0,0
0,45,45,kswapd0,5244,5244,5245,120,0,1,1,0,13,0,0,0,0,5,0,0,8,0,0,4,4,0,0,0,2,0,0,0,0
0,45,45,kswapd0,1116,1116,1117,120,0,1,1,0,25,0,0,0,0,0,0,0,25,0,0,1,7,0,0,0,0,0,0,0,0
0,45,45,kswapd0,0,0,3,120,0,3,3,0,0,0,0,0,0,0,0,0,0,0,0,0,0,0,0,0,0,0,0,0,0
0,45,45,kswapd0,149,149,151,120,1,2,2,6,0,6,0,0,0,0,0,0,0,0,0,4,3,0,0,1,1,0,0,5,0
0,45,45,kswapd0,6,7,9,120,0,3,2,0,0,0,0,0,0,0,0,0,0,0,0,0,1,0,0,0,22,0,0,0,0
0,45,45,kswapd0,0,0,3,120,0,3,3,0,0,0,0,0,0,0,0,0,0,0,0,0,0,0,0,0,0,0,0,0,0
0,45,45,kswapd0,132,132,134,120,0,2,2,36,0,11,25,0,0,0,0,0,0,0,0,2,0,0,0,1,0,0,0,0,0
0,45,45,kswapd0,0,0,3,120,0,3,3,0,0,0,0,0,0,0,0,0,0,0,0,0,0,0,0,0,0,0,0,0,0
0,45,45,kswapd0,0,0,3,120,0,3,3,0,0,0,0,0,0,0,0,0,0,0,0,0,0,0,0,0,0,0,0,0,0
0,45,45,kswapd0,0,0,3,120,0,3,3,0,0,0,0,0,0,0,0,0,0,0,0,0,0,0,0,0,0,0,0,0,0
0,45,45,kswapd0,5244,5244,5246,120,0,2,2,0,13,0,0,0,0,5,8,0,0,0,0,4,4,0,0,0,2,0,0,0,0
0,45,45,kswapd0,150,150,151,120,0,1,1,1,0,1,0,0,0,0,0,0,0,0,0,2,2,0,0,5,0,0,0,0,0
0,45,45,kswapd0,6,7,9,120,0,3,2,0,0,0,0,0,0,0,0,0,0,0,0,0,1,0,0,0,22,0,0,0,0
0,45,45,kswapd0,0,0,3,120,0,3,3,0,0,0,0,0,0,0,0,0,0,0,0,0,0,0,0,0,0,0,0,0,0
0,45,45,kswapd0,0,0,3,120,0,3,3,0,0,0,0,0,0,0,0,0,0,0,0,0,0,0,0,0,0,0,0,0,0
0,45,45,kswapd0,3657,3657,3660,120,2,3,3,322973,196646,5786,154421,162580,186,12,31,196603,0,0,4,2592,33,0,0,0,0,0,0,0,0
0,45,45,kswapd0,0,0,3,120,0,3,3,0,0,0,0,0,0,0,0,0,0,0,0,0,0,0,0,0,0,0,0,0,0
0,45,45,kswapd0,4022,4022,4025,120,1,3,3,49,58,2,42,5,0,0,23,35,0,0,0,0,3,0,1,3,7,0,0,1,0
0,45,45,kswapd0,0,0,3,120,0,3,3,0,0,0,0,0,0,0,0,0,0,0,0,0,0,0,0,0,0,0,0,0,0
0,45,45,kswapd0,5,5,7,120,0,2,2,0,0,0,0,0,0,0,0,0,0,0,0,27,0,0,0,2,0,0,0,0,0
0,45,45,kswapd0,7,7,10,120,0,3,3,0,1,0,0,0,0,0,1,0,0,0,0,7,6,0,0,1,0,0,0,0,0
0,45,45,kswapd0,10,10,12,120,0,2,2,1,0,1,0,0,0,0,0,0,0,0,0,0,1,0,0,59,0,0,0,0,0
0,45,45,kswapd0,0,0,3,120,0,3,3,0,0,0,0,0,0,0,0,0,0,0,0,0,0,0,0,0,0,0,0,0,0
0,45,45,kswapd0,1517,1517,1519,120,0,2,2,0,15,0,0,0,0,1,14,0,0,0,0,1,7,0,0,0,0,0,0,0,0
0,45,45,kswapd0,132,132,134,120,0,2,2,36,0,11,25,0,0,0,0,0,0,0,0,2,0,0,0,1,0,0,0,0,0
0,45,45,kswapd0,0,0,3,120,0,3,3,0,0,0,0,0,0,0,0,0,0,0,0,0,0,0,0,0,0,0,0,0,0
0,45,45,kswapd0,5,5,7,120,0,2,2,0,0,0,0,0,0,0,0,0,0,0,0,27,0,0,0,2,0,0,0,0,0
0,45,45,kswapd0,0,0,3,120,0,3,3,0,0,0,0,0,0,0,0,0,0,0,0,0,0,0,0,0,0,0,0,0,0
0,45,45,kswapd0,0,0,3,120,0,3,3,0,0,0,0,0,0,0,0,0,0,0,0,0,0,0,0,0,0,0,0,0,0
0,45,45,kswapd0,0,0,3,120,0,3,3,0,0,0,0,0,0,0,0,0,0,0,0,0,0,0,0,0,0,0,0,0,0
0,45,45,kswapd0,0,0,3,120,0,3,3,0,0,0,0,0,0,0,0,0,0,0,0,0,0,0,0,0,0,0,0,0,0
0,45,45,kswapd0,154,154,157,120,0,3,3,0,31,0,0,0,0,1,30,0,0,0,0,6,21,0,0,2,0,0,0,0,0
0,45,45,kswapd0,16,16,19,120,0,3,3,5,0,1,4,0,0,0,0,0,0,0,0,49,0,0,0,0,0,0,0,0,0
0,45,45,kswapd0,0,0,3,120,0,3,3,0,0,0,0,0,0,0,0,0,0,0,0,0,0,0,0,0,0,0,0,0,0
0,45,45,kswapd0,255,255,257,120,0,2,2,0,0,0,0,0,0,0,0,0,0,0,0,6,6,0,0,0,16,0,0,0,0
0,45,45,kswapd0,3984,3984,3987,120,1,3,3,88,215,11,72,5,0,4,10,201,0,2,33,367,491,0,0,6,0,0,0,0,4
0,45,45,kswapd0,1116,1116,1118,120,0,2,2,0,25,0,0,0,0,0,25,0,0,0,0,1,7,0,0,0,0,0,0,0,0
0,45,45,kswapd0,0,0,3,120,0,3,3,0,0,0,0,0,0,0,0,0,0,0,0,0,0,0,0,0,0,0,0,0,0
0,45,45,kswapd0,10,10,12,120,0,2,2,1,0,1,0,0,0,0,0,0,0,0,0,0,1,0,0,59,0,0,0,0,0
0,45,45,kswapd0,0,0,3,120,0,3,3,0,0,0,0,0,0,0,0,0,0,0,0,0,0,0,0,0,0,0,0,0,0
0,45,45,kswapd0,0,0,3,120,0,3,3,0,0,0,0,0,0,0,0,0,0,0,0,0,0,0,0,0,0,0,0,0,0
0,45,45,kswapd0,154,154,157,120,0,3,3,0,31,0,0,0,0,1,30,0,0,0,0,6,21,0,0,2,0,0,0,0,0
0,45,45,kswapd0,41,41,44,120,0,3,3,2,0,0,2,0,0,0,0,0,0,0,0,1,0,0,0,2,0,0,0,0,0
0,45,45,kswapd0,0,0,3,120,0,3,3,0,0,0,0,0,0,0,0,0,0,0,0,0,0,0,0,0,0,0,0,0,0
0,45,45,kswapd0,162,162,164,120,0,2,2,2,0,2,0,0,0,0,0,0,0,0,0,3,19,0,0,0,34,0,0,0,0
0,45,45,kswapd0,5279,5279,5282,120,1,3,3,123,418,62,10,51,0,34,223,161,0,0,51,3,162,0,26,0,35,0,7,0,19
0,45,45,kswapd0,0,0,3,120,0,3,3,0,0,0,0,0,0,0,0,0,0,0,0,0,0,0,0,0,0,0,0,0,0
0,45,45,kswapd0,7,7,10,120,0,3,3,0,1,0,0,0,0,0,1,0,0,0,0,7,6,0,0,1,0,0,0,0,0
0,45,45,kswapd0,1153,1153,1155,120,0,2,2,2,1,2,0,0,0,1,0,0,0,0,0,10,12,0,0,12,0,0,0,0,0
0,45,45,kswapd0,0,0,3,120,0,3,3,0,0,0,0,0,0,0,0,0,0,0,0,0,0,0,0,0,0,0,0,0,0
0,45,45,kswapd0,5244,5244,5246,120,0,2,2,0,13,0,0,0,0,5,8,0,0,0,0,4,4,0,0,0,2,0,0,0,0
0,45,45,kswapd0,0,0,3,120,0,3,3,0,0,0,0,0,0,0,0,0,0,0,0,0,0,0,0,0,0,0,0,0,0
0,45,45,kswapd0,0,0,3,120,0,3,3,0,0,0,0,0,0,0,0,0,0,0,0,0,0,0,0,0,0,0,0,0,0
0,45,45,kswapd0,3657,3657,3660,120,4,3,3,323066,196646,5786,154421,162580,279,12,31,196603,0,0,4,2592,33,0,0,0,0,0,0,0,0
0,45,45,kswapd0,4023,4023,4025,120,1,2,2,50,59,42,5,0,3,24,35,0,0,0,0,1,5,0,0,1,0,1,0,0,0
0,45,45,kswapd0,0,0,3,120,0,3,3,0,0,0,0,0,0,0,0,0,0,0,0,0,0,0,0,0,0,0,0,0,0
0,45,45,kswapd0,0,0,3,120,0,3,3,0,0,0,0,0,0,0,0,0,0,0,0,0,0,0,0,0,0,0,0,0,0
0,45,45,kswapd0,41,41,44,120,0,3,3,2,0,0,2,0,0,0,0,0,0,0,0,1,0,0,0,2,0,0,0,0,0
0,45,45,kswapd0,162,162,164,120,0,2,2,2,0,2,0,0,0,0,0,0,0,0,0,3,19,0,0,0,34,0,0,0,0
0,45,45,kswapd0,0,0,3,120,0,3,3,0,0,0,0,0,0,0,0,0,0,0,0,0,0,0,0,0,0,0,0,0,0
0,45,45,kswapd0,3984,3984,3987,120,1,3,3,88,211,11,72,5,0,0,10,201,0,2,33,367,491,0,0,6,4,0,0,6,0
0,45,45,kswapd0,1153,1153,1155,120,0,2,2,2,1,2,0,0,0,1,0,0,0,0,0,10,12,0,0,12,0,0,0,0,0
0,45,45,kswapd0,5279,5279,5282,120,1,3,3,124,401,62,10,52,0,0,225,161,15,0,51,3,162,0,26,0,54,0,9,5,0
0,45,45,kswapd0,0,0,3,120,0,3,3,0,0,0,0,0,0,0,0,0,0,0,0,0,0,0,0,0,0,0,0,0,0
0,45,45,kswapd0,0,0,3,120,0,3,3,0,0,0,0,0,0,0,0,0,0,0,0,0,0,0,0,0,0,0,0,0,0
0,45,45,kswapd0,0,0,3,120,0,3,3,0,0,0,0,0,0,0,0,0,0,0,0,0,0,0,0,0,0,0,0,0,0
0,45,45,kswapd0,0,0,3,120,0,3,3,0,0,0,0,0,0,0,0,0,0,0,0,0,0,0,0,0,0,0,0,0,0
0,45,45,kswapd0,16,16,19,120,0,3,3,5,0,1,4,0,0,0,0,0,0,0,0,49,0,0,0,0,0,0,0,0,0
0,45,45,kswapd0,255,255,257,120,0,2,2,0,0,0,0,0,0,0,0,0,0,0,0,6,6,0,0,0,16,0,0,0,0
0,45,45,kswapd0,3657,3657,3660,120,8,3,3,323218,196646,5786,154421,162580,431,1,32,196603,10,0,4,2592,33,0,1,0,0,0,0,0,0
0,45,45,kswapd0,4023,4023,4025,120,1,2,2,52,59,42,5,0,5,0,44,0,15,0,0,1,5,0,1,1,0,1,0,0,0
0,45,45,kswapd0,3985,3985,3987,120,1,2,2,82,211,73,6,0,3,10,201,0,0,1,16,186,247,0,0,6,0,0,0,0,0
0,45,45,kswapd0,5280,5280,5282,120,1,2,2,119,402,6,24,0,89,226,161,0,15,0,30,1,120,0,0,5,0,0,0,0,45
0,45,45,kswapd0,5280,5280,5282,120,1,2,2,118,357,6,23,0,89,160,150,0,47,0,30,1,120,0,0,5,45,0,0,0,56
0,45,45,kswapd0,3657,3657,3660,120,16,3,3,323396,196646,5786,154421,162580,609,1,32,196603,10,0,4,2592,33,0,1,0,0,0,0,0,0
0,45,45,kswapd0,4024,4024,4025,120,0,1,1,52,108,5,0,0,47,45,0,0,63,0,0,1,3,0,0,0,0,0,0,0,0
0,127608,127771,file_anon_mix_p,3658,3658,3660,120,1,2,2,331503,196615,146921,162581,0,22001,0,196604,0,11,0,2,1296,16,0,0,7424,31,0,0,64,0
0,127608,127771,file_anon_mix_p,3658,3658,3660,120,1,2,2,331631,196615,146537,162581,0,22513,0,196604,0,11,0,2,1296,16,0,0,7848,31,0,0,64,0
0,127608,127771,file_anon_mix_p,3658,3658,3660,120,1,2,2,331759,196615,146153,162581,0,23025,0,196604,0,11,0,2,1296,16,0,0,8218,31,0,0,64,0
0,127797,127797,sh,5280,5280,5282,120,0,2,2,123,437,0,16,0,107,101,151,0,185,0,30,1,120,0,1,5,101,5,97,0,0
0,127608,127771,file_anon_mix_p,3658,3658,3660,120,1,2,2,332015,196615,144873,162581,0,24561,0,196604,0,11,0,2,1296,16,0,0,9444,31,0,0,64,0
0,127797,127797,sh,3658,3658,3660,120,1,2,2,332113,196615,145001,162581,0,24531,0,196604,0,11,0,2,1296,16,0,0,9382,31,0,0,64,0
0,127797,127797,sh,5280,5280,5282,120,0,2,2,131,437,0,16,0,115,101,151,0,185,0,30,1,120,0,1,5,101,5,97,0,0
0,127797,127797,sh,3658,3658,3660,120,1,2,2,332379,196615,144617,162581,0,25181,0,196604,0,11,0,2,1296,16,0,0,9788,31,0,0,64,0
0,127798,127798,cat,3658,3658,3660,120,1,2,2,332644,196615,144169,162581,0,25894,0,196604,0,11,0,2,1296,16,0,0,10178,31,0,0,64,0
0,121783,121783,watch,3658,3658,3660,120,1,2,2,331938,196615,142377,162581,0,26980,0,196604,0,11,0,2,1296,16,0,0,11970,31,0,0,64,0
0,127608,127771,file_anon_mix_p,3658,3658,3660,120,1,2,2,332702,196615,136362,162580,0,33760,0,196604,0,11,0,2,1296,16,0,0,18021,31,0,0,64,0
0,127803,127803,sh,3658,3658,3660,120,1,2,2,333027,196615,135402,162580,0,35045,0,196604,0,11,0,2,1296,16,0,0,19004,31,0,0,64,0
0,127608,127771,file_anon_mix_p,3658,3658,3660,120,1,2,2,332899,196615,135274,162580,0,35045,0,196604,0,11,0,2,1296,16,0,0,19007,31,0,0,64,0
0,127608,127771,file_anon_mix_p,3658,3658,3660,120,1,2,2,333087,196615,133633,162580,0,36874,0,196604,0,11,0,2,1296,16,0,0,20689,31,0,0,64,0
0,127608,127771,file_anon_mix_p,3658,3658,3660,120,1,2,2,333119,196615,133185,162580,0,37354,0,196604,0,11,0,2,1296,16,0,0,21124,31,0,0,64,0
0,127608,127771,file_anon_mix_p,3658,3658,3660,120,1,2,2,333213,196615,132801,162580,0,37832,0,196604,0,11,0,2,1296,16,0,0,21525,31,0,0,64,0
0,127608,127771,file_anon_mix_p,3658,3658,3660,120,1,2,2,333303,196615,132417,162580,0,38306,0,196604,0,11,0,2,1296,16,0,0,21896,31,0,0,64,0
0,127608,127771,file_anon_mix_p,3658,3658,3660,120,1,2,2,333462,196615,132353,162579,0,38530,0,196602,0,13,0,2,1296,16,0,0,21992,31,0,0,64,0
0,127608,127771,file_anon_mix_p,3658,3658,3660,120,1,2,2,333831,196615,132289,162579,0,38963,0,196602,0,13,0,2,1296,16,0,0,22056,31,0,0,64,0
0,127608,127771,file_anon_mix_p,3658,3658,3660,120,1,2,2,333986,196615,132225,162579,0,39182,0,196602,0,13,0,2,1296,16,0,0,22120,31,0,0,64,0
0,127608,127771,file_anon_mix_p,3658,3658,3660,120,1,2,2,334110,196615,132161,162579,0,39370,0,159745,0,36870,0,2,1296,16,0,0,22184,31,0,0,64,0
0,127608,127771,file_anon_mix_p,3658,3658,3660,120,1,2,2,334169,196615,132097,162579,0,39493,0,159745,0,36870,0,2,1296,16,0,0,22248,31,0,0,64,0
0,127608,127771,file_anon_mix_p,3658,3658,3660,120,1,2,2,334324,196615,132033,162579,0,39712,0,159745,0,36870,0,2,1296,16,0,0,22312,31,0,0,64,0
0,127608,127771,file_anon_mix_p,3658,3658,3660,120,1,2,2,334534,196615,131969,162579,0,39986,0,159745,0,36870,0,2,1296,16,0,0,22376,31,0,0,64,0
0,127608,127771,file_anon_mix_p,3658,3658,3660,120,1,2,2,334982,196615,131905,162579,0,40498,0,159745,0,36870,0,2,1296,16,0,0,22440,31,0,0,64,0
0,127608,127771,file_anon_mix_p,3658,3658,3660,120,1,2,2,335430,196615,131841,162579,0,41010,0,159745,0,36870,0,2,1296,16,0,0,22504,31,0,0,64,0
0,127608,127771,file_anon_mix_p,3658,3658,3660,120,1,2,2,335878,196615,131777,162579,0,41522,0,159745,0,36870,0,2,1296,16,0,0,22568,31,0,0,64,0
0,127608,127771,file_anon_mix_p,3658,3658,3660,120,1,2,2,336326,196615,131713,162579,0,42034,0,159745,0,36870,0,2,1296,16,0,0,22632,31,0,0,64,0
0,127608,127771,file_anon_mix_p,3658,3658,3660,120,1,2,2,336326,196615,131649,162579,0,42098,0,159745,0,36870,0,2,1296,16,0,0,22696,31,0,0,64,0
0,127608,127771,file_anon_mix_p,3658,3658,3660,120,1,2,2,336357,196615,131585,162579,0,42193,0,159745,0,36870,0,2,1296,16,0,0,22760,31,0,0,64,0
0,127608,127771,file_anon_mix_p,3658,3658,3660,120,1,2,2,336388,196615,131521,162579,0,42288,0,159745,0,36870,0,2,1296,16,0,0,22824,31,0,0,64,0
0,127608,127771,file_anon_mix_p,3658,3658,3660,120,1,2,2,336325,196615,131457,162579,0,42289,0,159745,0,36870,0,2,1296,16,0,0,22888,31,0,0,64,0
0,45,45,kswapd0,3657,3657,3660,120,437,3,3,323580,196646,5786,154421,162580,793,1,32,196603,10,0,4,2592,33,0,1,0,0,0,0,21033,31
0,45,45,kswapd0,5,5,7,120,0,2,2,0,0,0,0,0,0,0,0,0,0,0,0,27,0,0,0,2,0,0,0,0,0
0,45,45,kswapd0,0,0,3,120,0,3,3,0,0,0,0,0,0,0,0,0,0,0,0,0,0,0,0,0,0,0,0,0,0
0,45,45,kswapd0,0,0,3,120,0,3,3,0,0,0,0,0,0,0,0,0,0,0,0,0,0,0,0,0,0,0,0,0,0
0,45,45,kswapd0,6,7,9,120,0,3,2,0,0,0,0,0,0,0,0,0,0,0,0,0,1,0,0,0,22,0,0,0,0
0,45,45,kswapd0,154,154,157,120,2,3,3,0,31,0,0,0,0,1,30,0,0,0,0,6,21,0,0,2,0,0,0,0,0
0,45,45,kswapd0,5244,5244,5246,120,1,2,2,0,15,0,0,0,0,7,8,0,0,0,0,4,4,0,0,0,2,0,0,0,2
0,45,45,kswapd0,16,16,19,120,1,3,3,5,0,1,4,0,0,0,0,0,0,0,0,49,0,0,0,0,0,0,0,1,0
0,45,45,kswapd0,150,150,152,120,0,2,2,1,0,1,0,0,0,0,0,0,0,0,0,2,2,0,0,5,0,0,0,0,0
0,45,45,kswapd0,1517,1517,1520,120,2,3,3,0,15,0,0,0,0,1,14,0,0,0,0,1,7,0,0,0,0,0,0,0,1
0,45,45,kswapd0,0,0,3,120,0,3,3,0,0,0,0,0,0,0,0,0,0,0,0,0,0,0,0,0,0,0,0,0,0
0,45,45,kswapd0,0,0,3,120,0,3,3,0,0,0,0,0,0,0,0,0,0,0,0,0,0,0,0,0,0,0,0,0,0
0,45,45,kswapd0,162,162,164,120,1,2,2,2,0,2,0,0,0,0,0,0,0,0,0,3,19,0,0,0,34,0,0,2,0
0,45,45,kswapd0,1153,1153,1155,120,1,2,2,2,1,2,0,0,0,1,0,0,0,0,0,10,12,0,0,12,0,0,0,2,0
0,45,45,kswapd0,0,0,3,120,0,3,3,0,0,0,0,0,0,0,0,0,0,0,0,0,0,0,0,0,0,0,0,0,0
0,45,45,kswapd0,5,5,7,120,0,2,2,0,0,0,0,0,0,0,0,0,0,0,0,27,0,0,0,2,0,0,0,0,0
0,45,45,kswapd0,0,0,3,120,0,3,3,0,0,0,0,0,0,0,0,0,0,0,0,0,0,0,0,0,0,0,0,0,0
0,45,45,kswapd0,0,0,3,120,0,3,3,0,0,0,0,0,0,0,0,0,0,0,0,0,0,0,0,0,0,0,0,0,0
0,45,45,kswapd0,3985,3985,3988,120,3,3,3,83,211,74,5,3,1,0,201,10,0,1,16,186,247,0,0,6,0,0,0,1,49
0,45,45,kswapd0,0,0,3,120,0,3,3,0,0,0,0,0,0,0,0,0,0,0,0,0,0,0,0,0,0,0,0,0,0
0,394,394,sshd-session,156,156,157,120,0,1,1,0,31,0,0,0,0,18,0,0,13,0,0,2,13,0,0,0,0,0,0,0,0
0,394,394,sshd-session,5245,5245,5246,120,0,1,1,0,13,0,0,0,0,11,0,0,2,0,0,2,3,0,0,0,2,0,0,0,0
0,394,394,sshd-session,17,17,19,120,0,2,2,4,0,4,0,0,0,0,0,0,0,0,0,24,0,0,0,1,0,0,0,0,0
0,45,45,kswapd0,4024,4024,4026,120,0,2,2,52,122,0,52,0,0,29,80,0,13,0,0,1,3,0,0,0,0,0,0,0,0
0,394,394,sshd-session,163,163,164,120,0,1,1,0,0,0,0,0,0,0,0,0,0,0,0,1,26,0,0,2,0,0,0,0,0
0,45,45,kswapd0,6,7,9,120,0,3,2,0,0,0,0,0,0,0,0,0,0,0,0,0,1,0,0,0,22,0,0,0,0
0,394,394,sshd-session,1519,1519,1520,120,0,1,1,0,14,0,0,0,0,14,0,0,0,0,0,0,9,0,0,0,0,0,0,0,0
0,45,45,kswapd0,150,150,152,120,0,2,2,1,0,1,0,0,0,0,0,0,0,0,0,2,2,0,0,5,0,0,0,0,0
0,394,394,sshd-session,3986,3986,3988,120,0,2,2,82,162,3,10,0,69,71,44,0,47,0,8,96,123,0,48,0,49,0,0,0,0
0,45,45,kswapd0,0,0,3,120,0,3,3,0,0,0,0,0,0,0,0,0,0,0,0,0,0,0,0,0,0,0,0,0,0
0,45,45,kswapd0,0,0,3,120,0,3,3,0,0,0,0,0,0,0,0,0,0,0,0,0,0,0,0,0,0,0,0,0,0
0,394,394,sshd-session,0,0,3,120,0,3,3,0,0,0,0,0,0,0,0,0,0,0,0,0,0,0,0,0,0,0,0,0,0
0,45,45,kswapd0,0,0,3,120,0,3,3,0,0,0,0,0,0,0,0,0,0,0,0,0,0,0,0,0,0,0,0,0,0
0,394,394,sshd-session,0,0,3,120,0,3,3,0,0,0,0,0,0,0,0,0,0,0,0,0,0,0,0,0,0,0,0,0,0
0,45,45,kswapd0,5245,5245,5246,120,0,1,1,0,13,0,0,0,0,11,0,0,2,0,0,2,3,0,0,0,2,0,0,0,0
0,394,394,sshd-session,5245,5245,5246,120,0,1,1,0,13,0,0,0,0,11,0,0,2,0,0,2,3,0,0,0,2,0,0,0,0
0,45,45,kswapd0,132,132,134,120,1,2,2,36,0,11,25,0,0,0,0,0,0,0,0,2,0,0,0,1,0,0,0,0,0
0,45,45,kswapd0,0,0,3,120,0,3,3,0,0,0,0,0,0,0,0,0,0,0,0,0,0,0,0,0,0,0,0,0,0
0,45,45,kswapd0,0,0,3,120,0,3,3,0,0,0,0,0,0,0,0,0,0,0,0,0,0,0,0,0,0,0,0,0,0
0,45,45,kswapd0,255,255,257,120,0,2,2,0,0,0,0,0,0,0,0,0,0,0,0,6,6,0,0,0,16,0,0,0,0
0,394,394,sshd-session,0,0,3,120,0,3,3,0,0,0,0,0,0,0,0,0,0,0,0,0,0,0,0,0,0,0,0,0,0
0,394,394,sshd-session,0,0,3,120,0,3,3,0,0,0,0,0,0,0,0,0,0,0,0,0,0,0,0,0,0,0,0,0,0
0,394,394,sshd-session,133,133,134,120,0,1,1,36,0,25,0,0,11,0,0,0,0,0,0,1,0,0,0,0,0,0,0,0,0
0,394,394,sshd-session,5280,5280,5282,120,0,2,2,109,437,0,10,0,99,101,151,0,185,0,30,1,120,0,1,5,101,5,97,0,0
0,394,394,sshd-session,17,17,19,120,0,2,2,4,0,4,0,0,0,0,0,0,0,0,0,24,0,0,0,1,0,0,0,0,0
0,394,394,sshd-session,1519,1519,1520,120,0,1,1,0,14,0,0,0,0,14,0,0,0,0,0,0,9,0,0,0,0,0,0,0,0
0,394,394,sshd-session,0,0,3,120,0,3,3,0,0,0,0,0,0,0,0,0,0,0,0,0,0,0,0,0,0,0,0,0,0
0,394,394,sshd-session,1116,1116,1119,120,0,3,3,0,25,0,0,0,0,0,25,0,0,0,0,1,7,0,0,0,0,0,0,0,0
0,394,394,sshd-session,0,0,3,120,0,3,3,0,0,0,0,0,0,0,0,0,0,0,0,0,0,0,0,0,0,0,0,0,0
0,394,394,sshd-session,0,0,3,120,0,3,3,0,0,0,0,0,0,0,0,0,0,0,0,0,0,0,0,0,0,0,0,0,0
0,45,45,kswapd0,5280,5280,5282,120,0,2,2,109,437,0,10,0,99,101,151,0,185,0,30,1,120,0,1,5,101,5,97,0,0
0,45,45,kswapd0,1116,1116,1119,120,2,3,3,0,25,0,0,0,0,0,25,0,0,0,0,1,7,0,0,0,0,0,0,0,0
0,126930,126930,mglru_monitor,10,10,12,120,0,2,2,1,0,1,0,0,0,0,0,0,0,0,0,0,1,0,0,59,0,0,0,0,0
0,126930,126930,mglru_monitor,7,7,10,120,0,3,3,0,1,0,0,0,0,0,1,0,0,0,0,7,6,0,0,1,0,0,0,0,0
0,126930,126930,mglru_monitor,41,41,44,120,0,3,3,2,0,0,2,0,0,0,0,0,0,0,0,1,0,0,0,2,0,0,0,0,0
0,126930,126930,mglru_monitor,0,0,3,120,0,3,3,0,0,0,0,0,0,0,0,0,0,0,0,0,0,0,0,0,0,0,0,0,0
0,126930,126930,mglru_monitor,0,0,3,120,0,3,3,0,0,0,0,0,0,0,0,0,0,0,0,0,0,0,0,0,0,0,0,0,0
0,126930,126930,mglru_monitor,0,0,3,120,0,3,3,0,0,0,0,0,0,0,0,0,0,0,0,0,0,0,0,0,0,0,0,0,0
0,126930,126930,mglru_monitor,1154,1154,1155,120,0,1,1,0,1,0,0,0,0,1,0,0,0,0,0,11,5,0,0,2,0,0,0,0,0
0,126930,126930,mglru_monitor,0,0,3,120,0,3,3,0,0,0,0,0,0,0,0,0,0,0,0,0,0,0,0,0,0,0,0,0,0
0,126930,126930,mglru_monitor,156,156,157,120,0,1,1,0,31,0,0,0,0,18,0,0,13,0,0,2,13,0,0,0,0,0,0,0,0
0,126930,126930,mglru_monitor,7,7,10,120,0,3,3,0,1,0,0,0,0,0,1,0,0,0,0,7,6,0,0,1,0,0,0,0,0
0,126930,126930,mglru_monitor,3986,3986,3988,120,0,2,2,82,162,3,10,0,69,71,44,0,47,0,8,96,123,0,48,0,49,0,0,0,0
0,126930,126930,mglru_monitor,255,255,257,120,0,2,2,0,0,0,0,0,0,0,0,0,0,0,0,6,6,0,0,0,16,0,0,0,0
0,126930,126930,mglru_monitor,41,41,44,120,0,3,3,2,0,0,2,0,0,0,0,0,0,0,0,1,0,0,0,2,0,0,0,0,0
0,126930,126930,mglru_monitor,0,0,3,120,0,3,3,0,0,0,0,0,0,0,0,0,0,0,0,0,0,0,0,0,0,0,0,0,0
0,126930,126930,mglru_monitor,0,0,3,120,0,3,3,0,0,0,0,0,0,0,0,0,0,0,0,0,0,0,0,0,0,0,0,0,0
0,126930,126930,mglru_monitor,0,0,3,120,0,3,3,0,0,0,0,0,0,0,0,0,0,0,0,0,0,0,0,0,0,0,0,0,0
0,126930,126930,mglru_monitor,0,0,3,120,0,3,3,0,0,0,0,0,0,0,0,0,0,0,0,0,0,0,0,0,0,0,0,0,0
0,126930,126930,mglru_monitor,0,0,3,120,0,3,3,0,0,0,0,0,0,0,0,0,0,0,0,0,0,0,0,0,0,0,0,0,0
0,126930,126930,mglru_monitor,10,10,12,120,0,2,2,1,0,1,0,0,0,0,0,0,0,0,0,0,1,0,0,59,0,0,0,0,0
0,127608,127771,file_anon_mix_p,3658,3658,3660,120,1,2,2,336298,196615,131393,162579,0,42326,0,159745,0,36870,0,2,1296,16,0,0,22952,31,0,0,64,0
0,394,394,sshd-session,3658,3658,3661,120,1,3,3,336234,196615,131329,162579,42326,0,0,1,196614,0,0,2,1296,16,0,0,22987,31,0,0,64,0
0,126930,126930,mglru_monitor,3658,3658,3661,120,1,3,3,336106,196615,131201,162579,42326,0,0,1,196614,0,0,2,1296,16,0,0,23004,31,0,0,64,0
0,127608,127771,file_anon_mix_p,3658,3658,3661,120,3,3,3,335952,196615,130228,162579,42326,819,0,1,196614,0,0,2,1296,16,0,0,23923,31,0,0,0,0
0,127608,127771,file_anon_mix_p,0,0,3,120,0,3,3,0,0,0,0,0,0,0,0,0,0,0,0,0,0,0,0,0,0,0,0,0,0
0,127608,127771,file_anon_mix_p,0,0,3,120,0,3,3,0,0,0,0,0,0,0,0,0,0,0,0,0,0,0,0,0,0,0,0,0,0
0,127608,127771,file_anon_mix_p,0,0,3,120,0,3,3,0,0,0,0,0,0,0,0,0,0,0,0,0,0,0,0,0,0,0,0,0,0
0,127608,127771,file_anon_mix_p,133,133,134,120,0,1,1,36,0,25,0,0,11,0,0,0,0,0,0,1,0,0,0,0,0,0,0,0,0
0,127608,127771,file_anon_mix_p,1118,1118,1119,120,0,1,1,0,25,0,0,0,0,25,0,0,0,0,0,0,14,0,0,0,0,0,0,0,0
0,394,394,sshd-session,3658,3658,3661,120,3,3,3,335881,196615,130100,162579,42326,876,0,1,196614,0,0,2,1296,16,0,0,23923,31,0,0,0,0
0,127608,127771,file_anon_mix_p,3658,3658,3661,120,4,3,3,335881,196615,129268,162579,42326,1708,0,1,196614,0,0,2,1296,16,0,0,23923,31,0,0,64,0
0,394,394,sshd-session,3658,3658,3661,120,2,3,3,335832,196615,128692,162579,42326,2235,0,1,196614,0,0,2,1296,16,0,0,23923,31,0,0,64,0
0,126930,126930,mglru_monitor,3658,3658,3661,120,3,3,3,335881,196615,129140,162579,42326,1836,0,1,196614,0,0,2,1296,16,0,0,23923,31,0,0,65,0
0,127608,127771,file_anon_mix_p,3658,3658,3661,120,1,3,3,336552,196615,126707,162579,42328,4938,0,1,196614,0,0,2,1296,16,0,0,25527,31,0,0,64,0
0,127608,127771,file_anon_mix_p,3658,3658,3661,120,1,3,3,336956,196615,126195,162579,42328,5854,0,1,196614,0,0,2,1296,16,0,0,26076,31,0,0,64,0
0,127608,127771,file_anon_mix_p,3658,3658,3661,120,1,3,3,337044,196615,125811,162579,42328,6326,0,1,196614,0,0,2,1296,16,0,0,26466,31,0,0,64,0
0,127608,127771,file_anon_mix_p,3658,3658,3661,120,1,3,3,337165,196615,125427,162579,42328,6831,0,1,196614,0,0,2,1296,16,0,0,26841,31,0,0,64,0
0,127608,127771,file_anon_mix_p,3658,3658,3661,120,1,3,3,337221,196615,124979,162579,42328,7335,0,1,196614,0,0,2,1296,16,0,0,27256,31,0,0,64,0
0,127608,127771,file_anon_mix_p,3658,3658,3661,120,1,3,3,337084,196615,124787,162579,42328,7390,0,1,196614,0,0,2,1296,16,0,0,27444,31,0,0,64,0
0,127608,127771,file_anon_mix_p,3658,3658,3661,120,1,3,3,337276,196615,124467,162579,42328,7902,0,1,196614,0,0,2,1296,16,0,0,27792,31,0,0,64,0
0,127608,127771,file_anon_mix_p,3658,3658,3661,120,1,3,3,337404,196615,124083,162579,42328,8414,0,1,196614,0,0,2,1296,16,0,0,28201,31,0,0,64,0
0,127608,127771,file_anon_mix_p,3658,3658,3661,120,1,3,3,337532,196615,123699,162579,42328,8926,0,1,196614,0,0,2,1296,16,0,0,28548,31,0,0,64,0
0,127608,127771,file_anon_mix_p,3658,3658,3661,120,1,3,3,337315,196615,122931,162579,42328,9477,0,1,196614,0,0,2,1296,16,0,0,29300,31,0,0,64,0
0,127608,127771,file_anon_mix_p,3658,3658,3661,120,1,3,3,337404,196615,122547,162579,42328,9950,0,1,196614,0,0,2,1296,16,0,0,29714,31,0,0,64,0
0,127608,127771,file_anon_mix_p,3658,3658,3661,120,1,3,3,337398,196615,122099,162579,42328,10392,0,1,196614,0,0,2,1296,16,0,0,30143,31,0,0,64,0
0,127608,127771,file_anon_mix_p,3658,3658,3661,120,1,3,3,337276,196615,121907,162579,42328,10462,0,1,196614,0,0,2,1296,16,0,0,30330,31,0,0,64,0
0,127578,127578,kworker/0:0,3658,3658,3661,120,1,3,3,337325,196615,121395,162579,42328,11023,0,1,196614,0,0,2,1296,16,0,0,30841,31,0,0,0,0
0,127578,127578,kworker/0:0,3658,3658,3661,120,1,3,3,337325,196615,121395,162579,42328,11023,0,1,196614,0,0,2,1296,16,0,0,30845,31,0,0,0,0
0,127578,127578,kworker/0:0,3658,3658,3661,120,1,3,3,337325,196615,121395,162579,42328,11023,0,1,196614,0,0,2,1296,16,0,0,30848,31,0,0,0,0
0,127578,127578,kworker/0:0,3658,3658,3661,120,1,3,3,337325,196615,121395,162579,42328,11023,0,1,196614,0,0,2,1296,16,0,0,30850,31,0,0,0,0
0,127578,127578,kworker/0:0,3658,3658,3661,120,1,3,3,337325,196615,121395,162579,42328,11023,0,1,196614,0,0,2,1296,16,0,0,30853,31,0,0,0,0
0,127578,127578,kworker/0:0,3658,3658,3661,120,1,3,3,337325,196615,121395,162579,42328,11023,0,1,196614,0,0,2,1296,16,0,0,30855,31,0,0,0,0
0,127578,127578,kworker/0:0,3658,3658,3661,120,1,3,3,337325,196615,121395,162579,42328,11023,0,1,196614,0,0,2,1296,16,0,0,30857,31,0,0,0,0
0,127578,127578,kworker/0:0,3658,3658,3661,120,1,3,3,337325,196615,121395,162579,42328,11023,0,1,196614,0,0,2,1296,16,0,0,30859,31,0,0,0,0
0,127578,127578,kworker/0:0,3658,3658,3661,120,1,3,3,337325,196615,121395,162579,42328,11023,0,1,196614,0,0,2,1296,16,0,0,30861,31,0,0,0,0
0,127578,127578,kworker/0:0,3658,3658,3661,120,1,3,3,337325,196615,121395,162579,42328,11023,0,1,196614,0,0,2,1296,16,0,0,30863,31,0,0,0,0
0,127578,127578,kworker/0:0,3658,3658,3661,120,1,3,3,337325,196615,121395,162579,42328,11023,0,1,196614,0,0,2,1296,16,0,0,30864,31,0,0,0,0
0,127578,127578,kworker/0:0,3658,3658,3661,120,1,3,3,337261,196615,121331,162579,42328,11023,0,1,196614,0,0,2,1296,16,0,0,30866,31,0,0,0,0
0,127578,127578,kworker/0:0,3658,3658,3661,120,1,3,3,337261,196615,121331,162579,42328,11023,0,1,196614,0,0,2,1296,16,0,0,30866,31,0,0,0,0
0,127578,127578,kworker/0:0,3658,3658,3661,120,1,3,3,337261,196615,121331,162579,42328,11023,0,1,196614,0,0,2,1296,16,0,0,30866,31,0,0,0,0
0,127578,127578,kworker/0:0,3658,3658,3661,120,1,3,3,337261,196615,121331,162579,42328,11023,0,1,196614,0,0,2,1296,16,0,0,30866,31,0,0,0,0
0,127578,127578,kworker/0:0,3658,3658,3661,120,1,3,3,337261,196615,121331,162579,42328,11023,0,1,196614,0,0,2,1296,16,0,0,30866,31,0,0,0,0
0,127578,127578,kworker/0:0,3658,3658,3661,120,1,3,3,337261,196615,121331,162579,42328,11023,0,1,196614,0,0,2,1296,16,0,0,30866,31,0,0,0,0
0,127578,127578,kworker/0:0,3658,3658,3661,120,1,3,3,337261,196615,121331,162579,42328,11023,0,1,196614,0,0,2,1296,16,0,0,30866,31,0,0,0,0
0,127578,127578,kworker/0:0,3658,3658,3661,120,1,3,3,337261,196615,121331,162579,42328,11023,0,1,196614,0,0,2,1296,16,0,0,30866,31,0,0,0,0
0,127578,127578,kworker/0:0,3658,3658,3661,120,1,3,3,337261,196615,121331,162579,42328,11023,0,1,196614,0,0,2,1296,16,0,0,30866,31,0,0,0,0
0,127578,127578,kworker/0:0,3658,3658,3661,120,1,3,3,337261,196615,121331,162579,42328,11023,0,1,196614,0,0,2,1296,16,0,0,30866,31,0,0,0,0
0,127578,127578,kworker/0:0,3658,3658,3661,120,1,3,3,337261,196615,121331,162579,42328,11023,0,1,196614,0,0,2,1296,16,0,0,30866,31,0,0,0,0
0,127578,127578,kworker/0:0,3658,3658,3661,120,1,3,3,337261,196615,121331,162579,42328,11023,0,1,196614,0,0,2,1296,16,0,0,30866,31,0,0,0,0
0,127578,127578,kworker/0:0,3658,3658,3661,120,1,3,3,337261,196615,121331,162579,42328,11023,0,1,196614,0,0,2,1296,16,0,0,30866,31,0,0,0,0
0,127578,127578,kworker/0:0,3658,3658,3661,120,1,3,3,337261,196615,121331,162579,42328,11023,0,1,196614,0,0,2,1296,16,0,0,30866,31,0,0,0,0
0,127578,127578,kworker/0:0,3658,3658,3661,120,1,3,3,337261,196615,121331,162579,42328,11023,0,1,196614,0,0,2,1296,16,0,0,30905,31,0,0,0,0
0,127578,127578,kworker/0:0,3658,3658,3661,120,1,3,3,337261,196615,121331,162579,42328,11023,0,1,196614,0,0,2,1296,16,0,0,30935,31,0,0,0,0
0,127578,127578,kworker/0:0,3658,3658,3661,120,1,3,3,337204,196615,121274,162579,42328,11023,0,1,196614,0,0,2,1296,16,0,0,30936,31,0,0,0,0
0,127578,127578,kworker/0:0,3658,3658,3661,120,1,3,3,337197,196615,121267,162579,42328,11023,0,1,196614,0,0,2,1296,16,0,0,30937,31,0,0,0,0
0,127578,127578,kworker/0:0,3658,3658,3661,120,1,3,3,337197,196615,121267,162579,42328,11023,0,1,196614,0,0,2,1296,16,0,0,30939,31,0,0,0,0
0,127578,127578,kworker/0:0,3658,3658,3661,120,1,3,3,337197,196615,121267,162579,42328,11023,0,1,196614,0,0,2,1296,16,0,0,30941,31,0,0,0,0
0,127578,127578,kworker/0:0,3658,3658,3661,120,1,3,3,337197,196615,121267,162579,42328,11023,0,1,196614,0,0,2,1296,16,0,0,30943,31,0,0,0,0
0,127578,127578,kworker/0:0,3658,3658,3661,120,1,3,3,337197,196615,121267,162579,42328,11023,0,1,196614,0,0,2,1296,16,0,0,30946,31,0,0,0,0
0,127578,127578,kworker/0:0,3658,3658,3661,120,1,3,3,337197,196615,121267,162579,42328,11023,0,1,196614,0,0,2,1296,16,0,0,30948,31,0,0,0,0
0,127578,127578,kworker/0:0,3658,3658,3661,120,1,3,3,337197,196615,121267,162579,42328,11023,0,1,196614,0,0,2,1296,16,0,0,30951,31,0,0,0,0
0,127578,127578,kworker/0:0,3658,3658,3661,120,1,3,3,337197,196615,121267,162579,42328,11023,0,1,196614,0,0,2,1296,16,0,0,30953,31,0,0,0,0
0,127578,127578,kworker/0:0,3658,3658,3661,120,1,3,3,337197,196615,121267,162579,42328,11023,0,1,196614,0,0,2,1296,16,0,0,30956,31,0,0,0,0
0,127578,127578,kworker/0:0,3658,3658,3661,120,1,3,3,337197,196615,121267,162579,42328,11023,0,1,196614,0,0,2,1296,16,0,0,30958,31,0,0,0,0
0,127578,127578,kworker/0:0,3658,3658,3661,120,1,3,3,337197,196615,121267,162579,42328,11023,0,1,196614,0,0,2,1296,16,0,0,30997,31,0,0,0,0
0,127578,127578,kworker/0:0,3658,3658,3661,120,1,3,3,337197,196615,121267,162579,42328,11023,0,1,196614,0,0,2,1296,16,0,0,31000,31,0,0,0,0
0,127578,127578,kworker/0:0,3658,3658,3661,120,1,3,3,337197,196615,121267,162579,42328,11023,0,1,196614,0,0,2,1296,16,0,0,31003,31,0,0,0,0
0,127578,127578,kworker/0:0,3658,3658,3661,120,1,3,3,337197,196615,121267,162579,42328,11023,0,1,196614,0,0,2,1296,16,0,0,31005,31,0,0,0,0
0,127578,127578,kworker/0:0,3658,3658,3661,120,1,3,3,337197,196615,121267,162579,42328,11023,0,1,196614,0,0,2,1296,16,0,0,31007,31,0,0,0,0
0,127578,127578,kworker/0:0,3658,3658,3661,120,1,3,3,337197,196615,121267,162579,42328,11023,0,1,196614,0,0,2,1296,16,0,0,31008,31,0,0,0,0
0,127578,127578,kworker/0:0,3658,3658,3661,120,1,3,3,337133,196615,121203,162579,42328,11023,0,1,196614,0,0,2,1296,16,0,0,31009,31,0,0,0,0
0,127578,127578,kworker/0:0,3658,3658,3661,120,1,3,3,337133,196615,121203,162579,42328,11023,0,1,196614,0,0,2,1296,16,0,0,31011,31,0,0,0,0
0,127578,127578,kworker/0:0,3658,3658,3661,120,1,3,3,337133,196615,121203,162579,42328,11023,0,1,196614,0,0,2,1296,16,0,0,31014,31,0,0,0,0
0,127578,127578,kworker/0:0,3658,3658,3661,120,1,3,3,337133,196615,121203,162579,42328,11023,0,1,196614,0,0,2,1296,16,0,0,31016,31,0,0,0,0
0,127578,127578,kworker/0:0,3658,3658,3661,120,1,3,3,337133,196615,121203,162579,42328,11023,0,1,196614,0,0,2,1296,16,0,0,31018,31,0,0,0,0
0,127578,127578,kworker/0:0,3658,3658,3661,120,1,3,3,337133,196615,121203,162579,42328,11023,0,1,196614,0,0,2,1296,16,0,0,31021,31,0,0,0,0
0,127578,127578,kworker/0:0,3658,3658,3661,120,1,3,3,337133,196615,121203,162579,42328,11023,0,1,196614,0,0,2,1296,16,0,0,31023,31,0,0,0,0
0,127578,127578,kworker/0:0,3658,3658,3661,120,1,3,3,337133,196615,121203,162579,42328,11023,0,1,196614,0,0,2,1296,16,0,0,31063,31,0,0,0,0
0,127578,127578,kworker/0:0,3658,3658,3661,120,1,3,3,337069,196615,121139,162579,42328,11023,0,1,196614,0,0,2,1296,16,0,0,31082,31,0,0,0,0
0,127578,127578,kworker/0:0,3658,3658,3661,120,1,3,3,337069,196615,121139,162579,42328,11023,0,1,196614,0,0,2,1296,16,0,0,31082,31,0,0,0,0
0,127578,127578,kworker/0:0,3658,3658,3661,120,1,3,3,337069,196615,121139,162579,42328,11023,0,1,196614,0,0,2,1296,16,0,0,31082,31,0,0,0,0
0,127578,127578,kworker/0:0,3658,3658,3661,120,1,3,3,337069,196615,121139,162579,42328,11023,0,1,196614,0,0,2,1296,16,0,0,31082,31,0,0,0,0
0,127578,127578,kworker/0:0,3658,3658,3661,120,1,3,3,337069,196615,121139,162579,42328,11023,0,1,196614,0,0,2,1296,16,0,0,31082,31,0,0,0,0
0,127578,127578,kworker/0:0,3658,3658,3661,120,1,3,3,337069,196615,121139,162579,42328,11023,0,1,196614,0,0,2,1296,16,0,0,31082,31,0,0,0,0
0,127578,127578,kworker/0:0,3658,3658,3661,120,1,3,3,337069,196615,121139,162579,42328,11023,0,1,196614,0,0,2,1296,16,0,0,31082,31,0,0,0,0
0,127578,127578,kworker/0:0,3658,3658,3661,120,1,3,3,337069,196615,121139,162579,42328,11023,0,1,196614,0,0,2,1296,16,0,0,31082,31,0,0,0,0
0,127578,127578,kworker/0:0,3658,3658,3661,120,1,3,3,337069,196615,121139,162579,42328,11023,0,1,196614,0,0,2,1296,16,0,0,31082,31,0,0,0,0
0,127578,127578,kworker/0:0,3658,3658,3661,120,1,3,3,337069,196615,121139,162579,42328,11023,0,1,196614,0,0,2,1296,16,0,0,31082,31,0,0,0,0
0,127578,127578,kworker/0:0,3658,3658,3661,120,1,3,3,337069,196615,121139,162579,42328,11023,0,1,196614,0,0,2,1296,16,0,0,31083,31,0,0,0,0
0,127578,127578,kworker/0:0,3658,3658,3661,120,1,3,3,337069,196615,121139,162579,42328,11023,0,1,196614,0,0,2,1296,16,0,0,31085,31,0,0,0,0
0,127578,127578,kworker/0:0,3658,3658,3661,120,1,3,3,337069,196615,121139,162579,42328,11023,0,1,196614,0,0,2,1296,16,0,0,31130,31,0,0,0,0
0,127578,127578,kworker/0:0,3658,3658,3661,120,1,3,3,337069,196615,121139,162579,42328,11023,0,1,196614,0,0,2,1296,16,0,0,31133,31,0,0,0,0
0,127578,127578,kworker/0:0,3658,3658,3661,120,1,3,3,337069,196615,121139,162579,42328,11023,0,1,196614,0,0,2,1296,16,0,0,31136,31,0,0,0,0
0,127578,127578,kworker/0:0,3658,3658,3661,120,1,3,3,337069,196615,121139,162579,42328,11023,0,1,196614,0,0,2,1296,16,0,0,31138,31,0,0,0,0
0,127578,127578,kworker/0:0,3658,3658,3661,120,1,3,3,337069,196615,121139,162579,42328,11023,0,1,196614,0,0,2,1296,16,0,0,31140,31,0,0,0,0
0,127578,127578,kworker/0:0,3658,3658,3661,120,1,3,3,337069,196615,121139,162579,42328,11023,0,1,196614,0,0,2,1296,16,0,0,31143,31,0,0,0,0
0,127578,127578,kworker/0:0,3658,3658,3661,120,1,3,3,337069,196615,121139,162579,42328,11023,0,1,196614,0,0,2,1296,16,0,0,31145,31,0,0,0,0
0,127578,127578,kworker/0:0,3658,3658,3661,120,1,3,3,337069,196615,121139,162579,42328,11023,0,1,196614,0,0,2,1296,16,0,0,31148,31,0,0,0,0
0,127578,127578,kworker/0:0,3658,3658,3661,120,1,3,3,337069,196615,121139,162579,42328,11023,0,1,196614,0,0,2,1296,16,0,0,31150,31,0,0,0,0
0,127578,127578,kworker/0:0,3658,3658,3661,120,1,3,3,337069,196615,121139,162579,42328,11023,0,1,196614,0,0,2,1296,16,0,0,31152,31,0,0,0,0
0,127578,127578,kworker/0:0,3658,3658,3661,120,1,3,3,337005,196615,121075,162579,42328,11023,0,1,196614,0,0,2,1296,16,0,0,31153,31,0,0,0,0
0,127578,127578,kworker/0:0,3658,3658,3661,120,1,3,3,337005,196615,121075,162579,42328,11023,0,1,196614,0,0,2,1296,16,0,0,31155,31,0,0,0,0
0,127578,127578,kworker/0:0,3658,3658,3661,120,1,3,3,337005,196615,121075,162579,42328,11023,0,1,196614,0,0,2,1296,16,0,0,31158,31,0,0,0,0
0,127608,127771,file_anon_mix_p,3658,3658,3661,120,1,3,3,337453,196615,121523,162579,42328,11023,0,1,196614,0,0,2,1296,16,0,0,30765,31,0,0,64,0
0,127578,127578,kworker/0:0,3658,3658,3661,120,1,3,3,337011,196615,121075,162579,42328,11029,0,1,196614,0,0,2,1296,16,0,0,31183,31,0,0,0,0
0,127608,127771,file_anon_mix_p,3658,3658,3661,120,1,3,3,337276,196615,120371,162579,42328,11998,0,1,196614,0,0,2,1296,16,0,0,31859,31,0,0,64,0
0,127608,127771,file_anon_mix_p,3658,3658,3661,120,1,3,3,337521,196615,119987,162579,42328,12627,0,1,196614,0,0,2,1296,16,0,0,32247,31,0,0,64,0
0,394,394,sshd-session,3658,3658,3661,120,1,3,3,337333,196615,119735,162579,42328,12691,0,1,196614,0,0,2,1296,16,0,0,32458,31,0,0,64,0
0,127608,127771,file_anon_mix_p,3658,3658,3661,120,1,3,3,337536,196615,119543,162579,42328,13086,0,1,196614,0,0,2,1296,16,0,0,32628,31,0,0,64,0
0,127608,127771,file_anon_mix_p,3658,3658,3661,120,1,3,3,337691,196615,119285,162579,42328,13499,0,1,196614,0,0,2,1296,16,0,0,32903,31,0,0,64,0
0,127608,127771,file_anon_mix_p,3658,3658,3661,120,1,3,3,337531,196615,118962,162579,42328,13662,0,1,196614,0,0,2,1296,16,0,0,33139,31,0,0,64,0
0,127608,127771,file_anon_mix_p,3658,3658,3661,120,1,3,3,337659,196615,118679,162579,42328,14073,0,1,196614,0,0,2,1296,16,0,0,33412,31,0,0,64,0
0,127608,127771,file_anon_mix_p,3658,3658,3661,120,1,3,3,337576,196615,118024,162579,42328,14645,0,1,196614,0,0,2,1296,16,0,0,33632,31,0,0,64,0
0,127608,127771,file_anon_mix_p,3658,3658,3661,120,1,3,3,337705,196615,117679,162579,42328,15119,0,1,196614,0,0,2,1296,16,0,0,33972,31,0,0,64,0
0,394,394,sshd-session,3658,3658,3661,120,1,3,3,337513,196615,117487,162579,42328,15119,0,1,196614,0,0,2,1296,16,0,0,34130,31,0,0,64,0
0,127608,127771,file_anon_mix_p,3658,3658,3661,120,1,3,3,337455,196615,117359,162579,42328,15189,0,1,196614,0,0,2,1296,16,0,0,34262,31,0,0,64,0
0,127608,127771,file_anon_mix_p,3658,3658,3661,120,1,3,3,337391,196615,116783,162579,42328,15701,0,1,196614,0,0,2,1296,16,0,0,34842,31,0,0,64,0
0,127608,127771,file_anon_mix_p,3658,3658,3661,120,1,3,3,337519,196615,116399,162579,42328,16213,0,1,196614,0,0,2,1296,16,0,0,35227,31,0,0,64,0
0,127608,127771,file_anon_mix_p,3658,3658,3661,120,1,3,3,337583,196615,115951,162579,42328,16725,0,1,196614,0,0,2,1296,16,0,0,35648,31,0,0,64,0
0,127608,127771,file_anon_mix_p,3658,3658,3661,120,1,3,3,337642,196615,115631,162579,42328,17104,0,1,196614,0,0,2,1296,16,0,0,35975,31,0,0,64,0
0,126930,126930,mglru_monitor,3658,3658,3661,120,1,3,3,337587,196615,115503,162579,42328,17177,0,1,196614,0,0,2,1296,16,0,0,36150,31,0,0,64,0
0,127608,127771,file_anon_mix_p,3658,3658,3661,120,1,3,3,337519,196615,115375,162579,42328,17237,0,1,196614,0,0,2,1296,16,0,0,36244,31,0,0,64,0
0,127608,127771,file_anon_mix_p,3658,3658,3661,120,1,3,3,337514,196615,114927,162579,42328,17680,0,1,196614,0,0,2,1296,16,0,0,36719,31,0,0,64,0
0,127608,127771,file_anon_mix_p,3658,3658,3661,120,1,3,3,337391,196615,114735,162579,42328,17749,0,1,196614,0,0,2,1296,16,0,0,36888,31,0,0,64,0
0,127608,127771,file_anon_mix_p,3658,3658,3661,120,1,3,3,337455,196615,114287,162579,42328,18261,0,1,196614,0,0,2,1296,16,0,0,37351,31,0,0,64,0
0,127608,127771,file_anon_mix_p,3658,3658,3661,120,1,3,3,337583,196615,113903,162579,42328,18773,0,1,196614,0,0,2,1296,16,0,0,37747,31,0,0,64,0
0,127608,127771,file_anon_mix_p,3658,3658,3661,120,1,3,3,337642,196615,113583,162579,42328,19152,0,1,196614,0,0,2,1296,16,0,0,38036,31,0,0,64,0
0,127608,127771,file_anon_mix_p,3658,3658,3661,120,1,3,3,337583,196615,113391,162579,42328,19285,0,1,196614,0,0,2,1296,16,0,0,38236,31,0,0,64,0
0,127608,127771,file_anon_mix_p,3658,3658,3661,120,1,3,3,337706,196615,113135,162579,42328,19664,0,1,196614,0,0,2,1296,16,0,0,38525,31,0,0,64,0
0,127608,127771,file_anon_mix_p,3658,3658,3661,120,1,3,3,337583,196615,112879,162579,42328,19797,0,1,196614,0,0,2,1296,16,0,0,38725,31,0,0,64,0
0,127608,127771,file_anon_mix_p,3658,3658,3661,120,1,3,3,337706,196615,112623,162579,42328,20176,0,1,196614,0,0,2,1296,16,0,0,39032,31,0,0,64,0
0,127608,127771,file_anon_mix_p,3658,3658,3661,120,1,3,3,337583,196615,112367,162579,42328,20309,0,1,196614,0,0,2,1296,16,0,0,39232,31,0,0,64,0
0,127608,127771,file_anon_mix_p,3658,3658,3661,120,1,3,3,337450,196615,111855,162579,42328,20688,0,1,196614,0,0,2,1296,16,0,0,39773,31,0,0,64,0
0,127608,127771,file_anon_mix_p,3658,3658,3661,120,1,3,3,337633,196615,111407,162579,42328,21319,0,1,196614,0,0,2,1296,16,0,0,40245,31,0,0,64,0
0,127608,127771,file_anon_mix_p,3658,3658,3661,120,1,3,3,337455,196615,111215,162579,42328,21333,0,1,196614,0,0,2,1296,16,0,0,40388,31,0,0,64,0
0,127608,127771,file_anon_mix_p,3658,3658,3661,120,1,3,3,337514,196615,110895,162579,42328,21712,0,1,196614,0,0,2,1296,16,0,0,40747,31,0,0,64,0
0,127608,127771,file_anon_mix_p,3658,3658,3661,120,1,3,3,337391,196615,110639,162579,42328,21845,0,1,196614,0,0,2,1296,16,0,0,40961,31,0,0,64,0
0,127608,127771,file_anon_mix_p,3658,3658,3661,120,1,3,3,337450,196615,110319,162579,42328,22224,0,1,196614,0,0,2,1296,16,0,0,41298,31,0,0,64,0
0,127608,127771,file_anon_mix_p,3658,3658,3661,120,1,3,3,337327,196615,110063,162579,42328,22357,0,1,196614,0,0,2,1296,16,0,0,41592,31,0,0,64,0
0,127608,127771,file_anon_mix_p,3658,3658,3661,120,1,3,3,337391,196615,109615,162579,42328,22869,0,1,196614,0,0,2,1296,16,0,0,41994,31,0,0,64,0
0,127608,127771,file_anon_mix_p,3658,3658,3661,120,1,3,3,337519,196615,109231,162579,42328,23381,0,1,196614,0,0,2,1296,16,0,0,42368,31,0,0,64,0
0,127608,127771,file_anon_mix_p,3658,3658,3661,120,1,3,3,337577,196615,108911,162579,42328,23759,0,1,196614,0,0,2,1296,16,0,0,42702,31,0,0,64,0
0,127608,127771,file_anon_mix_p,3658,3658,3661,120,1,3,3,337519,196615,108719,162579,42328,23893,0,1,196614,0,0,2,1296,16,0,0,42934,31,0,0,64,0
0,127608,127771,file_anon_mix_p,3658,3658,3661,120,1,3,3,337514,196615,108335,162579,42328,24272,0,1,196614,0,0,2,1296,16,0,0,43269,31,0,0,64,0
0,127608,127771,file_anon_mix_p,3658,3658,3661,120,1,3,3,337391,196615,108079,162579,42328,24405,0,1,196614,0,0,2,1296,16,0,0,43574,31,0,0,64,0
0,127608,127771,file_anon_mix_p,3658,3658,3661,120,1,3,3,337455,196615,107631,162579,42328,24917,0,1,196614,0,0,2,1296,16,0,0,43975,31,0,0,64,0
0,127608,127771,file_anon_mix_p,3658,3658,3661,120,1,3,3,337327,196615,107503,162579,42328,24917,0,1,196614,0,0,2,1296,16,0,0,44144,31,0,0,64,0
0,127608,127771,file_anon_mix_p,3658,3658,3661,120,1,3,3,337391,196615,107055,162579,42328,25429,0,1,196614,0,0,2,1296,16,0,0,44553,31,0,0,64,0
0,127608,127771,file_anon_mix_p,3658,3658,3661,120,1,3,3,337583,196615,106735,162579,42328,25941,0,1,196614,0,0,2,1296,16,0,0,44887,31,0,0,64,0
0,127608,127771,file_anon_mix_p,3658,3658,3661,120,1,3,3,337642,196615,106415,162579,42328,26320,0,1,196614,0,0,2,1296,16,0,0,45198,31,0,0,64,0
0,394,394,sshd-session,3658,3658,3661,120,1,3,3,337479,196615,106223,162579,42328,26349,0,1,196614,0,0,2,1296,16,0,0,45430,31,0,0,64,0
0,127608,127771,file_anon_mix_p,3658,3658,3661,120,1,3,3,337455,196615,106095,162579,42328,26453,0,1,196614,0,0,2,1296,16,0,0,45477,31,0,0,64,0
0,127608,127771,file_anon_mix_p,3658,3658,3661,120,1,3,3,337519,196615,105647,162579,42328,26965,0,1,196614,0,0,2,1296,16,0,0,45961,31,0,0,64,0
0,127608,127771,file_anon_mix_p,3658,3658,3661,120,1,3,3,337578,196615,105327,162579,42328,27344,0,1,196614,0,0,2,1296,16,0,0,46291,31,0,0,64,0
0,127608,127771,file_anon_mix_p,3658,3658,3661,120,1,3,3,337455,196615,105071,162579,42328,27477,0,1,196614,0,0,2,1296,16,0,0,46539,31,0,0,64,0
0,127608,127771,file_anon_mix_p,3658,3658,3661,120,1,3,3,337514,196615,104751,162579,42328,27856,0,1,196614,0,0,2,1296,16,0,0,46853,31,0,0,64,0
0,394,394,sshd-session,3658,3658,3661,120,1,3,3,337328,196615,104559,162579,42328,27862,0,1,196614,0,0,2,1296,16,0,0,47062,31,0,0,64,0
0,127608,127771,file_anon_mix_p,3658,3658,3661,120,1,3,3,337327,196615,104431,162579,42328,27989,0,1,196614,0,0,2,1296,16,0,0,47166,31,0,0,64,0
0,127608,127771,file_anon_mix_p,3658,3658,3661,120,1,3,3,337455,196615,104047,162579,42328,28501,0,1,196614,0,0,2,1296,16,0,0,47554,31,0,0,64,0
0,127608,127771,file_anon_mix_p,3658,3658,3661,120,1,3,3,337578,196615,103791,162579,42328,28880,0,1,196614,0,0,2,1296,16,0,0,47853,31,0,0,64,0
0,127608,127771,file_anon_mix_p,3658,3658,3661,120,1,3,3,337519,196615,103599,162579,42328,29013,0,1,196614,0,0,2,1296,16,0,0,48022,31,0,0,64,0
0,127608,127771,file_anon_mix_p,3658,3658,3661,120,1,3,3,337642,196615,103343,162579,42328,29392,0,1,196614,0,0,2,1296,16,0,0,48279,31,0,0,64,0
0,127608,127771,file_anon_mix_p,3658,3658,3661,120,1,3,3,337583,196615,103151,162579,42328,29525,0,1,196614,0,0,2,1296,16,0,0,48475,31,0,0,64,0
0,127608,127771,file_anon_mix_p,3658,3658,3661,120,1,3,3,337642,196615,102831,162579,42328,29904,0,1,196614,0,0,2,1296,16,0,0,48768,31,0,0,64,0
0,127608,127771,file_anon_mix_p,3658,3658,3661,120,1,3,3,337519,196615,102575,162579,42328,30037,0,1,196614,0,0,2,1296,16,0,0,49030,31,0,0,64,0
0,127608,127771,file_anon_mix_p,3658,3658,3661,120,1,3,3,337642,196615,102319,162579,42328,30416,0,1,196614,0,0,2,1296,16,0,0,49318,31,0,0,64,0
0,127608,127771,file_anon_mix_p,3658,3658,3661,120,1,3,3,337435,196615,102063,162579,42328,30465,0,1,196614,0,0,2,1296,16,0,0,49545,31,0,0,64,0
0,127608,127771,file_anon_mix_p,3658,3658,3661,120,1,3,3,337433,196615,101871,162579,42328,30655,0,1,196614,0,0,2,1296,16,0,0,49736,31,0,0,64,0
0,127608,127771,file_anon_mix_p,3658,3658,3661,120,1,3,3,337519,196615,101551,162579,42328,31061,0,1,196614,0,0,2,1296,16,0,0,50106,31,0,0,64,0
0,127608,127771,file_anon_mix_p,3658,3658,3661,120,1,3,3,337416,196615,100975,162579,42328,31534,0,1,196614,0,0,2,1296,16,0,0,50630,31,0,0,64,0
0,127608,127771,file_anon_mix_p,3658,3658,3661,120,1,3,3,337327,196615,100847,162579,42328,31573,0,1,196614,0,0,2,1296,16,0,0,50779,31,0,0,64,0
0,127608,127771,file_anon_mix_p,3658,3658,3661,120,1,3,3,337474,196615,100527,162579,42328,32040,0,1,196614,0,0,2,1296,16,0,0,51099,31,0,0,64,0
0,394,394,sshd-session,3658,3658,3661,120,1,3,3,337387,196615,100399,162579,42328,32081,0,1,196614,0,0,2,1296,16,0,0,51252,31,0,0,64,0
0,127608,127771,file_anon_mix_p,3658,3658,3661,120,1,3,3,337327,196615,100335,162579,42328,32085,0,1,196614,0,0,2,1296,16,0,0,51260,31,0,0,64,0
0,127608,127771,file_anon_mix_p,3658,3658,3661,120,1,3,3,337290,196615,99823,162579,42328,32560,0,1,196614,0,0,2,1296,16,0,0,51800,31,0,0,64,0
0,127608,127771,file_anon_mix_p,3658,3658,3661,120,1,3,3,337519,196615,99503,162579,42328,33109,0,1,196614,0,0,2,1296,16,0,0,52147,31,0,0,64,0
0,127608,127771,file_anon_mix_p,3658,3658,3661,120,1,3,3,337578,196615,99183,162579,42328,33488,0,1,196614,0,0,2,1296,16,0,0,52459,31,0,0,64,0
0,394,394,sshd-session,3658,3658,3661,120,1,3,3,337354,196615,98927,162579,42328,33520,0,1,196614,0,0,2,1296,16,0,0,52696,31,0,0,64,0
0,127608,127771,file_anon_mix_p,3658,3658,3661,120,1,3,3,337327,196615,98799,162579,42328,33621,0,1,196614,0,0,2,1296,16,0,0,52804,31,0,0,64,0
0,127608,127771,file_anon_mix_p,3658,3658,3661,120,1,3,3,337449,196615,98415,162579,42328,34127,0,1,196614,0,0,2,1296,16,0,0,53207,31,0,0,64,0
0,127608,127771,file_anon_mix_p,3658,3658,3661,120,1,3,3,337327,196615,98287,162579,42328,34133,0,1,196614,0,0,2,1296,16,0,0,53342,31,0,0,64,0
0,127608,127771,file_anon_mix_p,3658,3658,3661,120,1,3,3,337460,196615,98009,162579,42328,34544,0,1,196614,0,0,2,1296,16,0,0,53613,31,0,0,64,0
0,394,394,sshd-session,3658,3658,3661,120,1,3,3,337274,196615,97817,162579,42328,34550,0,1,196614,0,0,2,1296,16,0,0,53785,31,0,0,64,0
0,126930,126930,mglru_monitor,3658,3658,3661,120,1,3,3,337217,196615,97753,162579,42328,34557,0,1,196614,0,0,2,1296,16,0,0,53795,31,0,0,64,0
0,127608,127771,file_anon_mix_p,3658,3658,3661,120,1,3,3,337207,196615,97154,162579,42328,35146,0,1,196614,0,0,2,1296,16,0,0,54413,31,0,0,63,0
0,127608,127771,file_anon_mix_p,3658,3658,3661,120,1,3,3,337034,196615,96867,162579,42328,35260,0,1,196614,0,0,2,1296,16,0,0,54681,31,0,0,64,0
0,127608,127771,file_anon_mix_p,3658,3658,3661,120,1,3,3,337162,196615,96483,162579,42328,35772,0,1,196614,0,0,2,1296,16,0,0,55034,31,0,0,33,0
0,45,45,kswapd0,3658,3658,3661,120,1931,3,3,336170,196615,131265,162579,42326,0,0,1,196614,0,0,2,1296,16,0,0,22999,31,0,0,118983,0
0,45,45,kswapd0,3659,3659,3661,120,2,2,2,244302,196615,162571,42328,0,39403,1,196614,0,0,0,1,74851,23,0,0,26,0,0,0,0,0
0,45,45,kswapd0,3659,3659,3661,120,4,2,2,244302,196615,162571,42328,0,39403,1,196614,0,0,0,1,74851,23,0,0,26,0,0,0,0,0
0,45,45,kswapd0,3659,3659,3661,120,7,2,2,244327,196617,162571,42328,0,39428,1,196614,0,2,0,1,74851,23,0,0,26,0,0,0,0,0
0,45,45,kswapd0,3659,3659,3661,120,167,2,2,244329,196670,162572,42326,0,39431,1,196614,0,55,0,1,74851,23,0,0,26,0,0,0,4409,0
0,45,45,kswapd0,3659,3659,3661,120,0,2,2,255036,196674,0,6,0,255030,0,196615,0,59,0,1,74851,23,0,0,4435,0,0,0,0,0
0,45,45,kswapd0,0,0,3,120,0,3,3,0,0,0,0,0,0,0,0,0,0,0,0,0,0,0,0,0,0,0,0,0,0
0,45,45,kswapd0,1519,1519,1520,120,0,1,1,24,281,0,0,0,24,14,0,0,267,0,0,0,9,0,0,0,0,0,0,0,0
0,45,45,kswapd0,156,156,157,120,0,1,1,0,31,0,0,0,0,18,0,0,13,0,0,2,13,0,0,0,0,0,0,0,0
0,45,45,kswapd0,41,41,44,120,0,3,3,2,0,0,2,0,0,0,0,0,0,0,0,1,0,0,0,2,0,0,0,0,0
0,45,45,kswapd0,0,0,3,120,0,3,3,0,0,0,0,0,0,0,0,0,0,0,0,0,0,0,0,0,0,0,0,0,0
0,45,45,kswapd0,0,0,3,120,0,3,3,0,0,0,0,0,0,0,0,0,0,0,0,0,0,0,0,0,0,0,0,0,0
0,45,45,kswapd0,0,0,3,120,0,3,3,0,0,0,0,0,0,0,0,0,0,0,0,0,0,0,0,0,0,0,0,0,0
0,45,45,kswapd0,0,0,3,120,0,3,3,0,0,0,0,0,0,0,0,0,0,0,0,0,0,0,0,0,0,0,0,0,0
0,45,45,kswapd0,0,0,3,120,0,3,3,0,0,0,0,0,0,0,0,0,0,0,0,0,0,0,0,0,0,0,0,0,0
0,45,45,kswapd0,0,0,3,120,0,3,3,0,0,0,0,0,0,0,0,0,0,0,0,0,0,0,0,0,0,0,0,0,0
0,45,45,kswapd0,0,0,3,120,0,3,3,0,0,0,0,0,0,0,0,0,0,0,0,0,0,0,0,0,0,0,0,0,0
0,45,45,kswapd0,5245,5245,5247,120,0,2,2,29,17,0,0,0,29,15,2,0,0,0,0,2,3,0,0,0,2,0,0,0,0
0,45,45,kswapd0,0,0,3,120,0,3,3,0,0,0,0,0,0,0,0,0,0,0,0,0,0,0,0,0,0,0,0,0,0
0,45,45,kswapd0,0,0,3,120,0,3,3,0,0,0,0,0,0,0,0,0,0,0,0,0,0,0,0,0,0,0,0,0,0
0,45,45,kswapd0,163,163,164,120,0,1,1,27,222,0,0,0,27,0,0,0,222,0,0,1,26,0,0,2,0,0,0,0,0
0,45,45,kswapd0,150,150,152,120,0,2,2,1,0,1,0,0,0,0,0,0,0,0,0,2,2,0,0,5,0,0,0,0,0
0,45,45,kswapd0,0,0,3,120,0,3,3,0,0,0,0,0,0,0,0,0,0,0,0,0,0,0,0,0,0,0,0,0,0
0,45,45,kswapd0,5,5,7,120,0,2,2,0,0,0,0,0,0,0,0,0,0,0,0,27,0,0,0,2,0,0,0,0,0
0,45,45,kswapd0,4024,4024,4027,120,1,3,3,52,130,0,47,5,0,29,88,13,0,0,0,1,3,0,0,0,0,0,0,0,9
0,45,45,kswapd0,6,7,9,120,0,3,2,0,0,0,0,0,0,0,0,0,0,0,0,0,1,0,0,0,22,0,0,0,0
0,45,45,kswapd0,0,0,3,120,0,3,3,0,0,0,0,0,0,0,0,0,0,0,0,0,0,0,0,0,0,0,0,0,0
0,45,45,kswapd0,7,7,10,120,0,3,3,0,1,0,0,0,0,0,1,0,0,0,0,7,6,0,0,1,0,0,0,0,0
0,45,45,kswapd0,0,0,3,120,0,3,3,0,0,0,0,0,0,0,0,0,0,0,0,0,0,0,0,0,0,0,0,0,0
0,45,45,kswapd0,0,0,3,120,0,3,3,0,0,0,0,0,0,0,0,0,0,0,0,0,0,0,0,0,0,0,0,0,0
0,45,45,kswapd0,6,7,9,120,0,3,2,0,0,0,0,0,0,0,0,0,0,0,0,0,1,0,0,0,22,0,0,0,0
0,45,45,kswapd0,7,7,10,120,0,3,3,0,1,0,0,0,0,0,1,0,0,0,0,7,6,0,0,1,0,0,0,0,0
0,45,45,kswapd0,0,0,3,120,0,3,3,0,0,0,0,0,0,0,0,0,0,0,0,0,0,0,0,0,0,0,0,0,0
0,45,45,kswapd0,17,17,19,120,0,2,2,4,0,4,0,0,0,0,0,0,0,0,0,24,0,0,0,1,0,0,0,0,0
0,45,45,kswapd0,3986,3986,3988,120,0,2,2,93,211,10,3,0,80,71,44,0,96,0,8,96,123,0,48,0,49,0,1,0,0
0,45,45,kswapd0,255,255,257,120,1,2,2,22,98,0,0,0,22,83,0,0,15,0,0,6,6,0,0,0,16,0,13,0,47
0,45,45,kswapd0,10,10,12,120,0,2,2,1,0,1,0,0,0,0,0,0,0,0,0,0,1,0,0,59,0,0,0,0,0
0,45,45,kswapd0,0,0,3,120,0,3,3,0,0,0,0,0,0,0,0,0,0,0,0,0,0,0,0,0,0,0,0,0,0
0,45,45,kswapd0,1118,1118,1119,120,0,1,1,64,403,0,0,0,64,25,0,0,378,0,0,0,14,0,0,0,0,0,0,0,0
0,45,45,kswapd0,0,0,3,120,0,3,3,0,0,0,0,0,0,0,0,0,0,0,0,0,0,0,0,0,0,0,0,0,0
0,45,45,kswapd0,0,0,3,120,0,3,3,0,0,0,0,0,0,0,0,0,0,0,0,0,0,0,0,0,0,0,0,0,0
0,45,45,kswapd0,150,150,152,120,0,2,2,1,0,1,0,0,0,0,0,0,0,0,0,2,2,0,0,5,0,0,0,0,0
0,45,45,kswapd0,0,0,3,120,0,3,3,0,0,0,0,0,0,0,0,0,0,0,0,0,0,0,0,0,0,0,0,0,0
0,45,45,kswapd0,5280,5280,5283,120,1,3,3,109,441,0,9,69,31,101,155,185,0,0,30,1,120,0,1,5,101,5,97,0,2
0,45,45,kswapd0,0,0,3,120,0,3,3,0,0,0,0,0,0,0,0,0,0,0,0,0,0,0,0,0,0,0,0,0,0
0,45,45,kswapd0,41,41,44,120,0,3,3,2,0,0,2,0,0,0,0,0,0,0,0,1,0,0,0,2,0,0,0,0,0
0,45,45,kswapd0,0,0,3,120,0,3,3,0,0,0,0,0,0,0,0,0,0,0,0,0,0,0,0,0,0,0,0,0,0
0,45,45,kswapd0,0,0,3,120,0,3,3,0,0,0,0,0,0,0,0,0,0,0,0,0,0,0,0,0,0,0,0,0,0
0,45,45,kswapd0,1154,1154,1155,120,0,1,1,0,1,0,0,0,0,1,0,0,0,0,0,11,5,0,0,2,0,0,0,0,0
0,45,45,kswapd0,133,133,134,120,0,1,1,36,0,25,0,0,11,0,0,0,0,0,0,1,0,0,0,0,0,0,0,0,0
0,45,45,kswapd0,3659,3659,3662,120,1,3,3,268645,196674,0,5,268113,527,0,11,196663,0,0,1,74851,23,0,0,4435,0,0,0,0,0
0,45,45,kswapd0,0,0,3,120,0,3,3,0,0,0,0,0,0,0,0,0,0,0,0,0,0,0,0,0,0,0,0,0,0
0,45,45,kswapd0,0,0,3,120,0,3,3,0,0,0,0,0,0,0,0,0,0,0,0,0,0,0,0,0,0,0,0,0,0
0,45,45,kswapd0,4024,4024,4027,120,2,3,3,52,121,0,47,5,0,0,90,13,18,0,0,1,3,0,1,0,9,0,0,0,47
0,45,45,kswapd0,255,255,257,120,0,2,2,22,51,0,0,0,22,17,2,0,32,0,0,6,6,0,2,0,63,0,13,0,0
0,45,45,kswapd0,0,0,3,120,0,3,3,0,0,0,0,0,0,0,0,0,0,0,0,0,0,0,0,0,0,0,0,0,0
0,45,45,kswapd0,5281,5281,5283,120,1,2,2,109,439,9,69,0,31,254,185,0,0,2,63,2,158,0,0,0,2,0,0,0,59
0,45,45,kswapd0,0,0,3,120,0,3,3,0,0,0,0,0,0,0,0,0,0,0,0,0,0,0,0,0,0,0,0,0,0
0,45,45,kswapd0,0,0,3,120,0,3,3,0,0,0,0,0,0,0,0,0,0,0,0,0,0,0,0,0,0,0,0,0,0
0,45,45,kswapd0,0,0,3,120,0,3,3,0,0,0,0,0,0,0,0,0,0,0,0,0,0,0,0,0,0,0,0,0,0
0,45,45,kswapd0,5,5,7,120,0,2,2,0,0,0,0,0,0,0,0,0,0,0,0,27,0,0,0,2,0,0,0,0,0
0,45,45,kswapd0,17,17,19,120,0,2,2,4,0,4,0,0,0,0,0,0,0,0,0,24,0,0,0,1,0,0,0,0,0
0,45,45,kswapd0,10,10,12,120,0,2,2,1,0,1,0,0,0,0,0,0,0,0,0,0,1,0,0,59,0,0,0,0,0
0,45,45,kswapd0,5281,5281,5283,120,1,2,2,109,380,9,69,0,31,184,176,0,20,2,63,2,158,0,5,0,61,0,0,0,42
0,45,45,kswapd0,4025,4025,4027,120,1,2,2,52,74,47,5,0,0,1,18,0,55,0,0,0,6,0,15,0,47,0,0,0,0
0,45,45,kswapd0,5281,5281,5283,120,0,2,2,109,338,9,69,0,31,19,248,0,71,2,63,2,158,0,101,0,103,0,0,0,0
0,45,45,kswapd0,4026,4026,4027,120,0,1,1,52,74,5,0,0,47,19,0,0,55,0,0,0,34,0,0,0,0,0,0,0,0
0,45,45,kswapd0,3986,3986,3989,120,1,3,3,93,211,7,3,83,0,3,44,164,0,0,8,96,123,0,48,0,49,0,1,0,0
0,45,45,kswapd0,0,0,3,120,0,3,3,0,0,0,0,0,0,0,0,0,0,0,0,0,0,0,0,0,0,0,0,0,0
0,45,45,kswapd0,0,0,3,120,0,3,3,0,0,0,0,0,0,0,0,0,0,0,0,0,0,0,0,0,0,0,0,0,0
0,45,45,kswapd0,255,255,258,120,1,3,3,22,51,0,0,22,0,17,2,32,0,0,0,6,6,0,2,0,63,0,13,0,4
0,45,45,kswapd0,156,156,158,120,1,2,2,0,31,0,0,0,0,18,13,0,0,0,0,2,13,0,0,0,0,0,0,0,0
0,45,45,kswapd0,0,0,3,120,0,3,3,0,0,0,0,0,0,0,0,0,0,0,0,0,0,0,0,0,0,0,0,0,0
0,45,45,kswapd0,163,163,165,120,0,2,2,27,222,0,27,0,0,0,222,0,0,0,0,1,26,0,0,2,0,0,0,0,0
0,45,45,kswapd0,0,0,3,120,0,3,3,0,0,0,0,0,0,0,0,0,0,0,0,0,0,0,0,0,0,0,0,0,0
0,45,45,kswapd0,4026,4026,4028,120,0,2,2,52,74,0,52,0,0,9,65,0,0,0,0,0,34,0,0,0,0,0,0,0,0
0,45,45,kswapd0,0,0,3,120,0,3,3,0,0,0,0,0,0,0,0,0,0,0,0,0,0,0,0,0,0,0,0,0,0
0,45,45,kswapd0,150,150,152,120,0,2,2,1,0,1,0,0,0,0,0,0,0,0,0,2,2,0,0,5,0,0,0,0,0
0,45,45,kswapd0,5,5,7,120,0,2,2,0,0,0,0,0,0,0,0,0,0,0,0,27,0,0,0,2,0,0,0,0,0
0,45,45,kswapd0,7,7,10,120,0,3,3,0,1,0,0,0,0,0,1,0,0,0,0,7,6,0,0,1,0,0,0,0,0
0,45,45,kswapd0,0,0,3,120,0,3,3,0,0,0,0,0,0,0,0,0,0,0,0,0,0,0,0,0,0,0,0,0,0
0,45,45,kswapd0,0,0,3,120,0,3,3,0,0,0,0,0,0,0,0,0,0,0,0,0,0,0,0,0,0,0,0,0,0
0,45,45,kswapd0,0,0,3,120,0,3,3,0,0,0,0,0,0,0,0,0,0,0,0,0,0,0,0,0,0,0,0,0,0
0,45,45,kswapd0,17,17,19,120,1,2,2,4,0,4,0,0,0,0,0,0,0,0,0,24,0,0,0,1,0,0,0,4,0
0,45,45,kswapd0,10,10,12,120,0,2,2,1,0,1,0,0,0,0,0,0,0,0,0,0,1,0,0,59,0,0,0,0,0
0,45,45,kswapd0,5281,5281,5284,120,4,3,3,109,338,2,34,73,0,18,241,79,0,2,63,2,158,0,101,0,103,0,0,1,106
0,45,45,kswapd0,0,0,3,120,0,3,3,0,0,0,0,0,0,0,0,0,0,0,0,0,0,0,0,0,0,0,0,0,0
0,45,45,kswapd0,0,0,3,120,0,3,3,0,0,0,0,0,0,0,0,0,0,0,0,0,0,0,0,0,0,0,0,0,0
0,45,45,kswapd0,0,0,3,120,0,3,3,0,0,0,0,0,0,0,0,0,0,0,0,0,0,0,0,0,0,0,0,0,0
0,45,45,kswapd0,0,0,3,120,0,3,3,0,0,0,0,0,0,0,0,0,0,0,0,0,0,0,0,0,0,0,0,0,0
0,45,45,kswapd0,10,10,12,120,0,2,2,1,0,1,0,0,0,0,0,0,0,0,0,0,1,0,0,59,0,0,0,0,0
0,45,45,kswapd0,0,0,3,120,0,3,3,0,0,0,0,0,0,0,0,0,0,0,0,0,0,0,0,0,0,0,0,0,0
0,45,45,kswapd0,5245,5245,5248,120,1,3,3,29,17,0,0,29,0,15,2,0,0,0,0,2,3,0,0,0,2,0,0,0,4
0,45,45,kswapd0,0,0,3,120,0,3,3,0,0,0,0,0,0,0,0,0,0,0,0,0,0,0,0,0,0,0,0,0,0
0,45,45,kswapd0,3660,3660,3663,120,543,3,3,270040,196674,5,268113,558,1364,11,196662,1,0,0,0,39643,11,0,0,0,0,0,0,13,13628
0,45,45,kswapd0,0,0,3,120,0,3,3,0,0,0,0,0,0,0,0,0,0,0,0,0,0,0,0,0,0,0,0,0,0
0,45,45,kswapd0,0,0,3,120,0,3,3,0,0,0,0,0,0,0,0,0,0,0,0,0,0,0,0,0,0,0,0,0,0
0,45,45,kswapd0,0,0,3,120,0,3,3,0,0,0,0,0,0,0,0,0,0,0,0,0,0,0,0,0,0,0,0,0,0
0,45,45,kswapd0,150,150,152,120,0,2,2,1,0,1,0,0,0,0,0,0,0,0,0,2,2,0,0,5,0,0,0,0,0
0,45,45,kswapd0,1519,1519,1521,120,0,2,2,24,281,0,24,0,0,14,267,0,0,0,0,0,9,0,0,0,0,0,0,0,0
0,45,45,kswapd0,41,41,44,120,1,3,3,2,0,0,2,0,0,0,0,0,0,0,0,1,0,0,0,2,0,0,0,0,0
0,45,45,kswapd0,0,0,3,120,0,3,3,0,0,0,0,0,0,0,0,0,0,0,0,0,0,0,0,0,0,0,0,0,0
0,45,45,kswapd0,1154,1154,1156,120,0,2,2,0,1,0,0,0,0,1,0,0,0,0,0,11,5,0,0,2,0,0,0,0,0
0,45,45,kswapd0,0,0,3,120,0,3,3,0,0,0,0,0,0,0,0,0,0,0,0,0,0,0,0,0,0,0,0,0,0
0,45,45,kswapd0,0,0,3,120,0,3,3,0,0,0,0,0,0,0,0,0,0,0,0,0,0,0,0,0,0,0,0,0,0
0,45,45,kswapd0,5,5,7,120,0,2,2,0,0,0,0,0,0,0,0,0,0,0,0,27,0,0,0,2,0,0,0,0,0
0,45,45,kswapd0,7,7,10,120,0,3,3,0,1,0,0,0,0,0,1,0,0,0,0,7,6,0,0,1,0,0,0,0,0
0,45,45,kswapd0,0,0,3,120,0,3,3,0,0,0,0,0,0,0,0,0,0,0,0,0,0,0,0,0,0,0,0,0,0
0,45,45,kswapd0,0,0,3,120,0,3,3,0,0,0,0,0,0,0,0,0,0,0,0,0,0,0,0,0,0,0,0,0,0
0,45,45,kswapd0,0,0,3,120,0,3,3,0,0,0,0,0,0,0,0,0,0,0,0,0,0,0,0,0,0,0,0,0,0
0,45,45,kswapd0,0,0,3,120,0,3,3,0,0,0,0,0,0,0,0,0,0,0,0,0,0,0,0,0,0,0,0,0,0
0,45,45,kswapd0,0,0,3,120,0,3,3,0,0,0,0,0,0,0,0,0,0,0,0,0,0,0,0,0,0,0,0,0,0
0,45,45,kswapd0,6,7,9,120,0,3,2,0,0,0,0,0,0,0,0,0,0,0,0,0,1,0,0,0,22,0,0,0,0
0,45,45,kswapd0,1118,1118,1120,120,0,2,2,64,403,0,64,0,0,11,392,0,0,0,0,0,14,0,0,0,0,0,0,0,0
0,45,45,kswapd0,133,133,135,120,1,2,2,36,0,25,11,0,0,0,0,0,0,0,0,1,0,0,0,0,0,0,0,0,0
0,45,45,kswapd0,5282,5282,5284,120,1,2,2,109,509,34,42,0,33,122,187,0,200,1,31,1,188,0,116,1,103,1,98,1,0
0,45,45,kswapd0,3661,3661,3663,120,111,2,2,270649,185967,250029,558,0,20062,183021,13,0,2933,0,0,19821,7,0,12,13,13628,0,2920,2,0
0,45,45,kswapd0,0,0,3,120,0,3,3,0,0,0,0,0,0,0,0,0,0,0,0,0,0,0,0,0,0,0,0,0,0
0,45,45,kswapd0,42,42,44,120,0,2,2,2,0,2,0,0,0,0,0,0,0,0,0,1,0,0,0,0,0,0,0,0,0
0,45,45,kswapd0,134,134,135,120,0,1,1,36,0,11,0,0,25,0,0,0,0,0,0,0,0,0,0,0,0,0,0,0,0
0,45,45,kswapd0,6,7,9,120,0,3,2,0,0,0,0,0,0,0,0,0,0,0,0,0,1,0,0,0,22,0,0,0,0
0,45,45,kswapd0,157,157,158,120,0,1,1,0,31,0,0,0,0,31,0,0,0,0,0,1,14,0,0,0,0,0,0,0,0
0,45,45,kswapd0,0,0,3,120,0,3,3,0,0,0,0,0,0,0,0,0,0,0,0,0,0,0,0,0,0,0,0,0,0
0,45,45,kswapd0,18,18,19,120,0,1,1,0,0,0,0,0,0,0,0,0,0,0,0,12,0,0,0,4,0,0,0,0,0
0,45,45,kswapd0,1154,1154,1156,120,0,2,2,0,1,0,0,0,0,1,0,0,0,0,0,11,5,0,0,2,0,0,0,0,0
0,45,45,kswapd0,0,0,3,120,0,3,3,0,0,0,0,0,0,0,0,0,0,0,0,0,0,0,0,0,0,0,0,0,0
0,45,45,kswapd0,0,0,3,120,0,3,3,0,0,0,0,0,0,0,0,0,0,0,0,0,0,0,0,0,0,0,0,0,0
0,45,45,kswapd0,0,0,3,120,0,3,3,0,0,0,0,0,0,0,0,0,0,0,0,0,0,0,0,0,0,0,0,0,0
0,45,45,kswapd0,5282,5282,5284,120,0,2,2,108,509,0,47,0,61,122,187,0,200,1,31,1,188,5,116,2,103,1,98,0,0
0,45,45,kswapd0,3661,3661,3663,120,225,2,2,270647,186688,242835,558,0,27254,183021,13,0,3654,0,0,19821,7,0,12,15,13628,0,3641,2,0
0,45,45,kswapd0,42,42,44,120,0,2,2,2,0,2,0,0,0,0,0,0,0,0,0,1,0,0,0,0,0,0,0,0,0
0,45,45,kswapd0,3661,3661,3663,120,451,2,2,270645,188886,228398,558,0,41689,183021,13,0,5852,0,0,19821,7,0,12,17,13628,0,5839,2,0
0,45,45,kswapd0,3661,3661,3663,120,912,2,2,270643,190592,199532,558,0,70553,183021,13,0,7558,0,0,19821,7,0,12,19,13628,0,7545,0,0
0,45,45,kswapd0,3661,3661,3663,120,1416,2,2,270643,196629,141100,558,0,128985,183021,13,0,13595,0,0,19821,7,0,12,19,13628,0,13582,0,0
0,45,45,kswapd0,3987,3987,3990,120,4,3,3,93,211,3,82,8,0,47,164,0,0,0,4,48,110,0,0,0,0,0,0,2,95
0,45,45,kswapd0,163,163,166,120,3,3,3,27,222,0,27,0,0,0,222,0,0,0,0,1,26,0,0,2,0,0,0,0,6
0,45,45,kswapd0,7,7,10,120,0,3,3,0,1,0,0,0,0,0,1,0,0,0,0,7,6,0,0,1,0,0,0,0,0
0,45,45,kswapd0,0,0,3,120,0,3,3,0,0,0,0,0,0,0,0,0,0,0,0,0,0,0,0,0,0,0,0,0,0
0,45,45,kswapd0,1118,1118,1121,120,4,3,3,64,403,0,64,0,0,11,392,0,0,0,0,0,14,0,0,0,0,0,0,0,60
0,45,45,kswapd0,0,0,3,120,0,3,3,0,0,0,0,0,0,0,0,0,0,0,0,0,0,0,0,0,0,0,0,0,0
0,45,45,kswapd0,3661,3661,3664,120,2990,3,3,271449,196629,50412,558,220479,0,183021,12,13596,0,0,0,19821,7,0,12,19,13628,0,13582,0,0
0,45,45,kswapd0,0,0,3,120,0,3,3,0,0,0,0,0,0,0,0,0,0,0,0,0,0,0,0,0,0,0,0,0,0
0,45,45,kswapd0,6,7,9,120,0,3,2,0,0,0,0,0,0,0,0,0,0,0,0,0,1,0,0,0,22,0,0,0,0
0,45,45,kswapd0,42,42,44,120,1,2,2,2,0,2,0,0,0,0,0,0,0,0,0,1,0,0,0,0,0,0,0,2,0
0,45,45,kswapd0,256,256,259,120,2,3,3,22,47,0,22,0,0,2,32,13,0,0,6,3,35,0,0,0,4,0,0,0,23
0,45,45,kswapd0,5246,5246,5249,120,3,3,3,29,15,0,29,0,0,5,2,8,0,0,0,1,2,0,0,0,4,0,0,0,2
0,45,45,kswapd0,1519,1519,1522,120,4,3,3,24,281,0,24,0,0,14,267,0,0,0,0,0,9,0,0,0,0,0,0,0,67
0,45,45,kswapd0,134,134,136,120,1,2,2,36,0,11,25,0,0,0,0,0,0,0,0,0,0,0,0,0,0,0,0,0,0
0,45,45,kswapd0,1154,1154,1156,120,0,2,2,0,1,0,0,0,0,1,0,0,0,0,0,11,5,0,0,2,0,0,0,0,0
0,45,45,kswapd0,0,0,3,120,0,3,3,0,0,0,0,0,0,0,0,0,0,0,0,0,0,0,0,0,0,0,0,0,0
0,45,45,kswapd0,0,0,3,120,0,3,3,0,0,0,0,0,0,0,0,0,0,0,0,0,0,0,0,0,0,0,0,0,0
0,45,45,kswapd0,0,0,3,120,0,3,3,0,0,0,0,0,0,0,0,0,0,0,0,0,0,0,0,0,0,0,0,0,0
0,45,45,kswapd0,150,150,152,120,0,2,2,1,0,1,0,0,0,0,0,0,0,0,0,2,2,0,0,5,0,0,0,0,0
0,45,45,kswapd0,0,0,3,120,0,3,3,0,0,0,0,0,0,0,0,0,0,0,0,0,0,0,0,0,0,0,0,0,0
0,45,45,kswapd0,5282,5282,5285,120,3,3,3,148,509,0,12,67,69,122,170,217,0,1,31,1,188,5,116,2,103,1,98,0,135
0,45,45,kswapd0,0,0,3,120,0,3,3,0,0,0,0,0,0,0,0,0,0,0,0,0,0,0,0,0,0,0,0,0,0
0,45,45,kswapd0,0,0,3,120,0,3,3,0,0,0,0,0,0,0,0,0,0,0,0,0,0,0,0,0,0,0,0,0,0
0,45,45,kswapd0,0,0,3,120,0,3,3,0,0,0,0,0,0,0,0,0,0,0,0,0,0,0,0,0,0,0,0,0,0
0,45,45,kswapd0,6,7,9,120,0,3,2,0,0,0,0,0,0,0,0,0,0,0,0,0,1,0,0,0,22,0,0,0,0
0,45,45,kswapd0,0,0,3,120,0,3,3,0,0,0,0,0,0,0,0,0,0,0,0,0,0,0,0,0,0,0,0,0,0
0,45,45,kswapd0,10,10,12,120,0,2,2,1,0,1,0,0,0,0,0,0,0,0,0,0,1,0,0,59,0,0,0,0,0
0,45,45,kswapd0,0,0,3,120,0,3,3,0,0,0,0,0,0,0,0,0,0,0,0,0,0,0,0,0,0,0,0,0,0
0,45,45,kswapd0,0,0,3,120,0,3,3,0,0,0,0,0,0,0,0,0,0,0,0,0,0,0,0,0,0,0,0,0,0
0,45,45,kswapd0,0,0,3,120,0,3,3,0,0,0,0,0,0,0,0,0,0,0,0,0,0,0,0,0,0,0,0,0,0
0,45,45,kswapd0,10,10,12,120,0,2,2,1,0,1,0,0,0,0,0,0,0,0,0,0,1,0,0,59,0,0,0,0,0
0,45,45,kswapd0,4026,4026,4029,120,3,3,3,52,78,0,52,0,0,9,69,0,0,0,0,0,34,0,0,0,0,0,0,0,25
0,45,45,kswapd0,0,0,3,120,0,3,3,0,0,0,0,0,0,0,0,0,0,0,0,0,0,0,0,0,0,0,0,0,0
0,45,45,kswapd0,157,157,159,120,1,2,2,0,31,0,0,0,0,31,0,0,0,0,0,1,14,0,0,0,0,0,0,0,0
0,45,45,kswapd0,18,18,20,120,0,2,2,0,0,0,0,0,0,0,0,0,0,0,0,12,0,0,0,4,0,0,0,0,0
0,45,45,kswapd0,43,43,44,120,0,1,1,0,0,0,0,0,0,0,0,0,0,0,0,0,0,0,0,2,0,0,0,0,0
0,45,45,kswapd0,1154,1154,1156,120,0,2,2,0,1,0,0,0,0,1,0,0,0,0,0,11,5,0,0,2,0,0,0,0,0
0,45,45,kswapd0,0,0,3,120,0,3,3,0,0,0,0,0,0,0,0,0,0,0,0,0,0,0,0,0,0,0,0,0,0
0,45,45,kswapd0,0,0,3,120,0,3,3,0,0,0,0,0,0,0,0,0,0,0,0,0,0,0,0,0,0,0,0,0,0
0,45,45,kswapd0,0,0,3,120,0,3,3,0,0,0,0,0,0,0,0,0,0,0,0,0,0,0,0,0,0,0,0,0,0
0,45,45,kswapd0,5,5,7,120,0,2,2,0,0,0,0,0,0,0,0,0,0,0,0,27,0,0,0,2,0,0,0,0,0
0,45,45,kswapd0,7,7,10,120,0,3,3,0,1,0,0,0,0,0,1,0,0,0,0,7,6,0,0,1,0,0,0,0,0
0,45,45,kswapd0,0,0,3,120,0,3,3,0,0,0,0,0,0,0,0,0,0,0,0,0,0,0,0,0,0,0,0,0,0
0,45,45,kswapd0,0,0,3,120,0,3,3,0,0,0,0,0,0,0,0,0,0,0,0,0,0,0,0,0,0,0,0,0,0
0,45,45,kswapd0,0,0,3,120,0,3,3,0,0,0,0,0,0,0,0,0,0,0,0,0,0,0,0,0,0,0,0,0,0
0,45,45,kswapd0,0,0,3,120,0,3,3,0,0,0,0,0,0,0,0,0,0,0,0,0,0,0,0,0,0,0,0,0,0
0,45,45,kswapd0,0,0,3,120,0,3,3,0,0,0,0,0,0,0,0,0,0,0,0,0,0,0,0,0,0,0,0,0,0
0,45,45,kswapd0,0,0,3,120,0,3,3,0,0,0,0,0,0,0,0,0,0,0,0,0,0,0,0,0,0,0,0,0,0
0,45,45,kswapd0,0,0,3,120,0,3,3,0,0,0,0,0,0,0,0,0,0,0,0,0,0,0,0,0,0,0,0,0,0
0,45,45,kswapd0,4027,4027,4029,120,1,2,2,52,53,52,0,0,0,1,2,0,50,0,0,0,20,0,1,0,23,0,0,3,0
0,45,45,kswapd0,158,158,159,120,0,1,1,0,31,0,0,0,0,3,0,0,28,0,0,0,7,0,0,0,0,0,0,0,0
0,45,45,kswapd0,3988,3988,3990,120,1,2,2,91,116,82,8,0,1,23,1,0,92,0,2,24,65,0,1,2,73,0,0,0,19
0,45,45,kswapd0,164,164,166,120,0,2,2,27,216,27,0,0,0,84,0,0,132,0,0,1,13,0,0,0,6,0,0,0,0
0,45,45,kswapd0,1119,1119,1121,120,0,2,2,64,343,64,0,0,0,114,2,0,227,0,0,0,12,0,2,0,60,0,0,0,0
0,45,45,kswapd0,0,0,3,120,0,3,3,0,0,0,0,0,0,0,0,0,0,0,0,0,0,0,0,0,0,0,0,0,0
0,45,45,kswapd0,150,150,152,120,0,2,2,1,0,1,0,0,0,0,0,0,0,0,0,2,2,0,0,5,0,0,0,0,0
0,45,45,kswapd0,0,0,3,120,0,3,3,0,0,0,0,0,0,0,0,0,0,0,0,0,0,0,0,0,0,0,0,0,0
0,45,45,kswapd0,0,0,3,120,0,3,3,0,0,0,0,0,0,0,0,0,0,0,0,0,0,0,0,0,0,0,0,0,0
0,45,45,kswapd0,18,18,20,120,0,2,2,0,0,0,0,0,0,0,0,0,0,0,0,12,0,0,0,4,0,0,0,0,0
0,45,45,kswapd0,5,5,7,120,0,2,2,0,0,0,0,0,0,0,0,0,0,0,0,27,0,0,0,2,0,0,0,0,0
0,45,45,kswapd0,257,257,259,120,0,2,2,22,24,22,0,0,0,0,13,0,11,0,3,1,19,0,0,0,23,0,0,0,0
0,45,45,kswapd0,5248,5248,5249,120,0,1,1,29,13,0,0,0,29,11,0,0,2,0,0,0,2,0,0,0,0,0,0,0,0
0,45,45,kswapd0,1520,1520,1522,120,0,2,2,24,214,24,0,0,0,76,0,0,138,0,0,0,11,0,0,0,67,0,0,0,0
0,45,45,kswapd0,135,135,136,120,0,1,1,36,0,25,0,0,11,0,0,0,0,0,0,0,0,0,0,0,0,0,0,0,0
0,45,45,kswapd0,0,0,3,120,0,3,3,0,0,0,0,0,0,0,0,0,0,0,0,0,0,0,0,0,0,0,0,0,0
0,45,45,kswapd0,0,0,3,120,0,3,3,0,0,0,0,0,0,0,0,0,0,0,0,0,0,0,0,0,0,0,0,0,0
0,45,45,kswapd0,257,257,259,120,1,2,2,22,24,22,0,0,0,0,13,0,11,0,3,1,19,0,0,0,23,0,0,12,0
0,45,45,kswapd0,4028,4028,4029,120,0,1,1,49,53,1,0,0,48,3,0,0,50,0,0,0,21,0,0,3,0,0,0,0,0
0,45,45,kswapd0,3988,3988,3990,120,0,2,2,91,97,82,8,0,1,0,1,0,96,0,2,24,65,0,1,2,92,0,0,0,0
0,45,45,kswapd0,258,258,259,120,0,1,1,10,24,2,0,0,8,13,0,0,11,0,1,0,21,0,0,12,0,0,0,0,0
0,127608,127817,file_anon_mix_p,1154,1154,1156,120,0,2,2,76,87,0,0,0,76,1,0,0,86,0,0,11,5,0,0,2,0,0,0,0,0
0,127608,127817,file_anon_mix_p,0,0,3,120,0,3,3,0,0,0,0,0,0,0,0,0,0,0,0,0,0,0,0,0,0,0,0,0,0
0,127608,127817,file_anon_mix_p,158,158,160,120,0,2,2,0,31,0,0,0,0,3,28,0,0,0,0,0,7,0,0,0,0,0,0,0,0
0,127608,127817,file_anon_mix_p,135,135,137,120,0,2,2,38,0,25,11,0,2,0,0,0,0,0,0,0,0,0,0,0,0,0,0,0,0
0,127608,127817,file_anon_mix_p,0,0,3,120,0,3,3,0,0,0,0,0,0,0,0,0,0,0,0,0,0,0,0,0,0,0,0,0,0
0,127608,127817,file_anon_mix_p,0,0,3,120,0,3,3,0,0,0,0,0,0,0,0,0,0,0,0,0,0,0,0,0,0,0,0,0,0
0,127608,127817,file_anon_mix_p,6,7,9,120,0,3,2,0,0,0,0,0,0,0,0,0,0,0,0,0,1,0,0,0,22,0,0,0,0
0,127608,127817,file_anon_mix_p,0,0,3,120,0,3,3,0,0,0,0,0,0,0,0,0,0,0,0,0,0,0,0,0,0,0,0,0,0
0,127608,127817,file_anon_mix_p,5,5,7,120,0,2,2,0,0,0,0,0,0,0,0,0,0,0,0,27,0,0,0,2,0,0,0,0,0
0,127608,127817,file_anon_mix_p,1520,1520,1523,120,0,3,3,24,214,24,0,0,0,76,0,138,0,0,0,0,11,0,0,0,67,0,0,0,0
0,127608,127817,file_anon_mix_p,0,0,3,120,0,3,3,0,0,0,0,0,0,0,0,0,0,0,0,0,0,0,0,0,0,0,0,0,0
0,127608,127817,file_anon_mix_p,0,0,3,120,0,3,3,0,0,0,0,0,0,0,0,0,0,0,0,0,0,0,0,0,0,0,0,0,0
0,127608,127817,file_anon_mix_p,164,164,167,120,0,3,3,27,216,27,0,0,0,84,0,132,0,0,0,1,13,0,0,0,6,0,0,0,0
0,127608,127817,file_anon_mix_p,1154,1154,1156,120,0,2,2,76,87,0,0,0,76,1,0,0,86,0,0,11,5,0,0,2,0,0,0,0,0
0,127608,127817,file_anon_mix_p,6,7,9,120,0,3,2,0,0,0,0,0,0,0,0,0,0,0,0,0,1,0,0,0,22,0,0,0,0
0,127608,127817,file_anon_mix_p,1520,1520,1523,120,0,3,3,24,214,24,0,0,0,76,0,138,0,0,0,0,11,0,0,0,67,0,0,0,0
0,126930,126930,mglru_monitor,0,0,3,120,0,3,3,0,0,0,0,0,0,0,0,0,0,0,0,0,0,0,0,0,0,0,0,0,0
0,126930,126930,mglru_monitor,0,0,3,120,0,3,3,0,0,0,0,0,0,0,0,0,0,0,0,0,0,0,0,0,0,0,0,0,0
0,126930,126930,mglru_monitor,7,7,10,120,0,3,3,0,1,0,0,0,0,0,1,0,0,0,0,7,6,0,0,1,0,0,0,0,0
0,126930,126930,mglru_monitor,1119,1119,1122,120,0,3,3,64,343,64,0,0,0,114,2,227,0,0,0,0,12,0,2,0,60,0,0,0,0
0,126930,126930,mglru_monitor,0,0,3,120,0,3,3,0,0,0,0,0,0,0,0,0,0,0,0,0,0,0,0,0,0,0,0,0,0
0,126930,126930,mglru_monitor,135,135,137,120,0,2,2,38,0,25,11,0,2,0,0,0,0,0,0,0,0,0,0,0,0,0,0,0,0
0,126930,126930,mglru_monitor,0,0,3,120,0,3,3,0,0,0,0,0,0,0,0,0,0,0,0,0,0,0,0,0,0,0,0,0,0
0,126930,126930,mglru_monitor,0,0,3,120,0,3,3,0,0,0,0,0,0,0,0,0,0,0,0,0,0,0,0,0,0,0,0,0,0
0,126930,126930,mglru_monitor,0,0,3,120,0,3,3,0,0,0,0,0,0,0,0,0,0,0,0,0,0,0,0,0,0,0,0,0,0
0,126930,126930,mglru_monitor,164,164,167,120,0,3,3,27,216,27,0,0,0,84,0,132,0,0,0,1,13,0,0,0,6,0,0,0,0
0,126930,126930,mglru_monitor,1119,1119,1122,120,0,3,3,64,343,64,0,0,0,114,2,227,0,0,0,0,12,0,2,0,60,0,0,0,0
0,126930,126930,mglru_monitor,7,7,10,120,0,3,3,0,1,0,0,0,0,0,1,0,0,0,0,7,6,0,0,1,0,0,0,0,0
0,126930,126930,mglru_monitor,3663,3663,3665,120,1,2,2,326735,196629,173246,50454,0,103035,11450,185167,0,12,0,3395,4960,3411,0,0,44367,0,0,0,64,0
0,127608,127817,file_anon_mix_p,3663,3663,3665,120,1,2,2,326863,196629,173374,50454,0,103035,11450,185167,0,12,0,3395,4960,3411,0,0,44276,0,0,0,64,0
0,127608,127817,file_anon_mix_p,3663,3663,3665,120,1,2,2,327254,196629,171774,50454,0,105026,11450,185167,0,12,0,3395,4960,3411,0,0,45887,0,0,0,64,0
0,127608,127817,file_anon_mix_p,3663,3663,3665,120,1,2,2,327653,196629,171198,50454,0,106001,11450,185167,0,12,0,3395,4960,3411,0,0,46430,0,0,0,64,0
0,127608,127817,file_anon_mix_p,3663,3663,3665,120,1,2,2,327885,196629,170750,50454,0,106681,11450,185167,0,12,0,3395,4960,3411,0,0,46869,0,0,0,64,0
0,127608,127817,file_anon_mix_p,3663,3663,3665,120,1,2,2,327959,196629,170494,50454,0,107011,11450,185167,0,12,0,3395,4960,3411,0,0,47164,0,0,0,64,0
0,127608,127817,file_anon_mix_p,3663,3663,3665,120,1,2,2,328071,196629,170110,50454,0,107507,11450,185167,0,12,0,3395,4960,3411,0,0,47548,0,0,0,64,0
0,127608,127817,file_anon_mix_p,5283,5283,5286,120,0,3,3,108,403,10,26,52,20,46,56,273,28,1,64,3,236,0,1,0,72,0,29,0,0
0,127608,127817,file_anon_mix_p,43,43,45,120,0,2,2,2,0,0,0,0,2,0,0,0,0,0,0,0,0,0,0,2,0,0,0,0,0
0,127608,127817,file_anon_mix_p,0,0,3,120,0,3,3,0,0,0,0,0,0,0,0,0,0,0,0,0,0,0,0,0,0,0,0,0,0
0,127608,127817,file_anon_mix_p,0,0,3,120,0,3,3,0,0,0,0,0,0,0,0,0,0,0,0,0,0,0,0,0,0,0,0,0,0
0,127608,127817,file_anon_mix_p,0,0,3,120,0,3,3,0,0,0,0,0,0,0,0,0,0,0,0,0,0,0,0,0,0,0,0,0,0
0,127608,127817,file_anon_mix_p,43,43,45,120,0,2,2,2,0,0,0,0,2,0,0,0,0,0,0,0,0,0,0,2,0,0,0,0,0
0,394,394,sshd-session,3663,3663,3665,120,1,2,2,327885,196629,169726,50454,0,107705,11450,185167,0,12,0,3395,4960,3411,0,0,47896,0,0,0,64,0
0,127608,127817,file_anon_mix_p,3663,3663,3665,120,1,2,2,328013,196629,169854,50454,0,107705,11450,185167,0,12,0,3395,4960,3411,0,0,47782,0,0,0,64,0
0,127608,127817,file_anon_mix_p,10,10,12,120,0,2,2,1,0,1,0,0,0,0,0,0,0,0,0,0,1,0,0,59,0,0,0,0,0
0,127608,127817,file_anon_mix_p,0,0,3,120,0,3,3,0,0,0,0,0,0,0,0,0,0,0,0,0,0,0,0,0,0,0,0,0,0
0,127608,127817,file_anon_mix_p,0,0,3,120,0,3,3,0,0,0,0,0,0,0,0,0,0,0,0,0,0,0,0,0,0,0,0,0,0
0,127608,127817,file_anon_mix_p,4028,4028,4030,120,0,2,2,52,116,1,48,0,3,5,50,0,61,0,0,0,21,0,0,3,0,3,0,0,0
0,127608,127817,file_anon_mix_p,3988,3988,3991,120,0,3,3,92,246,39,8,44,1,0,1,96,149,0,2,24,65,0,1,2,92,0,76,0,0
0,127608,127817,file_anon_mix_p,258,258,260,120,0,2,2,10,24,2,8,0,0,13,11,0,0,0,1,0,21,0,0,12,0,0,0,0,0
0,127608,127817,file_anon_mix_p,158,158,160,120,0,2,2,0,31,0,0,0,0,3,28,0,0,0,0,0,7,0,0,0,0,0,0,0,0
0,127608,127817,file_anon_mix_p,5283,5283,5286,120,0,3,3,108,403,10,26,52,20,46,56,273,28,1,64,3,236,0,1,0,72,0,29,0,0
0,127608,127817,file_anon_mix_p,0,0,3,120,0,3,3,0,0,0,0,0,0,0,0,0,0,0,0,0,0,0,0,0,0,0,0,0,0
0,127608,127817,file_anon_mix_p,0,0,3,120,0,3,3,0,0,0,0,0,0,0,0,0,0,0,0,0,0,0,0,0,0,0,0,0,0
0,127608,127817,file_anon_mix_p,0,0,3,120,0,3,3,0,0,0,0,0,0,0,0,0,0,0,0,0,0,0,0,0,0,0,0,0,0
0,127608,127817,file_anon_mix_p,258,258,260,120,0,2,2,10,24,2,8,0,0,13,11,0,0,0,1,0,21,0,0,12,0,0,0,0,0
0,127608,127817,file_anon_mix_p,4028,4028,4030,120,0,2,2,52,116,1,48,0,3,5,50,0,61,0,0,0,21,0,0,3,0,3,0,0,0
0,127608,127817,file_anon_mix_p,3988,3988,3991,120,0,3,3,92,246,39,8,44,1,0,1,96,149,0,2,24,65,0,1,2,92,0,76,0,0
0,127608,127817,file_anon_mix_p,3663,3663,3665,120,1,2,2,327923,196629,169271,50454,0,108198,11450,185167,0,12,0,3395,4960,3411,0,0,48403,0,0,0,64,0
0,127608,127817,file_anon_mix_p,3663,3663,3665,120,1,2,2,328269,196629,168574,50454,0,109241,11450,185167,0,12,0,3395,4960,3411,0,0,49084,0,0,0,64,0
0,127608,127817,file_anon_mix_p,3663,3663,3665,120,1,2,2,328510,196629,168190,50454,0,109866,11450,185167,0,12,0,3395,4960,3411,0,0,49447,0,0,0,64,0
0,127608,127817,file_anon_mix_p,3663,3663,3665,120,1,2,2,328653,196629,167934,50454,0,110265,11450,185167,0,12,0,3395,4960,3411,0,0,49719,0,0,0,64,0
0,127608,127817,file_anon_mix_p,3663,3663,3665,120,1,2,2,328775,196629,167614,50454,0,110707,11450,185167,0,12,0,3395,4960,3411,0,0,50013,0,0,0,64,0
0,127608,127817,file_anon_mix_p,3663,3663,3665,120,1,2,2,328653,196629,167422,50454,0,110777,11450,185167,0,12,0,3395,4960,3411,0,0,50215,0,0,0,64,0
0,127608,127817,file_anon_mix_p,3663,3663,3665,120,1,2,2,328775,196629,167102,50454,0,111219,11450,185167,0,12,0,3395,4960,3411,0,0,50535,0,0,0,64,0
0,127608,127817,file_anon_mix_p,3663,3663,3665,120,1,2,2,328653,196629,166910,50454,0,111289,11450,185167,0,12,0,3395,4960,3411,0,0,50707,0,0,0,64,0
0,127608,127817,file_anon_mix_p,3663,3663,3665,120,1,2,2,328781,196629,166526,50454,0,111801,11450,185167,0,12,0,3395,4960,3411,0,0,51111,0,0,0,64,0
0,127608,127817,file_anon_mix_p,3663,3663,3665,120,1,2,2,328967,196629,166270,50454,0,112243,11450,185167,0,12,0,3395,4960,3411,0,0,51395,0,0,0,64,0
0,127608,127817,file_anon_mix_p,3663,3663,3665,120,1,2,2,328781,196629,166014,50454,0,112313,11450,185167,0,12,0,3395,4960,3411,0,0,51609,0,0,0,64,0
0,127608,127817,file_anon_mix_p,3663,3663,3665,120,1,2,2,328973,196629,165694,50454,0,112825,11450,185167,0,12,0,3395,4960,3411,0,0,51945,0,0,0,64,0
0,127608,127817,file_anon_mix_p,3663,3663,3665,120,1,2,2,329165,196629,165374,50454,0,113337,11450,185167,0,12,0,3395,4960,3411,0,0,52254,0,0,0,64,0
0,127608,127817,file_anon_mix_p,3663,3663,3665,120,1,2,2,329357,196629,165054,50454,0,113849,11450,185167,0,12,0,3395,4960,3411,0,0,52593,0,0,0,64,0
0,127608,127817,file_anon_mix_p,3663,3663,3665,120,1,2,2,329485,196629,164670,50454,0,114361,11450,185167,0,12,0,3395,4960,3411,0,0,52974,0,0,0,64,0
0,127608,127817,file_anon_mix_p,3663,3663,3665,120,1,2,2,329594,196629,164414,50454,0,114726,11450,185167,0,12,0,3395,4960,3411,0,0,53237,0,0,0,64,0
0,394,394,sshd-session,3663,3663,3665,120,1,2,2,329429,196629,164222,50454,0,114753,11450,185167,0,12,0,3395,4960,3411,0,0,53423,0,0,0,64,0
0,127608,127817,file_anon_mix_p,3663,3663,3665,120,1,2,2,329421,196629,164094,50454,0,114873,11450,185167,0,12,0,3395,4960,3411,0,0,53519,0,0,0,64,0
0,127608,127817,file_anon_mix_p,3663,3663,3665,120,1,2,2,329549,196629,163710,50454,0,115385,11450,185167,0,12,0,3395,4960,3411,0,0,53964,0,0,0,64,0
0,127608,127817,file_anon_mix_p,3663,3663,3665,120,1,2,2,329677,196629,163326,50454,0,115897,11450,185167,0,12,0,3395,4960,3411,0,0,54313,0,0,0,64,0
0,127608,127817,file_anon_mix_p,3663,3663,3665,120,1,2,2,329983,196629,163006,50454,0,116523,11450,185167,0,12,0,3395,4960,3411,0,0,54670,0,0,0,64,0
0,127608,127817,file_anon_mix_p,3663,3663,3665,120,1,2,2,329912,196629,162558,50454,0,116900,11450,185167,0,12,0,3395,4960,3411,0,0,55081,0,0,0,64,0
0,394,394,sshd-session,3663,3663,3665,120,1,2,2,329656,196629,162302,50454,0,116900,11450,185167,0,12,0,3395,4960,3411,0,0,55337,0,0,0,64,0
0,127608,127817,file_anon_mix_p,3663,3663,3665,120,1,2,2,329613,196629,162238,50454,0,116921,11450,185167,0,12,0,3395,4960,3411,0,0,55348,0,0,0,64,0
0,127608,127817,file_anon_mix_p,3663,3663,3665,120,1,2,2,329677,196629,161790,50454,0,117433,11450,185167,0,12,0,3395,4960,3411,0,0,55849,0,0,0,64,0
0,127608,127817,file_anon_mix_p,3663,3663,3665,120,1,2,2,329869,196629,161470,50454,0,117945,11450,185167,0,12,0,3395,4960,3411,0,0,56182,0,0,0,64,0
0,127608,127817,file_anon_mix_p,3663,3663,3665,120,1,2,2,329997,196629,161086,50454,0,118457,11450,185167,0,12,0,3395,4960,3411,0,0,56568,0,0,0,64,0
0,127608,127817,file_anon_mix_p,3663,3663,3665,120,1,2,2,330125,196629,160702,50454,0,118969,11450,185167,0,12,0,3395,4960,3411,0,0,56949,0,0,0,64,0
0,394,394,sshd-session,3663,3663,3665,120,1,2,2,329997,196629,160574,50454,0,118969,11450,185167,0,12,0,3395,4960,3411,0,0,57072,0,0,0,64,0
0,127608,127817,file_anon_mix_p,3663,3663,3665,120,1,2,2,330525,196629,159870,50454,0,120201,11450,185167,0,12,0,3395,4960,3411,0,0,57782,0,0,0,64,0
0,127608,127817,file_anon_mix_p,3663,3663,3665,120,1,2,2,330746,196629,159550,50454,0,120742,11450,185167,0,12,0,3395,4960,3411,0,0,58104,0,0,0,64,0
0,127608,127817,file_anon_mix_p,3663,3663,3665,120,1,2,2,330708,196629,159358,50454,0,120896,11450,185167,0,12,0,3395,4960,3411,0,0,58294,0,0,0,64,0
0,127608,127817,file_anon_mix_p,3663,3663,3665,120,1,2,2,330643,196629,159102,50454,0,121087,11450,185167,0,12,0,3395,4960,3411,0,0,58544,0,0,0,64,0
0,121783,121783,watch,3663,3663,3665,120,1,2,2,330607,196629,158910,50454,0,121243,11450,185167,0,12,0,3395,4960,3411,0,0,58711,0,0,0,64,0
0,127608,127817,file_anon_mix_p,3663,3663,3665,120,1,2,2,330703,196629,158782,50454,0,121467,11450,185167,0,12,0,3395,4960,3411,0,0,58813,0,0,0,64,0
0,127608,127817,file_anon_mix_p,3663,3663,3665,120,1,2,2,330893,196629,158398,50454,0,122041,11450,185167,0,12,0,3395,4960,3411,0,0,59185,0,0,0,64,0
0,394,394,sshd-session,3663,3663,3665,120,1,2,2,330575,196629,158654,50454,0,121467,11450,185167,0,12,0,3395,4960,3411,0,0,58993,0,0,0,64,0
0,121783,121783,watch,3663,3663,3665,120,1,2,2,330819,196629,158526,50454,0,121839,11450,185167,0,12,0,3395,4960,3411,0,0,59106,0,0,0,64,0
0,127608,127817,file_anon_mix_p,3663,3663,3665,120,1,2,2,331149,196629,158143,50453,0,122553,11450,185167,0,12,0,3395,4960,3411,0,0,59472,0,0,0,64,0
0,127608,127817,file_anon_mix_p,3663,3663,3665,120,1,2,2,331469,196629,157951,50453,0,123065,11450,185167,0,12,0,3395,4960,3411,0,0,59728,0,0,0,64,0
0,127840,127840,watch,3663,3663,3665,120,1,2,2,331341,196629,157823,50453,0,123065,11450,185167,0,12,0,3395,4960,3411,0,0,59770,0,0,0,64,0
0,127608,127817,file_anon_mix_p,3663,3663,3665,120,1,2,2,331661,196629,157631,50453,0,123577,11450,185167,0,12,0,3395,4960,3411,0,0,60035,0,0,0,64,0
0,127608,127817,file_anon_mix_p,3663,3663,3665,120,1,2,2,331808,196629,157266,50453,0,124089,11450,185167,0,12,0,3395,4960,3411,0,0,60313,0,0,0,64,0
0,127840,127840,sh,3663,3663,3665,120,1,2,2,331849,196629,157375,50453,0,124021,11450,185167,0,12,0,3395,4960,3411,0,0,60294,0,0,0,64,0
0,127608,127817,file_anon_mix_p,3663,3663,3665,120,1,2,2,332095,196629,156991,50453,0,124651,11450,185167,0,12,0,3395,4960,3411,0,0,60669,0,0,0,64,0
0,127840,127840,sh,3663,3663,3665,120,1,2,2,332084,196629,156980,50453,0,124651,11450,185167,0,12,0,3395,4960,3411,0,0,60669,0,0,0,64,0
0,394,394,sshd-session,3663,3663,3665,120,1,2,2,332147,196629,156671,50453,0,125023,11450,185167,0,12,0,3395,4960,3411,0,0,60967,0,0,0,64,0
0,45,45,kswapd0,3662,3662,3665,120,1010,3,3,271468,196629,529,220479,50460,0,13,11449,185167,0,0,6791,9920,6823,0,0,0,0,0,0,58933,0
0,45,45,kswapd0,0,0,3,120,0,3,3,0,0,0,0,0,0,0,0,0,0,0,0,0,0,0,0,0,0,0,0,0,0
0,45,45,kswapd0,0,0,3,120,0,3,3,0,0,0,0,0,0,0,0,0,0,0,0,0,0,0,0,0,0,0,0,0,0
0,45,45,kswapd0,0,0,3,120,0,3,3,0,0,0,0,0,0,0,0,0,0,0,0,0,0,0,0,0,0,0,0,0,0
0,45,45,kswapd0,0,0,3,120,0,3,3,0,0,0,0,0,0,0,0,0,0,0,0,0,0,0,0,0,0,0,0,0,0
0,45,45,kswapd0,150,150,152,120,0,2,2,6,0,1,0,0,5,0,0,0,0,0,0,2,2,0,0,5,0,0,0,0,0
0,45,45,kswapd0,18,18,20,120,0,2,2,0,0,0,0,0,0,0,0,0,0,0,0,12,0,0,0,4,0,0,0,0,0
0,45,45,kswapd0,5248,5248,5250,120,1,2,2,29,15,0,29,0,0,13,2,0,0,0,0,0,2,0,0,0,0,0,0,0,2
0,45,45,kswapd0,0,0,3,120,0,3,3,0,0,0,0,0,0,0,0,0,0,0,0,0,0,0,0,0,0,0,0,0,0
0,45,45,kswapd0,5,5,7,120,0,2,2,0,0,0,0,0,0,0,0,0,0,0,0,27,0,0,0,2,0,0,0,0,0
0,45,45,kswapd0,10,10,12,120,0,2,2,1,0,1,0,0,0,0,0,0,0,0,0,0,1,0,0,59,0,0,0,0,0
0,45,45,kswapd0,0,0,3,120,0,3,3,0,0,0,0,0,0,0,0,0,0,0,0,0,0,0,0,0,0,0,0,0,0
0,45,45,kswapd0,0,0,3,120,0,3,3,0,0,0,0,0,0,0,0,0,0,0,0,0,0,0,0,0,0,0,0,0,0
0,45,45,kswapd0,0,0,3,120,0,3,3,0,0,0,0,0,0,0,0,0,0,0,0,0,0,0,0,0,0,0,0,0,0
0,45,45,kswapd0,0,0,3,120,0,3,3,0,0,0,0,0,0,0,0,0,0,0,0,0,0,0,0,0,0,0,0,0,0
0,45,45,kswapd0,0,0,3,120,0,3,3,0,0,0,0,0,0,0,0,0,0,0,0,0,0,0,0,0,0,0,0,0,0
0,45,45,kswapd0,18,18,20,120,0,2,2,0,0,0,0,0,0,0,0,0,0,0,0,12,0,0,0,4,0,0,0,0,0
0,45,45,kswapd0,3663,3663,3665,120,79,2,2,320846,196668,144911,50453,0,125482,11450,185167,0,51,0,3395,4960,3411,0,0,62517,0,6,0,0,0
0,45,45,kswapd0,5249,5249,5250,120,0,1,1,29,13,29,0,0,0,5,0,0,8,0,0,0,0,0,0,0,2,0,0,0,0
0,45,45,kswapd0,0,0,3,120,0,3,3,0,0,0,0,0,0,0,0,0,0,0,0,0,0,0,0,0,0,0,0,0,0
0,45,45,kswapd0,10,10,12,120,0,2,2,1,0,1,0,0,0,0,0,0,0,0,0,0,1,0,0,59,0,0,0,0,0
0,45,45,kswapd0,0,0,3,120,0,3,3,0,0,0,0,0,0,0,0,0,0,0,0,0,0,0,0,0,0,0,0,0,0
0,45,45,kswapd0,3663,3663,3666,120,1256,3,3,282358,196668,106775,50453,125130,0,11443,185165,60,0,0,3395,4960,3411,0,0,62517,0,6,0,398,0
